"schema_version","scenario_version","metric_version","dataset_id","dataset_hash","filter_hash","as_of","currency","timezone","amount_basis","revision","snapshot_status","period","scope","comparison_mode","previous_days","current_days","row_type","item_id","item_name","status","field","value","reason_codes","fact_ids","source_refs","analysis_scope","context_id","plan_revision","analysis_epoch"
"decision-v1","scenario-v1","contribution-v1","golden-v1","92339086dd83c9a89ae5ac754bdbad2a30c215eb81213211b953451918ebfc48","f9c7f0abe4b1ba3759249887324f30b7d2ac873e7acf82a12c6fa32e19551a3b","2026-08-03","TWD","Asia/Taipei","product_amounts_excluding_tax_and_customer_shipping_income","1","current","{""start"":""2026-08-02"",""end"":""2026-08-02""}","{""comparison_mode"":""same_days"",""channels"":[""DTC"",""MARKETPLACE""],""previous_period"":{""start"":""2026-08-01"",""end"":""2026-08-01""},""current_period"":{""start"":""2026-08-02"",""end"":""2026-08-02""}}","same_days","1","1","snapshot","","","","snapshot_signature","{""data_as_of"":""2026-08-03"",""dataset_hash"":""92339086dd83c9a89ae5ac754bdbad2a30c215eb81213211b953451918ebfc48"",""dataset_id"":""golden-v1"",""filter_hash"":""f9c7f0abe4b1ba3759249887324f30b7d2ac873e7acf82a12c6fa32e19551a3b"",""metric_version"":""contribution-v1"",""period"":{""end"":""2026-08-02"",""start"":""2026-08-02""},""scope"":{""channels"":[""DTC"",""MARKETPLACE""],""comparison_mode"":""same_days"",""current_period"":{""end"":""2026-08-02"",""start"":""2026-08-02""},""previous_period"":{""end"":""2026-08-01"",""start"":""2026-08-01""}}}","","","[{""file"":""ad_spend_daily.csv"",""line"":4,""date"":""2026-08-02"",""channel"":""DTC"",""actual_filename"":""ad_spend_daily.csv""},{""file"":""ad_spend_daily.csv"",""line"":5,""date"":""2026-08-02"",""channel"":""MARKETPLACE"",""actual_filename"":""ad_spend_daily.csv""},{""file"":""channel_costs_daily.csv"",""line"":4,""date"":""2026-08-02"",""channel"":""DTC"",""actual_filename"":""channel_costs_daily.csv""},{""file"":""channel_costs_daily.csv"",""line"":5,""date"":""2026-08-02"",""channel"":""MARKETPLACE"",""actual_filename"":""channel_costs_daily.csv""},{""file"":""sales_daily.csv"",""line"":6,""date"":""2026-08-02"",""channel"":""DTC"",""sku"":""A"",""actual_filename"":""sales_daily.csv""},{""file"":""sales_daily.csv"",""line"":7,""date"":""2026-08-02"",""channel"":""DTC"",""sku"":""B"",""actual_filename"":""sales_daily.csv""},{""file"":""sales_daily.csv"",""line"":8,""date"":""2026-08-02"",""channel"":""MARKETPLACE"",""sku"":""A"",""actual_filename"":""sales_daily.csv""},{""file"":""sales_daily.csv"",""line"":9,""date"":""2026-08-02"",""channel"":""MARKETPLACE"",""sku"":""B"",""actual_filename"":""sales_daily.csv""}]","","","",""
"decision-v1","scenario-v1","contribution-v1","golden-v1","92339086dd83c9a89ae5ac754bdbad2a30c215eb81213211b953451918ebfc48","f9c7f0abe4b1ba3759249887324f30b7d2ac873e7acf82a12c6fa32e19551a3b","2026-08-03","TWD","Asia/Taipei","product_amounts_excluding_tax_and_customer_shipping_income","1","current","{""start"":""2026-08-02"",""end"":""2026-08-02""}","{""comparison_mode"":""same_days"",""channels"":[""DTC"",""MARKETPLACE""],""previous_period"":{""start"":""2026-08-01"",""end"":""2026-08-01""},""current_period"":{""start"":""2026-08-02"",""end"":""2026-08-02""}}","same_days","1","1","snapshot","","","","comparison","{""mode"":""same_days"",""previous_days"":1,""current_days"":1,""previous_daily_average"":{""gross_sales"":{""value"":""2500.00"",""reason_codes"":[]},""discounts"":{""value"":""200.00"",""reason_codes"":[]},""refunds"":{""value"":""50.00"",""reason_codes"":[]},""cogs_net"":{""value"":""1050.00"",""reason_codes"":[]},""platform_fees"":{""value"":""90.00"",""reason_codes"":[]},""payment_fees"":{""value"":""60.00"",""reason_codes"":[]},""fulfillment_costs"":{""value"":""160.00"",""reason_codes"":[]},""other_variable_costs"":{""value"":""20.00"",""reason_codes"":[]},""ad_spend"":{""value"":""300.00"",""reason_codes"":[]},""net_revenue"":{""value"":""2250.00"",""reason_codes"":[]},""gross_profit"":{""value"":""1200.00"",""reason_codes"":[]},""contribution_before_marketing"":{""value"":""870.00"",""reason_codes"":[]},""contribution_after_marketing"":{""value"":""570.00"",""reason_codes"":[]}},""current_daily_average"":{""gross_sales"":{""value"":""3100.00"",""reason_codes"":[]},""discounts"":{""value"":""450.00"",""reason_codes"":[]},""refunds"":{""value"":""180.00"",""reason_codes"":[]},""cogs_net"":{""value"":""1325.00"",""reason_codes"":[]},""platform_fees"":{""value"":""120.00"",""reason_codes"":[]},""payment_fees"":{""value"":""66.00"",""reason_codes"":[]},""fulfillment_costs"":{""value"":""225.00"",""reason_codes"":[]},""other_variable_costs"":{""value"":""29.00"",""reason_codes"":[]},""ad_spend"":{""value"":""450.00"",""reason_codes"":[]},""net_revenue"":{""value"":""2470.00"",""reason_codes"":[]},""gross_profit"":{""value"":""1145.00"",""reason_codes"":[]},""contribution_before_marketing"":{""value"":""705.00"",""reason_codes"":[]},""contribution_after_marketing"":{""value"":""255.00"",""reason_codes"":[]}},""daily_average_changes"":{""gross_sales"":{""value"":""600.00"",""reason_codes"":[]},""discounts"":{""value"":""250.00"",""reason_codes"":[]},""refunds"":{""value"":""130.00"",""reason_codes"":[]},""cogs_net"":{""value"":""275.00"",""reason_codes"":[]},""platform_fees"":{""value"":""30.00"",""reason_codes"":[]},""payment_fees"":{""value"":""6.00"",""reason_codes"":[]},""fulfillment_costs"":{""value"":""65.00"",""reason_codes"":[]},""other_variable_costs"":{""value"":""9.00"",""reason_codes"":[]},""ad_spend"":{""value"":""150.00"",""reason_codes"":[]},""net_revenue"":{""value"":""220.00"",""reason_codes"":[]},""gross_profit"":{""value"":""-55.00"",""reason_codes"":[]},""contribution_before_marketing"":{""value"":""-165.00"",""reason_codes"":[]},""contribution_after_marketing"":{""value"":""-315.00"",""reason_codes"":[]}}}","","","[{""file"":""ad_spend_daily.csv"",""line"":4,""date"":""2026-08-02"",""channel"":""DTC"",""actual_filename"":""ad_spend_daily.csv""},{""file"":""ad_spend_daily.csv"",""line"":5,""date"":""2026-08-02"",""channel"":""MARKETPLACE"",""actual_filename"":""ad_spend_daily.csv""},{""file"":""channel_costs_daily.csv"",""line"":4,""date"":""2026-08-02"",""channel"":""DTC"",""actual_filename"":""channel_costs_daily.csv""},{""file"":""channel_costs_daily.csv"",""line"":5,""date"":""2026-08-02"",""channel"":""MARKETPLACE"",""actual_filename"":""channel_costs_daily.csv""},{""file"":""sales_daily.csv"",""line"":6,""date"":""2026-08-02"",""channel"":""DTC"",""sku"":""A"",""actual_filename"":""sales_daily.csv""},{""file"":""sales_daily.csv"",""line"":7,""date"":""2026-08-02"",""channel"":""DTC"",""sku"":""B"",""actual_filename"":""sales_daily.csv""},{""file"":""sales_daily.csv"",""line"":8,""date"":""2026-08-02"",""channel"":""MARKETPLACE"",""sku"":""A"",""actual_filename"":""sales_daily.csv""},{""file"":""sales_daily.csv"",""line"":9,""date"":""2026-08-02"",""channel"":""MARKETPLACE"",""sku"":""B"",""actual_filename"":""sales_daily.csv""}]","","","",""
"decision-v1","scenario-v1","contribution-v1","golden-v1","92339086dd83c9a89ae5ac754bdbad2a30c215eb81213211b953451918ebfc48","f9c7f0abe4b1ba3759249887324f30b7d2ac873e7acf82a12c6fa32e19551a3b","2026-08-03","TWD","Asia/Taipei","product_amounts_excluding_tax_and_customer_shipping_income","1","current","{""start"":""2026-08-02"",""end"":""2026-08-02""}","{""comparison_mode"":""same_days"",""channels"":[""DTC"",""MARKETPLACE""],""previous_period"":{""start"":""2026-08-01"",""end"":""2026-08-01""},""current_period"":{""start"":""2026-08-02"",""end"":""2026-08-02""}}","same_days","1","1","snapshot","","","","filenames","{}","","","[{""file"":""ad_spend_daily.csv"",""line"":4,""date"":""2026-08-02"",""channel"":""DTC"",""actual_filename"":""ad_spend_daily.csv""},{""file"":""ad_spend_daily.csv"",""line"":5,""date"":""2026-08-02"",""channel"":""MARKETPLACE"",""actual_filename"":""ad_spend_daily.csv""},{""file"":""channel_costs_daily.csv"",""line"":4,""date"":""2026-08-02"",""channel"":""DTC"",""actual_filename"":""channel_costs_daily.csv""},{""file"":""channel_costs_daily.csv"",""line"":5,""date"":""2026-08-02"",""channel"":""MARKETPLACE"",""actual_filename"":""channel_costs_daily.csv""},{""file"":""sales_daily.csv"",""line"":6,""date"":""2026-08-02"",""channel"":""DTC"",""sku"":""A"",""actual_filename"":""sales_daily.csv""},{""file"":""sales_daily.csv"",""line"":7,""date"":""2026-08-02"",""channel"":""DTC"",""sku"":""B"",""actual_filename"":""sales_daily.csv""},{""file"":""sales_daily.csv"",""line"":8,""date"":""2026-08-02"",""channel"":""MARKETPLACE"",""sku"":""A"",""actual_filename"":""sales_daily.csv""},{""file"":""sales_daily.csv"",""line"":9,""date"":""2026-08-02"",""channel"":""MARKETPLACE"",""sku"":""B"",""actual_filename"":""sales_daily.csv""}]","","","",""
"decision-v1","scenario-v1","contribution-v1","golden-v1","92339086dd83c9a89ae5ac754bdbad2a30c215eb81213211b953451918ebfc48","f9c7f0abe4b1ba3759249887324f30b7d2ac873e7acf82a12c6fa32e19551a3b","2026-08-03","TWD","Asia/Taipei","product_amounts_excluding_tax_and_customer_shipping_income","1","current","{""start"":""2026-08-02"",""end"":""2026-08-02""}","{""comparison_mode"":""same_days"",""channels"":[""DTC"",""MARKETPLACE""],""previous_period"":{""start"":""2026-08-01"",""end"":""2026-08-01""},""current_period"":{""start"":""2026-08-02"",""end"":""2026-08-02""}}","same_days","1","1","snapshot","","","","sources","[{""file"":""ad_spend_daily.csv"",""line"":4,""date"":""2026-08-02"",""channel"":""DTC""},{""file"":""ad_spend_daily.csv"",""line"":5,""date"":""2026-08-02"",""channel"":""MARKETPLACE""},{""file"":""channel_costs_daily.csv"",""line"":4,""date"":""2026-08-02"",""channel"":""DTC""},{""file"":""channel_costs_daily.csv"",""line"":5,""date"":""2026-08-02"",""channel"":""MARKETPLACE""},{""file"":""sales_daily.csv"",""line"":6,""date"":""2026-08-02"",""channel"":""DTC"",""sku"":""A""},{""file"":""sales_daily.csv"",""line"":7,""date"":""2026-08-02"",""channel"":""DTC"",""sku"":""B""},{""file"":""sales_daily.csv"",""line"":8,""date"":""2026-08-02"",""channel"":""MARKETPLACE"",""sku"":""A""},{""file"":""sales_daily.csv"",""line"":9,""date"":""2026-08-02"",""channel"":""MARKETPLACE"",""sku"":""B""}]","","","[{""file"":""ad_spend_daily.csv"",""line"":4,""date"":""2026-08-02"",""channel"":""DTC"",""actual_filename"":""ad_spend_daily.csv""},{""file"":""ad_spend_daily.csv"",""line"":5,""date"":""2026-08-02"",""channel"":""MARKETPLACE"",""actual_filename"":""ad_spend_daily.csv""},{""file"":""channel_costs_daily.csv"",""line"":4,""date"":""2026-08-02"",""channel"":""DTC"",""actual_filename"":""channel_costs_daily.csv""},{""file"":""channel_costs_daily.csv"",""line"":5,""date"":""2026-08-02"",""channel"":""MARKETPLACE"",""actual_filename"":""channel_costs_daily.csv""},{""file"":""sales_daily.csv"",""line"":6,""date"":""2026-08-02"",""channel"":""DTC"",""sku"":""A"",""actual_filename"":""sales_daily.csv""},{""file"":""sales_daily.csv"",""line"":7,""date"":""2026-08-02"",""channel"":""DTC"",""sku"":""B"",""actual_filename"":""sales_daily.csv""},{""file"":""sales_daily.csv"",""line"":8,""date"":""2026-08-02"",""channel"":""MARKETPLACE"",""sku"":""A"",""actual_filename"":""sales_daily.csv""},{""file"":""sales_daily.csv"",""line"":9,""date"":""2026-08-02"",""channel"":""MARKETPLACE"",""sku"":""B"",""actual_filename"":""sales_daily.csv""}]","","","",""
"decision-v1","scenario-v1","contribution-v1","golden-v1","92339086dd83c9a89ae5ac754bdbad2a30c215eb81213211b953451918ebfc48","f9c7f0abe4b1ba3759249887324f30b7d2ac873e7acf82a12c6fa32e19551a3b","2026-08-03","TWD","Asia/Taipei","product_amounts_excluding_tax_and_customer_shipping_income","1","current","{""start"":""2026-08-02"",""end"":""2026-08-02""}","{""comparison_mode"":""same_days"",""channels"":[""DTC"",""MARKETPLACE""],""previous_period"":{""start"":""2026-08-01"",""end"":""2026-08-01""},""current_period"":{""start"":""2026-08-02"",""end"":""2026-08-02""}}","same_days","1","1","snapshot","","","","stale","false","","","[{""file"":""ad_spend_daily.csv"",""line"":4,""date"":""2026-08-02"",""channel"":""DTC"",""actual_filename"":""ad_spend_daily.csv""},{""file"":""ad_spend_daily.csv"",""line"":5,""date"":""2026-08-02"",""channel"":""MARKETPLACE"",""actual_filename"":""ad_spend_daily.csv""},{""file"":""channel_costs_daily.csv"",""line"":4,""date"":""2026-08-02"",""channel"":""DTC"",""actual_filename"":""channel_costs_daily.csv""},{""file"":""channel_costs_daily.csv"",""line"":5,""date"":""2026-08-02"",""channel"":""MARKETPLACE"",""actual_filename"":""channel_costs_daily.csv""},{""file"":""sales_daily.csv"",""line"":6,""date"":""2026-08-02"",""channel"":""DTC"",""sku"":""A"",""actual_filename"":""sales_daily.csv""},{""file"":""sales_daily.csv"",""line"":7,""date"":""2026-08-02"",""channel"":""DTC"",""sku"":""B"",""actual_filename"":""sales_daily.csv""},{""file"":""sales_daily.csv"",""line"":8,""date"":""2026-08-02"",""channel"":""MARKETPLACE"",""sku"":""A"",""actual_filename"":""sales_daily.csv""},{""file"":""sales_daily.csv"",""line"":9,""date"":""2026-08-02"",""channel"":""MARKETPLACE"",""sku"":""B"",""actual_filename"":""sales_daily.csv""}]","","","",""
"decision-v1","scenario-v1","contribution-v1","golden-v1","92339086dd83c9a89ae5ac754bdbad2a30c215eb81213211b953451918ebfc48","f9c7f0abe4b1ba3759249887324f30b7d2ac873e7acf82a12c6fa32e19551a3b","2026-08-03","TWD","Asia/Taipei","product_amounts_excluding_tax_and_customer_shipping_income","1","current","{""start"":""2026-08-02"",""end"":""2026-08-02""}","{""comparison_mode"":""same_days"",""channels"":[""DTC"",""MARKETPLACE""],""previous_period"":{""start"":""2026-08-01"",""end"":""2026-08-01""},""current_period"":{""start"":""2026-08-02"",""end"":""2026-08-02""}}","same_days","1","1","snapshot","","","","stale_reasons","[]","","","[{""file"":""ad_spend_daily.csv"",""line"":4,""date"":""2026-08-02"",""channel"":""DTC"",""actual_filename"":""ad_spend_daily.csv""},{""file"":""ad_spend_daily.csv"",""line"":5,""date"":""2026-08-02"",""channel"":""MARKETPLACE"",""actual_filename"":""ad_spend_daily.csv""},{""file"":""channel_costs_daily.csv"",""line"":4,""date"":""2026-08-02"",""channel"":""DTC"",""actual_filename"":""channel_costs_daily.csv""},{""file"":""channel_costs_daily.csv"",""line"":5,""date"":""2026-08-02"",""channel"":""MARKETPLACE"",""actual_filename"":""channel_costs_daily.csv""},{""file"":""sales_daily.csv"",""line"":6,""date"":""2026-08-02"",""channel"":""DTC"",""sku"":""A"",""actual_filename"":""sales_daily.csv""},{""file"":""sales_daily.csv"",""line"":7,""date"":""2026-08-02"",""channel"":""DTC"",""sku"":""B"",""actual_filename"":""sales_daily.csv""},{""file"":""sales_daily.csv"",""line"":8,""date"":""2026-08-02"",""channel"":""MARKETPLACE"",""sku"":""A"",""actual_filename"":""sales_daily.csv""},{""file"":""sales_daily.csv"",""line"":9,""date"":""2026-08-02"",""channel"":""MARKETPLACE"",""sku"":""B"",""actual_filename"":""sales_daily.csv""}]","","","",""
"decision-v1","scenario-v1","contribution-v1","golden-v1","92339086dd83c9a89ae5ac754bdbad2a30c215eb81213211b953451918ebfc48","f9c7f0abe4b1ba3759249887324f30b7d2ac873e7acf82a12c6fa32e19551a3b","2026-08-03","TWD","Asia/Taipei","product_amounts_excluding_tax_and_customer_shipping_income","1","current","{""start"":""2026-08-02"",""end"":""2026-08-02""}","{""comparison_mode"":""same_days"",""channels"":[""DTC"",""MARKETPLACE""],""previous_period"":{""start"":""2026-08-01"",""end"":""2026-08-01""},""current_period"":{""start"":""2026-08-02"",""end"":""2026-08-02""}}","same_days","1","1","baseline","","","","eligible","false","","","[{""file"":""ad_spend_daily.csv"",""line"":4,""date"":""2026-08-02"",""channel"":""DTC"",""actual_filename"":""ad_spend_daily.csv""},{""file"":""ad_spend_daily.csv"",""line"":5,""date"":""2026-08-02"",""channel"":""MARKETPLACE"",""actual_filename"":""ad_spend_daily.csv""},{""file"":""channel_costs_daily.csv"",""line"":4,""date"":""2026-08-02"",""channel"":""DTC"",""actual_filename"":""channel_costs_daily.csv""},{""file"":""channel_costs_daily.csv"",""line"":5,""date"":""2026-08-02"",""channel"":""MARKETPLACE"",""actual_filename"":""channel_costs_daily.csv""},{""file"":""sales_daily.csv"",""line"":6,""date"":""2026-08-02"",""channel"":""DTC"",""sku"":""A"",""actual_filename"":""sales_daily.csv""},{""file"":""sales_daily.csv"",""line"":7,""date"":""2026-08-02"",""channel"":""DTC"",""sku"":""B"",""actual_filename"":""sales_daily.csv""},{""file"":""sales_daily.csv"",""line"":8,""date"":""2026-08-02"",""channel"":""MARKETPLACE"",""sku"":""A"",""actual_filename"":""sales_daily.csv""},{""file"":""sales_daily.csv"",""line"":9,""date"":""2026-08-02"",""channel"":""MARKETPLACE"",""sku"":""B"",""actual_filename"":""sales_daily.csv""}]","","","",""
"decision-v1","scenario-v1","contribution-v1","golden-v1","92339086dd83c9a89ae5ac754bdbad2a30c215eb81213211b953451918ebfc48","f9c7f0abe4b1ba3759249887324f30b7d2ac873e7acf82a12c6fa32e19551a3b","2026-08-03","TWD","Asia/Taipei","product_amounts_excluding_tax_and_customer_shipping_income","1","current","{""start"":""2026-08-02"",""end"":""2026-08-02""}","{""comparison_mode"":""same_days"",""channels"":[""DTC"",""MARKETPLACE""],""previous_period"":{""start"":""2026-08-01"",""end"":""2026-08-01""},""current_period"":{""start"":""2026-08-02"",""end"":""2026-08-02""}}","same_days","1","1","baseline","","","","coverage_confirmed","true","","","[{""file"":""ad_spend_daily.csv"",""line"":4,""date"":""2026-08-02"",""channel"":""DTC"",""actual_filename"":""ad_spend_daily.csv""},{""file"":""ad_spend_daily.csv"",""line"":5,""date"":""2026-08-02"",""channel"":""MARKETPLACE"",""actual_filename"":""ad_spend_daily.csv""},{""file"":""channel_costs_daily.csv"",""line"":4,""date"":""2026-08-02"",""channel"":""DTC"",""actual_filename"":""channel_costs_daily.csv""},{""file"":""channel_costs_daily.csv"",""line"":5,""date"":""2026-08-02"",""channel"":""MARKETPLACE"",""actual_filename"":""channel_costs_daily.csv""},{""file"":""sales_daily.csv"",""line"":6,""date"":""2026-08-02"",""channel"":""DTC"",""sku"":""A"",""actual_filename"":""sales_daily.csv""},{""file"":""sales_daily.csv"",""line"":7,""date"":""2026-08-02"",""channel"":""DTC"",""sku"":""B"",""actual_filename"":""sales_daily.csv""},{""file"":""sales_daily.csv"",""line"":8,""date"":""2026-08-02"",""channel"":""MARKETPLACE"",""sku"":""A"",""actual_filename"":""sales_daily.csv""},{""file"":""sales_daily.csv"",""line"":9,""date"":""2026-08-02"",""channel"":""MARKETPLACE"",""sku"":""B"",""actual_filename"":""sales_daily.csv""}]","","","",""
"decision-v1","scenario-v1","contribution-v1","golden-v1","92339086dd83c9a89ae5ac754bdbad2a30c215eb81213211b953451918ebfc48","f9c7f0abe4b1ba3759249887324f30b7d2ac873e7acf82a12c6fa32e19551a3b","2026-08-03","TWD","Asia/Taipei","product_amounts_excluding_tax_and_customer_shipping_income","1","current","{""start"":""2026-08-02"",""end"":""2026-08-02""}","{""comparison_mode"":""same_days"",""channels"":[""DTC"",""MARKETPLACE""],""previous_period"":{""start"":""2026-08-01"",""end"":""2026-08-01""},""current_period"":{""start"":""2026-08-02"",""end"":""2026-08-02""}}","same_days","1","1","baseline","","","","reasons","[{""code"":""SINGLE_CHANNEL_REQUIRED"",""message"":""情境試算僅支援本期單一通路，請先選擇一個通路。""}]","","","[{""file"":""ad_spend_daily.csv"",""line"":4,""date"":""2026-08-02"",""channel"":""DTC"",""actual_filename"":""ad_spend_daily.csv""},{""file"":""ad_spend_daily.csv"",""line"":5,""date"":""2026-08-02"",""channel"":""MARKETPLACE"",""actual_filename"":""ad_spend_daily.csv""},{""file"":""channel_costs_daily.csv"",""line"":4,""date"":""2026-08-02"",""channel"":""DTC"",""actual_filename"":""channel_costs_daily.csv""},{""file"":""channel_costs_daily.csv"",""line"":5,""date"":""2026-08-02"",""channel"":""MARKETPLACE"",""actual_filename"":""channel_costs_daily.csv""},{""file"":""sales_daily.csv"",""line"":6,""date"":""2026-08-02"",""channel"":""DTC"",""sku"":""A"",""actual_filename"":""sales_daily.csv""},{""file"":""sales_daily.csv"",""line"":7,""date"":""2026-08-02"",""channel"":""DTC"",""sku"":""B"",""actual_filename"":""sales_daily.csv""},{""file"":""sales_daily.csv"",""line"":8,""date"":""2026-08-02"",""channel"":""MARKETPLACE"",""sku"":""A"",""actual_filename"":""sales_daily.csv""},{""file"":""sales_daily.csv"",""line"":9,""date"":""2026-08-02"",""channel"":""MARKETPLACE"",""sku"":""B"",""actual_filename"":""sales_daily.csv""}]","","","",""
"decision-v1","scenario-v1","contribution-v1","golden-v1","92339086dd83c9a89ae5ac754bdbad2a30c215eb81213211b953451918ebfc48","f9c7f0abe4b1ba3759249887324f30b7d2ac873e7acf82a12c6fa32e19551a3b","2026-08-03","TWD","Asia/Taipei","product_amounts_excluding_tax_and_customer_shipping_income","1","current","{""start"":""2026-08-02"",""end"":""2026-08-02""}","{""comparison_mode"":""same_days"",""channels"":[""DTC"",""MARKETPLACE""],""previous_period"":{""start"":""2026-08-01"",""end"":""2026-08-01""},""current_period"":{""start"":""2026-08-02"",""end"":""2026-08-02""}}","same_days","1","1","baseline_amount","","","","gross_sales","3100.00","[]","","[{""file"":""ad_spend_daily.csv"",""line"":4,""date"":""2026-08-02"",""channel"":""DTC"",""actual_filename"":""ad_spend_daily.csv""},{""file"":""ad_spend_daily.csv"",""line"":5,""date"":""2026-08-02"",""channel"":""MARKETPLACE"",""actual_filename"":""ad_spend_daily.csv""},{""file"":""channel_costs_daily.csv"",""line"":4,""date"":""2026-08-02"",""channel"":""DTC"",""actual_filename"":""channel_costs_daily.csv""},{""file"":""channel_costs_daily.csv"",""line"":5,""date"":""2026-08-02"",""channel"":""MARKETPLACE"",""actual_filename"":""channel_costs_daily.csv""},{""file"":""sales_daily.csv"",""line"":6,""date"":""2026-08-02"",""channel"":""DTC"",""sku"":""A"",""actual_filename"":""sales_daily.csv""},{""file"":""sales_daily.csv"",""line"":7,""date"":""2026-08-02"",""channel"":""DTC"",""sku"":""B"",""actual_filename"":""sales_daily.csv""},{""file"":""sales_daily.csv"",""line"":8,""date"":""2026-08-02"",""channel"":""MARKETPLACE"",""sku"":""A"",""actual_filename"":""sales_daily.csv""},{""file"":""sales_daily.csv"",""line"":9,""date"":""2026-08-02"",""channel"":""MARKETPLACE"",""sku"":""B"",""actual_filename"":""sales_daily.csv""}]","","","",""
"decision-v1","scenario-v1","contribution-v1","golden-v1","92339086dd83c9a89ae5ac754bdbad2a30c215eb81213211b953451918ebfc48","f9c7f0abe4b1ba3759249887324f30b7d2ac873e7acf82a12c6fa32e19551a3b","2026-08-03","TWD","Asia/Taipei","product_amounts_excluding_tax_and_customer_shipping_income","1","current","{""start"":""2026-08-02"",""end"":""2026-08-02""}","{""comparison_mode"":""same_days"",""channels"":[""DTC"",""MARKETPLACE""],""previous_period"":{""start"":""2026-08-01"",""end"":""2026-08-01""},""current_period"":{""start"":""2026-08-02"",""end"":""2026-08-02""}}","same_days","1","1","baseline_amount","","","","discounts","450.00","[]","","[{""file"":""ad_spend_daily.csv"",""line"":4,""date"":""2026-08-02"",""channel"":""DTC"",""actual_filename"":""ad_spend_daily.csv""},{""file"":""ad_spend_daily.csv"",""line"":5,""date"":""2026-08-02"",""channel"":""MARKETPLACE"",""actual_filename"":""ad_spend_daily.csv""},{""file"":""channel_costs_daily.csv"",""line"":4,""date"":""2026-08-02"",""channel"":""DTC"",""actual_filename"":""channel_costs_daily.csv""},{""file"":""channel_costs_daily.csv"",""line"":5,""date"":""2026-08-02"",""channel"":""MARKETPLACE"",""actual_filename"":""channel_costs_daily.csv""},{""file"":""sales_daily.csv"",""line"":6,""date"":""2026-08-02"",""channel"":""DTC"",""sku"":""A"",""actual_filename"":""sales_daily.csv""},{""file"":""sales_daily.csv"",""line"":7,""date"":""2026-08-02"",""channel"":""DTC"",""sku"":""B"",""actual_filename"":""sales_daily.csv""},{""file"":""sales_daily.csv"",""line"":8,""date"":""2026-08-02"",""channel"":""MARKETPLACE"",""sku"":""A"",""actual_filename"":""sales_daily.csv""},{""file"":""sales_daily.csv"",""line"":9,""date"":""2026-08-02"",""channel"":""MARKETPLACE"",""sku"":""B"",""actual_filename"":""sales_daily.csv""}]","","","",""
"decision-v1","scenario-v1","contribution-v1","golden-v1","92339086dd83c9a89ae5ac754bdbad2a30c215eb81213211b953451918ebfc48","f9c7f0abe4b1ba3759249887324f30b7d2ac873e7acf82a12c6fa32e19551a3b","2026-08-03","TWD","Asia/Taipei","product_amounts_excluding_tax_and_customer_shipping_income","1","current","{""start"":""2026-08-02"",""end"":""2026-08-02""}","{""comparison_mode"":""same_days"",""channels"":[""DTC"",""MARKETPLACE""],""previous_period"":{""start"":""2026-08-01"",""end"":""2026-08-01""},""current_period"":{""start"":""2026-08-02"",""end"":""2026-08-02""}}","same_days","1","1","baseline_amount","","","","refunds","180.00","[]","","[{""file"":""ad_spend_daily.csv"",""line"":4,""date"":""2026-08-02"",""channel"":""DTC"",""actual_filename"":""ad_spend_daily.csv""},{""file"":""ad_spend_daily.csv"",""line"":5,""date"":""2026-08-02"",""channel"":""MARKETPLACE"",""actual_filename"":""ad_spend_daily.csv""},{""file"":""channel_costs_daily.csv"",""line"":4,""date"":""2026-08-02"",""channel"":""DTC"",""actual_filename"":""channel_costs_daily.csv""},{""file"":""channel_costs_daily.csv"",""line"":5,""date"":""2026-08-02"",""channel"":""MARKETPLACE"",""actual_filename"":""channel_costs_daily.csv""},{""file"":""sales_daily.csv"",""line"":6,""date"":""2026-08-02"",""channel"":""DTC"",""sku"":""A"",""actual_filename"":""sales_daily.csv""},{""file"":""sales_daily.csv"",""line"":7,""date"":""2026-08-02"",""channel"":""DTC"",""sku"":""B"",""actual_filename"":""sales_daily.csv""},{""file"":""sales_daily.csv"",""line"":8,""date"":""2026-08-02"",""channel"":""MARKETPLACE"",""sku"":""A"",""actual_filename"":""sales_daily.csv""},{""file"":""sales_daily.csv"",""line"":9,""date"":""2026-08-02"",""channel"":""MARKETPLACE"",""sku"":""B"",""actual_filename"":""sales_daily.csv""}]","","","",""
"decision-v1","scenario-v1","contribution-v1","golden-v1","92339086dd83c9a89ae5ac754bdbad2a30c215eb81213211b953451918ebfc48","f9c7f0abe4b1ba3759249887324f30b7d2ac873e7acf82a12c6fa32e19551a3b","2026-08-03","TWD","Asia/Taipei","product_amounts_excluding_tax_and_customer_shipping_income","1","current","{""start"":""2026-08-02"",""end"":""2026-08-02""}","{""comparison_mode"":""same_days"",""channels"":[""DTC"",""MARKETPLACE""],""previous_period"":{""start"":""2026-08-01"",""end"":""2026-08-01""},""current_period"":{""start"":""2026-08-02"",""end"":""2026-08-02""}}","same_days","1","1","baseline_amount","","","","cogs_net","1325.00","[]","","[{""file"":""ad_spend_daily.csv"",""line"":4,""date"":""2026-08-02"",""channel"":""DTC"",""actual_filename"":""ad_spend_daily.csv""},{""file"":""ad_spend_daily.csv"",""line"":5,""date"":""2026-08-02"",""channel"":""MARKETPLACE"",""actual_filename"":""ad_spend_daily.csv""},{""file"":""channel_costs_daily.csv"",""line"":4,""date"":""2026-08-02"",""channel"":""DTC"",""actual_filename"":""channel_costs_daily.csv""},{""file"":""channel_costs_daily.csv"",""line"":5,""date"":""2026-08-02"",""channel"":""MARKETPLACE"",""actual_filename"":""channel_costs_daily.csv""},{""file"":""sales_daily.csv"",""line"":6,""date"":""2026-08-02"",""channel"":""DTC"",""sku"":""A"",""actual_filename"":""sales_daily.csv""},{""file"":""sales_daily.csv"",""line"":7,""date"":""2026-08-02"",""channel"":""DTC"",""sku"":""B"",""actual_filename"":""sales_daily.csv""},{""file"":""sales_daily.csv"",""line"":8,""date"":""2026-08-02"",""channel"":""MARKETPLACE"",""sku"":""A"",""actual_filename"":""sales_daily.csv""},{""file"":""sales_daily.csv"",""line"":9,""date"":""2026-08-02"",""channel"":""MARKETPLACE"",""sku"":""B"",""actual_filename"":""sales_daily.csv""}]","","","",""
"decision-v1","scenario-v1","contribution-v1","golden-v1","92339086dd83c9a89ae5ac754bdbad2a30c215eb81213211b953451918ebfc48","f9c7f0abe4b1ba3759249887324f30b7d2ac873e7acf82a12c6fa32e19551a3b","2026-08-03","TWD","Asia/Taipei","product_amounts_excluding_tax_and_customer_shipping_income","1","current","{""start"":""2026-08-02"",""end"":""2026-08-02""}","{""comparison_mode"":""same_days"",""channels"":[""DTC"",""MARKETPLACE""],""previous_period"":{""start"":""2026-08-01"",""end"":""2026-08-01""},""current_period"":{""start"":""2026-08-02"",""end"":""2026-08-02""}}","same_days","1","1","baseline_amount","","","","platform_fees","120.00","[]","","[{""file"":""ad_spend_daily.csv"",""line"":4,""date"":""2026-08-02"",""channel"":""DTC"",""actual_filename"":""ad_spend_daily.csv""},{""file"":""ad_spend_daily.csv"",""line"":5,""date"":""2026-08-02"",""channel"":""MARKETPLACE"",""actual_filename"":""ad_spend_daily.csv""},{""file"":""channel_costs_daily.csv"",""line"":4,""date"":""2026-08-02"",""channel"":""DTC"",""actual_filename"":""channel_costs_daily.csv""},{""file"":""channel_costs_daily.csv"",""line"":5,""date"":""2026-08-02"",""channel"":""MARKETPLACE"",""actual_filename"":""channel_costs_daily.csv""},{""file"":""sales_daily.csv"",""line"":6,""date"":""2026-08-02"",""channel"":""DTC"",""sku"":""A"",""actual_filename"":""sales_daily.csv""},{""file"":""sales_daily.csv"",""line"":7,""date"":""2026-08-02"",""channel"":""DTC"",""sku"":""B"",""actual_filename"":""sales_daily.csv""},{""file"":""sales_daily.csv"",""line"":8,""date"":""2026-08-02"",""channel"":""MARKETPLACE"",""sku"":""A"",""actual_filename"":""sales_daily.csv""},{""file"":""sales_daily.csv"",""line"":9,""date"":""2026-08-02"",""channel"":""MARKETPLACE"",""sku"":""B"",""actual_filename"":""sales_daily.csv""}]","","","",""
"decision-v1","scenario-v1","contribution-v1","golden-v1","92339086dd83c9a89ae5ac754bdbad2a30c215eb81213211b953451918ebfc48","f9c7f0abe4b1ba3759249887324f30b7d2ac873e7acf82a12c6fa32e19551a3b","2026-08-03","TWD","Asia/Taipei","product_amounts_excluding_tax_and_customer_shipping_income","1","current","{""start"":""2026-08-02"",""end"":""2026-08-02""}","{""comparison_mode"":""same_days"",""channels"":[""DTC"",""MARKETPLACE""],""previous_period"":{""start"":""2026-08-01"",""end"":""2026-08-01""},""current_period"":{""start"":""2026-08-02"",""end"":""2026-08-02""}}","same_days","1","1","baseline_amount","","","","payment_fees","66.00","[]","","[{""file"":""ad_spend_daily.csv"",""line"":4,""date"":""2026-08-02"",""channel"":""DTC"",""actual_filename"":""ad_spend_daily.csv""},{""file"":""ad_spend_daily.csv"",""line"":5,""date"":""2026-08-02"",""channel"":""MARKETPLACE"",""actual_filename"":""ad_spend_daily.csv""},{""file"":""channel_costs_daily.csv"",""line"":4,""date"":""2026-08-02"",""channel"":""DTC"",""actual_filename"":""channel_costs_daily.csv""},{""file"":""channel_costs_daily.csv"",""line"":5,""date"":""2026-08-02"",""channel"":""MARKETPLACE"",""actual_filename"":""channel_costs_daily.csv""},{""file"":""sales_daily.csv"",""line"":6,""date"":""2026-08-02"",""channel"":""DTC"",""sku"":""A"",""actual_filename"":""sales_daily.csv""},{""file"":""sales_daily.csv"",""line"":7,""date"":""2026-08-02"",""channel"":""DTC"",""sku"":""B"",""actual_filename"":""sales_daily.csv""},{""file"":""sales_daily.csv"",""line"":8,""date"":""2026-08-02"",""channel"":""MARKETPLACE"",""sku"":""A"",""actual_filename"":""sales_daily.csv""},{""file"":""sales_daily.csv"",""line"":9,""date"":""2026-08-02"",""channel"":""MARKETPLACE"",""sku"":""B"",""actual_filename"":""sales_daily.csv""}]","","","",""
"decision-v1","scenario-v1","contribution-v1","golden-v1","92339086dd83c9a89ae5ac754bdbad2a30c215eb81213211b953451918ebfc48","f9c7f0abe4b1ba3759249887324f30b7d2ac873e7acf82a12c6fa32e19551a3b","2026-08-03","TWD","Asia/Taipei","product_amounts_excluding_tax_and_customer_shipping_income","1","current","{""start"":""2026-08-02"",""end"":""2026-08-02""}","{""comparison_mode"":""same_days"",""channels"":[""DTC"",""MARKETPLACE""],""previous_period"":{""start"":""2026-08-01"",""end"":""2026-08-01""},""current_period"":{""start"":""2026-08-02"",""end"":""2026-08-02""}}","same_days","1","1","baseline_amount","","","","fulfillment_costs","225.00","[]","","[{""file"":""ad_spend_daily.csv"",""line"":4,""date"":""2026-08-02"",""channel"":""DTC"",""actual_filename"":""ad_spend_daily.csv""},{""file"":""ad_spend_daily.csv"",""line"":5,""date"":""2026-08-02"",""channel"":""MARKETPLACE"",""actual_filename"":""ad_spend_daily.csv""},{""file"":""channel_costs_daily.csv"",""line"":4,""date"":""2026-08-02"",""channel"":""DTC"",""actual_filename"":""channel_costs_daily.csv""},{""file"":""channel_costs_daily.csv"",""line"":5,""date"":""2026-08-02"",""channel"":""MARKETPLACE"",""actual_filename"":""channel_costs_daily.csv""},{""file"":""sales_daily.csv"",""line"":6,""date"":""2026-08-02"",""channel"":""DTC"",""sku"":""A"",""actual_filename"":""sales_daily.csv""},{""file"":""sales_daily.csv"",""line"":7,""date"":""2026-08-02"",""channel"":""DTC"",""sku"":""B"",""actual_filename"":""sales_daily.csv""},{""file"":""sales_daily.csv"",""line"":8,""date"":""2026-08-02"",""channel"":""MARKETPLACE"",""sku"":""A"",""actual_filename"":""sales_daily.csv""},{""file"":""sales_daily.csv"",""line"":9,""date"":""2026-08-02"",""channel"":""MARKETPLACE"",""sku"":""B"",""actual_filename"":""sales_daily.csv""}]","","","",""
"decision-v1","scenario-v1","contribution-v1","golden-v1","92339086dd83c9a89ae5ac754bdbad2a30c215eb81213211b953451918ebfc48","f9c7f0abe4b1ba3759249887324f30b7d2ac873e7acf82a12c6fa32e19551a3b","2026-08-03","TWD","Asia/Taipei","product_amounts_excluding_tax_and_customer_shipping_income","1","current","{""start"":""2026-08-02"",""end"":""2026-08-02""}","{""comparison_mode"":""same_days"",""channels"":[""DTC"",""MARKETPLACE""],""previous_period"":{""start"":""2026-08-01"",""end"":""2026-08-01""},""current_period"":{""start"":""2026-08-02"",""end"":""2026-08-02""}}","same_days","1","1","baseline_amount","","","","other_variable_costs","29.00","[]","","[{""file"":""ad_spend_daily.csv"",""line"":4,""date"":""2026-08-02"",""channel"":""DTC"",""actual_filename"":""ad_spend_daily.csv""},{""file"":""ad_spend_daily.csv"",""line"":5,""date"":""2026-08-02"",""channel"":""MARKETPLACE"",""actual_filename"":""ad_spend_daily.csv""},{""file"":""channel_costs_daily.csv"",""line"":4,""date"":""2026-08-02"",""channel"":""DTC"",""actual_filename"":""channel_costs_daily.csv""},{""file"":""channel_costs_daily.csv"",""line"":5,""date"":""2026-08-02"",""channel"":""MARKETPLACE"",""actual_filename"":""channel_costs_daily.csv""},{""file"":""sales_daily.csv"",""line"":6,""date"":""2026-08-02"",""channel"":""DTC"",""sku"":""A"",""actual_filename"":""sales_daily.csv""},{""file"":""sales_daily.csv"",""line"":7,""date"":""2026-08-02"",""channel"":""DTC"",""sku"":""B"",""actual_filename"":""sales_daily.csv""},{""file"":""sales_daily.csv"",""line"":8,""date"":""2026-08-02"",""channel"":""MARKETPLACE"",""sku"":""A"",""actual_filename"":""sales_daily.csv""},{""file"":""sales_daily.csv"",""line"":9,""date"":""2026-08-02"",""channel"":""MARKETPLACE"",""sku"":""B"",""actual_filename"":""sales_daily.csv""}]","","","",""
"decision-v1","scenario-v1","contribution-v1","golden-v1","92339086dd83c9a89ae5ac754bdbad2a30c215eb81213211b953451918ebfc48","f9c7f0abe4b1ba3759249887324f30b7d2ac873e7acf82a12c6fa32e19551a3b","2026-08-03","TWD","Asia/Taipei","product_amounts_excluding_tax_and_customer_shipping_income","1","current","{""start"":""2026-08-02"",""end"":""2026-08-02""}","{""comparison_mode"":""same_days"",""channels"":[""DTC"",""MARKETPLACE""],""previous_period"":{""start"":""2026-08-01"",""end"":""2026-08-01""},""current_period"":{""start"":""2026-08-02"",""end"":""2026-08-02""}}","same_days","1","1","baseline_amount","","","","ad_spend","450.00","[]","","[{""file"":""ad_spend_daily.csv"",""line"":4,""date"":""2026-08-02"",""channel"":""DTC"",""actual_filename"":""ad_spend_daily.csv""},{""file"":""ad_spend_daily.csv"",""line"":5,""date"":""2026-08-02"",""channel"":""MARKETPLACE"",""actual_filename"":""ad_spend_daily.csv""},{""file"":""channel_costs_daily.csv"",""line"":4,""date"":""2026-08-02"",""channel"":""DTC"",""actual_filename"":""channel_costs_daily.csv""},{""file"":""channel_costs_daily.csv"",""line"":5,""date"":""2026-08-02"",""channel"":""MARKETPLACE"",""actual_filename"":""channel_costs_daily.csv""},{""file"":""sales_daily.csv"",""line"":6,""date"":""2026-08-02"",""channel"":""DTC"",""sku"":""A"",""actual_filename"":""sales_daily.csv""},{""file"":""sales_daily.csv"",""line"":7,""date"":""2026-08-02"",""channel"":""DTC"",""sku"":""B"",""actual_filename"":""sales_daily.csv""},{""file"":""sales_daily.csv"",""line"":8,""date"":""2026-08-02"",""channel"":""MARKETPLACE"",""sku"":""A"",""actual_filename"":""sales_daily.csv""},{""file"":""sales_daily.csv"",""line"":9,""date"":""2026-08-02"",""channel"":""MARKETPLACE"",""sku"":""B"",""actual_filename"":""sales_daily.csv""}]","","","",""
"decision-v1","scenario-v1","contribution-v1","golden-v1","92339086dd83c9a89ae5ac754bdbad2a30c215eb81213211b953451918ebfc48","f9c7f0abe4b1ba3759249887324f30b7d2ac873e7acf82a12c6fa32e19551a3b","2026-08-03","TWD","Asia/Taipei","product_amounts_excluding_tax_and_customer_shipping_income","1","current","{""start"":""2026-08-02"",""end"":""2026-08-02""}","{""comparison_mode"":""same_days"",""channels"":[""DTC"",""MARKETPLACE""],""previous_period"":{""start"":""2026-08-01"",""end"":""2026-08-01""},""current_period"":{""start"":""2026-08-02"",""end"":""2026-08-02""}}","same_days","1","1","baseline_amount","","","","net_revenue","2470.00","[]","","[{""file"":""ad_spend_daily.csv"",""line"":4,""date"":""2026-08-02"",""channel"":""DTC"",""actual_filename"":""ad_spend_daily.csv""},{""file"":""ad_spend_daily.csv"",""line"":5,""date"":""2026-08-02"",""channel"":""MARKETPLACE"",""actual_filename"":""ad_spend_daily.csv""},{""file"":""channel_costs_daily.csv"",""line"":4,""date"":""2026-08-02"",""channel"":""DTC"",""actual_filename"":""channel_costs_daily.csv""},{""file"":""channel_costs_daily.csv"",""line"":5,""date"":""2026-08-02"",""channel"":""MARKETPLACE"",""actual_filename"":""channel_costs_daily.csv""},{""file"":""sales_daily.csv"",""line"":6,""date"":""2026-08-02"",""channel"":""DTC"",""sku"":""A"",""actual_filename"":""sales_daily.csv""},{""file"":""sales_daily.csv"",""line"":7,""date"":""2026-08-02"",""channel"":""DTC"",""sku"":""B"",""actual_filename"":""sales_daily.csv""},{""file"":""sales_daily.csv"",""line"":8,""date"":""2026-08-02"",""channel"":""MARKETPLACE"",""sku"":""A"",""actual_filename"":""sales_daily.csv""},{""file"":""sales_daily.csv"",""line"":9,""date"":""2026-08-02"",""channel"":""MARKETPLACE"",""sku"":""B"",""actual_filename"":""sales_daily.csv""}]","","","",""
"decision-v1","scenario-v1","contribution-v1","golden-v1","92339086dd83c9a89ae5ac754bdbad2a30c215eb81213211b953451918ebfc48","f9c7f0abe4b1ba3759249887324f30b7d2ac873e7acf82a12c6fa32e19551a3b","2026-08-03","TWD","Asia/Taipei","product_amounts_excluding_tax_and_customer_shipping_income","1","current","{""start"":""2026-08-02"",""end"":""2026-08-02""}","{""comparison_mode"":""same_days"",""channels"":[""DTC"",""MARKETPLACE""],""previous_period"":{""start"":""2026-08-01"",""end"":""2026-08-01""},""current_period"":{""start"":""2026-08-02"",""end"":""2026-08-02""}}","same_days","1","1","baseline_amount","","","","gross_profit","1145.00","[]","","[{""file"":""ad_spend_daily.csv"",""line"":4,""date"":""2026-08-02"",""channel"":""DTC"",""actual_filename"":""ad_spend_daily.csv""},{""file"":""ad_spend_daily.csv"",""line"":5,""date"":""2026-08-02"",""channel"":""MARKETPLACE"",""actual_filename"":""ad_spend_daily.csv""},{""file"":""channel_costs_daily.csv"",""line"":4,""date"":""2026-08-02"",""channel"":""DTC"",""actual_filename"":""channel_costs_daily.csv""},{""file"":""channel_costs_daily.csv"",""line"":5,""date"":""2026-08-02"",""channel"":""MARKETPLACE"",""actual_filename"":""channel_costs_daily.csv""},{""file"":""sales_daily.csv"",""line"":6,""date"":""2026-08-02"",""channel"":""DTC"",""sku"":""A"",""actual_filename"":""sales_daily.csv""},{""file"":""sales_daily.csv"",""line"":7,""date"":""2026-08-02"",""channel"":""DTC"",""sku"":""B"",""actual_filename"":""sales_daily.csv""},{""file"":""sales_daily.csv"",""line"":8,""date"":""2026-08-02"",""channel"":""MARKETPLACE"",""sku"":""A"",""actual_filename"":""sales_daily.csv""},{""file"":""sales_daily.csv"",""line"":9,""date"":""2026-08-02"",""channel"":""MARKETPLACE"",""sku"":""B"",""actual_filename"":""sales_daily.csv""}]","","","",""
"decision-v1","scenario-v1","contribution-v1","golden-v1","92339086dd83c9a89ae5ac754bdbad2a30c215eb81213211b953451918ebfc48","f9c7f0abe4b1ba3759249887324f30b7d2ac873e7acf82a12c6fa32e19551a3b","2026-08-03","TWD","Asia/Taipei","product_amounts_excluding_tax_and_customer_shipping_income","1","current","{""start"":""2026-08-02"",""end"":""2026-08-02""}","{""comparison_mode"":""same_days"",""channels"":[""DTC"",""MARKETPLACE""],""previous_period"":{""start"":""2026-08-01"",""end"":""2026-08-01""},""current_period"":{""start"":""2026-08-02"",""end"":""2026-08-02""}}","same_days","1","1","baseline_amount","","","","contribution_before_marketing","705.00","[]","","[{""file"":""ad_spend_daily.csv"",""line"":4,""date"":""2026-08-02"",""channel"":""DTC"",""actual_filename"":""ad_spend_daily.csv""},{""file"":""ad_spend_daily.csv"",""line"":5,""date"":""2026-08-02"",""channel"":""MARKETPLACE"",""actual_filename"":""ad_spend_daily.csv""},{""file"":""channel_costs_daily.csv"",""line"":4,""date"":""2026-08-02"",""channel"":""DTC"",""actual_filename"":""channel_costs_daily.csv""},{""file"":""channel_costs_daily.csv"",""line"":5,""date"":""2026-08-02"",""channel"":""MARKETPLACE"",""actual_filename"":""channel_costs_daily.csv""},{""file"":""sales_daily.csv"",""line"":6,""date"":""2026-08-02"",""channel"":""DTC"",""sku"":""A"",""actual_filename"":""sales_daily.csv""},{""file"":""sales_daily.csv"",""line"":7,""date"":""2026-08-02"",""channel"":""DTC"",""sku"":""B"",""actual_filename"":""sales_daily.csv""},{""file"":""sales_daily.csv"",""line"":8,""date"":""2026-08-02"",""channel"":""MARKETPLACE"",""sku"":""A"",""actual_filename"":""sales_daily.csv""},{""file"":""sales_daily.csv"",""line"":9,""date"":""2026-08-02"",""channel"":""MARKETPLACE"",""sku"":""B"",""actual_filename"":""sales_daily.csv""}]","","","",""
"decision-v1","scenario-v1","contribution-v1","golden-v1","92339086dd83c9a89ae5ac754bdbad2a30c215eb81213211b953451918ebfc48","f9c7f0abe4b1ba3759249887324f30b7d2ac873e7acf82a12c6fa32e19551a3b","2026-08-03","TWD","Asia/Taipei","product_amounts_excluding_tax_and_customer_shipping_income","1","current","{""start"":""2026-08-02"",""end"":""2026-08-02""}","{""comparison_mode"":""same_days"",""channels"":[""DTC"",""MARKETPLACE""],""previous_period"":{""start"":""2026-08-01"",""end"":""2026-08-01""},""current_period"":{""start"":""2026-08-02"",""end"":""2026-08-02""}}","same_days","1","1","baseline_amount","","","","contribution_after_marketing","255.00","[]","","[{""file"":""ad_spend_daily.csv"",""line"":4,""date"":""2026-08-02"",""channel"":""DTC"",""actual_filename"":""ad_spend_daily.csv""},{""file"":""ad_spend_daily.csv"",""line"":5,""date"":""2026-08-02"",""channel"":""MARKETPLACE"",""actual_filename"":""ad_spend_daily.csv""},{""file"":""channel_costs_daily.csv"",""line"":4,""date"":""2026-08-02"",""channel"":""DTC"",""actual_filename"":""channel_costs_daily.csv""},{""file"":""channel_costs_daily.csv"",""line"":5,""date"":""2026-08-02"",""channel"":""MARKETPLACE"",""actual_filename"":""channel_costs_daily.csv""},{""file"":""sales_daily.csv"",""line"":6,""date"":""2026-08-02"",""channel"":""DTC"",""sku"":""A"",""actual_filename"":""sales_daily.csv""},{""file"":""sales_daily.csv"",""line"":7,""date"":""2026-08-02"",""channel"":""DTC"",""sku"":""B"",""actual_filename"":""sales_daily.csv""},{""file"":""sales_daily.csv"",""line"":8,""date"":""2026-08-02"",""channel"":""MARKETPLACE"",""sku"":""A"",""actual_filename"":""sales_daily.csv""},{""file"":""sales_daily.csv"",""line"":9,""date"":""2026-08-02"",""channel"":""MARKETPLACE"",""sku"":""B"",""actual_filename"":""sales_daily.csv""}]","","","",""
"decision-v1","scenario-v1","contribution-v1","golden-v1","92339086dd83c9a89ae5ac754bdbad2a30c215eb81213211b953451918ebfc48","f9c7f0abe4b1ba3759249887324f30b7d2ac873e7acf82a12c6fa32e19551a3b","2026-08-03","TWD","Asia/Taipei","product_amounts_excluding_tax_and_customer_shipping_income","1","current","{""start"":""2026-08-02"",""end"":""2026-08-02""}","{""comparison_mode"":""same_days"",""channels"":[""DTC"",""MARKETPLACE""],""previous_period"":{""start"":""2026-08-01"",""end"":""2026-08-01""},""current_period"":{""start"":""2026-08-02"",""end"":""2026-08-02""}}","same_days","1","1","baseline_rate","","","","discount_rate","0.145161290323","[]","","[{""file"":""ad_spend_daily.csv"",""line"":4,""date"":""2026-08-02"",""channel"":""DTC"",""actual_filename"":""ad_spend_daily.csv""},{""file"":""ad_spend_daily.csv"",""line"":5,""date"":""2026-08-02"",""channel"":""MARKETPLACE"",""actual_filename"":""ad_spend_daily.csv""},{""file"":""channel_costs_daily.csv"",""line"":4,""date"":""2026-08-02"",""channel"":""DTC"",""actual_filename"":""channel_costs_daily.csv""},{""file"":""channel_costs_daily.csv"",""line"":5,""date"":""2026-08-02"",""channel"":""MARKETPLACE"",""actual_filename"":""channel_costs_daily.csv""},{""file"":""sales_daily.csv"",""line"":6,""date"":""2026-08-02"",""channel"":""DTC"",""sku"":""A"",""actual_filename"":""sales_daily.csv""},{""file"":""sales_daily.csv"",""line"":7,""date"":""2026-08-02"",""channel"":""DTC"",""sku"":""B"",""actual_filename"":""sales_daily.csv""},{""file"":""sales_daily.csv"",""line"":8,""date"":""2026-08-02"",""channel"":""MARKETPLACE"",""sku"":""A"",""actual_filename"":""sales_daily.csv""},{""file"":""sales_daily.csv"",""line"":9,""date"":""2026-08-02"",""channel"":""MARKETPLACE"",""sku"":""B"",""actual_filename"":""sales_daily.csv""}]","","","",""
"decision-v1","scenario-v1","contribution-v1","golden-v1","92339086dd83c9a89ae5ac754bdbad2a30c215eb81213211b953451918ebfc48","f9c7f0abe4b1ba3759249887324f30b7d2ac873e7acf82a12c6fa32e19551a3b","2026-08-03","TWD","Asia/Taipei","product_amounts_excluding_tax_and_customer_shipping_income","1","current","{""start"":""2026-08-02"",""end"":""2026-08-02""}","{""comparison_mode"":""same_days"",""channels"":[""DTC"",""MARKETPLACE""],""previous_period"":{""start"":""2026-08-01"",""end"":""2026-08-01""},""current_period"":{""start"":""2026-08-02"",""end"":""2026-08-02""}}","same_days","1","1","baseline_rate","","","","refund_ratio","0.067924528302","[]","","[{""file"":""ad_spend_daily.csv"",""line"":4,""date"":""2026-08-02"",""channel"":""DTC"",""actual_filename"":""ad_spend_daily.csv""},{""file"":""ad_spend_daily.csv"",""line"":5,""date"":""2026-08-02"",""channel"":""MARKETPLACE"",""actual_filename"":""ad_spend_daily.csv""},{""file"":""channel_costs_daily.csv"",""line"":4,""date"":""2026-08-02"",""channel"":""DTC"",""actual_filename"":""channel_costs_daily.csv""},{""file"":""channel_costs_daily.csv"",""line"":5,""date"":""2026-08-02"",""channel"":""MARKETPLACE"",""actual_filename"":""channel_costs_daily.csv""},{""file"":""sales_daily.csv"",""line"":6,""date"":""2026-08-02"",""channel"":""DTC"",""sku"":""A"",""actual_filename"":""sales_daily.csv""},{""file"":""sales_daily.csv"",""line"":7,""date"":""2026-08-02"",""channel"":""DTC"",""sku"":""B"",""actual_filename"":""sales_daily.csv""},{""file"":""sales_daily.csv"",""line"":8,""date"":""2026-08-02"",""channel"":""MARKETPLACE"",""sku"":""A"",""actual_filename"":""sales_daily.csv""},{""file"":""sales_daily.csv"",""line"":9,""date"":""2026-08-02"",""channel"":""MARKETPLACE"",""sku"":""B"",""actual_filename"":""sales_daily.csv""}]","","","",""
"decision-v1","scenario-v1","contribution-v1","golden-v1","92339086dd83c9a89ae5ac754bdbad2a30c215eb81213211b953451918ebfc48","f9c7f0abe4b1ba3759249887324f30b7d2ac873e7acf82a12c6fa32e19551a3b","2026-08-03","TWD","Asia/Taipei","product_amounts_excluding_tax_and_customer_shipping_income","1","current","{""start"":""2026-08-02"",""end"":""2026-08-02""}","{""comparison_mode"":""same_days"",""channels"":[""DTC"",""MARKETPLACE""],""previous_period"":{""start"":""2026-08-01"",""end"":""2026-08-01""},""current_period"":{""start"":""2026-08-02"",""end"":""2026-08-02""}}","same_days","1","1","baseline_rate","","","","platform_rate","0.048582995951","[]","","[{""file"":""ad_spend_daily.csv"",""line"":4,""date"":""2026-08-02"",""channel"":""DTC"",""actual_filename"":""ad_spend_daily.csv""},{""file"":""ad_spend_daily.csv"",""line"":5,""date"":""2026-08-02"",""channel"":""MARKETPLACE"",""actual_filename"":""ad_spend_daily.csv""},{""file"":""channel_costs_daily.csv"",""line"":4,""date"":""2026-08-02"",""channel"":""DTC"",""actual_filename"":""channel_costs_daily.csv""},{""file"":""channel_costs_daily.csv"",""line"":5,""date"":""2026-08-02"",""channel"":""MARKETPLACE"",""actual_filename"":""channel_costs_daily.csv""},{""file"":""sales_daily.csv"",""line"":6,""date"":""2026-08-02"",""channel"":""DTC"",""sku"":""A"",""actual_filename"":""sales_daily.csv""},{""file"":""sales_daily.csv"",""line"":7,""date"":""2026-08-02"",""channel"":""DTC"",""sku"":""B"",""actual_filename"":""sales_daily.csv""},{""file"":""sales_daily.csv"",""line"":8,""date"":""2026-08-02"",""channel"":""MARKETPLACE"",""sku"":""A"",""actual_filename"":""sales_daily.csv""},{""file"":""sales_daily.csv"",""line"":9,""date"":""2026-08-02"",""channel"":""MARKETPLACE"",""sku"":""B"",""actual_filename"":""sales_daily.csv""}]","","","",""
"decision-v1","scenario-v1","contribution-v1","golden-v1","92339086dd83c9a89ae5ac754bdbad2a30c215eb81213211b953451918ebfc48","f9c7f0abe4b1ba3759249887324f30b7d2ac873e7acf82a12c6fa32e19551a3b","2026-08-03","TWD","Asia/Taipei","product_amounts_excluding_tax_and_customer_shipping_income","1","current","{""start"":""2026-08-02"",""end"":""2026-08-02""}","{""comparison_mode"":""same_days"",""channels"":[""DTC"",""MARKETPLACE""],""previous_period"":{""start"":""2026-08-01"",""end"":""2026-08-01""},""current_period"":{""start"":""2026-08-02"",""end"":""2026-08-02""}}","same_days","1","1","baseline_rate","","","","payment_rate","0.026720647773","[]","","[{""file"":""ad_spend_daily.csv"",""line"":4,""date"":""2026-08-02"",""channel"":""DTC"",""actual_filename"":""ad_spend_daily.csv""},{""file"":""ad_spend_daily.csv"",""line"":5,""date"":""2026-08-02"",""channel"":""MARKETPLACE"",""actual_filename"":""ad_spend_daily.csv""},{""file"":""channel_costs_daily.csv"",""line"":4,""date"":""2026-08-02"",""channel"":""DTC"",""actual_filename"":""channel_costs_daily.csv""},{""file"":""channel_costs_daily.csv"",""line"":5,""date"":""2026-08-02"",""channel"":""MARKETPLACE"",""actual_filename"":""channel_costs_daily.csv""},{""file"":""sales_daily.csv"",""line"":6,""date"":""2026-08-02"",""channel"":""DTC"",""sku"":""A"",""actual_filename"":""sales_daily.csv""},{""file"":""sales_daily.csv"",""line"":7,""date"":""2026-08-02"",""channel"":""DTC"",""sku"":""B"",""actual_filename"":""sales_daily.csv""},{""file"":""sales_daily.csv"",""line"":8,""date"":""2026-08-02"",""channel"":""MARKETPLACE"",""sku"":""A"",""actual_filename"":""sales_daily.csv""},{""file"":""sales_daily.csv"",""line"":9,""date"":""2026-08-02"",""channel"":""MARKETPLACE"",""sku"":""B"",""actual_filename"":""sales_daily.csv""}]","","","",""
"decision-v1","scenario-v1","contribution-v1","golden-v1","92339086dd83c9a89ae5ac754bdbad2a30c215eb81213211b953451918ebfc48","f9c7f0abe4b1ba3759249887324f30b7d2ac873e7acf82a12c6fa32e19551a3b","2026-08-03","TWD","Asia/Taipei","product_amounts_excluding_tax_and_customer_shipping_income","1","current","{""start"":""2026-08-02"",""end"":""2026-08-02""}","{""comparison_mode"":""same_days"",""channels"":[""DTC"",""MARKETPLACE""],""previous_period"":{""start"":""2026-08-01"",""end"":""2026-08-01""},""current_period"":{""start"":""2026-08-02"",""end"":""2026-08-02""}}","same_days","1","1","fixed_assumption","","","","1","本功能是同一期間單一通路的條件試算，不是預測，也不代表已發生或保證可取得的改善收益。","","","[{""file"":""ad_spend_daily.csv"",""line"":4,""date"":""2026-08-02"",""channel"":""DTC"",""actual_filename"":""ad_spend_daily.csv""},{""file"":""ad_spend_daily.csv"",""line"":5,""date"":""2026-08-02"",""channel"":""MARKETPLACE"",""actual_filename"":""ad_spend_daily.csv""},{""file"":""channel_costs_daily.csv"",""line"":4,""date"":""2026-08-02"",""channel"":""DTC"",""actual_filename"":""channel_costs_daily.csv""},{""file"":""channel_costs_daily.csv"",""line"":5,""date"":""2026-08-02"",""channel"":""MARKETPLACE"",""actual_filename"":""channel_costs_daily.csv""},{""file"":""sales_daily.csv"",""line"":6,""date"":""2026-08-02"",""channel"":""DTC"",""sku"":""A"",""actual_filename"":""sales_daily.csv""},{""file"":""sales_daily.csv"",""line"":7,""date"":""2026-08-02"",""channel"":""DTC"",""sku"":""B"",""actual_filename"":""sales_daily.csv""},{""file"":""sales_daily.csv"",""line"":8,""date"":""2026-08-02"",""channel"":""MARKETPLACE"",""sku"":""A"",""actual_filename"":""sales_daily.csv""},{""file"":""sales_daily.csv"",""line"":9,""date"":""2026-08-02"",""channel"":""MARKETPLACE"",""sku"":""B"",""actual_filename"":""sales_daily.csv""}]","","","",""
"decision-v1","scenario-v1","contribution-v1","golden-v1","92339086dd83c9a89ae5ac754bdbad2a30c215eb81213211b953451918ebfc48","f9c7f0abe4b1ba3759249887324f30b7d2ac873e7acf82a12c6fa32e19551a3b","2026-08-03","TWD","Asia/Taipei","product_amounts_excluding_tax_and_customer_shipping_income","1","current","{""start"":""2026-08-02"",""end"":""2026-08-02""}","{""comparison_mode"":""same_days"",""channels"":[""DTC"",""MARKETPLACE""],""previous_period"":{""start"":""2026-08-01"",""end"":""2026-08-01""},""current_period"":{""start"":""2026-08-02"",""end"":""2026-08-02""}}","same_days","1","1","fixed_assumption","","","","2","平均牌價與商品組合固定；售出量變化 v 必須由使用者明確輸入，零變化也不是系統預設。","","","[{""file"":""ad_spend_daily.csv"",""line"":4,""date"":""2026-08-02"",""channel"":""DTC"",""actual_filename"":""ad_spend_daily.csv""},{""file"":""ad_spend_daily.csv"",""line"":5,""date"":""2026-08-02"",""channel"":""MARKETPLACE"",""actual_filename"":""ad_spend_daily.csv""},{""file"":""channel_costs_daily.csv"",""line"":4,""date"":""2026-08-02"",""channel"":""DTC"",""actual_filename"":""channel_costs_daily.csv""},{""file"":""channel_costs_daily.csv"",""line"":5,""date"":""2026-08-02"",""channel"":""MARKETPLACE"",""actual_filename"":""channel_costs_daily.csv""},{""file"":""sales_daily.csv"",""line"":6,""date"":""2026-08-02"",""channel"":""DTC"",""sku"":""A"",""actual_filename"":""sales_daily.csv""},{""file"":""sales_daily.csv"",""line"":7,""date"":""2026-08-02"",""channel"":""DTC"",""sku"":""B"",""actual_filename"":""sales_daily.csv""},{""file"":""sales_daily.csv"",""line"":8,""date"":""2026-08-02"",""channel"":""MARKETPLACE"",""sku"":""A"",""actual_filename"":""sales_daily.csv""},{""file"":""sales_daily.csv"",""line"":9,""date"":""2026-08-02"",""channel"":""MARKETPLACE"",""sku"":""B"",""actual_filename"":""sales_daily.csv""}]","","","",""
"decision-v1","scenario-v1","contribution-v1","golden-v1","92339086dd83c9a89ae5ac754bdbad2a30c215eb81213211b953451918ebfc48","f9c7f0abe4b1ba3759249887324f30b7d2ac873e7acf82a12c6fa32e19551a3b","2026-08-03","TWD","Asia/Taipei","product_amounts_excluding_tax_and_customer_shipping_income","1","current","{""start"":""2026-08-02"",""end"":""2026-08-02""}","{""comparison_mode"":""same_days"",""channels"":[""DTC"",""MARKETPLACE""],""previous_period"":{""start"":""2026-08-01"",""end"":""2026-08-01""},""current_period"":{""start"":""2026-08-02"",""end"":""2026-08-02""}}","same_days","1","1","fixed_assumption","","","","3","退款金額比固定於本期已入帳比率；入帳日退款比不等於同批訂單 cohort 的最終退貨機率。","","","[{""file"":""ad_spend_daily.csv"",""line"":4,""date"":""2026-08-02"",""channel"":""DTC"",""actual_filename"":""ad_spend_daily.csv""},{""file"":""ad_spend_daily.csv"",""line"":5,""date"":""2026-08-02"",""channel"":""MARKETPLACE"",""actual_filename"":""ad_spend_daily.csv""},{""file"":""channel_costs_daily.csv"",""line"":4,""date"":""2026-08-02"",""channel"":""DTC"",""actual_filename"":""channel_costs_daily.csv""},{""file"":""channel_costs_daily.csv"",""line"":5,""date"":""2026-08-02"",""channel"":""MARKETPLACE"",""actual_filename"":""channel_costs_daily.csv""},{""file"":""sales_daily.csv"",""line"":6,""date"":""2026-08-02"",""channel"":""DTC"",""sku"":""A"",""actual_filename"":""sales_daily.csv""},{""file"":""sales_daily.csv"",""line"":7,""date"":""2026-08-02"",""channel"":""DTC"",""sku"":""B"",""actual_filename"":""sales_daily.csv""},{""file"":""sales_daily.csv"",""line"":8,""date"":""2026-08-02"",""channel"":""MARKETPLACE"",""sku"":""A"",""actual_filename"":""sales_daily.csv""},{""file"":""sales_daily.csv"",""line"":9,""date"":""2026-08-02"",""channel"":""MARKETPLACE"",""sku"":""B"",""actual_filename"":""sales_daily.csv""}]","","","",""
"decision-v1","scenario-v1","contribution-v1","golden-v1","92339086dd83c9a89ae5ac754bdbad2a30c215eb81213211b953451918ebfc48","f9c7f0abe4b1ba3759249887324f30b7d2ac873e7acf82a12c6fa32e19551a3b","2026-08-03","TWD","Asia/Taipei","product_amounts_excluding_tax_and_customer_shipping_income","1","current","{""start"":""2026-08-02"",""end"":""2026-08-02""}","{""comparison_mode"":""same_days"",""channels"":[""DTC"",""MARKETPLACE""],""previous_period"":{""start"":""2026-08-01"",""end"":""2026-08-01""},""current_period"":{""start"":""2026-08-02"",""end"":""2026-08-02""}}","same_days","1","1","fixed_assumption","","","","4","每售出量的銷貨淨成本及退回結構固定；商品成本按銷量變化，不由退款金額自行推算成本沖回。","","","[{""file"":""ad_spend_daily.csv"",""line"":4,""date"":""2026-08-02"",""channel"":""DTC"",""actual_filename"":""ad_spend_daily.csv""},{""file"":""ad_spend_daily.csv"",""line"":5,""date"":""2026-08-02"",""channel"":""MARKETPLACE"",""actual_filename"":""ad_spend_daily.csv""},{""file"":""channel_costs_daily.csv"",""line"":4,""date"":""2026-08-02"",""channel"":""DTC"",""actual_filename"":""channel_costs_daily.csv""},{""file"":""channel_costs_daily.csv"",""line"":5,""date"":""2026-08-02"",""channel"":""MARKETPLACE"",""actual_filename"":""channel_costs_daily.csv""},{""file"":""sales_daily.csv"",""line"":6,""date"":""2026-08-02"",""channel"":""DTC"",""sku"":""A"",""actual_filename"":""sales_daily.csv""},{""file"":""sales_daily.csv"",""line"":7,""date"":""2026-08-02"",""channel"":""DTC"",""sku"":""B"",""actual_filename"":""sales_daily.csv""},{""file"":""sales_daily.csv"",""line"":8,""date"":""2026-08-02"",""channel"":""MARKETPLACE"",""sku"":""A"",""actual_filename"":""sales_daily.csv""},{""file"":""sales_daily.csv"",""line"":9,""date"":""2026-08-02"",""channel"":""MARKETPLACE"",""sku"":""B"",""actual_filename"":""sales_daily.csv""}]","","","",""
"decision-v1","scenario-v1","contribution-v1","golden-v1","92339086dd83c9a89ae5ac754bdbad2a30c215eb81213211b953451918ebfc48","f9c7f0abe4b1ba3759249887324f30b7d2ac873e7acf82a12c6fa32e19551a3b","2026-08-03","TWD","Asia/Taipei","product_amounts_excluding_tax_and_customer_shipping_income","1","current","{""start"":""2026-08-02"",""end"":""2026-08-02""}","{""comparison_mode"":""same_days"",""channels"":[""DTC"",""MARKETPLACE""],""previous_period"":{""start"":""2026-08-01"",""end"":""2026-08-01""},""current_period"":{""start"":""2026-08-02"",""end"":""2026-08-02""}}","same_days","1","1","fixed_assumption","","","","5","平台與金流費按原有效淨營收費率估算；不涵蓋最低費、階梯費率、折扣前 GMV 計費等其他機制。","","","[{""file"":""ad_spend_daily.csv"",""line"":4,""date"":""2026-08-02"",""channel"":""DTC"",""actual_filename"":""ad_spend_daily.csv""},{""file"":""ad_spend_daily.csv"",""line"":5,""date"":""2026-08-02"",""channel"":""MARKETPLACE"",""actual_filename"":""ad_spend_daily.csv""},{""file"":""channel_costs_daily.csv"",""line"":4,""date"":""2026-08-02"",""channel"":""DTC"",""actual_filename"":""channel_costs_daily.csv""},{""file"":""channel_costs_daily.csv"",""line"":5,""date"":""2026-08-02"",""channel"":""MARKETPLACE"",""actual_filename"":""channel_costs_daily.csv""},{""file"":""sales_daily.csv"",""line"":6,""date"":""2026-08-02"",""channel"":""DTC"",""sku"":""A"",""actual_filename"":""sales_daily.csv""},{""file"":""sales_daily.csv"",""line"":7,""date"":""2026-08-02"",""channel"":""DTC"",""sku"":""B"",""actual_filename"":""sales_daily.csv""},{""file"":""sales_daily.csv"",""line"":8,""date"":""2026-08-02"",""channel"":""MARKETPLACE"",""sku"":""A"",""actual_filename"":""sales_daily.csv""},{""file"":""sales_daily.csv"",""line"":9,""date"":""2026-08-02"",""channel"":""MARKETPLACE"",""sku"":""B"",""actual_filename"":""sales_daily.csv""}]","","","",""
"decision-v1","scenario-v1","contribution-v1","golden-v1","92339086dd83c9a89ae5ac754bdbad2a30c215eb81213211b953451918ebfc48","f9c7f0abe4b1ba3759249887324f30b7d2ac873e7acf82a12c6fa32e19551a3b","2026-08-03","TWD","Asia/Taipei","product_amounts_excluding_tax_and_customer_shipping_income","1","current","{""start"":""2026-08-02"",""end"":""2026-08-02""}","{""comparison_mode"":""same_days"",""channels"":[""DTC"",""MARKETPLACE""],""previous_period"":{""start"":""2026-08-01"",""end"":""2026-08-01""},""current_period"":{""start"":""2026-08-02"",""end"":""2026-08-02""}}","same_days","1","1","fixed_assumption","","","","6","履約費隨銷量及單位履約成本變化；其他變動費用按銷量變化，不把固定成本當作可自動節省。","","","[{""file"":""ad_spend_daily.csv"",""line"":4,""date"":""2026-08-02"",""channel"":""DTC"",""actual_filename"":""ad_spend_daily.csv""},{""file"":""ad_spend_daily.csv"",""line"":5,""date"":""2026-08-02"",""channel"":""MARKETPLACE"",""actual_filename"":""ad_spend_daily.csv""},{""file"":""channel_costs_daily.csv"",""line"":4,""date"":""2026-08-02"",""channel"":""DTC"",""actual_filename"":""channel_costs_daily.csv""},{""file"":""channel_costs_daily.csv"",""line"":5,""date"":""2026-08-02"",""channel"":""MARKETPLACE"",""actual_filename"":""channel_costs_daily.csv""},{""file"":""sales_daily.csv"",""line"":6,""date"":""2026-08-02"",""channel"":""DTC"",""sku"":""A"",""actual_filename"":""sales_daily.csv""},{""file"":""sales_daily.csv"",""line"":7,""date"":""2026-08-02"",""channel"":""DTC"",""sku"":""B"",""actual_filename"":""sales_daily.csv""},{""file"":""sales_daily.csv"",""line"":8,""date"":""2026-08-02"",""channel"":""MARKETPLACE"",""sku"":""A"",""actual_filename"":""sales_daily.csv""},{""file"":""sales_daily.csv"",""line"":9,""date"":""2026-08-02"",""channel"":""MARKETPLACE"",""sku"":""B"",""actual_filename"":""sales_daily.csv""}]","","","",""
"decision-v1","scenario-v1","contribution-v1","golden-v1","92339086dd83c9a89ae5ac754bdbad2a30c215eb81213211b953451918ebfc48","f9c7f0abe4b1ba3759249887324f30b7d2ac873e7acf82a12c6fa32e19551a3b","2026-08-03","TWD","Asia/Taipei","product_amounts_excluding_tax_and_customer_shipping_income","1","current","{""start"":""2026-08-02"",""end"":""2026-08-02""}","{""comparison_mode"":""same_days"",""channels"":[""DTC"",""MARKETPLACE""],""previous_period"":{""start"":""2026-08-01"",""end"":""2026-08-01""},""current_period"":{""start"":""2026-08-02"",""end"":""2026-08-02""}}","same_days","1","1","fixed_assumption","","","","7","總廣告支出只按使用者輸入變化，不由廣告調整推算銷量；減少廣告不代表營收必然不變。","","","[{""file"":""ad_spend_daily.csv"",""line"":4,""date"":""2026-08-02"",""channel"":""DTC"",""actual_filename"":""ad_spend_daily.csv""},{""file"":""ad_spend_daily.csv"",""line"":5,""date"":""2026-08-02"",""channel"":""MARKETPLACE"",""actual_filename"":""ad_spend_daily.csv""},{""file"":""channel_costs_daily.csv"",""line"":4,""date"":""2026-08-02"",""channel"":""DTC"",""actual_filename"":""channel_costs_daily.csv""},{""file"":""channel_costs_daily.csv"",""line"":5,""date"":""2026-08-02"",""channel"":""MARKETPLACE"",""actual_filename"":""channel_costs_daily.csv""},{""file"":""sales_daily.csv"",""line"":6,""date"":""2026-08-02"",""channel"":""DTC"",""sku"":""A"",""actual_filename"":""sales_daily.csv""},{""file"":""sales_daily.csv"",""line"":7,""date"":""2026-08-02"",""channel"":""DTC"",""sku"":""B"",""actual_filename"":""sales_daily.csv""},{""file"":""sales_daily.csv"",""line"":8,""date"":""2026-08-02"",""channel"":""MARKETPLACE"",""sku"":""A"",""actual_filename"":""sales_daily.csv""},{""file"":""sales_daily.csv"",""line"":9,""date"":""2026-08-02"",""channel"":""MARKETPLACE"",""sku"":""B"",""actual_filename"":""sales_daily.csv""}]","","","",""
"decision-v1","scenario-v1","contribution-v1","golden-v1","92339086dd83c9a89ae5ac754bdbad2a30c215eb81213211b953451918ebfc48","f9c7f0abe4b1ba3759249887324f30b7d2ac873e7acf82a12c6fa32e19551a3b","2026-08-03","TWD","Asia/Taipei","product_amounts_excluding_tax_and_customer_shipping_income","1","current","{""start"":""2026-08-02"",""end"":""2026-08-02""}","{""comparison_mode"":""same_days"",""channels"":[""DTC"",""MARKETPLACE""],""previous_period"":{""start"":""2026-08-01"",""end"":""2026-08-01""},""current_period"":{""start"":""2026-08-02"",""end"":""2026-08-02""}}","same_days","1","1","fixed_assumption","","","","8","一次性投入在本方案扣除一次；每個方案各自從原 baseline 重算，不疊加或相加不同方案的改善金額。","","","[{""file"":""ad_spend_daily.csv"",""line"":4,""date"":""2026-08-02"",""channel"":""DTC"",""actual_filename"":""ad_spend_daily.csv""},{""file"":""ad_spend_daily.csv"",""line"":5,""date"":""2026-08-02"",""channel"":""MARKETPLACE"",""actual_filename"":""ad_spend_daily.csv""},{""file"":""channel_costs_daily.csv"",""line"":4,""date"":""2026-08-02"",""channel"":""DTC"",""actual_filename"":""channel_costs_daily.csv""},{""file"":""channel_costs_daily.csv"",""line"":5,""date"":""2026-08-02"",""channel"":""MARKETPLACE"",""actual_filename"":""channel_costs_daily.csv""},{""file"":""sales_daily.csv"",""line"":6,""date"":""2026-08-02"",""channel"":""DTC"",""sku"":""A"",""actual_filename"":""sales_daily.csv""},{""file"":""sales_daily.csv"",""line"":7,""date"":""2026-08-02"",""channel"":""DTC"",""sku"":""B"",""actual_filename"":""sales_daily.csv""},{""file"":""sales_daily.csv"",""line"":8,""date"":""2026-08-02"",""channel"":""MARKETPLACE"",""sku"":""A"",""actual_filename"":""sales_daily.csv""},{""file"":""sales_daily.csv"",""line"":9,""date"":""2026-08-02"",""channel"":""MARKETPLACE"",""sku"":""B"",""actual_filename"":""sales_daily.csv""}]","","","",""
"decision-v1","scenario-v1","contribution-v1","golden-v1","92339086dd83c9a89ae5ac754bdbad2a30c215eb81213211b953451918ebfc48","f9c7f0abe4b1ba3759249887324f30b7d2ac873e7acf82a12c6fa32e19551a3b","2026-08-03","TWD","Asia/Taipei","product_amounts_excluding_tax_and_customer_shipping_income","1","current","{""start"":""2026-08-02"",""end"":""2026-08-02""}","{""comparison_mode"":""same_days"",""channels"":[""DTC"",""MARKETPLACE""],""previous_period"":{""start"":""2026-08-01"",""end"":""2026-08-01""},""current_period"":{""start"":""2026-08-02"",""end"":""2026-08-02""}}","same_days","1","1","fixed_assumption","","","","9","若實際費用計價或退款／商品結構不符合以上假設，此方案暫不適用，應先確認額外資料。","","","[{""file"":""ad_spend_daily.csv"",""line"":4,""date"":""2026-08-02"",""channel"":""DTC"",""actual_filename"":""ad_spend_daily.csv""},{""file"":""ad_spend_daily.csv"",""line"":5,""date"":""2026-08-02"",""channel"":""MARKETPLACE"",""actual_filename"":""ad_spend_daily.csv""},{""file"":""channel_costs_daily.csv"",""line"":4,""date"":""2026-08-02"",""channel"":""DTC"",""actual_filename"":""channel_costs_daily.csv""},{""file"":""channel_costs_daily.csv"",""line"":5,""date"":""2026-08-02"",""channel"":""MARKETPLACE"",""actual_filename"":""channel_costs_daily.csv""},{""file"":""sales_daily.csv"",""line"":6,""date"":""2026-08-02"",""channel"":""DTC"",""sku"":""A"",""actual_filename"":""sales_daily.csv""},{""file"":""sales_daily.csv"",""line"":7,""date"":""2026-08-02"",""channel"":""DTC"",""sku"":""B"",""actual_filename"":""sales_daily.csv""},{""file"":""sales_daily.csv"",""line"":8,""date"":""2026-08-02"",""channel"":""MARKETPLACE"",""sku"":""A"",""actual_filename"":""sales_daily.csv""},{""file"":""sales_daily.csv"",""line"":9,""date"":""2026-08-02"",""channel"":""MARKETPLACE"",""sku"":""B"",""actual_filename"":""sales_daily.csv""}]","","","",""
"decision-v1","scenario-v1","contribution-v1","golden-v1","92339086dd83c9a89ae5ac754bdbad2a30c215eb81213211b953451918ebfc48","f9c7f0abe4b1ba3759249887324f30b7d2ac873e7acf82a12c6fa32e19551a3b","2026-08-03","TWD","Asia/Taipei","product_amounts_excluding_tax_and_customer_shipping_income","1","current","{""start"":""2026-08-02"",""end"":""2026-08-02""}","{""comparison_mode"":""same_days"",""channels"":[""DTC"",""MARKETPLACE""],""previous_period"":{""start"":""2026-08-01"",""end"":""2026-08-01""},""current_period"":{""start"":""2026-08-02"",""end"":""2026-08-02""}}","same_days","1","1","formula","","","","gross_sales","G′ = G × (1 + v)","","","[{""file"":""ad_spend_daily.csv"",""line"":4,""date"":""2026-08-02"",""channel"":""DTC"",""actual_filename"":""ad_spend_daily.csv""},{""file"":""ad_spend_daily.csv"",""line"":5,""date"":""2026-08-02"",""channel"":""MARKETPLACE"",""actual_filename"":""ad_spend_daily.csv""},{""file"":""channel_costs_daily.csv"",""line"":4,""date"":""2026-08-02"",""channel"":""DTC"",""actual_filename"":""channel_costs_daily.csv""},{""file"":""channel_costs_daily.csv"",""line"":5,""date"":""2026-08-02"",""channel"":""MARKETPLACE"",""actual_filename"":""channel_costs_daily.csv""},{""file"":""sales_daily.csv"",""line"":6,""date"":""2026-08-02"",""channel"":""DTC"",""sku"":""A"",""actual_filename"":""sales_daily.csv""},{""file"":""sales_daily.csv"",""line"":7,""date"":""2026-08-02"",""channel"":""DTC"",""sku"":""B"",""actual_filename"":""sales_daily.csv""},{""file"":""sales_daily.csv"",""line"":8,""date"":""2026-08-02"",""channel"":""MARKETPLACE"",""sku"":""A"",""actual_filename"":""sales_daily.csv""},{""file"":""sales_daily.csv"",""line"":9,""date"":""2026-08-02"",""channel"":""MARKETPLACE"",""sku"":""B"",""actual_filename"":""sales_daily.csv""}]","","","",""
"decision-v1","scenario-v1","contribution-v1","golden-v1","92339086dd83c9a89ae5ac754bdbad2a30c215eb81213211b953451918ebfc48","f9c7f0abe4b1ba3759249887324f30b7d2ac873e7acf82a12c6fa32e19551a3b","2026-08-03","TWD","Asia/Taipei","product_amounts_excluding_tax_and_customer_shipping_income","1","current","{""start"":""2026-08-02"",""end"":""2026-08-02""}","{""comparison_mode"":""same_days"",""channels"":[""DTC"",""MARKETPLACE""],""previous_period"":{""start"":""2026-08-01"",""end"":""2026-08-01""},""current_period"":{""start"":""2026-08-02"",""end"":""2026-08-02""}}","same_days","1","1","formula","","","","discounts","D′ = G′ × (D/G + δ)；δ = 輸入百分點 / 100","","","[{""file"":""ad_spend_daily.csv"",""line"":4,""date"":""2026-08-02"",""channel"":""DTC"",""actual_filename"":""ad_spend_daily.csv""},{""file"":""ad_spend_daily.csv"",""line"":5,""date"":""2026-08-02"",""channel"":""MARKETPLACE"",""actual_filename"":""ad_spend_daily.csv""},{""file"":""channel_costs_daily.csv"",""line"":4,""date"":""2026-08-02"",""channel"":""DTC"",""actual_filename"":""channel_costs_daily.csv""},{""file"":""channel_costs_daily.csv"",""line"":5,""date"":""2026-08-02"",""channel"":""MARKETPLACE"",""actual_filename"":""channel_costs_daily.csv""},{""file"":""sales_daily.csv"",""line"":6,""date"":""2026-08-02"",""channel"":""DTC"",""sku"":""A"",""actual_filename"":""sales_daily.csv""},{""file"":""sales_daily.csv"",""line"":7,""date"":""2026-08-02"",""channel"":""DTC"",""sku"":""B"",""actual_filename"":""sales_daily.csv""},{""file"":""sales_daily.csv"",""line"":8,""date"":""2026-08-02"",""channel"":""MARKETPLACE"",""sku"":""A"",""actual_filename"":""sales_daily.csv""},{""file"":""sales_daily.csv"",""line"":9,""date"":""2026-08-02"",""channel"":""MARKETPLACE"",""sku"":""B"",""actual_filename"":""sales_daily.csv""}]","","","",""
"decision-v1","scenario-v1","contribution-v1","golden-v1","92339086dd83c9a89ae5ac754bdbad2a30c215eb81213211b953451918ebfc48","f9c7f0abe4b1ba3759249887324f30b7d2ac873e7acf82a12c6fa32e19551a3b","2026-08-03","TWD","Asia/Taipei","product_amounts_excluding_tax_and_customer_shipping_income","1","current","{""start"":""2026-08-02"",""end"":""2026-08-02""}","{""comparison_mode"":""same_days"",""channels"":[""DTC"",""MARKETPLACE""],""previous_period"":{""start"":""2026-08-01"",""end"":""2026-08-01""},""current_period"":{""start"":""2026-08-02"",""end"":""2026-08-02""}}","same_days","1","1","formula","","","","refunds","R′ = (G′ − D′) × R/(G − D)","","","[{""file"":""ad_spend_daily.csv"",""line"":4,""date"":""2026-08-02"",""channel"":""DTC"",""actual_filename"":""ad_spend_daily.csv""},{""file"":""ad_spend_daily.csv"",""line"":5,""date"":""2026-08-02"",""channel"":""MARKETPLACE"",""actual_filename"":""ad_spend_daily.csv""},{""file"":""channel_costs_daily.csv"",""line"":4,""date"":""2026-08-02"",""channel"":""DTC"",""actual_filename"":""channel_costs_daily.csv""},{""file"":""channel_costs_daily.csv"",""line"":5,""date"":""2026-08-02"",""channel"":""MARKETPLACE"",""actual_filename"":""channel_costs_daily.csv""},{""file"":""sales_daily.csv"",""line"":6,""date"":""2026-08-02"",""channel"":""DTC"",""sku"":""A"",""actual_filename"":""sales_daily.csv""},{""file"":""sales_daily.csv"",""line"":7,""date"":""2026-08-02"",""channel"":""DTC"",""sku"":""B"",""actual_filename"":""sales_daily.csv""},{""file"":""sales_daily.csv"",""line"":8,""date"":""2026-08-02"",""channel"":""MARKETPLACE"",""sku"":""A"",""actual_filename"":""sales_daily.csv""},{""file"":""sales_daily.csv"",""line"":9,""date"":""2026-08-02"",""channel"":""MARKETPLACE"",""sku"":""B"",""actual_filename"":""sales_daily.csv""}]","","","",""
"decision-v1","scenario-v1","contribution-v1","golden-v1","92339086dd83c9a89ae5ac754bdbad2a30c215eb81213211b953451918ebfc48","f9c7f0abe4b1ba3759249887324f30b7d2ac873e7acf82a12c6fa32e19551a3b","2026-08-03","TWD","Asia/Taipei","product_amounts_excluding_tax_and_customer_shipping_income","1","current","{""start"":""2026-08-02"",""end"":""2026-08-02""}","{""comparison_mode"":""same_days"",""channels"":[""DTC"",""MARKETPLACE""],""previous_period"":{""start"":""2026-08-01"",""end"":""2026-08-01""},""current_period"":{""start"":""2026-08-02"",""end"":""2026-08-02""}}","same_days","1","1","formula","","","","net_revenue","N′ = G′ − D′ − R′","","","[{""file"":""ad_spend_daily.csv"",""line"":4,""date"":""2026-08-02"",""channel"":""DTC"",""actual_filename"":""ad_spend_daily.csv""},{""file"":""ad_spend_daily.csv"",""line"":5,""date"":""2026-08-02"",""channel"":""MARKETPLACE"",""actual_filename"":""ad_spend_daily.csv""},{""file"":""channel_costs_daily.csv"",""line"":4,""date"":""2026-08-02"",""channel"":""DTC"",""actual_filename"":""channel_costs_daily.csv""},{""file"":""channel_costs_daily.csv"",""line"":5,""date"":""2026-08-02"",""channel"":""MARKETPLACE"",""actual_filename"":""channel_costs_daily.csv""},{""file"":""sales_daily.csv"",""line"":6,""date"":""2026-08-02"",""channel"":""DTC"",""sku"":""A"",""actual_filename"":""sales_daily.csv""},{""file"":""sales_daily.csv"",""line"":7,""date"":""2026-08-02"",""channel"":""DTC"",""sku"":""B"",""actual_filename"":""sales_daily.csv""},{""file"":""sales_daily.csv"",""line"":8,""date"":""2026-08-02"",""channel"":""MARKETPLACE"",""sku"":""A"",""actual_filename"":""sales_daily.csv""},{""file"":""sales_daily.csv"",""line"":9,""date"":""2026-08-02"",""channel"":""MARKETPLACE"",""sku"":""B"",""actual_filename"":""sales_daily.csv""}]","","","",""
"decision-v1","scenario-v1","contribution-v1","golden-v1","92339086dd83c9a89ae5ac754bdbad2a30c215eb81213211b953451918ebfc48","f9c7f0abe4b1ba3759249887324f30b7d2ac873e7acf82a12c6fa32e19551a3b","2026-08-03","TWD","Asia/Taipei","product_amounts_excluding_tax_and_customer_shipping_income","1","current","{""start"":""2026-08-02"",""end"":""2026-08-02""}","{""comparison_mode"":""same_days"",""channels"":[""DTC"",""MARKETPLACE""],""previous_period"":{""start"":""2026-08-01"",""end"":""2026-08-01""},""current_period"":{""start"":""2026-08-02"",""end"":""2026-08-02""}}","same_days","1","1","formula","","","","cogs_net","C′ = C × (1 + v)","","","[{""file"":""ad_spend_daily.csv"",""line"":4,""date"":""2026-08-02"",""channel"":""DTC"",""actual_filename"":""ad_spend_daily.csv""},{""file"":""ad_spend_daily.csv"",""line"":5,""date"":""2026-08-02"",""channel"":""MARKETPLACE"",""actual_filename"":""ad_spend_daily.csv""},{""file"":""channel_costs_daily.csv"",""line"":4,""date"":""2026-08-02"",""channel"":""DTC"",""actual_filename"":""channel_costs_daily.csv""},{""file"":""channel_costs_daily.csv"",""line"":5,""date"":""2026-08-02"",""channel"":""MARKETPLACE"",""actual_filename"":""channel_costs_daily.csv""},{""file"":""sales_daily.csv"",""line"":6,""date"":""2026-08-02"",""channel"":""DTC"",""sku"":""A"",""actual_filename"":""sales_daily.csv""},{""file"":""sales_daily.csv"",""line"":7,""date"":""2026-08-02"",""channel"":""DTC"",""sku"":""B"",""actual_filename"":""sales_daily.csv""},{""file"":""sales_daily.csv"",""line"":8,""date"":""2026-08-02"",""channel"":""MARKETPLACE"",""sku"":""A"",""actual_filename"":""sales_daily.csv""},{""file"":""sales_daily.csv"",""line"":9,""date"":""2026-08-02"",""channel"":""MARKETPLACE"",""sku"":""B"",""actual_filename"":""sales_daily.csv""}]","","","",""
"decision-v1","scenario-v1","contribution-v1","golden-v1","92339086dd83c9a89ae5ac754bdbad2a30c215eb81213211b953451918ebfc48","f9c7f0abe4b1ba3759249887324f30b7d2ac873e7acf82a12c6fa32e19551a3b","2026-08-03","TWD","Asia/Taipei","product_amounts_excluding_tax_and_customer_shipping_income","1","current","{""start"":""2026-08-02"",""end"":""2026-08-02""}","{""comparison_mode"":""same_days"",""channels"":[""DTC"",""MARKETPLACE""],""previous_period"":{""start"":""2026-08-01"",""end"":""2026-08-01""},""current_period"":{""start"":""2026-08-02"",""end"":""2026-08-02""}}","same_days","1","1","formula","","","","platform_fees","P′ = P × (N′ / N)","","","[{""file"":""ad_spend_daily.csv"",""line"":4,""date"":""2026-08-02"",""channel"":""DTC"",""actual_filename"":""ad_spend_daily.csv""},{""file"":""ad_spend_daily.csv"",""line"":5,""date"":""2026-08-02"",""channel"":""MARKETPLACE"",""actual_filename"":""ad_spend_daily.csv""},{""file"":""channel_costs_daily.csv"",""line"":4,""date"":""2026-08-02"",""channel"":""DTC"",""actual_filename"":""channel_costs_daily.csv""},{""file"":""channel_costs_daily.csv"",""line"":5,""date"":""2026-08-02"",""channel"":""MARKETPLACE"",""actual_filename"":""channel_costs_daily.csv""},{""file"":""sales_daily.csv"",""line"":6,""date"":""2026-08-02"",""channel"":""DTC"",""sku"":""A"",""actual_filename"":""sales_daily.csv""},{""file"":""sales_daily.csv"",""line"":7,""date"":""2026-08-02"",""channel"":""DTC"",""sku"":""B"",""actual_filename"":""sales_daily.csv""},{""file"":""sales_daily.csv"",""line"":8,""date"":""2026-08-02"",""channel"":""MARKETPLACE"",""sku"":""A"",""actual_filename"":""sales_daily.csv""},{""file"":""sales_daily.csv"",""line"":9,""date"":""2026-08-02"",""channel"":""MARKETPLACE"",""sku"":""B"",""actual_filename"":""sales_daily.csv""}]","","","",""
"decision-v1","scenario-v1","contribution-v1","golden-v1","92339086dd83c9a89ae5ac754bdbad2a30c215eb81213211b953451918ebfc48","f9c7f0abe4b1ba3759249887324f30b7d2ac873e7acf82a12c6fa32e19551a3b","2026-08-03","TWD","Asia/Taipei","product_amounts_excluding_tax_and_customer_shipping_income","1","current","{""start"":""2026-08-02"",""end"":""2026-08-02""}","{""comparison_mode"":""same_days"",""channels"":[""DTC"",""MARKETPLACE""],""previous_period"":{""start"":""2026-08-01"",""end"":""2026-08-01""},""current_period"":{""start"":""2026-08-02"",""end"":""2026-08-02""}}","same_days","1","1","formula","","","","payment_fees","Q′ = Q × (N′ / N)","","","[{""file"":""ad_spend_daily.csv"",""line"":4,""date"":""2026-08-02"",""channel"":""DTC"",""actual_filename"":""ad_spend_daily.csv""},{""file"":""ad_spend_daily.csv"",""line"":5,""date"":""2026-08-02"",""channel"":""MARKETPLACE"",""actual_filename"":""ad_spend_daily.csv""},{""file"":""channel_costs_daily.csv"",""line"":4,""date"":""2026-08-02"",""channel"":""DTC"",""actual_filename"":""channel_costs_daily.csv""},{""file"":""channel_costs_daily.csv"",""line"":5,""date"":""2026-08-02"",""channel"":""MARKETPLACE"",""actual_filename"":""channel_costs_daily.csv""},{""file"":""sales_daily.csv"",""line"":6,""date"":""2026-08-02"",""channel"":""DTC"",""sku"":""A"",""actual_filename"":""sales_daily.csv""},{""file"":""sales_daily.csv"",""line"":7,""date"":""2026-08-02"",""channel"":""DTC"",""sku"":""B"",""actual_filename"":""sales_daily.csv""},{""file"":""sales_daily.csv"",""line"":8,""date"":""2026-08-02"",""channel"":""MARKETPLACE"",""sku"":""A"",""actual_filename"":""sales_daily.csv""},{""file"":""sales_daily.csv"",""line"":9,""date"":""2026-08-02"",""channel"":""MARKETPLACE"",""sku"":""B"",""actual_filename"":""sales_daily.csv""}]","","","",""
"decision-v1","scenario-v1","contribution-v1","golden-v1","92339086dd83c9a89ae5ac754bdbad2a30c215eb81213211b953451918ebfc48","f9c7f0abe4b1ba3759249887324f30b7d2ac873e7acf82a12c6fa32e19551a3b","2026-08-03","TWD","Asia/Taipei","product_amounts_excluding_tax_and_customer_shipping_income","1","current","{""start"":""2026-08-02"",""end"":""2026-08-02""}","{""comparison_mode"":""same_days"",""channels"":[""DTC"",""MARKETPLACE""],""previous_period"":{""start"":""2026-08-01"",""end"":""2026-08-01""},""current_period"":{""start"":""2026-08-02"",""end"":""2026-08-02""}}","same_days","1","1","formula","","","","fulfillment_costs","F′ = F × (1 + v) × (1 + f)","","","[{""file"":""ad_spend_daily.csv"",""line"":4,""date"":""2026-08-02"",""channel"":""DTC"",""actual_filename"":""ad_spend_daily.csv""},{""file"":""ad_spend_daily.csv"",""line"":5,""date"":""2026-08-02"",""channel"":""MARKETPLACE"",""actual_filename"":""ad_spend_daily.csv""},{""file"":""channel_costs_daily.csv"",""line"":4,""date"":""2026-08-02"",""channel"":""DTC"",""actual_filename"":""channel_costs_daily.csv""},{""file"":""channel_costs_daily.csv"",""line"":5,""date"":""2026-08-02"",""channel"":""MARKETPLACE"",""actual_filename"":""channel_costs_daily.csv""},{""file"":""sales_daily.csv"",""line"":6,""date"":""2026-08-02"",""channel"":""DTC"",""sku"":""A"",""actual_filename"":""sales_daily.csv""},{""file"":""sales_daily.csv"",""line"":7,""date"":""2026-08-02"",""channel"":""DTC"",""sku"":""B"",""actual_filename"":""sales_daily.csv""},{""file"":""sales_daily.csv"",""line"":8,""date"":""2026-08-02"",""channel"":""MARKETPLACE"",""sku"":""A"",""actual_filename"":""sales_daily.csv""},{""file"":""sales_daily.csv"",""line"":9,""date"":""2026-08-02"",""channel"":""MARKETPLACE"",""sku"":""B"",""actual_filename"":""sales_daily.csv""}]","","","",""
"decision-v1","scenario-v1","contribution-v1","golden-v1","92339086dd83c9a89ae5ac754bdbad2a30c215eb81213211b953451918ebfc48","f9c7f0abe4b1ba3759249887324f30b7d2ac873e7acf82a12c6fa32e19551a3b","2026-08-03","TWD","Asia/Taipei","product_amounts_excluding_tax_and_customer_shipping_income","1","current","{""start"":""2026-08-02"",""end"":""2026-08-02""}","{""comparison_mode"":""same_days"",""channels"":[""DTC"",""MARKETPLACE""],""previous_period"":{""start"":""2026-08-01"",""end"":""2026-08-01""},""current_period"":{""start"":""2026-08-02"",""end"":""2026-08-02""}}","same_days","1","1","formula","","","","other_variable_costs","O′ = O × (1 + v)","","","[{""file"":""ad_spend_daily.csv"",""line"":4,""date"":""2026-08-02"",""channel"":""DTC"",""actual_filename"":""ad_spend_daily.csv""},{""file"":""ad_spend_daily.csv"",""line"":5,""date"":""2026-08-02"",""channel"":""MARKETPLACE"",""actual_filename"":""ad_spend_daily.csv""},{""file"":""channel_costs_daily.csv"",""line"":4,""date"":""2026-08-02"",""channel"":""DTC"",""actual_filename"":""channel_costs_daily.csv""},{""file"":""channel_costs_daily.csv"",""line"":5,""date"":""2026-08-02"",""channel"":""MARKETPLACE"",""actual_filename"":""channel_costs_daily.csv""},{""file"":""sales_daily.csv"",""line"":6,""date"":""2026-08-02"",""channel"":""DTC"",""sku"":""A"",""actual_filename"":""sales_daily.csv""},{""file"":""sales_daily.csv"",""line"":7,""date"":""2026-08-02"",""channel"":""DTC"",""sku"":""B"",""actual_filename"":""sales_daily.csv""},{""file"":""sales_daily.csv"",""line"":8,""date"":""2026-08-02"",""channel"":""MARKETPLACE"",""sku"":""A"",""actual_filename"":""sales_daily.csv""},{""file"":""sales_daily.csv"",""line"":9,""date"":""2026-08-02"",""channel"":""MARKETPLACE"",""sku"":""B"",""actual_filename"":""sales_daily.csv""}]","","","",""
"decision-v1","scenario-v1","contribution-v1","golden-v1","92339086dd83c9a89ae5ac754bdbad2a30c215eb81213211b953451918ebfc48","f9c7f0abe4b1ba3759249887324f30b7d2ac873e7acf82a12c6fa32e19551a3b","2026-08-03","TWD","Asia/Taipei","product_amounts_excluding_tax_and_customer_shipping_income","1","current","{""start"":""2026-08-02"",""end"":""2026-08-02""}","{""comparison_mode"":""same_days"",""channels"":[""DTC"",""MARKETPLACE""],""previous_period"":{""start"":""2026-08-01"",""end"":""2026-08-01""},""current_period"":{""start"":""2026-08-02"",""end"":""2026-08-02""}}","same_days","1","1","formula","","","","ad_spend","A′ = A × (1 + a)；不由廣告變動推算銷量","","","[{""file"":""ad_spend_daily.csv"",""line"":4,""date"":""2026-08-02"",""channel"":""DTC"",""actual_filename"":""ad_spend_daily.csv""},{""file"":""ad_spend_daily.csv"",""line"":5,""date"":""2026-08-02"",""channel"":""MARKETPLACE"",""actual_filename"":""ad_spend_daily.csv""},{""file"":""channel_costs_daily.csv"",""line"":4,""date"":""2026-08-02"",""channel"":""DTC"",""actual_filename"":""channel_costs_daily.csv""},{""file"":""channel_costs_daily.csv"",""line"":5,""date"":""2026-08-02"",""channel"":""MARKETPLACE"",""actual_filename"":""channel_costs_daily.csv""},{""file"":""sales_daily.csv"",""line"":6,""date"":""2026-08-02"",""channel"":""DTC"",""sku"":""A"",""actual_filename"":""sales_daily.csv""},{""file"":""sales_daily.csv"",""line"":7,""date"":""2026-08-02"",""channel"":""DTC"",""sku"":""B"",""actual_filename"":""sales_daily.csv""},{""file"":""sales_daily.csv"",""line"":8,""date"":""2026-08-02"",""channel"":""MARKETPLACE"",""sku"":""A"",""actual_filename"":""sales_daily.csv""},{""file"":""sales_daily.csv"",""line"":9,""date"":""2026-08-02"",""channel"":""MARKETPLACE"",""sku"":""B"",""actual_filename"":""sales_daily.csv""}]","","","",""
"decision-v1","scenario-v1","contribution-v1","golden-v1","92339086dd83c9a89ae5ac754bdbad2a30c215eb81213211b953451918ebfc48","f9c7f0abe4b1ba3759249887324f30b7d2ac873e7acf82a12c6fa32e19551a3b","2026-08-03","TWD","Asia/Taipei","product_amounts_excluding_tax_and_customer_shipping_income","1","current","{""start"":""2026-08-02"",""end"":""2026-08-02""}","{""comparison_mode"":""same_days"",""channels"":[""DTC"",""MARKETPLACE""],""previous_period"":{""start"":""2026-08-01"",""end"":""2026-08-01""},""current_period"":{""start"":""2026-08-02"",""end"":""2026-08-02""}}","same_days","1","1","formula","","","","one_time_cost","K = 使用者明確輸入的非負一次性投入","","","[{""file"":""ad_spend_daily.csv"",""line"":4,""date"":""2026-08-02"",""channel"":""DTC"",""actual_filename"":""ad_spend_daily.csv""},{""file"":""ad_spend_daily.csv"",""line"":5,""date"":""2026-08-02"",""channel"":""MARKETPLACE"",""actual_filename"":""ad_spend_daily.csv""},{""file"":""channel_costs_daily.csv"",""line"":4,""date"":""2026-08-02"",""channel"":""DTC"",""actual_filename"":""channel_costs_daily.csv""},{""file"":""channel_costs_daily.csv"",""line"":5,""date"":""2026-08-02"",""channel"":""MARKETPLACE"",""actual_filename"":""channel_costs_daily.csv""},{""file"":""sales_daily.csv"",""line"":6,""date"":""2026-08-02"",""channel"":""DTC"",""sku"":""A"",""actual_filename"":""sales_daily.csv""},{""file"":""sales_daily.csv"",""line"":7,""date"":""2026-08-02"",""channel"":""DTC"",""sku"":""B"",""actual_filename"":""sales_daily.csv""},{""file"":""sales_daily.csv"",""line"":8,""date"":""2026-08-02"",""channel"":""MARKETPLACE"",""sku"":""A"",""actual_filename"":""sales_daily.csv""},{""file"":""sales_daily.csv"",""line"":9,""date"":""2026-08-02"",""channel"":""MARKETPLACE"",""sku"":""B"",""actual_filename"":""sales_daily.csv""}]","","","",""
"decision-v1","scenario-v1","contribution-v1","golden-v1","92339086dd83c9a89ae5ac754bdbad2a30c215eb81213211b953451918ebfc48","f9c7f0abe4b1ba3759249887324f30b7d2ac873e7acf82a12c6fa32e19551a3b","2026-08-03","TWD","Asia/Taipei","product_amounts_excluding_tax_and_customer_shipping_income","1","current","{""start"":""2026-08-02"",""end"":""2026-08-02""}","{""comparison_mode"":""same_days"",""channels"":[""DTC"",""MARKETPLACE""],""previous_period"":{""start"":""2026-08-01"",""end"":""2026-08-01""},""current_period"":{""start"":""2026-08-02"",""end"":""2026-08-02""}}","same_days","1","1","formula","","","","gross_profit","GP′ = N′ − C′","","","[{""file"":""ad_spend_daily.csv"",""line"":4,""date"":""2026-08-02"",""channel"":""DTC"",""actual_filename"":""ad_spend_daily.csv""},{""file"":""ad_spend_daily.csv"",""line"":5,""date"":""2026-08-02"",""channel"":""MARKETPLACE"",""actual_filename"":""ad_spend_daily.csv""},{""file"":""channel_costs_daily.csv"",""line"":4,""date"":""2026-08-02"",""channel"":""DTC"",""actual_filename"":""channel_costs_daily.csv""},{""file"":""channel_costs_daily.csv"",""line"":5,""date"":""2026-08-02"",""channel"":""MARKETPLACE"",""actual_filename"":""channel_costs_daily.csv""},{""file"":""sales_daily.csv"",""line"":6,""date"":""2026-08-02"",""channel"":""DTC"",""sku"":""A"",""actual_filename"":""sales_daily.csv""},{""file"":""sales_daily.csv"",""line"":7,""date"":""2026-08-02"",""channel"":""DTC"",""sku"":""B"",""actual_filename"":""sales_daily.csv""},{""file"":""sales_daily.csv"",""line"":8,""date"":""2026-08-02"",""channel"":""MARKETPLACE"",""sku"":""A"",""actual_filename"":""sales_daily.csv""},{""file"":""sales_daily.csv"",""line"":9,""date"":""2026-08-02"",""channel"":""MARKETPLACE"",""sku"":""B"",""actual_filename"":""sales_daily.csv""}]","","","",""
"decision-v1","scenario-v1","contribution-v1","golden-v1","92339086dd83c9a89ae5ac754bdbad2a30c215eb81213211b953451918ebfc48","f9c7f0abe4b1ba3759249887324f30b7d2ac873e7acf82a12c6fa32e19551a3b","2026-08-03","TWD","Asia/Taipei","product_amounts_excluding_tax_and_customer_shipping_income","1","current","{""start"":""2026-08-02"",""end"":""2026-08-02""}","{""comparison_mode"":""same_days"",""channels"":[""DTC"",""MARKETPLACE""],""previous_period"":{""start"":""2026-08-01"",""end"":""2026-08-01""},""current_period"":{""start"":""2026-08-02"",""end"":""2026-08-02""}}","same_days","1","1","formula","","","","contribution_before_marketing","CM_before′ = N′ − C′ − P′ − Q′ − F′ − O′","","","[{""file"":""ad_spend_daily.csv"",""line"":4,""date"":""2026-08-02"",""channel"":""DTC"",""actual_filename"":""ad_spend_daily.csv""},{""file"":""ad_spend_daily.csv"",""line"":5,""date"":""2026-08-02"",""channel"":""MARKETPLACE"",""actual_filename"":""ad_spend_daily.csv""},{""file"":""channel_costs_daily.csv"",""line"":4,""date"":""2026-08-02"",""channel"":""DTC"",""actual_filename"":""channel_costs_daily.csv""},{""file"":""channel_costs_daily.csv"",""line"":5,""date"":""2026-08-02"",""channel"":""MARKETPLACE"",""actual_filename"":""channel_costs_daily.csv""},{""file"":""sales_daily.csv"",""line"":6,""date"":""2026-08-02"",""channel"":""DTC"",""sku"":""A"",""actual_filename"":""sales_daily.csv""},{""file"":""sales_daily.csv"",""line"":7,""date"":""2026-08-02"",""channel"":""DTC"",""sku"":""B"",""actual_filename"":""sales_daily.csv""},{""file"":""sales_daily.csv"",""line"":8,""date"":""2026-08-02"",""channel"":""MARKETPLACE"",""sku"":""A"",""actual_filename"":""sales_daily.csv""},{""file"":""sales_daily.csv"",""line"":9,""date"":""2026-08-02"",""channel"":""MARKETPLACE"",""sku"":""B"",""actual_filename"":""sales_daily.csv""}]","","","",""
"decision-v1","scenario-v1","contribution-v1","golden-v1","92339086dd83c9a89ae5ac754bdbad2a30c215eb81213211b953451918ebfc48","f9c7f0abe4b1ba3759249887324f30b7d2ac873e7acf82a12c6fa32e19551a3b","2026-08-03","TWD","Asia/Taipei","product_amounts_excluding_tax_and_customer_shipping_income","1","current","{""start"":""2026-08-02"",""end"":""2026-08-02""}","{""comparison_mode"":""same_days"",""channels"":[""DTC"",""MARKETPLACE""],""previous_period"":{""start"":""2026-08-01"",""end"":""2026-08-01""},""current_period"":{""start"":""2026-08-02"",""end"":""2026-08-02""}}","same_days","1","1","formula","","","","contribution_after_marketing","條件貢獻 = N′ − C′ − P′ − Q′ − F′ − O′ − A′ − K","","","[{""file"":""ad_spend_daily.csv"",""line"":4,""date"":""2026-08-02"",""channel"":""DTC"",""actual_filename"":""ad_spend_daily.csv""},{""file"":""ad_spend_daily.csv"",""line"":5,""date"":""2026-08-02"",""channel"":""MARKETPLACE"",""actual_filename"":""ad_spend_daily.csv""},{""file"":""channel_costs_daily.csv"",""line"":4,""date"":""2026-08-02"",""channel"":""DTC"",""actual_filename"":""channel_costs_daily.csv""},{""file"":""channel_costs_daily.csv"",""line"":5,""date"":""2026-08-02"",""channel"":""MARKETPLACE"",""actual_filename"":""channel_costs_daily.csv""},{""file"":""sales_daily.csv"",""line"":6,""date"":""2026-08-02"",""channel"":""DTC"",""sku"":""A"",""actual_filename"":""sales_daily.csv""},{""file"":""sales_daily.csv"",""line"":7,""date"":""2026-08-02"",""channel"":""DTC"",""sku"":""B"",""actual_filename"":""sales_daily.csv""},{""file"":""sales_daily.csv"",""line"":8,""date"":""2026-08-02"",""channel"":""MARKETPLACE"",""sku"":""A"",""actual_filename"":""sales_daily.csv""},{""file"":""sales_daily.csv"",""line"":9,""date"":""2026-08-02"",""channel"":""MARKETPLACE"",""sku"":""B"",""actual_filename"":""sales_daily.csv""}]","","","",""
"decision-v1","scenario-v1","contribution-v1","golden-v1","92339086dd83c9a89ae5ac754bdbad2a30c215eb81213211b953451918ebfc48","f9c7f0abe4b1ba3759249887324f30b7d2ac873e7acf82a12c6fa32e19551a3b","2026-08-03","TWD","Asia/Taipei","product_amounts_excluding_tax_and_customer_shipping_income","1","current","{""start"":""2026-08-02"",""end"":""2026-08-02""}","{""comparison_mode"":""same_days"",""channels"":[""DTC"",""MARKETPLACE""],""previous_period"":{""start"":""2026-08-01"",""end"":""2026-08-01""},""current_period"":{""start"":""2026-08-02"",""end"":""2026-08-02""}}","same_days","1","1","formula","","","","contribution","條件貢獻 = N′ − C′ − P′ − Q′ − F′ − O′ − A′ − K；全部中間值不先取分","","","[{""file"":""ad_spend_daily.csv"",""line"":4,""date"":""2026-08-02"",""channel"":""DTC"",""actual_filename"":""ad_spend_daily.csv""},{""file"":""ad_spend_daily.csv"",""line"":5,""date"":""2026-08-02"",""channel"":""MARKETPLACE"",""actual_filename"":""ad_spend_daily.csv""},{""file"":""channel_costs_daily.csv"",""line"":4,""date"":""2026-08-02"",""channel"":""DTC"",""actual_filename"":""channel_costs_daily.csv""},{""file"":""channel_costs_daily.csv"",""line"":5,""date"":""2026-08-02"",""channel"":""MARKETPLACE"",""actual_filename"":""channel_costs_daily.csv""},{""file"":""sales_daily.csv"",""line"":6,""date"":""2026-08-02"",""channel"":""DTC"",""sku"":""A"",""actual_filename"":""sales_daily.csv""},{""file"":""sales_daily.csv"",""line"":7,""date"":""2026-08-02"",""channel"":""DTC"",""sku"":""B"",""actual_filename"":""sales_daily.csv""},{""file"":""sales_daily.csv"",""line"":8,""date"":""2026-08-02"",""channel"":""MARKETPLACE"",""sku"":""A"",""actual_filename"":""sales_daily.csv""},{""file"":""sales_daily.csv"",""line"":9,""date"":""2026-08-02"",""channel"":""MARKETPLACE"",""sku"":""B"",""actual_filename"":""sales_daily.csv""}]","","","",""
"decision-v1","scenario-v1","contribution-v1","golden-v1","92339086dd83c9a89ae5ac754bdbad2a30c215eb81213211b953451918ebfc48","f9c7f0abe4b1ba3759249887324f30b7d2ac873e7acf82a12c6fa32e19551a3b","2026-08-03","TWD","Asia/Taipei","product_amounts_excluding_tax_and_customer_shipping_income","1","current","{""start"":""2026-08-02"",""end"":""2026-08-02""}","{""comparison_mode"":""same_days"",""channels"":[""DTC"",""MARKETPLACE""],""previous_period"":{""start"":""2026-08-01"",""end"":""2026-08-01""},""current_period"":{""start"":""2026-08-02"",""end"":""2026-08-02""}}","same_days","1","1","formula","","","","delta","條件差額 = 未取分條件貢獻 − baseline 行銷後貢獻；最後 ROUND_HALF_UP 取兩位小數","","","[{""file"":""ad_spend_daily.csv"",""line"":4,""date"":""2026-08-02"",""channel"":""DTC"",""actual_filename"":""ad_spend_daily.csv""},{""file"":""ad_spend_daily.csv"",""line"":5,""date"":""2026-08-02"",""channel"":""MARKETPLACE"",""actual_filename"":""ad_spend_daily.csv""},{""file"":""channel_costs_daily.csv"",""line"":4,""date"":""2026-08-02"",""channel"":""DTC"",""actual_filename"":""channel_costs_daily.csv""},{""file"":""channel_costs_daily.csv"",""line"":5,""date"":""2026-08-02"",""channel"":""MARKETPLACE"",""actual_filename"":""channel_costs_daily.csv""},{""file"":""sales_daily.csv"",""line"":6,""date"":""2026-08-02"",""channel"":""DTC"",""sku"":""A"",""actual_filename"":""sales_daily.csv""},{""file"":""sales_daily.csv"",""line"":7,""date"":""2026-08-02"",""channel"":""DTC"",""sku"":""B"",""actual_filename"":""sales_daily.csv""},{""file"":""sales_daily.csv"",""line"":8,""date"":""2026-08-02"",""channel"":""MARKETPLACE"",""sku"":""A"",""actual_filename"":""sales_daily.csv""},{""file"":""sales_daily.csv"",""line"":9,""date"":""2026-08-02"",""channel"":""MARKETPLACE"",""sku"":""B"",""actual_filename"":""sales_daily.csv""}]","","","",""
"decision-v1","scenario-v1","contribution-v1","golden-v1","92339086dd83c9a89ae5ac754bdbad2a30c215eb81213211b953451918ebfc48","f9c7f0abe4b1ba3759249887324f30b7d2ac873e7acf82a12c6fa32e19551a3b","2026-08-03","TWD","Asia/Taipei","product_amounts_excluding_tax_and_customer_shipping_income","1","current","{""start"":""2026-08-02"",""end"":""2026-08-02""}","{""comparison_mode"":""same_days"",""channels"":[""DTC"",""MARKETPLACE""],""previous_period"":{""start"":""2026-08-01"",""end"":""2026-08-01""},""current_period"":{""start"":""2026-08-02"",""end"":""2026-08-02""}}","same_days","1","1","formula","","","","rounding_adjustment","取分調整 = 已取分條件貢獻 −（畫面 G′ − D′ − R′ − C′ − P′ − Q′ − F′ − O′ − A′ − K）；不代表其他成本或收益","","","[{""file"":""ad_spend_daily.csv"",""line"":4,""date"":""2026-08-02"",""channel"":""DTC"",""actual_filename"":""ad_spend_daily.csv""},{""file"":""ad_spend_daily.csv"",""line"":5,""date"":""2026-08-02"",""channel"":""MARKETPLACE"",""actual_filename"":""ad_spend_daily.csv""},{""file"":""channel_costs_daily.csv"",""line"":4,""date"":""2026-08-02"",""channel"":""DTC"",""actual_filename"":""channel_costs_daily.csv""},{""file"":""channel_costs_daily.csv"",""line"":5,""date"":""2026-08-02"",""channel"":""MARKETPLACE"",""actual_filename"":""channel_costs_daily.csv""},{""file"":""sales_daily.csv"",""line"":6,""date"":""2026-08-02"",""channel"":""DTC"",""sku"":""A"",""actual_filename"":""sales_daily.csv""},{""file"":""sales_daily.csv"",""line"":7,""date"":""2026-08-02"",""channel"":""DTC"",""sku"":""B"",""actual_filename"":""sales_daily.csv""},{""file"":""sales_daily.csv"",""line"":8,""date"":""2026-08-02"",""channel"":""MARKETPLACE"",""sku"":""A"",""actual_filename"":""sales_daily.csv""},{""file"":""sales_daily.csv"",""line"":9,""date"":""2026-08-02"",""channel"":""MARKETPLACE"",""sku"":""B"",""actual_filename"":""sales_daily.csv""}]","","","",""
"decision-v1","scenario-v1","contribution-v1","golden-v1","92339086dd83c9a89ae5ac754bdbad2a30c215eb81213211b953451918ebfc48","f9c7f0abe4b1ba3759249887324f30b7d2ac873e7acf82a12c6fa32e19551a3b","2026-08-03","TWD","Asia/Taipei","product_amounts_excluding_tax_and_customer_shipping_income","1","current","{""start"":""2026-08-02"",""end"":""2026-08-02""}","{""comparison_mode"":""same_days"",""channels"":[""DTC"",""MARKETPLACE""],""previous_period"":{""start"":""2026-08-01"",""end"":""2026-08-01""},""current_period"":{""start"":""2026-08-02"",""end"":""2026-08-02""}}","same_days","1","1","rounding","","","","rounding_policy","所有模型中間值使用高精度 Decimal；最終金額 round(2, HALF_UP)。rounding_adjustment 補足逐項已取分金額與未取分總額最後取分的差異。","","","[{""file"":""ad_spend_daily.csv"",""line"":4,""date"":""2026-08-02"",""channel"":""DTC"",""actual_filename"":""ad_spend_daily.csv""},{""file"":""ad_spend_daily.csv"",""line"":5,""date"":""2026-08-02"",""channel"":""MARKETPLACE"",""actual_filename"":""ad_spend_daily.csv""},{""file"":""channel_costs_daily.csv"",""line"":4,""date"":""2026-08-02"",""channel"":""DTC"",""actual_filename"":""channel_costs_daily.csv""},{""file"":""channel_costs_daily.csv"",""line"":5,""date"":""2026-08-02"",""channel"":""MARKETPLACE"",""actual_filename"":""channel_costs_daily.csv""},{""file"":""sales_daily.csv"",""line"":6,""date"":""2026-08-02"",""channel"":""DTC"",""sku"":""A"",""actual_filename"":""sales_daily.csv""},{""file"":""sales_daily.csv"",""line"":7,""date"":""2026-08-02"",""channel"":""DTC"",""sku"":""B"",""actual_filename"":""sales_daily.csv""},{""file"":""sales_daily.csv"",""line"":8,""date"":""2026-08-02"",""channel"":""MARKETPLACE"",""sku"":""A"",""actual_filename"":""sales_daily.csv""},{""file"":""sales_daily.csv"",""line"":9,""date"":""2026-08-02"",""channel"":""MARKETPLACE"",""sku"":""B"",""actual_filename"":""sales_daily.csv""}]","","","",""
"decision-v1","scenario-v1","contribution-v1","golden-v1","92339086dd83c9a89ae5ac754bdbad2a30c215eb81213211b953451918ebfc48","f9c7f0abe4b1ba3759249887324f30b7d2ac873e7acf82a12c6fa32e19551a3b","2026-08-03","TWD","Asia/Taipei","product_amounts_excluding_tax_and_customer_shipping_income","1","current","{""start"":""2026-08-02"",""end"":""2026-08-02""}","{""comparison_mode"":""same_days"",""channels"":[""DTC"",""MARKETPLACE""],""previous_period"":{""start"":""2026-08-01"",""end"":""2026-08-01""},""current_period"":{""start"":""2026-08-02"",""end"":""2026-08-02""}}","same_days","1","1","limitation","","","","1","依使用者假設，重算同一期間單一通路；不是已發生的成果。","","","[{""file"":""ad_spend_daily.csv"",""line"":4,""date"":""2026-08-02"",""channel"":""DTC"",""actual_filename"":""ad_spend_daily.csv""},{""file"":""ad_spend_daily.csv"",""line"":5,""date"":""2026-08-02"",""channel"":""MARKETPLACE"",""actual_filename"":""ad_spend_daily.csv""},{""file"":""channel_costs_daily.csv"",""line"":4,""date"":""2026-08-02"",""channel"":""DTC"",""actual_filename"":""channel_costs_daily.csv""},{""file"":""channel_costs_daily.csv"",""line"":5,""date"":""2026-08-02"",""channel"":""MARKETPLACE"",""actual_filename"":""channel_costs_daily.csv""},{""file"":""sales_daily.csv"",""line"":6,""date"":""2026-08-02"",""channel"":""DTC"",""sku"":""A"",""actual_filename"":""sales_daily.csv""},{""file"":""sales_daily.csv"",""line"":7,""date"":""2026-08-02"",""channel"":""DTC"",""sku"":""B"",""actual_filename"":""sales_daily.csv""},{""file"":""sales_daily.csv"",""line"":8,""date"":""2026-08-02"",""channel"":""MARKETPLACE"",""sku"":""A"",""actual_filename"":""sales_daily.csv""},{""file"":""sales_daily.csv"",""line"":9,""date"":""2026-08-02"",""channel"":""MARKETPLACE"",""sku"":""B"",""actual_filename"":""sales_daily.csv""}]","","","",""
"decision-v1","scenario-v1","contribution-v1","golden-v1","92339086dd83c9a89ae5ac754bdbad2a30c215eb81213211b953451918ebfc48","f9c7f0abe4b1ba3759249887324f30b7d2ac873e7acf82a12c6fa32e19551a3b","2026-08-03","TWD","Asia/Taipei","product_amounts_excluding_tax_and_customer_shipping_income","1","current","{""start"":""2026-08-02"",""end"":""2026-08-02""}","{""comparison_mode"":""same_days"",""channels"":[""DTC"",""MARKETPLACE""],""previous_period"":{""start"":""2026-08-01"",""end"":""2026-08-01""},""current_period"":{""start"":""2026-08-02"",""end"":""2026-08-02""}}","same_days","1","1","limitation","","","","2","不同方案的差額不可相加；本試算不是營收預測。","","","[{""file"":""ad_spend_daily.csv"",""line"":4,""date"":""2026-08-02"",""channel"":""DTC"",""actual_filename"":""ad_spend_daily.csv""},{""file"":""ad_spend_daily.csv"",""line"":5,""date"":""2026-08-02"",""channel"":""MARKETPLACE"",""actual_filename"":""ad_spend_daily.csv""},{""file"":""channel_costs_daily.csv"",""line"":4,""date"":""2026-08-02"",""channel"":""DTC"",""actual_filename"":""channel_costs_daily.csv""},{""file"":""channel_costs_daily.csv"",""line"":5,""date"":""2026-08-02"",""channel"":""MARKETPLACE"",""actual_filename"":""channel_costs_daily.csv""},{""file"":""sales_daily.csv"",""line"":6,""date"":""2026-08-02"",""channel"":""DTC"",""sku"":""A"",""actual_filename"":""sales_daily.csv""},{""file"":""sales_daily.csv"",""line"":7,""date"":""2026-08-02"",""channel"":""DTC"",""sku"":""B"",""actual_filename"":""sales_daily.csv""},{""file"":""sales_daily.csv"",""line"":8,""date"":""2026-08-02"",""channel"":""MARKETPLACE"",""sku"":""A"",""actual_filename"":""sales_daily.csv""},{""file"":""sales_daily.csv"",""line"":9,""date"":""2026-08-02"",""channel"":""MARKETPLACE"",""sku"":""B"",""actual_filename"":""sales_daily.csv""}]","","","",""
"decision-v1","scenario-v1","contribution-v1","golden-v1","92339086dd83c9a89ae5ac754bdbad2a30c215eb81213211b953451918ebfc48","f9c7f0abe4b1ba3759249887324f30b7d2ac873e7acf82a12c6fa32e19551a3b","2026-08-03","TWD","Asia/Taipei","product_amounts_excluding_tax_and_customer_shipping_income","1","current","{""start"":""2026-08-02"",""end"":""2026-08-02""}","{""comparison_mode"":""same_days"",""channels"":[""DTC"",""MARKETPLACE""],""previous_period"":{""start"":""2026-08-01"",""end"":""2026-08-01""},""current_period"":{""start"":""2026-08-02"",""end"":""2026-08-02""}}","same_days","1","1","limitation","","","","3","廣告支出變動不推算銷量；銷量假設須另由使用者明確輸入。","","","[{""file"":""ad_spend_daily.csv"",""line"":4,""date"":""2026-08-02"",""channel"":""DTC"",""actual_filename"":""ad_spend_daily.csv""},{""file"":""ad_spend_daily.csv"",""line"":5,""date"":""2026-08-02"",""channel"":""MARKETPLACE"",""actual_filename"":""ad_spend_daily.csv""},{""file"":""channel_costs_daily.csv"",""line"":4,""date"":""2026-08-02"",""channel"":""DTC"",""actual_filename"":""channel_costs_daily.csv""},{""file"":""channel_costs_daily.csv"",""line"":5,""date"":""2026-08-02"",""channel"":""MARKETPLACE"",""actual_filename"":""channel_costs_daily.csv""},{""file"":""sales_daily.csv"",""line"":6,""date"":""2026-08-02"",""channel"":""DTC"",""sku"":""A"",""actual_filename"":""sales_daily.csv""},{""file"":""sales_daily.csv"",""line"":7,""date"":""2026-08-02"",""channel"":""DTC"",""sku"":""B"",""actual_filename"":""sales_daily.csv""},{""file"":""sales_daily.csv"",""line"":8,""date"":""2026-08-02"",""channel"":""MARKETPLACE"",""sku"":""A"",""actual_filename"":""sales_daily.csv""},{""file"":""sales_daily.csv"",""line"":9,""date"":""2026-08-02"",""channel"":""MARKETPLACE"",""sku"":""B"",""actual_filename"":""sales_daily.csv""}]","","","",""
"decision-v1","scenario-v1","contribution-v1","golden-v1","92339086dd83c9a89ae5ac754bdbad2a30c215eb81213211b953451918ebfc48","f9c7f0abe4b1ba3759249887324f30b7d2ac873e7acf82a12c6fa32e19551a3b","2026-08-03","TWD","Asia/Taipei","product_amounts_excluding_tax_and_customer_shipping_income","1","current","{""start"":""2026-08-02"",""end"":""2026-08-02""}","{""comparison_mode"":""same_days"",""channels"":[""DTC"",""MARKETPLACE""],""previous_period"":{""start"":""2026-08-01"",""end"":""2026-08-01""},""current_period"":{""start"":""2026-08-02"",""end"":""2026-08-02""}}","same_days","1","1","limitation","","","","4","退款比為按入帳日觀察的金額比，不等於 cohort 退貨機率。","","","[{""file"":""ad_spend_daily.csv"",""line"":4,""date"":""2026-08-02"",""channel"":""DTC"",""actual_filename"":""ad_spend_daily.csv""},{""file"":""ad_spend_daily.csv"",""line"":5,""date"":""2026-08-02"",""channel"":""MARKETPLACE"",""actual_filename"":""ad_spend_daily.csv""},{""file"":""channel_costs_daily.csv"",""line"":4,""date"":""2026-08-02"",""channel"":""DTC"",""actual_filename"":""channel_costs_daily.csv""},{""file"":""channel_costs_daily.csv"",""line"":5,""date"":""2026-08-02"",""channel"":""MARKETPLACE"",""actual_filename"":""channel_costs_daily.csv""},{""file"":""sales_daily.csv"",""line"":6,""date"":""2026-08-02"",""channel"":""DTC"",""sku"":""A"",""actual_filename"":""sales_daily.csv""},{""file"":""sales_daily.csv"",""line"":7,""date"":""2026-08-02"",""channel"":""DTC"",""sku"":""B"",""actual_filename"":""sales_daily.csv""},{""file"":""sales_daily.csv"",""line"":8,""date"":""2026-08-02"",""channel"":""MARKETPLACE"",""sku"":""A"",""actual_filename"":""sales_daily.csv""},{""file"":""sales_daily.csv"",""line"":9,""date"":""2026-08-02"",""channel"":""MARKETPLACE"",""sku"":""B"",""actual_filename"":""sales_daily.csv""}]","","","",""
"decision-v1","scenario-v1","contribution-v1","golden-v1","92339086dd83c9a89ae5ac754bdbad2a30c215eb81213211b953451918ebfc48","f9c7f0abe4b1ba3759249887324f30b7d2ac873e7acf82a12c6fa32e19551a3b","2026-08-03","TWD","Asia/Taipei","product_amounts_excluding_tax_and_customer_shipping_income","1","current","{""start"":""2026-08-02"",""end"":""2026-08-02""}","{""comparison_mode"":""same_days"",""channels"":[""DTC"",""MARKETPLACE""],""previous_period"":{""start"":""2026-08-01"",""end"":""2026-08-01""},""current_period"":{""start"":""2026-08-02"",""end"":""2026-08-02""}}","same_days","1","1","limitation","","","","5","行銷後貢獻不是公司淨利，不含未輸入固定費及所得稅。","","","[{""file"":""ad_spend_daily.csv"",""line"":4,""date"":""2026-08-02"",""channel"":""DTC"",""actual_filename"":""ad_spend_daily.csv""},{""file"":""ad_spend_daily.csv"",""line"":5,""date"":""2026-08-02"",""channel"":""MARKETPLACE"",""actual_filename"":""ad_spend_daily.csv""},{""file"":""channel_costs_daily.csv"",""line"":4,""date"":""2026-08-02"",""channel"":""DTC"",""actual_filename"":""channel_costs_daily.csv""},{""file"":""channel_costs_daily.csv"",""line"":5,""date"":""2026-08-02"",""channel"":""MARKETPLACE"",""actual_filename"":""channel_costs_daily.csv""},{""file"":""sales_daily.csv"",""line"":6,""date"":""2026-08-02"",""channel"":""DTC"",""sku"":""A"",""actual_filename"":""sales_daily.csv""},{""file"":""sales_daily.csv"",""line"":7,""date"":""2026-08-02"",""channel"":""DTC"",""sku"":""B"",""actual_filename"":""sales_daily.csv""},{""file"":""sales_daily.csv"",""line"":8,""date"":""2026-08-02"",""channel"":""MARKETPLACE"",""sku"":""A"",""actual_filename"":""sales_daily.csv""},{""file"":""sales_daily.csv"",""line"":9,""date"":""2026-08-02"",""channel"":""MARKETPLACE"",""sku"":""B"",""actual_filename"":""sales_daily.csv""}]","","","",""
"decision-v1","scenario-v1","contribution-v1","golden-v1","92339086dd83c9a89ae5ac754bdbad2a30c215eb81213211b953451918ebfc48","f9c7f0abe4b1ba3759249887324f30b7d2ac873e7acf82a12c6fa32e19551a3b","2026-08-03","TWD","Asia/Taipei","product_amounts_excluding_tax_and_customer_shipping_income","1","current","{""start"":""2026-08-02"",""end"":""2026-08-02""}","{""comparison_mode"":""same_days"",""channels"":[""DTC"",""MARKETPLACE""],""previous_period"":{""start"":""2026-08-01"",""end"":""2026-08-01""},""current_period"":{""start"":""2026-08-02"",""end"":""2026-08-02""}}","same_days","1","1","limitation","","","","6","人工行動與問題陳述由使用者提供，所引用 facts 才是系統產生的資料事實。","","","[{""file"":""ad_spend_daily.csv"",""line"":4,""date"":""2026-08-02"",""channel"":""DTC"",""actual_filename"":""ad_spend_daily.csv""},{""file"":""ad_spend_daily.csv"",""line"":5,""date"":""2026-08-02"",""channel"":""MARKETPLACE"",""actual_filename"":""ad_spend_daily.csv""},{""file"":""channel_costs_daily.csv"",""line"":4,""date"":""2026-08-02"",""channel"":""DTC"",""actual_filename"":""channel_costs_daily.csv""},{""file"":""channel_costs_daily.csv"",""line"":5,""date"":""2026-08-02"",""channel"":""MARKETPLACE"",""actual_filename"":""channel_costs_daily.csv""},{""file"":""sales_daily.csv"",""line"":6,""date"":""2026-08-02"",""channel"":""DTC"",""sku"":""A"",""actual_filename"":""sales_daily.csv""},{""file"":""sales_daily.csv"",""line"":7,""date"":""2026-08-02"",""channel"":""DTC"",""sku"":""B"",""actual_filename"":""sales_daily.csv""},{""file"":""sales_daily.csv"",""line"":8,""date"":""2026-08-02"",""channel"":""MARKETPLACE"",""sku"":""A"",""actual_filename"":""sales_daily.csv""},{""file"":""sales_daily.csv"",""line"":9,""date"":""2026-08-02"",""channel"":""MARKETPLACE"",""sku"":""B"",""actual_filename"":""sales_daily.csv""}]","","","",""
"decision-v1","scenario-v1","contribution-v1","golden-v1","92339086dd83c9a89ae5ac754bdbad2a30c215eb81213211b953451918ebfc48","f9c7f0abe4b1ba3759249887324f30b7d2ac873e7acf82a12c6fa32e19551a3b","2026-08-03","TWD","Asia/Taipei","product_amounts_excluding_tax_and_customer_shipping_income","1","current","{""start"":""2026-08-02"",""end"":""2026-08-02""}","{""kind"":""all"",""channels"":[""DTC"",""MARKETPLACE""]}","same_days","1","1","manual_action","3e46125b-d3ae-4943-b6ff-c316e5138417","匯出驗收行動第1項","draft","id","3e46125b-d3ae-4943-b6ff-c316e5138417","","[""[\""fact\"",\""golden-v1\"",\""2026-08-02\"",\""2026-08-02\"",\""all\"",[\""DTC\"",\""MARKETPLACE\""],null,\""contribution_after_marketing\""]""]","[{""file"":""ad_spend_daily.csv"",""line"":4,""date"":""2026-08-02"",""channel"":""DTC"",""actual_filename"":""ad_spend_daily.csv""},{""file"":""ad_spend_daily.csv"",""line"":5,""date"":""2026-08-02"",""channel"":""MARKETPLACE"",""actual_filename"":""ad_spend_daily.csv""},{""file"":""channel_costs_daily.csv"",""line"":4,""date"":""2026-08-02"",""channel"":""DTC"",""actual_filename"":""channel_costs_daily.csv""},{""file"":""channel_costs_daily.csv"",""line"":5,""date"":""2026-08-02"",""channel"":""MARKETPLACE"",""actual_filename"":""channel_costs_daily.csv""},{""file"":""sales_daily.csv"",""line"":6,""date"":""2026-08-02"",""channel"":""DTC"",""sku"":""A"",""actual_filename"":""sales_daily.csv""},{""file"":""sales_daily.csv"",""line"":7,""date"":""2026-08-02"",""channel"":""DTC"",""sku"":""B"",""actual_filename"":""sales_daily.csv""},{""file"":""sales_daily.csv"",""line"":8,""date"":""2026-08-02"",""channel"":""MARKETPLACE"",""sku"":""A"",""actual_filename"":""sales_daily.csv""},{""file"":""sales_daily.csv"",""line"":9,""date"":""2026-08-02"",""channel"":""MARKETPLACE"",""sku"":""B"",""actual_filename"":""sales_daily.csv""}]","{""comparison_mode"":""same_days"",""channels"":[""DTC"",""MARKETPLACE""],""previous_period"":{""start"":""2026-08-01"",""end"":""2026-08-01""},""current_period"":{""start"":""2026-08-02"",""end"":""2026-08-02""}}","action-1-92339086dd83c9a89ae5ac754bdbad2a30c215eb81213211b953451918ebfc48-f9c7f0abe4b1ba3759249887324f30b7d2ac873e7acf82a12c6fa32e19551a3b","",""
"decision-v1","scenario-v1","contribution-v1","golden-v1","92339086dd83c9a89ae5ac754bdbad2a30c215eb81213211b953451918ebfc48","f9c7f0abe4b1ba3759249887324f30b7d2ac873e7acf82a12c6fa32e19551a3b","2026-08-03","TWD","Asia/Taipei","product_amounts_excluding_tax_and_customer_shipping_income","1","current","{""start"":""2026-08-02"",""end"":""2026-08-02""}","{""kind"":""all"",""channels"":[""DTC"",""MARKETPLACE""]}","same_days","1","1","manual_action","3e46125b-d3ae-4943-b6ff-c316e5138417","匯出驗收行動第1項","draft","problem","匯出驗收行動第1項","","[""[\""fact\"",\""golden-v1\"",\""2026-08-02\"",\""2026-08-02\"",\""all\"",[\""DTC\"",\""MARKETPLACE\""],null,\""contribution_after_marketing\""]""]","[{""file"":""ad_spend_daily.csv"",""line"":4,""date"":""2026-08-02"",""channel"":""DTC"",""actual_filename"":""ad_spend_daily.csv""},{""file"":""ad_spend_daily.csv"",""line"":5,""date"":""2026-08-02"",""channel"":""MARKETPLACE"",""actual_filename"":""ad_spend_daily.csv""},{""file"":""channel_costs_daily.csv"",""line"":4,""date"":""2026-08-02"",""channel"":""DTC"",""actual_filename"":""channel_costs_daily.csv""},{""file"":""channel_costs_daily.csv"",""line"":5,""date"":""2026-08-02"",""channel"":""MARKETPLACE"",""actual_filename"":""channel_costs_daily.csv""},{""file"":""sales_daily.csv"",""line"":6,""date"":""2026-08-02"",""channel"":""DTC"",""sku"":""A"",""actual_filename"":""sales_daily.csv""},{""file"":""sales_daily.csv"",""line"":7,""date"":""2026-08-02"",""channel"":""DTC"",""sku"":""B"",""actual_filename"":""sales_daily.csv""},{""file"":""sales_daily.csv"",""line"":8,""date"":""2026-08-02"",""channel"":""MARKETPLACE"",""sku"":""A"",""actual_filename"":""sales_daily.csv""},{""file"":""sales_daily.csv"",""line"":9,""date"":""2026-08-02"",""channel"":""MARKETPLACE"",""sku"":""B"",""actual_filename"":""sales_daily.csv""}]","{""comparison_mode"":""same_days"",""channels"":[""DTC"",""MARKETPLACE""],""previous_period"":{""start"":""2026-08-01"",""end"":""2026-08-01""},""current_period"":{""start"":""2026-08-02"",""end"":""2026-08-02""}}","action-1-92339086dd83c9a89ae5ac754bdbad2a30c215eb81213211b953451918ebfc48-f9c7f0abe4b1ba3759249887324f30b7d2ac873e7acf82a12c6fa32e19551a3b","",""
"decision-v1","scenario-v1","contribution-v1","golden-v1","92339086dd83c9a89ae5ac754bdbad2a30c215eb81213211b953451918ebfc48","f9c7f0abe4b1ba3759249887324f30b7d2ac873e7acf82a12c6fa32e19551a3b","2026-08-03","TWD","Asia/Taipei","product_amounts_excluding_tax_and_customer_shipping_income","1","current","{""start"":""2026-08-02"",""end"":""2026-08-02""}","{""kind"":""all"",""channels"":[""DTC"",""MARKETPLACE""]}","same_days","1","1","manual_action","3e46125b-d3ae-4943-b6ff-c316e5138417","匯出驗收行動第1項","draft","action","核對已入帳費用與來源","","[""[\""fact\"",\""golden-v1\"",\""2026-08-02\"",\""2026-08-02\"",\""all\"",[\""DTC\"",\""MARKETPLACE\""],null,\""contribution_after_marketing\""]""]","[{""file"":""ad_spend_daily.csv"",""line"":4,""date"":""2026-08-02"",""channel"":""DTC"",""actual_filename"":""ad_spend_daily.csv""},{""file"":""ad_spend_daily.csv"",""line"":5,""date"":""2026-08-02"",""channel"":""MARKETPLACE"",""actual_filename"":""ad_spend_daily.csv""},{""file"":""channel_costs_daily.csv"",""line"":4,""date"":""2026-08-02"",""channel"":""DTC"",""actual_filename"":""channel_costs_daily.csv""},{""file"":""channel_costs_daily.csv"",""line"":5,""date"":""2026-08-02"",""channel"":""MARKETPLACE"",""actual_filename"":""channel_costs_daily.csv""},{""file"":""sales_daily.csv"",""line"":6,""date"":""2026-08-02"",""channel"":""DTC"",""sku"":""A"",""actual_filename"":""sales_daily.csv""},{""file"":""sales_daily.csv"",""line"":7,""date"":""2026-08-02"",""channel"":""DTC"",""sku"":""B"",""actual_filename"":""sales_daily.csv""},{""file"":""sales_daily.csv"",""line"":8,""date"":""2026-08-02"",""channel"":""MARKETPLACE"",""sku"":""A"",""actual_filename"":""sales_daily.csv""},{""file"":""sales_daily.csv"",""line"":9,""date"":""2026-08-02"",""channel"":""MARKETPLACE"",""sku"":""B"",""actual_filename"":""sales_daily.csv""}]","{""comparison_mode"":""same_days"",""channels"":[""DTC"",""MARKETPLACE""],""previous_period"":{""start"":""2026-08-01"",""end"":""2026-08-01""},""current_period"":{""start"":""2026-08-02"",""end"":""2026-08-02""}}","action-1-92339086dd83c9a89ae5ac754bdbad2a30c215eb81213211b953451918ebfc48-f9c7f0abe4b1ba3759249887324f30b7d2ac873e7acf82a12c6fa32e19551a3b","",""
"decision-v1","scenario-v1","contribution-v1","golden-v1","92339086dd83c9a89ae5ac754bdbad2a30c215eb81213211b953451918ebfc48","f9c7f0abe4b1ba3759249887324f30b7d2ac873e7acf82a12c6fa32e19551a3b","2026-08-03","TWD","Asia/Taipei","product_amounts_excluding_tax_and_customer_shipping_income","1","current","{""start"":""2026-08-02"",""end"":""2026-08-02""}","{""kind"":""all"",""channels"":[""DTC"",""MARKETPLACE""]}","same_days","1","1","manual_action","3e46125b-d3ae-4943-b6ff-c316e5138417","匯出驗收行動第1項","draft","fact_ids","[""[\""fact\"",\""golden-v1\"",\""2026-08-02\"",\""2026-08-02\"",\""all\"",[\""DTC\"",\""MARKETPLACE\""],null,\""contribution_after_marketing\""]""]","","[""[\""fact\"",\""golden-v1\"",\""2026-08-02\"",\""2026-08-02\"",\""all\"",[\""DTC\"",\""MARKETPLACE\""],null,\""contribution_after_marketing\""]""]","[{""file"":""ad_spend_daily.csv"",""line"":4,""date"":""2026-08-02"",""channel"":""DTC"",""actual_filename"":""ad_spend_daily.csv""},{""file"":""ad_spend_daily.csv"",""line"":5,""date"":""2026-08-02"",""channel"":""MARKETPLACE"",""actual_filename"":""ad_spend_daily.csv""},{""file"":""channel_costs_daily.csv"",""line"":4,""date"":""2026-08-02"",""channel"":""DTC"",""actual_filename"":""channel_costs_daily.csv""},{""file"":""channel_costs_daily.csv"",""line"":5,""date"":""2026-08-02"",""channel"":""MARKETPLACE"",""actual_filename"":""channel_costs_daily.csv""},{""file"":""sales_daily.csv"",""line"":6,""date"":""2026-08-02"",""channel"":""DTC"",""sku"":""A"",""actual_filename"":""sales_daily.csv""},{""file"":""sales_daily.csv"",""line"":7,""date"":""2026-08-02"",""channel"":""DTC"",""sku"":""B"",""actual_filename"":""sales_daily.csv""},{""file"":""sales_daily.csv"",""line"":8,""date"":""2026-08-02"",""channel"":""MARKETPLACE"",""sku"":""A"",""actual_filename"":""sales_daily.csv""},{""file"":""sales_daily.csv"",""line"":9,""date"":""2026-08-02"",""channel"":""MARKETPLACE"",""sku"":""B"",""actual_filename"":""sales_daily.csv""}]","{""comparison_mode"":""same_days"",""channels"":[""DTC"",""MARKETPLACE""],""previous_period"":{""start"":""2026-08-01"",""end"":""2026-08-01""},""current_period"":{""start"":""2026-08-02"",""end"":""2026-08-02""}}","action-1-92339086dd83c9a89ae5ac754bdbad2a30c215eb81213211b953451918ebfc48-f9c7f0abe4b1ba3759249887324f30b7d2ac873e7acf82a12c6fa32e19551a3b","",""
"decision-v1","scenario-v1","contribution-v1","golden-v1","92339086dd83c9a89ae5ac754bdbad2a30c215eb81213211b953451918ebfc48","f9c7f0abe4b1ba3759249887324f30b7d2ac873e7acf82a12c6fa32e19551a3b","2026-08-03","TWD","Asia/Taipei","product_amounts_excluding_tax_and_customer_shipping_income","1","current","{""start"":""2026-08-02"",""end"":""2026-08-02""}","{""kind"":""all"",""channels"":[""DTC"",""MARKETPLACE""]}","same_days","1","1","manual_action","3e46125b-d3ae-4943-b6ff-c316e5138417","匯出驗收行動第1項","draft","owner_role","營運主管","","[""[\""fact\"",\""golden-v1\"",\""2026-08-02\"",\""2026-08-02\"",\""all\"",[\""DTC\"",\""MARKETPLACE\""],null,\""contribution_after_marketing\""]""]","[{""file"":""ad_spend_daily.csv"",""line"":4,""date"":""2026-08-02"",""channel"":""DTC"",""actual_filename"":""ad_spend_daily.csv""},{""file"":""ad_spend_daily.csv"",""line"":5,""date"":""2026-08-02"",""channel"":""MARKETPLACE"",""actual_filename"":""ad_spend_daily.csv""},{""file"":""channel_costs_daily.csv"",""line"":4,""date"":""2026-08-02"",""channel"":""DTC"",""actual_filename"":""channel_costs_daily.csv""},{""file"":""channel_costs_daily.csv"",""line"":5,""date"":""2026-08-02"",""channel"":""MARKETPLACE"",""actual_filename"":""channel_costs_daily.csv""},{""file"":""sales_daily.csv"",""line"":6,""date"":""2026-08-02"",""channel"":""DTC"",""sku"":""A"",""actual_filename"":""sales_daily.csv""},{""file"":""sales_daily.csv"",""line"":7,""date"":""2026-08-02"",""channel"":""DTC"",""sku"":""B"",""actual_filename"":""sales_daily.csv""},{""file"":""sales_daily.csv"",""line"":8,""date"":""2026-08-02"",""channel"":""MARKETPLACE"",""sku"":""A"",""actual_filename"":""sales_daily.csv""},{""file"":""sales_daily.csv"",""line"":9,""date"":""2026-08-02"",""channel"":""MARKETPLACE"",""sku"":""B"",""actual_filename"":""sales_daily.csv""}]","{""comparison_mode"":""same_days"",""channels"":[""DTC"",""MARKETPLACE""],""previous_period"":{""start"":""2026-08-01"",""end"":""2026-08-01""},""current_period"":{""start"":""2026-08-02"",""end"":""2026-08-02""}}","action-1-92339086dd83c9a89ae5ac754bdbad2a30c215eb81213211b953451918ebfc48-f9c7f0abe4b1ba3759249887324f30b7d2ac873e7acf82a12c6fa32e19551a3b","",""
"decision-v1","scenario-v1","contribution-v1","golden-v1","92339086dd83c9a89ae5ac754bdbad2a30c215eb81213211b953451918ebfc48","f9c7f0abe4b1ba3759249887324f30b7d2ac873e7acf82a12c6fa32e19551a3b","2026-08-03","TWD","Asia/Taipei","product_amounts_excluding_tax_and_customer_shipping_income","1","current","{""start"":""2026-08-02"",""end"":""2026-08-02""}","{""kind"":""all"",""channels"":[""DTC"",""MARKETPLACE""]}","same_days","1","1","manual_action","3e46125b-d3ae-4943-b6ff-c316e5138417","匯出驗收行動第1項","draft","validation_metric","","","[""[\""fact\"",\""golden-v1\"",\""2026-08-02\"",\""2026-08-02\"",\""all\"",[\""DTC\"",\""MARKETPLACE\""],null,\""contribution_after_marketing\""]""]","[{""file"":""ad_spend_daily.csv"",""line"":4,""date"":""2026-08-02"",""channel"":""DTC"",""actual_filename"":""ad_spend_daily.csv""},{""file"":""ad_spend_daily.csv"",""line"":5,""date"":""2026-08-02"",""channel"":""MARKETPLACE"",""actual_filename"":""ad_spend_daily.csv""},{""file"":""channel_costs_daily.csv"",""line"":4,""date"":""2026-08-02"",""channel"":""DTC"",""actual_filename"":""channel_costs_daily.csv""},{""file"":""channel_costs_daily.csv"",""line"":5,""date"":""2026-08-02"",""channel"":""MARKETPLACE"",""actual_filename"":""channel_costs_daily.csv""},{""file"":""sales_daily.csv"",""line"":6,""date"":""2026-08-02"",""channel"":""DTC"",""sku"":""A"",""actual_filename"":""sales_daily.csv""},{""file"":""sales_daily.csv"",""line"":7,""date"":""2026-08-02"",""channel"":""DTC"",""sku"":""B"",""actual_filename"":""sales_daily.csv""},{""file"":""sales_daily.csv"",""line"":8,""date"":""2026-08-02"",""channel"":""MARKETPLACE"",""sku"":""A"",""actual_filename"":""sales_daily.csv""},{""file"":""sales_daily.csv"",""line"":9,""date"":""2026-08-02"",""channel"":""MARKETPLACE"",""sku"":""B"",""actual_filename"":""sales_daily.csv""}]","{""comparison_mode"":""same_days"",""channels"":[""DTC"",""MARKETPLACE""],""previous_period"":{""start"":""2026-08-01"",""end"":""2026-08-01""},""current_period"":{""start"":""2026-08-02"",""end"":""2026-08-02""}}","action-1-92339086dd83c9a89ae5ac754bdbad2a30c215eb81213211b953451918ebfc48-f9c7f0abe4b1ba3759249887324f30b7d2ac873e7acf82a12c6fa32e19551a3b","",""
"decision-v1","scenario-v1","contribution-v1","golden-v1","92339086dd83c9a89ae5ac754bdbad2a30c215eb81213211b953451918ebfc48","f9c7f0abe4b1ba3759249887324f30b7d2ac873e7acf82a12c6fa32e19551a3b","2026-08-03","TWD","Asia/Taipei","product_amounts_excluding_tax_and_customer_shipping_income","1","current","{""start"":""2026-08-02"",""end"":""2026-08-02""}","{""kind"":""all"",""channels"":[""DTC"",""MARKETPLACE""]}","same_days","1","1","manual_action","3e46125b-d3ae-4943-b6ff-c316e5138417","匯出驗收行動第1項","draft","deadline","","","[""[\""fact\"",\""golden-v1\"",\""2026-08-02\"",\""2026-08-02\"",\""all\"",[\""DTC\"",\""MARKETPLACE\""],null,\""contribution_after_marketing\""]""]","[{""file"":""ad_spend_daily.csv"",""line"":4,""date"":""2026-08-02"",""channel"":""DTC"",""actual_filename"":""ad_spend_daily.csv""},{""file"":""ad_spend_daily.csv"",""line"":5,""date"":""2026-08-02"",""channel"":""MARKETPLACE"",""actual_filename"":""ad_spend_daily.csv""},{""file"":""channel_costs_daily.csv"",""line"":4,""date"":""2026-08-02"",""channel"":""DTC"",""actual_filename"":""channel_costs_daily.csv""},{""file"":""channel_costs_daily.csv"",""line"":5,""date"":""2026-08-02"",""channel"":""MARKETPLACE"",""actual_filename"":""channel_costs_daily.csv""},{""file"":""sales_daily.csv"",""line"":6,""date"":""2026-08-02"",""channel"":""DTC"",""sku"":""A"",""actual_filename"":""sales_daily.csv""},{""file"":""sales_daily.csv"",""line"":7,""date"":""2026-08-02"",""channel"":""DTC"",""sku"":""B"",""actual_filename"":""sales_daily.csv""},{""file"":""sales_daily.csv"",""line"":8,""date"":""2026-08-02"",""channel"":""MARKETPLACE"",""sku"":""A"",""actual_filename"":""sales_daily.csv""},{""file"":""sales_daily.csv"",""line"":9,""date"":""2026-08-02"",""channel"":""MARKETPLACE"",""sku"":""B"",""actual_filename"":""sales_daily.csv""}]","{""comparison_mode"":""same_days"",""channels"":[""DTC"",""MARKETPLACE""],""previous_period"":{""start"":""2026-08-01"",""end"":""2026-08-01""},""current_period"":{""start"":""2026-08-02"",""end"":""2026-08-02""}}","action-1-92339086dd83c9a89ae5ac754bdbad2a30c215eb81213211b953451918ebfc48-f9c7f0abe4b1ba3759249887324f30b7d2ac873e7acf82a12c6fa32e19551a3b","",""
"decision-v1","scenario-v1","contribution-v1","golden-v1","92339086dd83c9a89ae5ac754bdbad2a30c215eb81213211b953451918ebfc48","f9c7f0abe4b1ba3759249887324f30b7d2ac873e7acf82a12c6fa32e19551a3b","2026-08-03","TWD","Asia/Taipei","product_amounts_excluding_tax_and_customer_shipping_income","1","current","{""start"":""2026-08-02"",""end"":""2026-08-02""}","{""kind"":""all"",""channels"":[""DTC"",""MARKETPLACE""]}","same_days","1","1","manual_action","3e46125b-d3ae-4943-b6ff-c316e5138417","匯出驗收行動第1項","draft","stop_condition","","","[""[\""fact\"",\""golden-v1\"",\""2026-08-02\"",\""2026-08-02\"",\""all\"",[\""DTC\"",\""MARKETPLACE\""],null,\""contribution_after_marketing\""]""]","[{""file"":""ad_spend_daily.csv"",""line"":4,""date"":""2026-08-02"",""channel"":""DTC"",""actual_filename"":""ad_spend_daily.csv""},{""file"":""ad_spend_daily.csv"",""line"":5,""date"":""2026-08-02"",""channel"":""MARKETPLACE"",""actual_filename"":""ad_spend_daily.csv""},{""file"":""channel_costs_daily.csv"",""line"":4,""date"":""2026-08-02"",""channel"":""DTC"",""actual_filename"":""channel_costs_daily.csv""},{""file"":""channel_costs_daily.csv"",""line"":5,""date"":""2026-08-02"",""channel"":""MARKETPLACE"",""actual_filename"":""channel_costs_daily.csv""},{""file"":""sales_daily.csv"",""line"":6,""date"":""2026-08-02"",""channel"":""DTC"",""sku"":""A"",""actual_filename"":""sales_daily.csv""},{""file"":""sales_daily.csv"",""line"":7,""date"":""2026-08-02"",""channel"":""DTC"",""sku"":""B"",""actual_filename"":""sales_daily.csv""},{""file"":""sales_daily.csv"",""line"":8,""date"":""2026-08-02"",""channel"":""MARKETPLACE"",""sku"":""A"",""actual_filename"":""sales_daily.csv""},{""file"":""sales_daily.csv"",""line"":9,""date"":""2026-08-02"",""channel"":""MARKETPLACE"",""sku"":""B"",""actual_filename"":""sales_daily.csv""}]","{""comparison_mode"":""same_days"",""channels"":[""DTC"",""MARKETPLACE""],""previous_period"":{""start"":""2026-08-01"",""end"":""2026-08-01""},""current_period"":{""start"":""2026-08-02"",""end"":""2026-08-02""}}","action-1-92339086dd83c9a89ae5ac754bdbad2a30c215eb81213211b953451918ebfc48-f9c7f0abe4b1ba3759249887324f30b7d2ac873e7acf82a12c6fa32e19551a3b","",""
"decision-v1","scenario-v1","contribution-v1","golden-v1","92339086dd83c9a89ae5ac754bdbad2a30c215eb81213211b953451918ebfc48","f9c7f0abe4b1ba3759249887324f30b7d2ac873e7acf82a12c6fa32e19551a3b","2026-08-03","TWD","Asia/Taipei","product_amounts_excluding_tax_and_customer_shipping_income","1","current","{""start"":""2026-08-02"",""end"":""2026-08-02""}","{""kind"":""all"",""channels"":[""DTC"",""MARKETPLACE""]}","same_days","1","1","manual_action","3e46125b-d3ae-4943-b6ff-c316e5138417","匯出驗收行動第1項","draft","required_data","","","[""[\""fact\"",\""golden-v1\"",\""2026-08-02\"",\""2026-08-02\"",\""all\"",[\""DTC\"",\""MARKETPLACE\""],null,\""contribution_after_marketing\""]""]","[{""file"":""ad_spend_daily.csv"",""line"":4,""date"":""2026-08-02"",""channel"":""DTC"",""actual_filename"":""ad_spend_daily.csv""},{""file"":""ad_spend_daily.csv"",""line"":5,""date"":""2026-08-02"",""channel"":""MARKETPLACE"",""actual_filename"":""ad_spend_daily.csv""},{""file"":""channel_costs_daily.csv"",""line"":4,""date"":""2026-08-02"",""channel"":""DTC"",""actual_filename"":""channel_costs_daily.csv""},{""file"":""channel_costs_daily.csv"",""line"":5,""date"":""2026-08-02"",""channel"":""MARKETPLACE"",""actual_filename"":""channel_costs_daily.csv""},{""file"":""sales_daily.csv"",""line"":6,""date"":""2026-08-02"",""channel"":""DTC"",""sku"":""A"",""actual_filename"":""sales_daily.csv""},{""file"":""sales_daily.csv"",""line"":7,""date"":""2026-08-02"",""channel"":""DTC"",""sku"":""B"",""actual_filename"":""sales_daily.csv""},{""file"":""sales_daily.csv"",""line"":8,""date"":""2026-08-02"",""channel"":""MARKETPLACE"",""sku"":""A"",""actual_filename"":""sales_daily.csv""},{""file"":""sales_daily.csv"",""line"":9,""date"":""2026-08-02"",""channel"":""MARKETPLACE"",""sku"":""B"",""actual_filename"":""sales_daily.csv""}]","{""comparison_mode"":""same_days"",""channels"":[""DTC"",""MARKETPLACE""],""previous_period"":{""start"":""2026-08-01"",""end"":""2026-08-01""},""current_period"":{""start"":""2026-08-02"",""end"":""2026-08-02""}}","action-1-92339086dd83c9a89ae5ac754bdbad2a30c215eb81213211b953451918ebfc48-f9c7f0abe4b1ba3759249887324f30b7d2ac873e7acf82a12c6fa32e19551a3b","",""
"decision-v1","scenario-v1","contribution-v1","golden-v1","92339086dd83c9a89ae5ac754bdbad2a30c215eb81213211b953451918ebfc48","f9c7f0abe4b1ba3759249887324f30b7d2ac873e7acf82a12c6fa32e19551a3b","2026-08-03","TWD","Asia/Taipei","product_amounts_excluding_tax_and_customer_shipping_income","1","current","{""start"":""2026-08-02"",""end"":""2026-08-02""}","{""kind"":""all"",""channels"":[""DTC"",""MARKETPLACE""]}","same_days","1","1","manual_action","3e46125b-d3ae-4943-b6ff-c316e5138417","匯出驗收行動第1項","draft","origin","manual","","[""[\""fact\"",\""golden-v1\"",\""2026-08-02\"",\""2026-08-02\"",\""all\"",[\""DTC\"",\""MARKETPLACE\""],null,\""contribution_after_marketing\""]""]","[{""file"":""ad_spend_daily.csv"",""line"":4,""date"":""2026-08-02"",""channel"":""DTC"",""actual_filename"":""ad_spend_daily.csv""},{""file"":""ad_spend_daily.csv"",""line"":5,""date"":""2026-08-02"",""channel"":""MARKETPLACE"",""actual_filename"":""ad_spend_daily.csv""},{""file"":""channel_costs_daily.csv"",""line"":4,""date"":""2026-08-02"",""channel"":""DTC"",""actual_filename"":""channel_costs_daily.csv""},{""file"":""channel_costs_daily.csv"",""line"":5,""date"":""2026-08-02"",""channel"":""MARKETPLACE"",""actual_filename"":""channel_costs_daily.csv""},{""file"":""sales_daily.csv"",""line"":6,""date"":""2026-08-02"",""channel"":""DTC"",""sku"":""A"",""actual_filename"":""sales_daily.csv""},{""file"":""sales_daily.csv"",""line"":7,""date"":""2026-08-02"",""channel"":""DTC"",""sku"":""B"",""actual_filename"":""sales_daily.csv""},{""file"":""sales_daily.csv"",""line"":8,""date"":""2026-08-02"",""channel"":""MARKETPLACE"",""sku"":""A"",""actual_filename"":""sales_daily.csv""},{""file"":""sales_daily.csv"",""line"":9,""date"":""2026-08-02"",""channel"":""MARKETPLACE"",""sku"":""B"",""actual_filename"":""sales_daily.csv""}]","{""comparison_mode"":""same_days"",""channels"":[""DTC"",""MARKETPLACE""],""previous_period"":{""start"":""2026-08-01"",""end"":""2026-08-01""},""current_period"":{""start"":""2026-08-02"",""end"":""2026-08-02""}}","action-1-92339086dd83c9a89ae5ac754bdbad2a30c215eb81213211b953451918ebfc48-f9c7f0abe4b1ba3759249887324f30b7d2ac873e7acf82a12c6fa32e19551a3b","",""
"decision-v1","scenario-v1","contribution-v1","golden-v1","92339086dd83c9a89ae5ac754bdbad2a30c215eb81213211b953451918ebfc48","f9c7f0abe4b1ba3759249887324f30b7d2ac873e7acf82a12c6fa32e19551a3b","2026-08-03","TWD","Asia/Taipei","product_amounts_excluding_tax_and_customer_shipping_income","1","current","{""start"":""2026-08-02"",""end"":""2026-08-02""}","{""kind"":""all"",""channels"":[""DTC"",""MARKETPLACE""]}","same_days","1","1","manual_action","3e46125b-d3ae-4943-b6ff-c316e5138417","匯出驗收行動第1項","draft","evidence_confirmed","false","","[""[\""fact\"",\""golden-v1\"",\""2026-08-02\"",\""2026-08-02\"",\""all\"",[\""DTC\"",\""MARKETPLACE\""],null,\""contribution_after_marketing\""]""]","[{""file"":""ad_spend_daily.csv"",""line"":4,""date"":""2026-08-02"",""channel"":""DTC"",""actual_filename"":""ad_spend_daily.csv""},{""file"":""ad_spend_daily.csv"",""line"":5,""date"":""2026-08-02"",""channel"":""MARKETPLACE"",""actual_filename"":""ad_spend_daily.csv""},{""file"":""channel_costs_daily.csv"",""line"":4,""date"":""2026-08-02"",""channel"":""DTC"",""actual_filename"":""channel_costs_daily.csv""},{""file"":""channel_costs_daily.csv"",""line"":5,""date"":""2026-08-02"",""channel"":""MARKETPLACE"",""actual_filename"":""channel_costs_daily.csv""},{""file"":""sales_daily.csv"",""line"":6,""date"":""2026-08-02"",""channel"":""DTC"",""sku"":""A"",""actual_filename"":""sales_daily.csv""},{""file"":""sales_daily.csv"",""line"":7,""date"":""2026-08-02"",""channel"":""DTC"",""sku"":""B"",""actual_filename"":""sales_daily.csv""},{""file"":""sales_daily.csv"",""line"":8,""date"":""2026-08-02"",""channel"":""MARKETPLACE"",""sku"":""A"",""actual_filename"":""sales_daily.csv""},{""file"":""sales_daily.csv"",""line"":9,""date"":""2026-08-02"",""channel"":""MARKETPLACE"",""sku"":""B"",""actual_filename"":""sales_daily.csv""}]","{""comparison_mode"":""same_days"",""channels"":[""DTC"",""MARKETPLACE""],""previous_period"":{""start"":""2026-08-01"",""end"":""2026-08-01""},""current_period"":{""start"":""2026-08-02"",""end"":""2026-08-02""}}","action-1-92339086dd83c9a89ae5ac754bdbad2a30c215eb81213211b953451918ebfc48-f9c7f0abe4b1ba3759249887324f30b7d2ac873e7acf82a12c6fa32e19551a3b","",""
"decision-v1","scenario-v1","contribution-v1","golden-v1","92339086dd83c9a89ae5ac754bdbad2a30c215eb81213211b953451918ebfc48","f9c7f0abe4b1ba3759249887324f30b7d2ac873e7acf82a12c6fa32e19551a3b","2026-08-03","TWD","Asia/Taipei","product_amounts_excluding_tax_and_customer_shipping_income","1","current","{""start"":""2026-08-02"",""end"":""2026-08-02""}","{""kind"":""all"",""channels"":[""DTC"",""MARKETPLACE""]}","same_days","1","1","manual_action","3e46125b-d3ae-4943-b6ff-c316e5138417","匯出驗收行動第1項","draft","priority","1","","[""[\""fact\"",\""golden-v1\"",\""2026-08-02\"",\""2026-08-02\"",\""all\"",[\""DTC\"",\""MARKETPLACE\""],null,\""contribution_after_marketing\""]""]","[{""file"":""ad_spend_daily.csv"",""line"":4,""date"":""2026-08-02"",""channel"":""DTC"",""actual_filename"":""ad_spend_daily.csv""},{""file"":""ad_spend_daily.csv"",""line"":5,""date"":""2026-08-02"",""channel"":""MARKETPLACE"",""actual_filename"":""ad_spend_daily.csv""},{""file"":""channel_costs_daily.csv"",""line"":4,""date"":""2026-08-02"",""channel"":""DTC"",""actual_filename"":""channel_costs_daily.csv""},{""file"":""channel_costs_daily.csv"",""line"":5,""date"":""2026-08-02"",""channel"":""MARKETPLACE"",""actual_filename"":""channel_costs_daily.csv""},{""file"":""sales_daily.csv"",""line"":6,""date"":""2026-08-02"",""channel"":""DTC"",""sku"":""A"",""actual_filename"":""sales_daily.csv""},{""file"":""sales_daily.csv"",""line"":7,""date"":""2026-08-02"",""channel"":""DTC"",""sku"":""B"",""actual_filename"":""sales_daily.csv""},{""file"":""sales_daily.csv"",""line"":8,""date"":""2026-08-02"",""channel"":""MARKETPLACE"",""sku"":""A"",""actual_filename"":""sales_daily.csv""},{""file"":""sales_daily.csv"",""line"":9,""date"":""2026-08-02"",""channel"":""MARKETPLACE"",""sku"":""B"",""actual_filename"":""sales_daily.csv""}]","{""comparison_mode"":""same_days"",""channels"":[""DTC"",""MARKETPLACE""],""previous_period"":{""start"":""2026-08-01"",""end"":""2026-08-01""},""current_period"":{""start"":""2026-08-02"",""end"":""2026-08-02""}}","action-1-92339086dd83c9a89ae5ac754bdbad2a30c215eb81213211b953451918ebfc48-f9c7f0abe4b1ba3759249887324f30b7d2ac873e7acf82a12c6fa32e19551a3b","",""
"decision-v1","scenario-v1","contribution-v1","golden-v1","92339086dd83c9a89ae5ac754bdbad2a30c215eb81213211b953451918ebfc48","f9c7f0abe4b1ba3759249887324f30b7d2ac873e7acf82a12c6fa32e19551a3b","2026-08-03","TWD","Asia/Taipei","product_amounts_excluding_tax_and_customer_shipping_income","1","current","{""start"":""2026-08-02"",""end"":""2026-08-02""}","{""kind"":""all"",""channels"":[""DTC"",""MARKETPLACE""]}","same_days","1","1","manual_action","3e46125b-d3ae-4943-b6ff-c316e5138417","匯出驗收行動第1項","draft","pinned","true","","[""[\""fact\"",\""golden-v1\"",\""2026-08-02\"",\""2026-08-02\"",\""all\"",[\""DTC\"",\""MARKETPLACE\""],null,\""contribution_after_marketing\""]""]","[{""file"":""ad_spend_daily.csv"",""line"":4,""date"":""2026-08-02"",""channel"":""DTC"",""actual_filename"":""ad_spend_daily.csv""},{""file"":""ad_spend_daily.csv"",""line"":5,""date"":""2026-08-02"",""channel"":""MARKETPLACE"",""actual_filename"":""ad_spend_daily.csv""},{""file"":""channel_costs_daily.csv"",""line"":4,""date"":""2026-08-02"",""channel"":""DTC"",""actual_filename"":""channel_costs_daily.csv""},{""file"":""channel_costs_daily.csv"",""line"":5,""date"":""2026-08-02"",""channel"":""MARKETPLACE"",""actual_filename"":""channel_costs_daily.csv""},{""file"":""sales_daily.csv"",""line"":6,""date"":""2026-08-02"",""channel"":""DTC"",""sku"":""A"",""actual_filename"":""sales_daily.csv""},{""file"":""sales_daily.csv"",""line"":7,""date"":""2026-08-02"",""channel"":""DTC"",""sku"":""B"",""actual_filename"":""sales_daily.csv""},{""file"":""sales_daily.csv"",""line"":8,""date"":""2026-08-02"",""channel"":""MARKETPLACE"",""sku"":""A"",""actual_filename"":""sales_daily.csv""},{""file"":""sales_daily.csv"",""line"":9,""date"":""2026-08-02"",""channel"":""MARKETPLACE"",""sku"":""B"",""actual_filename"":""sales_daily.csv""}]","{""comparison_mode"":""same_days"",""channels"":[""DTC"",""MARKETPLACE""],""previous_period"":{""start"":""2026-08-01"",""end"":""2026-08-01""},""current_period"":{""start"":""2026-08-02"",""end"":""2026-08-02""}}","action-1-92339086dd83c9a89ae5ac754bdbad2a30c215eb81213211b953451918ebfc48-f9c7f0abe4b1ba3759249887324f30b7d2ac873e7acf82a12c6fa32e19551a3b","",""
"decision-v1","scenario-v1","contribution-v1","golden-v1","92339086dd83c9a89ae5ac754bdbad2a30c215eb81213211b953451918ebfc48","f9c7f0abe4b1ba3759249887324f30b7d2ac873e7acf82a12c6fa32e19551a3b","2026-08-03","TWD","Asia/Taipei","product_amounts_excluding_tax_and_customer_shipping_income","1","current","{""start"":""2026-08-02"",""end"":""2026-08-02""}","{""kind"":""all"",""channels"":[""DTC"",""MARKETPLACE""]}","same_days","1","1","manual_action","3e46125b-d3ae-4943-b6ff-c316e5138417","匯出驗收行動第1項","draft","status","draft","","[""[\""fact\"",\""golden-v1\"",\""2026-08-02\"",\""2026-08-02\"",\""all\"",[\""DTC\"",\""MARKETPLACE\""],null,\""contribution_after_marketing\""]""]","[{""file"":""ad_spend_daily.csv"",""line"":4,""date"":""2026-08-02"",""channel"":""DTC"",""actual_filename"":""ad_spend_daily.csv""},{""file"":""ad_spend_daily.csv"",""line"":5,""date"":""2026-08-02"",""channel"":""MARKETPLACE"",""actual_filename"":""ad_spend_daily.csv""},{""file"":""channel_costs_daily.csv"",""line"":4,""date"":""2026-08-02"",""channel"":""DTC"",""actual_filename"":""channel_costs_daily.csv""},{""file"":""channel_costs_daily.csv"",""line"":5,""date"":""2026-08-02"",""channel"":""MARKETPLACE"",""actual_filename"":""channel_costs_daily.csv""},{""file"":""sales_daily.csv"",""line"":6,""date"":""2026-08-02"",""channel"":""DTC"",""sku"":""A"",""actual_filename"":""sales_daily.csv""},{""file"":""sales_daily.csv"",""line"":7,""date"":""2026-08-02"",""channel"":""DTC"",""sku"":""B"",""actual_filename"":""sales_daily.csv""},{""file"":""sales_daily.csv"",""line"":8,""date"":""2026-08-02"",""channel"":""MARKETPLACE"",""sku"":""A"",""actual_filename"":""sales_daily.csv""},{""file"":""sales_daily.csv"",""line"":9,""date"":""2026-08-02"",""channel"":""MARKETPLACE"",""sku"":""B"",""actual_filename"":""sales_daily.csv""}]","{""comparison_mode"":""same_days"",""channels"":[""DTC"",""MARKETPLACE""],""previous_period"":{""start"":""2026-08-01"",""end"":""2026-08-01""},""current_period"":{""start"":""2026-08-02"",""end"":""2026-08-02""}}","action-1-92339086dd83c9a89ae5ac754bdbad2a30c215eb81213211b953451918ebfc48-f9c7f0abe4b1ba3759249887324f30b7d2ac873e7acf82a12c6fa32e19551a3b","",""
"decision-v1","scenario-v1","contribution-v1","golden-v1","92339086dd83c9a89ae5ac754bdbad2a30c215eb81213211b953451918ebfc48","f9c7f0abe4b1ba3759249887324f30b7d2ac873e7acf82a12c6fa32e19551a3b","2026-08-03","TWD","Asia/Taipei","product_amounts_excluding_tax_and_customer_shipping_income","1","current","{""start"":""2026-08-02"",""end"":""2026-08-02""}","{""kind"":""all"",""channels"":[""DTC"",""MARKETPLACE""]}","same_days","1","1","manual_action","3e46125b-d3ae-4943-b6ff-c316e5138417","匯出驗收行動第1項","draft","execution_status","not_started","","[""[\""fact\"",\""golden-v1\"",\""2026-08-02\"",\""2026-08-02\"",\""all\"",[\""DTC\"",\""MARKETPLACE\""],null,\""contribution_after_marketing\""]""]","[{""file"":""ad_spend_daily.csv"",""line"":4,""date"":""2026-08-02"",""channel"":""DTC"",""actual_filename"":""ad_spend_daily.csv""},{""file"":""ad_spend_daily.csv"",""line"":5,""date"":""2026-08-02"",""channel"":""MARKETPLACE"",""actual_filename"":""ad_spend_daily.csv""},{""file"":""channel_costs_daily.csv"",""line"":4,""date"":""2026-08-02"",""channel"":""DTC"",""actual_filename"":""channel_costs_daily.csv""},{""file"":""channel_costs_daily.csv"",""line"":5,""date"":""2026-08-02"",""channel"":""MARKETPLACE"",""actual_filename"":""channel_costs_daily.csv""},{""file"":""sales_daily.csv"",""line"":6,""date"":""2026-08-02"",""channel"":""DTC"",""sku"":""A"",""actual_filename"":""sales_daily.csv""},{""file"":""sales_daily.csv"",""line"":7,""date"":""2026-08-02"",""channel"":""DTC"",""sku"":""B"",""actual_filename"":""sales_daily.csv""},{""file"":""sales_daily.csv"",""line"":8,""date"":""2026-08-02"",""channel"":""MARKETPLACE"",""sku"":""A"",""actual_filename"":""sales_daily.csv""},{""file"":""sales_daily.csv"",""line"":9,""date"":""2026-08-02"",""channel"":""MARKETPLACE"",""sku"":""B"",""actual_filename"":""sales_daily.csv""}]","{""comparison_mode"":""same_days"",""channels"":[""DTC"",""MARKETPLACE""],""previous_period"":{""start"":""2026-08-01"",""end"":""2026-08-01""},""current_period"":{""start"":""2026-08-02"",""end"":""2026-08-02""}}","action-1-92339086dd83c9a89ae5ac754bdbad2a30c215eb81213211b953451918ebfc48-f9c7f0abe4b1ba3759249887324f30b7d2ac873e7acf82a12c6fa32e19551a3b","",""
"decision-v1","scenario-v1","contribution-v1","golden-v1","92339086dd83c9a89ae5ac754bdbad2a30c215eb81213211b953451918ebfc48","f9c7f0abe4b1ba3759249887324f30b7d2ac873e7acf82a12c6fa32e19551a3b","2026-08-03","TWD","Asia/Taipei","product_amounts_excluding_tax_and_customer_shipping_income","1","current","{""start"":""2026-08-02"",""end"":""2026-08-02""}","{""kind"":""all"",""channels"":[""DTC"",""MARKETPLACE""]}","same_days","1","1","manual_action","3e46125b-d3ae-4943-b6ff-c316e5138417","匯出驗收行動第1項","draft","progress_notes","","","[""[\""fact\"",\""golden-v1\"",\""2026-08-02\"",\""2026-08-02\"",\""all\"",[\""DTC\"",\""MARKETPLACE\""],null,\""contribution_after_marketing\""]""]","[{""file"":""ad_spend_daily.csv"",""line"":4,""date"":""2026-08-02"",""channel"":""DTC"",""actual_filename"":""ad_spend_daily.csv""},{""file"":""ad_spend_daily.csv"",""line"":5,""date"":""2026-08-02"",""channel"":""MARKETPLACE"",""actual_filename"":""ad_spend_daily.csv""},{""file"":""channel_costs_daily.csv"",""line"":4,""date"":""2026-08-02"",""channel"":""DTC"",""actual_filename"":""channel_costs_daily.csv""},{""file"":""channel_costs_daily.csv"",""line"":5,""date"":""2026-08-02"",""channel"":""MARKETPLACE"",""actual_filename"":""channel_costs_daily.csv""},{""file"":""sales_daily.csv"",""line"":6,""date"":""2026-08-02"",""channel"":""DTC"",""sku"":""A"",""actual_filename"":""sales_daily.csv""},{""file"":""sales_daily.csv"",""line"":7,""date"":""2026-08-02"",""channel"":""DTC"",""sku"":""B"",""actual_filename"":""sales_daily.csv""},{""file"":""sales_daily.csv"",""line"":8,""date"":""2026-08-02"",""channel"":""MARKETPLACE"",""sku"":""A"",""actual_filename"":""sales_daily.csv""},{""file"":""sales_daily.csv"",""line"":9,""date"":""2026-08-02"",""channel"":""MARKETPLACE"",""sku"":""B"",""actual_filename"":""sales_daily.csv""}]","{""comparison_mode"":""same_days"",""channels"":[""DTC"",""MARKETPLACE""],""previous_period"":{""start"":""2026-08-01"",""end"":""2026-08-01""},""current_period"":{""start"":""2026-08-02"",""end"":""2026-08-02""}}","action-1-92339086dd83c9a89ae5ac754bdbad2a30c215eb81213211b953451918ebfc48-f9c7f0abe4b1ba3759249887324f30b7d2ac873e7acf82a12c6fa32e19551a3b","",""
"decision-v1","scenario-v1","contribution-v1","golden-v1","92339086dd83c9a89ae5ac754bdbad2a30c215eb81213211b953451918ebfc48","f9c7f0abe4b1ba3759249887324f30b7d2ac873e7acf82a12c6fa32e19551a3b","2026-08-03","TWD","Asia/Taipei","product_amounts_excluding_tax_and_customer_shipping_income","1","current","{""start"":""2026-08-02"",""end"":""2026-08-02""}","{""kind"":""all"",""channels"":[""DTC"",""MARKETPLACE""]}","same_days","1","1","manual_action","3e46125b-d3ae-4943-b6ff-c316e5138417","匯出驗收行動第1項","draft","evidence_review_required","false","","[""[\""fact\"",\""golden-v1\"",\""2026-08-02\"",\""2026-08-02\"",\""all\"",[\""DTC\"",\""MARKETPLACE\""],null,\""contribution_after_marketing\""]""]","[{""file"":""ad_spend_daily.csv"",""line"":4,""date"":""2026-08-02"",""channel"":""DTC"",""actual_filename"":""ad_spend_daily.csv""},{""file"":""ad_spend_daily.csv"",""line"":5,""date"":""2026-08-02"",""channel"":""MARKETPLACE"",""actual_filename"":""ad_spend_daily.csv""},{""file"":""channel_costs_daily.csv"",""line"":4,""date"":""2026-08-02"",""channel"":""DTC"",""actual_filename"":""channel_costs_daily.csv""},{""file"":""channel_costs_daily.csv"",""line"":5,""date"":""2026-08-02"",""channel"":""MARKETPLACE"",""actual_filename"":""channel_costs_daily.csv""},{""file"":""sales_daily.csv"",""line"":6,""date"":""2026-08-02"",""channel"":""DTC"",""sku"":""A"",""actual_filename"":""sales_daily.csv""},{""file"":""sales_daily.csv"",""line"":7,""date"":""2026-08-02"",""channel"":""DTC"",""sku"":""B"",""actual_filename"":""sales_daily.csv""},{""file"":""sales_daily.csv"",""line"":8,""date"":""2026-08-02"",""channel"":""MARKETPLACE"",""sku"":""A"",""actual_filename"":""sales_daily.csv""},{""file"":""sales_daily.csv"",""line"":9,""date"":""2026-08-02"",""channel"":""MARKETPLACE"",""sku"":""B"",""actual_filename"":""sales_daily.csv""}]","{""comparison_mode"":""same_days"",""channels"":[""DTC"",""MARKETPLACE""],""previous_period"":{""start"":""2026-08-01"",""end"":""2026-08-01""},""current_period"":{""start"":""2026-08-02"",""end"":""2026-08-02""}}","action-1-92339086dd83c9a89ae5ac754bdbad2a30c215eb81213211b953451918ebfc48-f9c7f0abe4b1ba3759249887324f30b7d2ac873e7acf82a12c6fa32e19551a3b","",""
"decision-v1","scenario-v1","contribution-v1","golden-v1","92339086dd83c9a89ae5ac754bdbad2a30c215eb81213211b953451918ebfc48","f9c7f0abe4b1ba3759249887324f30b7d2ac873e7acf82a12c6fa32e19551a3b","2026-08-03","TWD","Asia/Taipei","product_amounts_excluding_tax_and_customer_shipping_income","1","current","{""start"":""2026-08-02"",""end"":""2026-08-02""}","{""kind"":""all"",""channels"":[""DTC"",""MARKETPLACE""]}","same_days","1","1","manual_action","3e46125b-d3ae-4943-b6ff-c316e5138417","匯出驗收行動第1項","draft","evidence_relation","current","","[""[\""fact\"",\""golden-v1\"",\""2026-08-02\"",\""2026-08-02\"",\""all\"",[\""DTC\"",\""MARKETPLACE\""],null,\""contribution_after_marketing\""]""]","[{""file"":""ad_spend_daily.csv"",""line"":4,""date"":""2026-08-02"",""channel"":""DTC"",""actual_filename"":""ad_spend_daily.csv""},{""file"":""ad_spend_daily.csv"",""line"":5,""date"":""2026-08-02"",""channel"":""MARKETPLACE"",""actual_filename"":""ad_spend_daily.csv""},{""file"":""channel_costs_daily.csv"",""line"":4,""date"":""2026-08-02"",""channel"":""DTC"",""actual_filename"":""channel_costs_daily.csv""},{""file"":""channel_costs_daily.csv"",""line"":5,""date"":""2026-08-02"",""channel"":""MARKETPLACE"",""actual_filename"":""channel_costs_daily.csv""},{""file"":""sales_daily.csv"",""line"":6,""date"":""2026-08-02"",""channel"":""DTC"",""sku"":""A"",""actual_filename"":""sales_daily.csv""},{""file"":""sales_daily.csv"",""line"":7,""date"":""2026-08-02"",""channel"":""DTC"",""sku"":""B"",""actual_filename"":""sales_daily.csv""},{""file"":""sales_daily.csv"",""line"":8,""date"":""2026-08-02"",""channel"":""MARKETPLACE"",""sku"":""A"",""actual_filename"":""sales_daily.csv""},{""file"":""sales_daily.csv"",""line"":9,""date"":""2026-08-02"",""channel"":""MARKETPLACE"",""sku"":""B"",""actual_filename"":""sales_daily.csv""}]","{""comparison_mode"":""same_days"",""channels"":[""DTC"",""MARKETPLACE""],""previous_period"":{""start"":""2026-08-01"",""end"":""2026-08-01""},""current_period"":{""start"":""2026-08-02"",""end"":""2026-08-02""}}","action-1-92339086dd83c9a89ae5ac754bdbad2a30c215eb81213211b953451918ebfc48-f9c7f0abe4b1ba3759249887324f30b7d2ac873e7acf82a12c6fa32e19551a3b","",""
"decision-v1","scenario-v1","contribution-v1","golden-v1","92339086dd83c9a89ae5ac754bdbad2a30c215eb81213211b953451918ebfc48","f9c7f0abe4b1ba3759249887324f30b7d2ac873e7acf82a12c6fa32e19551a3b","2026-08-03","TWD","Asia/Taipei","product_amounts_excluding_tax_and_customer_shipping_income","1","current","{""start"":""2026-08-02"",""end"":""2026-08-02""}","{""kind"":""all"",""channels"":[""DTC"",""MARKETPLACE""]}","same_days","1","1","manual_action","3e46125b-d3ae-4943-b6ff-c316e5138417","匯出驗收行動第1項","draft","data_limitations","[]","","[""[\""fact\"",\""golden-v1\"",\""2026-08-02\"",\""2026-08-02\"",\""all\"",[\""DTC\"",\""MARKETPLACE\""],null,\""contribution_after_marketing\""]""]","[{""file"":""ad_spend_daily.csv"",""line"":4,""date"":""2026-08-02"",""channel"":""DTC"",""actual_filename"":""ad_spend_daily.csv""},{""file"":""ad_spend_daily.csv"",""line"":5,""date"":""2026-08-02"",""channel"":""MARKETPLACE"",""actual_filename"":""ad_spend_daily.csv""},{""file"":""channel_costs_daily.csv"",""line"":4,""date"":""2026-08-02"",""channel"":""DTC"",""actual_filename"":""channel_costs_daily.csv""},{""file"":""channel_costs_daily.csv"",""line"":5,""date"":""2026-08-02"",""channel"":""MARKETPLACE"",""actual_filename"":""channel_costs_daily.csv""},{""file"":""sales_daily.csv"",""line"":6,""date"":""2026-08-02"",""channel"":""DTC"",""sku"":""A"",""actual_filename"":""sales_daily.csv""},{""file"":""sales_daily.csv"",""line"":7,""date"":""2026-08-02"",""channel"":""DTC"",""sku"":""B"",""actual_filename"":""sales_daily.csv""},{""file"":""sales_daily.csv"",""line"":8,""date"":""2026-08-02"",""channel"":""MARKETPLACE"",""sku"":""A"",""actual_filename"":""sales_daily.csv""},{""file"":""sales_daily.csv"",""line"":9,""date"":""2026-08-02"",""channel"":""MARKETPLACE"",""sku"":""B"",""actual_filename"":""sales_daily.csv""}]","{""comparison_mode"":""same_days"",""channels"":[""DTC"",""MARKETPLACE""],""previous_period"":{""start"":""2026-08-01"",""end"":""2026-08-01""},""current_period"":{""start"":""2026-08-02"",""end"":""2026-08-02""}}","action-1-92339086dd83c9a89ae5ac754bdbad2a30c215eb81213211b953451918ebfc48-f9c7f0abe4b1ba3759249887324f30b7d2ac873e7acf82a12c6fa32e19551a3b","",""
"decision-v1","scenario-v1","contribution-v1","golden-v1","92339086dd83c9a89ae5ac754bdbad2a30c215eb81213211b953451918ebfc48","f9c7f0abe4b1ba3759249887324f30b7d2ac873e7acf82a12c6fa32e19551a3b","2026-08-03","TWD","Asia/Taipei","product_amounts_excluding_tax_and_customer_shipping_income","1","current","{""start"":""2026-08-02"",""end"":""2026-08-02""}","{""kind"":""all"",""channels"":[""DTC"",""MARKETPLACE""]}","same_days","1","1","manual_action","3e46125b-d3ae-4943-b6ff-c316e5138417","匯出驗收行動第1項","draft","diagnostic_id","null","","[""[\""fact\"",\""golden-v1\"",\""2026-08-02\"",\""2026-08-02\"",\""all\"",[\""DTC\"",\""MARKETPLACE\""],null,\""contribution_after_marketing\""]""]","[{""file"":""ad_spend_daily.csv"",""line"":4,""date"":""2026-08-02"",""channel"":""DTC"",""actual_filename"":""ad_spend_daily.csv""},{""file"":""ad_spend_daily.csv"",""line"":5,""date"":""2026-08-02"",""channel"":""MARKETPLACE"",""actual_filename"":""ad_spend_daily.csv""},{""file"":""channel_costs_daily.csv"",""line"":4,""date"":""2026-08-02"",""channel"":""DTC"",""actual_filename"":""channel_costs_daily.csv""},{""file"":""channel_costs_daily.csv"",""line"":5,""date"":""2026-08-02"",""channel"":""MARKETPLACE"",""actual_filename"":""channel_costs_daily.csv""},{""file"":""sales_daily.csv"",""line"":6,""date"":""2026-08-02"",""channel"":""DTC"",""sku"":""A"",""actual_filename"":""sales_daily.csv""},{""file"":""sales_daily.csv"",""line"":7,""date"":""2026-08-02"",""channel"":""DTC"",""sku"":""B"",""actual_filename"":""sales_daily.csv""},{""file"":""sales_daily.csv"",""line"":8,""date"":""2026-08-02"",""channel"":""MARKETPLACE"",""sku"":""A"",""actual_filename"":""sales_daily.csv""},{""file"":""sales_daily.csv"",""line"":9,""date"":""2026-08-02"",""channel"":""MARKETPLACE"",""sku"":""B"",""actual_filename"":""sales_daily.csv""}]","{""comparison_mode"":""same_days"",""channels"":[""DTC"",""MARKETPLACE""],""previous_period"":{""start"":""2026-08-01"",""end"":""2026-08-01""},""current_period"":{""start"":""2026-08-02"",""end"":""2026-08-02""}}","action-1-92339086dd83c9a89ae5ac754bdbad2a30c215eb81213211b953451918ebfc48-f9c7f0abe4b1ba3759249887324f30b7d2ac873e7acf82a12c6fa32e19551a3b","",""
"decision-v1","scenario-v1","contribution-v1","golden-v1","92339086dd83c9a89ae5ac754bdbad2a30c215eb81213211b953451918ebfc48","f9c7f0abe4b1ba3759249887324f30b7d2ac873e7acf82a12c6fa32e19551a3b","2026-08-03","TWD","Asia/Taipei","product_amounts_excluding_tax_and_customer_shipping_income","1","current","{""start"":""2026-08-02"",""end"":""2026-08-02""}","{""kind"":""all"",""channels"":[""DTC"",""MARKETPLACE""]}","same_days","1","1","manual_action","3e46125b-d3ae-4943-b6ff-c316e5138417","匯出驗收行動第1項","draft","binding_revision","2","","[""[\""fact\"",\""golden-v1\"",\""2026-08-02\"",\""2026-08-02\"",\""all\"",[\""DTC\"",\""MARKETPLACE\""],null,\""contribution_after_marketing\""]""]","[{""file"":""ad_spend_daily.csv"",""line"":4,""date"":""2026-08-02"",""channel"":""DTC"",""actual_filename"":""ad_spend_daily.csv""},{""file"":""ad_spend_daily.csv"",""line"":5,""date"":""2026-08-02"",""channel"":""MARKETPLACE"",""actual_filename"":""ad_spend_daily.csv""},{""file"":""channel_costs_daily.csv"",""line"":4,""date"":""2026-08-02"",""channel"":""DTC"",""actual_filename"":""channel_costs_daily.csv""},{""file"":""channel_costs_daily.csv"",""line"":5,""date"":""2026-08-02"",""channel"":""MARKETPLACE"",""actual_filename"":""channel_costs_daily.csv""},{""file"":""sales_daily.csv"",""line"":6,""date"":""2026-08-02"",""channel"":""DTC"",""sku"":""A"",""actual_filename"":""sales_daily.csv""},{""file"":""sales_daily.csv"",""line"":7,""date"":""2026-08-02"",""channel"":""DTC"",""sku"":""B"",""actual_filename"":""sales_daily.csv""},{""file"":""sales_daily.csv"",""line"":8,""date"":""2026-08-02"",""channel"":""MARKETPLACE"",""sku"":""A"",""actual_filename"":""sales_daily.csv""},{""file"":""sales_daily.csv"",""line"":9,""date"":""2026-08-02"",""channel"":""MARKETPLACE"",""sku"":""B"",""actual_filename"":""sales_daily.csv""}]","{""comparison_mode"":""same_days"",""channels"":[""DTC"",""MARKETPLACE""],""previous_period"":{""start"":""2026-08-01"",""end"":""2026-08-01""},""current_period"":{""start"":""2026-08-02"",""end"":""2026-08-02""}}","action-1-92339086dd83c9a89ae5ac754bdbad2a30c215eb81213211b953451918ebfc48-f9c7f0abe4b1ba3759249887324f30b7d2ac873e7acf82a12c6fa32e19551a3b","",""
"decision-v1","scenario-v1","contribution-v1","golden-v1","92339086dd83c9a89ae5ac754bdbad2a30c215eb81213211b953451918ebfc48","f9c7f0abe4b1ba3759249887324f30b7d2ac873e7acf82a12c6fa32e19551a3b","2026-08-03","TWD","Asia/Taipei","product_amounts_excluding_tax_and_customer_shipping_income","1","current","{""start"":""2026-08-02"",""end"":""2026-08-02""}","{""kind"":""all"",""channels"":[""DTC"",""MARKETPLACE""]}","same_days","1","1","manual_action","3e46125b-d3ae-4943-b6ff-c316e5138417","匯出驗收行動第1項","draft","binding_history","[{""revision"":1,""context_id"":""action-1-92339086dd83c9a89ae5ac754bdbad2a30c215eb81213211b953451918ebfc48-f9c7f0abe4b1ba3759249887324f30b7d2ac873e7acf82a12c6fa32e19551a3b"",""scope"":{""kind"":""all"",""channels"":[""DTC"",""MARKETPLACE""]},""fact_ids"":[],""evidence_confirmed"":false,""legacy_review_required"":false,""evidence"":[],""dataset_id"":""golden-v1"",""dataset_hash"":""92339086dd83c9a89ae5ac754bdbad2a30c215eb81213211b953451918ebfc48"",""filter_hash"":""f9c7f0abe4b1ba3759249887324f30b7d2ac873e7acf82a12c6fa32e19551a3b"",""metric_version"":""contribution-v1"",""data_as_of"":""2026-08-03"",""period"":{""start"":""2026-08-02"",""end"":""2026-08-02""},""analysis_scope"":{""comparison_mode"":""same_days"",""channels"":[""DTC"",""MARKETPLACE""],""previous_period"":{""start"":""2026-08-01"",""end"":""2026-08-01""},""current_period"":{""start"":""2026-08-02"",""end"":""2026-08-02""}},""filenames"":{}}]","","[""[\""fact\"",\""golden-v1\"",\""2026-08-02\"",\""2026-08-02\"",\""all\"",[\""DTC\"",\""MARKETPLACE\""],null,\""contribution_after_marketing\""]""]","[{""file"":""ad_spend_daily.csv"",""line"":4,""date"":""2026-08-02"",""channel"":""DTC"",""actual_filename"":""ad_spend_daily.csv""},{""file"":""ad_spend_daily.csv"",""line"":5,""date"":""2026-08-02"",""channel"":""MARKETPLACE"",""actual_filename"":""ad_spend_daily.csv""},{""file"":""channel_costs_daily.csv"",""line"":4,""date"":""2026-08-02"",""channel"":""DTC"",""actual_filename"":""channel_costs_daily.csv""},{""file"":""channel_costs_daily.csv"",""line"":5,""date"":""2026-08-02"",""channel"":""MARKETPLACE"",""actual_filename"":""channel_costs_daily.csv""},{""file"":""sales_daily.csv"",""line"":6,""date"":""2026-08-02"",""channel"":""DTC"",""sku"":""A"",""actual_filename"":""sales_daily.csv""},{""file"":""sales_daily.csv"",""line"":7,""date"":""2026-08-02"",""channel"":""DTC"",""sku"":""B"",""actual_filename"":""sales_daily.csv""},{""file"":""sales_daily.csv"",""line"":8,""date"":""2026-08-02"",""channel"":""MARKETPLACE"",""sku"":""A"",""actual_filename"":""sales_daily.csv""},{""file"":""sales_daily.csv"",""line"":9,""date"":""2026-08-02"",""channel"":""MARKETPLACE"",""sku"":""B"",""actual_filename"":""sales_daily.csv""}]","{""comparison_mode"":""same_days"",""channels"":[""DTC"",""MARKETPLACE""],""previous_period"":{""start"":""2026-08-01"",""end"":""2026-08-01""},""current_period"":{""start"":""2026-08-02"",""end"":""2026-08-02""}}","action-1-92339086dd83c9a89ae5ac754bdbad2a30c215eb81213211b953451918ebfc48-f9c7f0abe4b1ba3759249887324f30b7d2ac873e7acf82a12c6fa32e19551a3b","",""
"decision-v1","scenario-v1","contribution-v1","golden-v1","92339086dd83c9a89ae5ac754bdbad2a30c215eb81213211b953451918ebfc48","f9c7f0abe4b1ba3759249887324f30b7d2ac873e7acf82a12c6fa32e19551a3b","2026-08-03","TWD","Asia/Taipei","product_amounts_excluding_tax_and_customer_shipping_income","1","current","{""start"":""2026-08-02"",""end"":""2026-08-02""}","{""kind"":""all"",""channels"":[""DTC"",""MARKETPLACE""]}","same_days","1","1","manual_action","3e46125b-d3ae-4943-b6ff-c316e5138417","匯出驗收行動第1項","draft","binding","{""context_id"":""action-1-92339086dd83c9a89ae5ac754bdbad2a30c215eb81213211b953451918ebfc48-f9c7f0abe4b1ba3759249887324f30b7d2ac873e7acf82a12c6fa32e19551a3b"",""status"":""current"",""dataset_id"":""golden-v1"",""dataset_hash"":""92339086dd83c9a89ae5ac754bdbad2a30c215eb81213211b953451918ebfc48"",""filter_hash"":""f9c7f0abe4b1ba3759249887324f30b7d2ac873e7acf82a12c6fa32e19551a3b"",""metric_version"":""contribution-v1"",""data_as_of"":""2026-08-03"",""revision"":1,""period"":{""start"":""2026-08-02"",""end"":""2026-08-02""},""scope"":{""kind"":""all"",""channels"":[""DTC"",""MARKETPLACE""]},""analysis_scope"":{""comparison_mode"":""same_days"",""channels"":[""DTC"",""MARKETPLACE""],""previous_period"":{""start"":""2026-08-01"",""end"":""2026-08-01""},""current_period"":{""start"":""2026-08-02"",""end"":""2026-08-02""}},""comparison"":{""mode"":""same_days"",""previous_days"":1,""current_days"":1,""previous_daily_average"":{""gross_sales"":{""value"":""2500.00"",""reason_codes"":[]},""discounts"":{""value"":""200.00"",""reason_codes"":[]},""refunds"":{""value"":""50.00"",""reason_codes"":[]},""cogs_net"":{""value"":""1050.00"",""reason_codes"":[]},""platform_fees"":{""value"":""90.00"",""reason_codes"":[]},""payment_fees"":{""value"":""60.00"",""reason_codes"":[]},""fulfillment_costs"":{""value"":""160.00"",""reason_codes"":[]},""other_variable_costs"":{""value"":""20.00"",""reason_codes"":[]},""ad_spend"":{""value"":""300.00"",""reason_codes"":[]},""net_revenue"":{""value"":""2250.00"",""reason_codes"":[]},""gross_profit"":{""value"":""1200.00"",""reason_codes"":[]},""contribution_before_marketing"":{""value"":""870.00"",""reason_codes"":[]},""contribution_after_marketing"":{""value"":""570.00"",""reason_codes"":[]}},""current_daily_average"":{""gross_sales"":{""value"":""3100.00"",""reason_codes"":[]},""discounts"":{""value"":""450.00"",""reason_codes"":[]},""refunds"":{""value"":""180.00"",""reason_codes"":[]},""cogs_net"":{""value"":""1325.00"",""reason_codes"":[]},""platform_fees"":{""value"":""120.00"",""reason_codes"":[]},""payment_fees"":{""value"":""66.00"",""reason_codes"":[]},""fulfillment_costs"":{""value"":""225.00"",""reason_codes"":[]},""other_variable_costs"":{""value"":""29.00"",""reason_codes"":[]},""ad_spend"":{""value"":""450.00"",""reason_codes"":[]},""net_revenue"":{""value"":""2470.00"",""reason_codes"":[]},""gross_profit"":{""value"":""1145.00"",""reason_codes"":[]},""contribution_before_marketing"":{""value"":""705.00"",""reason_codes"":[]},""contribution_after_marketing"":{""value"":""255.00"",""reason_codes"":[]}},""daily_average_changes"":{""gross_sales"":{""value"":""600.00"",""reason_codes"":[]},""discounts"":{""value"":""250.00"",""reason_codes"":[]},""refunds"":{""value"":""130.00"",""reason_codes"":[]},""cogs_net"":{""value"":""275.00"",""reason_codes"":[]},""platform_fees"":{""value"":""30.00"",""reason_codes"":[]},""payment_fees"":{""value"":""6.00"",""reason_codes"":[]},""fulfillment_costs"":{""value"":""65.00"",""reason_codes"":[]},""other_variable_costs"":{""value"":""9.00"",""reason_codes"":[]},""ad_spend"":{""value"":""150.00"",""reason_codes"":[]},""net_revenue"":{""value"":""220.00"",""reason_codes"":[]},""gross_profit"":{""value"":""-55.00"",""reason_codes"":[]},""contribution_before_marketing"":{""value"":""-165.00"",""reason_codes"":[]},""contribution_after_marketing"":{""value"":""-315.00"",""reason_codes"":[]}}},""filenames"":{},""stale_reasons"":[]}","","[""[\""fact\"",\""golden-v1\"",\""2026-08-02\"",\""2026-08-02\"",\""all\"",[\""DTC\"",\""MARKETPLACE\""],null,\""contribution_after_marketing\""]""]","[{""file"":""ad_spend_daily.csv"",""line"":4,""date"":""2026-08-02"",""channel"":""DTC"",""actual_filename"":""ad_spend_daily.csv""},{""file"":""ad_spend_daily.csv"",""line"":5,""date"":""2026-08-02"",""channel"":""MARKETPLACE"",""actual_filename"":""ad_spend_daily.csv""},{""file"":""channel_costs_daily.csv"",""line"":4,""date"":""2026-08-02"",""channel"":""DTC"",""actual_filename"":""channel_costs_daily.csv""},{""file"":""channel_costs_daily.csv"",""line"":5,""date"":""2026-08-02"",""channel"":""MARKETPLACE"",""actual_filename"":""channel_costs_daily.csv""},{""file"":""sales_daily.csv"",""line"":6,""date"":""2026-08-02"",""channel"":""DTC"",""sku"":""A"",""actual_filename"":""sales_daily.csv""},{""file"":""sales_daily.csv"",""line"":7,""date"":""2026-08-02"",""channel"":""DTC"",""sku"":""B"",""actual_filename"":""sales_daily.csv""},{""file"":""sales_daily.csv"",""line"":8,""date"":""2026-08-02"",""channel"":""MARKETPLACE"",""sku"":""A"",""actual_filename"":""sales_daily.csv""},{""file"":""sales_daily.csv"",""line"":9,""date"":""2026-08-02"",""channel"":""MARKETPLACE"",""sku"":""B"",""actual_filename"":""sales_daily.csv""}]","{""comparison_mode"":""same_days"",""channels"":[""DTC"",""MARKETPLACE""],""previous_period"":{""start"":""2026-08-01"",""end"":""2026-08-01""},""current_period"":{""start"":""2026-08-02"",""end"":""2026-08-02""}}","action-1-92339086dd83c9a89ae5ac754bdbad2a30c215eb81213211b953451918ebfc48-f9c7f0abe4b1ba3759249887324f30b7d2ac873e7acf82a12c6fa32e19551a3b","",""
"decision-v1","scenario-v1","contribution-v1","golden-v1","92339086dd83c9a89ae5ac754bdbad2a30c215eb81213211b953451918ebfc48","f9c7f0abe4b1ba3759249887324f30b7d2ac873e7acf82a12c6fa32e19551a3b","2026-08-03","TWD","Asia/Taipei","product_amounts_excluding_tax_and_customer_shipping_income","1","current","{""start"":""2026-08-02"",""end"":""2026-08-02""}","{""kind"":""all"",""channels"":[""DTC"",""MARKETPLACE""]}","same_days","1","1","action_fact","3e46125b-d3ae-4943-b6ff-c316e5138417","匯出驗收行動第1項","draft","contribution_after_marketing","255.00","[]","[""[\""fact\"",\""golden-v1\"",\""2026-08-02\"",\""2026-08-02\"",\""all\"",[\""DTC\"",\""MARKETPLACE\""],null,\""contribution_after_marketing\""]""]","[{""file"":""ad_spend_daily.csv"",""line"":4,""date"":""2026-08-02"",""channel"":""DTC"",""actual_filename"":""ad_spend_daily.csv""},{""file"":""ad_spend_daily.csv"",""line"":5,""date"":""2026-08-02"",""channel"":""MARKETPLACE"",""actual_filename"":""ad_spend_daily.csv""},{""file"":""channel_costs_daily.csv"",""line"":4,""date"":""2026-08-02"",""channel"":""DTC"",""actual_filename"":""channel_costs_daily.csv""},{""file"":""channel_costs_daily.csv"",""line"":5,""date"":""2026-08-02"",""channel"":""MARKETPLACE"",""actual_filename"":""channel_costs_daily.csv""},{""file"":""sales_daily.csv"",""line"":6,""date"":""2026-08-02"",""channel"":""DTC"",""sku"":""A"",""actual_filename"":""sales_daily.csv""},{""file"":""sales_daily.csv"",""line"":7,""date"":""2026-08-02"",""channel"":""DTC"",""sku"":""B"",""actual_filename"":""sales_daily.csv""},{""file"":""sales_daily.csv"",""line"":8,""date"":""2026-08-02"",""channel"":""MARKETPLACE"",""sku"":""A"",""actual_filename"":""sales_daily.csv""},{""file"":""sales_daily.csv"",""line"":9,""date"":""2026-08-02"",""channel"":""MARKETPLACE"",""sku"":""B"",""actual_filename"":""sales_daily.csv""}]","{""comparison_mode"":""same_days"",""channels"":[""DTC"",""MARKETPLACE""],""previous_period"":{""start"":""2026-08-01"",""end"":""2026-08-01""},""current_period"":{""start"":""2026-08-02"",""end"":""2026-08-02""}}","action-1-92339086dd83c9a89ae5ac754bdbad2a30c215eb81213211b953451918ebfc48-f9c7f0abe4b1ba3759249887324f30b7d2ac873e7acf82a12c6fa32e19551a3b","",""
"decision-v1","scenario-v1","contribution-v1","golden-v1","92339086dd83c9a89ae5ac754bdbad2a30c215eb81213211b953451918ebfc48","f9c7f0abe4b1ba3759249887324f30b7d2ac873e7acf82a12c6fa32e19551a3b","2026-08-03","TWD","Asia/Taipei","product_amounts_excluding_tax_and_customer_shipping_income","1","current","{""start"":""2026-08-02"",""end"":""2026-08-02""}","{""kind"":""all"",""channels"":[""DTC"",""MARKETPLACE""]}","same_days","1","1","manual_action","27814c1d-1854-4090-9389-431af118e44f","匯出驗收行動第2項","draft","id","27814c1d-1854-4090-9389-431af118e44f","","[""[\""fact\"",\""golden-v1\"",\""2026-08-02\"",\""2026-08-02\"",\""all\"",[\""DTC\"",\""MARKETPLACE\""],null,\""contribution_after_marketing\""]""]","[{""file"":""ad_spend_daily.csv"",""line"":4,""date"":""2026-08-02"",""channel"":""DTC"",""actual_filename"":""ad_spend_daily.csv""},{""file"":""ad_spend_daily.csv"",""line"":5,""date"":""2026-08-02"",""channel"":""MARKETPLACE"",""actual_filename"":""ad_spend_daily.csv""},{""file"":""channel_costs_daily.csv"",""line"":4,""date"":""2026-08-02"",""channel"":""DTC"",""actual_filename"":""channel_costs_daily.csv""},{""file"":""channel_costs_daily.csv"",""line"":5,""date"":""2026-08-02"",""channel"":""MARKETPLACE"",""actual_filename"":""channel_costs_daily.csv""},{""file"":""sales_daily.csv"",""line"":6,""date"":""2026-08-02"",""channel"":""DTC"",""sku"":""A"",""actual_filename"":""sales_daily.csv""},{""file"":""sales_daily.csv"",""line"":7,""date"":""2026-08-02"",""channel"":""DTC"",""sku"":""B"",""actual_filename"":""sales_daily.csv""},{""file"":""sales_daily.csv"",""line"":8,""date"":""2026-08-02"",""channel"":""MARKETPLACE"",""sku"":""A"",""actual_filename"":""sales_daily.csv""},{""file"":""sales_daily.csv"",""line"":9,""date"":""2026-08-02"",""channel"":""MARKETPLACE"",""sku"":""B"",""actual_filename"":""sales_daily.csv""}]","{""comparison_mode"":""same_days"",""channels"":[""DTC"",""MARKETPLACE""],""previous_period"":{""start"":""2026-08-01"",""end"":""2026-08-01""},""current_period"":{""start"":""2026-08-02"",""end"":""2026-08-02""}}","action-1-92339086dd83c9a89ae5ac754bdbad2a30c215eb81213211b953451918ebfc48-f9c7f0abe4b1ba3759249887324f30b7d2ac873e7acf82a12c6fa32e19551a3b","",""
"decision-v1","scenario-v1","contribution-v1","golden-v1","92339086dd83c9a89ae5ac754bdbad2a30c215eb81213211b953451918ebfc48","f9c7f0abe4b1ba3759249887324f30b7d2ac873e7acf82a12c6fa32e19551a3b","2026-08-03","TWD","Asia/Taipei","product_amounts_excluding_tax_and_customer_shipping_income","1","current","{""start"":""2026-08-02"",""end"":""2026-08-02""}","{""kind"":""all"",""channels"":[""DTC"",""MARKETPLACE""]}","same_days","1","1","manual_action","27814c1d-1854-4090-9389-431af118e44f","匯出驗收行動第2項","draft","problem","匯出驗收行動第2項","","[""[\""fact\"",\""golden-v1\"",\""2026-08-02\"",\""2026-08-02\"",\""all\"",[\""DTC\"",\""MARKETPLACE\""],null,\""contribution_after_marketing\""]""]","[{""file"":""ad_spend_daily.csv"",""line"":4,""date"":""2026-08-02"",""channel"":""DTC"",""actual_filename"":""ad_spend_daily.csv""},{""file"":""ad_spend_daily.csv"",""line"":5,""date"":""2026-08-02"",""channel"":""MARKETPLACE"",""actual_filename"":""ad_spend_daily.csv""},{""file"":""channel_costs_daily.csv"",""line"":4,""date"":""2026-08-02"",""channel"":""DTC"",""actual_filename"":""channel_costs_daily.csv""},{""file"":""channel_costs_daily.csv"",""line"":5,""date"":""2026-08-02"",""channel"":""MARKETPLACE"",""actual_filename"":""channel_costs_daily.csv""},{""file"":""sales_daily.csv"",""line"":6,""date"":""2026-08-02"",""channel"":""DTC"",""sku"":""A"",""actual_filename"":""sales_daily.csv""},{""file"":""sales_daily.csv"",""line"":7,""date"":""2026-08-02"",""channel"":""DTC"",""sku"":""B"",""actual_filename"":""sales_daily.csv""},{""file"":""sales_daily.csv"",""line"":8,""date"":""2026-08-02"",""channel"":""MARKETPLACE"",""sku"":""A"",""actual_filename"":""sales_daily.csv""},{""file"":""sales_daily.csv"",""line"":9,""date"":""2026-08-02"",""channel"":""MARKETPLACE"",""sku"":""B"",""actual_filename"":""sales_daily.csv""}]","{""comparison_mode"":""same_days"",""channels"":[""DTC"",""MARKETPLACE""],""previous_period"":{""start"":""2026-08-01"",""end"":""2026-08-01""},""current_period"":{""start"":""2026-08-02"",""end"":""2026-08-02""}}","action-1-92339086dd83c9a89ae5ac754bdbad2a30c215eb81213211b953451918ebfc48-f9c7f0abe4b1ba3759249887324f30b7d2ac873e7acf82a12c6fa32e19551a3b","",""
"decision-v1","scenario-v1","contribution-v1","golden-v1","92339086dd83c9a89ae5ac754bdbad2a30c215eb81213211b953451918ebfc48","f9c7f0abe4b1ba3759249887324f30b7d2ac873e7acf82a12c6fa32e19551a3b","2026-08-03","TWD","Asia/Taipei","product_amounts_excluding_tax_and_customer_shipping_income","1","current","{""start"":""2026-08-02"",""end"":""2026-08-02""}","{""kind"":""all"",""channels"":[""DTC"",""MARKETPLACE""]}","same_days","1","1","manual_action","27814c1d-1854-4090-9389-431af118e44f","匯出驗收行動第2項","draft","action","核對已入帳費用與來源","","[""[\""fact\"",\""golden-v1\"",\""2026-08-02\"",\""2026-08-02\"",\""all\"",[\""DTC\"",\""MARKETPLACE\""],null,\""contribution_after_marketing\""]""]","[{""file"":""ad_spend_daily.csv"",""line"":4,""date"":""2026-08-02"",""channel"":""DTC"",""actual_filename"":""ad_spend_daily.csv""},{""file"":""ad_spend_daily.csv"",""line"":5,""date"":""2026-08-02"",""channel"":""MARKETPLACE"",""actual_filename"":""ad_spend_daily.csv""},{""file"":""channel_costs_daily.csv"",""line"":4,""date"":""2026-08-02"",""channel"":""DTC"",""actual_filename"":""channel_costs_daily.csv""},{""file"":""channel_costs_daily.csv"",""line"":5,""date"":""2026-08-02"",""channel"":""MARKETPLACE"",""actual_filename"":""channel_costs_daily.csv""},{""file"":""sales_daily.csv"",""line"":6,""date"":""2026-08-02"",""channel"":""DTC"",""sku"":""A"",""actual_filename"":""sales_daily.csv""},{""file"":""sales_daily.csv"",""line"":7,""date"":""2026-08-02"",""channel"":""DTC"",""sku"":""B"",""actual_filename"":""sales_daily.csv""},{""file"":""sales_daily.csv"",""line"":8,""date"":""2026-08-02"",""channel"":""MARKETPLACE"",""sku"":""A"",""actual_filename"":""sales_daily.csv""},{""file"":""sales_daily.csv"",""line"":9,""date"":""2026-08-02"",""channel"":""MARKETPLACE"",""sku"":""B"",""actual_filename"":""sales_daily.csv""}]","{""comparison_mode"":""same_days"",""channels"":[""DTC"",""MARKETPLACE""],""previous_period"":{""start"":""2026-08-01"",""end"":""2026-08-01""},""current_period"":{""start"":""2026-08-02"",""end"":""2026-08-02""}}","action-1-92339086dd83c9a89ae5ac754bdbad2a30c215eb81213211b953451918ebfc48-f9c7f0abe4b1ba3759249887324f30b7d2ac873e7acf82a12c6fa32e19551a3b","",""
"decision-v1","scenario-v1","contribution-v1","golden-v1","92339086dd83c9a89ae5ac754bdbad2a30c215eb81213211b953451918ebfc48","f9c7f0abe4b1ba3759249887324f30b7d2ac873e7acf82a12c6fa32e19551a3b","2026-08-03","TWD","Asia/Taipei","product_amounts_excluding_tax_and_customer_shipping_income","1","current","{""start"":""2026-08-02"",""end"":""2026-08-02""}","{""kind"":""all"",""channels"":[""DTC"",""MARKETPLACE""]}","same_days","1","1","manual_action","27814c1d-1854-4090-9389-431af118e44f","匯出驗收行動第2項","draft","fact_ids","[""[\""fact\"",\""golden-v1\"",\""2026-08-02\"",\""2026-08-02\"",\""all\"",[\""DTC\"",\""MARKETPLACE\""],null,\""contribution_after_marketing\""]""]","","[""[\""fact\"",\""golden-v1\"",\""2026-08-02\"",\""2026-08-02\"",\""all\"",[\""DTC\"",\""MARKETPLACE\""],null,\""contribution_after_marketing\""]""]","[{""file"":""ad_spend_daily.csv"",""line"":4,""date"":""2026-08-02"",""channel"":""DTC"",""actual_filename"":""ad_spend_daily.csv""},{""file"":""ad_spend_daily.csv"",""line"":5,""date"":""2026-08-02"",""channel"":""MARKETPLACE"",""actual_filename"":""ad_spend_daily.csv""},{""file"":""channel_costs_daily.csv"",""line"":4,""date"":""2026-08-02"",""channel"":""DTC"",""actual_filename"":""channel_costs_daily.csv""},{""file"":""channel_costs_daily.csv"",""line"":5,""date"":""2026-08-02"",""channel"":""MARKETPLACE"",""actual_filename"":""channel_costs_daily.csv""},{""file"":""sales_daily.csv"",""line"":6,""date"":""2026-08-02"",""channel"":""DTC"",""sku"":""A"",""actual_filename"":""sales_daily.csv""},{""file"":""sales_daily.csv"",""line"":7,""date"":""2026-08-02"",""channel"":""DTC"",""sku"":""B"",""actual_filename"":""sales_daily.csv""},{""file"":""sales_daily.csv"",""line"":8,""date"":""2026-08-02"",""channel"":""MARKETPLACE"",""sku"":""A"",""actual_filename"":""sales_daily.csv""},{""file"":""sales_daily.csv"",""line"":9,""date"":""2026-08-02"",""channel"":""MARKETPLACE"",""sku"":""B"",""actual_filename"":""sales_daily.csv""}]","{""comparison_mode"":""same_days"",""channels"":[""DTC"",""MARKETPLACE""],""previous_period"":{""start"":""2026-08-01"",""end"":""2026-08-01""},""current_period"":{""start"":""2026-08-02"",""end"":""2026-08-02""}}","action-1-92339086dd83c9a89ae5ac754bdbad2a30c215eb81213211b953451918ebfc48-f9c7f0abe4b1ba3759249887324f30b7d2ac873e7acf82a12c6fa32e19551a3b","",""
"decision-v1","scenario-v1","contribution-v1","golden-v1","92339086dd83c9a89ae5ac754bdbad2a30c215eb81213211b953451918ebfc48","f9c7f0abe4b1ba3759249887324f30b7d2ac873e7acf82a12c6fa32e19551a3b","2026-08-03","TWD","Asia/Taipei","product_amounts_excluding_tax_and_customer_shipping_income","1","current","{""start"":""2026-08-02"",""end"":""2026-08-02""}","{""kind"":""all"",""channels"":[""DTC"",""MARKETPLACE""]}","same_days","1","1","manual_action","27814c1d-1854-4090-9389-431af118e44f","匯出驗收行動第2項","draft","owner_role","營運主管","","[""[\""fact\"",\""golden-v1\"",\""2026-08-02\"",\""2026-08-02\"",\""all\"",[\""DTC\"",\""MARKETPLACE\""],null,\""contribution_after_marketing\""]""]","[{""file"":""ad_spend_daily.csv"",""line"":4,""date"":""2026-08-02"",""channel"":""DTC"",""actual_filename"":""ad_spend_daily.csv""},{""file"":""ad_spend_daily.csv"",""line"":5,""date"":""2026-08-02"",""channel"":""MARKETPLACE"",""actual_filename"":""ad_spend_daily.csv""},{""file"":""channel_costs_daily.csv"",""line"":4,""date"":""2026-08-02"",""channel"":""DTC"",""actual_filename"":""channel_costs_daily.csv""},{""file"":""channel_costs_daily.csv"",""line"":5,""date"":""2026-08-02"",""channel"":""MARKETPLACE"",""actual_filename"":""channel_costs_daily.csv""},{""file"":""sales_daily.csv"",""line"":6,""date"":""2026-08-02"",""channel"":""DTC"",""sku"":""A"",""actual_filename"":""sales_daily.csv""},{""file"":""sales_daily.csv"",""line"":7,""date"":""2026-08-02"",""channel"":""DTC"",""sku"":""B"",""actual_filename"":""sales_daily.csv""},{""file"":""sales_daily.csv"",""line"":8,""date"":""2026-08-02"",""channel"":""MARKETPLACE"",""sku"":""A"",""actual_filename"":""sales_daily.csv""},{""file"":""sales_daily.csv"",""line"":9,""date"":""2026-08-02"",""channel"":""MARKETPLACE"",""sku"":""B"",""actual_filename"":""sales_daily.csv""}]","{""comparison_mode"":""same_days"",""channels"":[""DTC"",""MARKETPLACE""],""previous_period"":{""start"":""2026-08-01"",""end"":""2026-08-01""},""current_period"":{""start"":""2026-08-02"",""end"":""2026-08-02""}}","action-1-92339086dd83c9a89ae5ac754bdbad2a30c215eb81213211b953451918ebfc48-f9c7f0abe4b1ba3759249887324f30b7d2ac873e7acf82a12c6fa32e19551a3b","",""
"decision-v1","scenario-v1","contribution-v1","golden-v1","92339086dd83c9a89ae5ac754bdbad2a30c215eb81213211b953451918ebfc48","f9c7f0abe4b1ba3759249887324f30b7d2ac873e7acf82a12c6fa32e19551a3b","2026-08-03","TWD","Asia/Taipei","product_amounts_excluding_tax_and_customer_shipping_income","1","current","{""start"":""2026-08-02"",""end"":""2026-08-02""}","{""kind"":""all"",""channels"":[""DTC"",""MARKETPLACE""]}","same_days","1","1","manual_action","27814c1d-1854-4090-9389-431af118e44f","匯出驗收行動第2項","draft","validation_metric","","","[""[\""fact\"",\""golden-v1\"",\""2026-08-02\"",\""2026-08-02\"",\""all\"",[\""DTC\"",\""MARKETPLACE\""],null,\""contribution_after_marketing\""]""]","[{""file"":""ad_spend_daily.csv"",""line"":4,""date"":""2026-08-02"",""channel"":""DTC"",""actual_filename"":""ad_spend_daily.csv""},{""file"":""ad_spend_daily.csv"",""line"":5,""date"":""2026-08-02"",""channel"":""MARKETPLACE"",""actual_filename"":""ad_spend_daily.csv""},{""file"":""channel_costs_daily.csv"",""line"":4,""date"":""2026-08-02"",""channel"":""DTC"",""actual_filename"":""channel_costs_daily.csv""},{""file"":""channel_costs_daily.csv"",""line"":5,""date"":""2026-08-02"",""channel"":""MARKETPLACE"",""actual_filename"":""channel_costs_daily.csv""},{""file"":""sales_daily.csv"",""line"":6,""date"":""2026-08-02"",""channel"":""DTC"",""sku"":""A"",""actual_filename"":""sales_daily.csv""},{""file"":""sales_daily.csv"",""line"":7,""date"":""2026-08-02"",""channel"":""DTC"",""sku"":""B"",""actual_filename"":""sales_daily.csv""},{""file"":""sales_daily.csv"",""line"":8,""date"":""2026-08-02"",""channel"":""MARKETPLACE"",""sku"":""A"",""actual_filename"":""sales_daily.csv""},{""file"":""sales_daily.csv"",""line"":9,""date"":""2026-08-02"",""channel"":""MARKETPLACE"",""sku"":""B"",""actual_filename"":""sales_daily.csv""}]","{""comparison_mode"":""same_days"",""channels"":[""DTC"",""MARKETPLACE""],""previous_period"":{""start"":""2026-08-01"",""end"":""2026-08-01""},""current_period"":{""start"":""2026-08-02"",""end"":""2026-08-02""}}","action-1-92339086dd83c9a89ae5ac754bdbad2a30c215eb81213211b953451918ebfc48-f9c7f0abe4b1ba3759249887324f30b7d2ac873e7acf82a12c6fa32e19551a3b","",""
"decision-v1","scenario-v1","contribution-v1","golden-v1","92339086dd83c9a89ae5ac754bdbad2a30c215eb81213211b953451918ebfc48","f9c7f0abe4b1ba3759249887324f30b7d2ac873e7acf82a12c6fa32e19551a3b","2026-08-03","TWD","Asia/Taipei","product_amounts_excluding_tax_and_customer_shipping_income","1","current","{""start"":""2026-08-02"",""end"":""2026-08-02""}","{""kind"":""all"",""channels"":[""DTC"",""MARKETPLACE""]}","same_days","1","1","manual_action","27814c1d-1854-4090-9389-431af118e44f","匯出驗收行動第2項","draft","deadline","","","[""[\""fact\"",\""golden-v1\"",\""2026-08-02\"",\""2026-08-02\"",\""all\"",[\""DTC\"",\""MARKETPLACE\""],null,\""contribution_after_marketing\""]""]","[{""file"":""ad_spend_daily.csv"",""line"":4,""date"":""2026-08-02"",""channel"":""DTC"",""actual_filename"":""ad_spend_daily.csv""},{""file"":""ad_spend_daily.csv"",""line"":5,""date"":""2026-08-02"",""channel"":""MARKETPLACE"",""actual_filename"":""ad_spend_daily.csv""},{""file"":""channel_costs_daily.csv"",""line"":4,""date"":""2026-08-02"",""channel"":""DTC"",""actual_filename"":""channel_costs_daily.csv""},{""file"":""channel_costs_daily.csv"",""line"":5,""date"":""2026-08-02"",""channel"":""MARKETPLACE"",""actual_filename"":""channel_costs_daily.csv""},{""file"":""sales_daily.csv"",""line"":6,""date"":""2026-08-02"",""channel"":""DTC"",""sku"":""A"",""actual_filename"":""sales_daily.csv""},{""file"":""sales_daily.csv"",""line"":7,""date"":""2026-08-02"",""channel"":""DTC"",""sku"":""B"",""actual_filename"":""sales_daily.csv""},{""file"":""sales_daily.csv"",""line"":8,""date"":""2026-08-02"",""channel"":""MARKETPLACE"",""sku"":""A"",""actual_filename"":""sales_daily.csv""},{""file"":""sales_daily.csv"",""line"":9,""date"":""2026-08-02"",""channel"":""MARKETPLACE"",""sku"":""B"",""actual_filename"":""sales_daily.csv""}]","{""comparison_mode"":""same_days"",""channels"":[""DTC"",""MARKETPLACE""],""previous_period"":{""start"":""2026-08-01"",""end"":""2026-08-01""},""current_period"":{""start"":""2026-08-02"",""end"":""2026-08-02""}}","action-1-92339086dd83c9a89ae5ac754bdbad2a30c215eb81213211b953451918ebfc48-f9c7f0abe4b1ba3759249887324f30b7d2ac873e7acf82a12c6fa32e19551a3b","",""
"decision-v1","scenario-v1","contribution-v1","golden-v1","92339086dd83c9a89ae5ac754bdbad2a30c215eb81213211b953451918ebfc48","f9c7f0abe4b1ba3759249887324f30b7d2ac873e7acf82a12c6fa32e19551a3b","2026-08-03","TWD","Asia/Taipei","product_amounts_excluding_tax_and_customer_shipping_income","1","current","{""start"":""2026-08-02"",""end"":""2026-08-02""}","{""kind"":""all"",""channels"":[""DTC"",""MARKETPLACE""]}","same_days","1","1","manual_action","27814c1d-1854-4090-9389-431af118e44f","匯出驗收行動第2項","draft","stop_condition","","","[""[\""fact\"",\""golden-v1\"",\""2026-08-02\"",\""2026-08-02\"",\""all\"",[\""DTC\"",\""MARKETPLACE\""],null,\""contribution_after_marketing\""]""]","[{""file"":""ad_spend_daily.csv"",""line"":4,""date"":""2026-08-02"",""channel"":""DTC"",""actual_filename"":""ad_spend_daily.csv""},{""file"":""ad_spend_daily.csv"",""line"":5,""date"":""2026-08-02"",""channel"":""MARKETPLACE"",""actual_filename"":""ad_spend_daily.csv""},{""file"":""channel_costs_daily.csv"",""line"":4,""date"":""2026-08-02"",""channel"":""DTC"",""actual_filename"":""channel_costs_daily.csv""},{""file"":""channel_costs_daily.csv"",""line"":5,""date"":""2026-08-02"",""channel"":""MARKETPLACE"",""actual_filename"":""channel_costs_daily.csv""},{""file"":""sales_daily.csv"",""line"":6,""date"":""2026-08-02"",""channel"":""DTC"",""sku"":""A"",""actual_filename"":""sales_daily.csv""},{""file"":""sales_daily.csv"",""line"":7,""date"":""2026-08-02"",""channel"":""DTC"",""sku"":""B"",""actual_filename"":""sales_daily.csv""},{""file"":""sales_daily.csv"",""line"":8,""date"":""2026-08-02"",""channel"":""MARKETPLACE"",""sku"":""A"",""actual_filename"":""sales_daily.csv""},{""file"":""sales_daily.csv"",""line"":9,""date"":""2026-08-02"",""channel"":""MARKETPLACE"",""sku"":""B"",""actual_filename"":""sales_daily.csv""}]","{""comparison_mode"":""same_days"",""channels"":[""DTC"",""MARKETPLACE""],""previous_period"":{""start"":""2026-08-01"",""end"":""2026-08-01""},""current_period"":{""start"":""2026-08-02"",""end"":""2026-08-02""}}","action-1-92339086dd83c9a89ae5ac754bdbad2a30c215eb81213211b953451918ebfc48-f9c7f0abe4b1ba3759249887324f30b7d2ac873e7acf82a12c6fa32e19551a3b","",""
"decision-v1","scenario-v1","contribution-v1","golden-v1","92339086dd83c9a89ae5ac754bdbad2a30c215eb81213211b953451918ebfc48","f9c7f0abe4b1ba3759249887324f30b7d2ac873e7acf82a12c6fa32e19551a3b","2026-08-03","TWD","Asia/Taipei","product_amounts_excluding_tax_and_customer_shipping_income","1","current","{""start"":""2026-08-02"",""end"":""2026-08-02""}","{""kind"":""all"",""channels"":[""DTC"",""MARKETPLACE""]}","same_days","1","1","manual_action","27814c1d-1854-4090-9389-431af118e44f","匯出驗收行動第2項","draft","required_data","","","[""[\""fact\"",\""golden-v1\"",\""2026-08-02\"",\""2026-08-02\"",\""all\"",[\""DTC\"",\""MARKETPLACE\""],null,\""contribution_after_marketing\""]""]","[{""file"":""ad_spend_daily.csv"",""line"":4,""date"":""2026-08-02"",""channel"":""DTC"",""actual_filename"":""ad_spend_daily.csv""},{""file"":""ad_spend_daily.csv"",""line"":5,""date"":""2026-08-02"",""channel"":""MARKETPLACE"",""actual_filename"":""ad_spend_daily.csv""},{""file"":""channel_costs_daily.csv"",""line"":4,""date"":""2026-08-02"",""channel"":""DTC"",""actual_filename"":""channel_costs_daily.csv""},{""file"":""channel_costs_daily.csv"",""line"":5,""date"":""2026-08-02"",""channel"":""MARKETPLACE"",""actual_filename"":""channel_costs_daily.csv""},{""file"":""sales_daily.csv"",""line"":6,""date"":""2026-08-02"",""channel"":""DTC"",""sku"":""A"",""actual_filename"":""sales_daily.csv""},{""file"":""sales_daily.csv"",""line"":7,""date"":""2026-08-02"",""channel"":""DTC"",""sku"":""B"",""actual_filename"":""sales_daily.csv""},{""file"":""sales_daily.csv"",""line"":8,""date"":""2026-08-02"",""channel"":""MARKETPLACE"",""sku"":""A"",""actual_filename"":""sales_daily.csv""},{""file"":""sales_daily.csv"",""line"":9,""date"":""2026-08-02"",""channel"":""MARKETPLACE"",""sku"":""B"",""actual_filename"":""sales_daily.csv""}]","{""comparison_mode"":""same_days"",""channels"":[""DTC"",""MARKETPLACE""],""previous_period"":{""start"":""2026-08-01"",""end"":""2026-08-01""},""current_period"":{""start"":""2026-08-02"",""end"":""2026-08-02""}}","action-1-92339086dd83c9a89ae5ac754bdbad2a30c215eb81213211b953451918ebfc48-f9c7f0abe4b1ba3759249887324f30b7d2ac873e7acf82a12c6fa32e19551a3b","",""
"decision-v1","scenario-v1","contribution-v1","golden-v1","92339086dd83c9a89ae5ac754bdbad2a30c215eb81213211b953451918ebfc48","f9c7f0abe4b1ba3759249887324f30b7d2ac873e7acf82a12c6fa32e19551a3b","2026-08-03","TWD","Asia/Taipei","product_amounts_excluding_tax_and_customer_shipping_income","1","current","{""start"":""2026-08-02"",""end"":""2026-08-02""}","{""kind"":""all"",""channels"":[""DTC"",""MARKETPLACE""]}","same_days","1","1","manual_action","27814c1d-1854-4090-9389-431af118e44f","匯出驗收行動第2項","draft","origin","manual","","[""[\""fact\"",\""golden-v1\"",\""2026-08-02\"",\""2026-08-02\"",\""all\"",[\""DTC\"",\""MARKETPLACE\""],null,\""contribution_after_marketing\""]""]","[{""file"":""ad_spend_daily.csv"",""line"":4,""date"":""2026-08-02"",""channel"":""DTC"",""actual_filename"":""ad_spend_daily.csv""},{""file"":""ad_spend_daily.csv"",""line"":5,""date"":""2026-08-02"",""channel"":""MARKETPLACE"",""actual_filename"":""ad_spend_daily.csv""},{""file"":""channel_costs_daily.csv"",""line"":4,""date"":""2026-08-02"",""channel"":""DTC"",""actual_filename"":""channel_costs_daily.csv""},{""file"":""channel_costs_daily.csv"",""line"":5,""date"":""2026-08-02"",""channel"":""MARKETPLACE"",""actual_filename"":""channel_costs_daily.csv""},{""file"":""sales_daily.csv"",""line"":6,""date"":""2026-08-02"",""channel"":""DTC"",""sku"":""A"",""actual_filename"":""sales_daily.csv""},{""file"":""sales_daily.csv"",""line"":7,""date"":""2026-08-02"",""channel"":""DTC"",""sku"":""B"",""actual_filename"":""sales_daily.csv""},{""file"":""sales_daily.csv"",""line"":8,""date"":""2026-08-02"",""channel"":""MARKETPLACE"",""sku"":""A"",""actual_filename"":""sales_daily.csv""},{""file"":""sales_daily.csv"",""line"":9,""date"":""2026-08-02"",""channel"":""MARKETPLACE"",""sku"":""B"",""actual_filename"":""sales_daily.csv""}]","{""comparison_mode"":""same_days"",""channels"":[""DTC"",""MARKETPLACE""],""previous_period"":{""start"":""2026-08-01"",""end"":""2026-08-01""},""current_period"":{""start"":""2026-08-02"",""end"":""2026-08-02""}}","action-1-92339086dd83c9a89ae5ac754bdbad2a30c215eb81213211b953451918ebfc48-f9c7f0abe4b1ba3759249887324f30b7d2ac873e7acf82a12c6fa32e19551a3b","",""
"decision-v1","scenario-v1","contribution-v1","golden-v1","92339086dd83c9a89ae5ac754bdbad2a30c215eb81213211b953451918ebfc48","f9c7f0abe4b1ba3759249887324f30b7d2ac873e7acf82a12c6fa32e19551a3b","2026-08-03","TWD","Asia/Taipei","product_amounts_excluding_tax_and_customer_shipping_income","1","current","{""start"":""2026-08-02"",""end"":""2026-08-02""}","{""kind"":""all"",""channels"":[""DTC"",""MARKETPLACE""]}","same_days","1","1","manual_action","27814c1d-1854-4090-9389-431af118e44f","匯出驗收行動第2項","draft","evidence_confirmed","false","","[""[\""fact\"",\""golden-v1\"",\""2026-08-02\"",\""2026-08-02\"",\""all\"",[\""DTC\"",\""MARKETPLACE\""],null,\""contribution_after_marketing\""]""]","[{""file"":""ad_spend_daily.csv"",""line"":4,""date"":""2026-08-02"",""channel"":""DTC"",""actual_filename"":""ad_spend_daily.csv""},{""file"":""ad_spend_daily.csv"",""line"":5,""date"":""2026-08-02"",""channel"":""MARKETPLACE"",""actual_filename"":""ad_spend_daily.csv""},{""file"":""channel_costs_daily.csv"",""line"":4,""date"":""2026-08-02"",""channel"":""DTC"",""actual_filename"":""channel_costs_daily.csv""},{""file"":""channel_costs_daily.csv"",""line"":5,""date"":""2026-08-02"",""channel"":""MARKETPLACE"",""actual_filename"":""channel_costs_daily.csv""},{""file"":""sales_daily.csv"",""line"":6,""date"":""2026-08-02"",""channel"":""DTC"",""sku"":""A"",""actual_filename"":""sales_daily.csv""},{""file"":""sales_daily.csv"",""line"":7,""date"":""2026-08-02"",""channel"":""DTC"",""sku"":""B"",""actual_filename"":""sales_daily.csv""},{""file"":""sales_daily.csv"",""line"":8,""date"":""2026-08-02"",""channel"":""MARKETPLACE"",""sku"":""A"",""actual_filename"":""sales_daily.csv""},{""file"":""sales_daily.csv"",""line"":9,""date"":""2026-08-02"",""channel"":""MARKETPLACE"",""sku"":""B"",""actual_filename"":""sales_daily.csv""}]","{""comparison_mode"":""same_days"",""channels"":[""DTC"",""MARKETPLACE""],""previous_period"":{""start"":""2026-08-01"",""end"":""2026-08-01""},""current_period"":{""start"":""2026-08-02"",""end"":""2026-08-02""}}","action-1-92339086dd83c9a89ae5ac754bdbad2a30c215eb81213211b953451918ebfc48-f9c7f0abe4b1ba3759249887324f30b7d2ac873e7acf82a12c6fa32e19551a3b","",""
"decision-v1","scenario-v1","contribution-v1","golden-v1","92339086dd83c9a89ae5ac754bdbad2a30c215eb81213211b953451918ebfc48","f9c7f0abe4b1ba3759249887324f30b7d2ac873e7acf82a12c6fa32e19551a3b","2026-08-03","TWD","Asia/Taipei","product_amounts_excluding_tax_and_customer_shipping_income","1","current","{""start"":""2026-08-02"",""end"":""2026-08-02""}","{""kind"":""all"",""channels"":[""DTC"",""MARKETPLACE""]}","same_days","1","1","manual_action","27814c1d-1854-4090-9389-431af118e44f","匯出驗收行動第2項","draft","priority","2","","[""[\""fact\"",\""golden-v1\"",\""2026-08-02\"",\""2026-08-02\"",\""all\"",[\""DTC\"",\""MARKETPLACE\""],null,\""contribution_after_marketing\""]""]","[{""file"":""ad_spend_daily.csv"",""line"":4,""date"":""2026-08-02"",""channel"":""DTC"",""actual_filename"":""ad_spend_daily.csv""},{""file"":""ad_spend_daily.csv"",""line"":5,""date"":""2026-08-02"",""channel"":""MARKETPLACE"",""actual_filename"":""ad_spend_daily.csv""},{""file"":""channel_costs_daily.csv"",""line"":4,""date"":""2026-08-02"",""channel"":""DTC"",""actual_filename"":""channel_costs_daily.csv""},{""file"":""channel_costs_daily.csv"",""line"":5,""date"":""2026-08-02"",""channel"":""MARKETPLACE"",""actual_filename"":""channel_costs_daily.csv""},{""file"":""sales_daily.csv"",""line"":6,""date"":""2026-08-02"",""channel"":""DTC"",""sku"":""A"",""actual_filename"":""sales_daily.csv""},{""file"":""sales_daily.csv"",""line"":7,""date"":""2026-08-02"",""channel"":""DTC"",""sku"":""B"",""actual_filename"":""sales_daily.csv""},{""file"":""sales_daily.csv"",""line"":8,""date"":""2026-08-02"",""channel"":""MARKETPLACE"",""sku"":""A"",""actual_filename"":""sales_daily.csv""},{""file"":""sales_daily.csv"",""line"":9,""date"":""2026-08-02"",""channel"":""MARKETPLACE"",""sku"":""B"",""actual_filename"":""sales_daily.csv""}]","{""comparison_mode"":""same_days"",""channels"":[""DTC"",""MARKETPLACE""],""previous_period"":{""start"":""2026-08-01"",""end"":""2026-08-01""},""current_period"":{""start"":""2026-08-02"",""end"":""2026-08-02""}}","action-1-92339086dd83c9a89ae5ac754bdbad2a30c215eb81213211b953451918ebfc48-f9c7f0abe4b1ba3759249887324f30b7d2ac873e7acf82a12c6fa32e19551a3b","",""
"decision-v1","scenario-v1","contribution-v1","golden-v1","92339086dd83c9a89ae5ac754bdbad2a30c215eb81213211b953451918ebfc48","f9c7f0abe4b1ba3759249887324f30b7d2ac873e7acf82a12c6fa32e19551a3b","2026-08-03","TWD","Asia/Taipei","product_amounts_excluding_tax_and_customer_shipping_income","1","current","{""start"":""2026-08-02"",""end"":""2026-08-02""}","{""kind"":""all"",""channels"":[""DTC"",""MARKETPLACE""]}","same_days","1","1","manual_action","27814c1d-1854-4090-9389-431af118e44f","匯出驗收行動第2項","draft","pinned","true","","[""[\""fact\"",\""golden-v1\"",\""2026-08-02\"",\""2026-08-02\"",\""all\"",[\""DTC\"",\""MARKETPLACE\""],null,\""contribution_after_marketing\""]""]","[{""file"":""ad_spend_daily.csv"",""line"":4,""date"":""2026-08-02"",""channel"":""DTC"",""actual_filename"":""ad_spend_daily.csv""},{""file"":""ad_spend_daily.csv"",""line"":5,""date"":""2026-08-02"",""channel"":""MARKETPLACE"",""actual_filename"":""ad_spend_daily.csv""},{""file"":""channel_costs_daily.csv"",""line"":4,""date"":""2026-08-02"",""channel"":""DTC"",""actual_filename"":""channel_costs_daily.csv""},{""file"":""channel_costs_daily.csv"",""line"":5,""date"":""2026-08-02"",""channel"":""MARKETPLACE"",""actual_filename"":""channel_costs_daily.csv""},{""file"":""sales_daily.csv"",""line"":6,""date"":""2026-08-02"",""channel"":""DTC"",""sku"":""A"",""actual_filename"":""sales_daily.csv""},{""file"":""sales_daily.csv"",""line"":7,""date"":""2026-08-02"",""channel"":""DTC"",""sku"":""B"",""actual_filename"":""sales_daily.csv""},{""file"":""sales_daily.csv"",""line"":8,""date"":""2026-08-02"",""channel"":""MARKETPLACE"",""sku"":""A"",""actual_filename"":""sales_daily.csv""},{""file"":""sales_daily.csv"",""line"":9,""date"":""2026-08-02"",""channel"":""MARKETPLACE"",""sku"":""B"",""actual_filename"":""sales_daily.csv""}]","{""comparison_mode"":""same_days"",""channels"":[""DTC"",""MARKETPLACE""],""previous_period"":{""start"":""2026-08-01"",""end"":""2026-08-01""},""current_period"":{""start"":""2026-08-02"",""end"":""2026-08-02""}}","action-1-92339086dd83c9a89ae5ac754bdbad2a30c215eb81213211b953451918ebfc48-f9c7f0abe4b1ba3759249887324f30b7d2ac873e7acf82a12c6fa32e19551a3b","",""
"decision-v1","scenario-v1","contribution-v1","golden-v1","92339086dd83c9a89ae5ac754bdbad2a30c215eb81213211b953451918ebfc48","f9c7f0abe4b1ba3759249887324f30b7d2ac873e7acf82a12c6fa32e19551a3b","2026-08-03","TWD","Asia/Taipei","product_amounts_excluding_tax_and_customer_shipping_income","1","current","{""start"":""2026-08-02"",""end"":""2026-08-02""}","{""kind"":""all"",""channels"":[""DTC"",""MARKETPLACE""]}","same_days","1","1","manual_action","27814c1d-1854-4090-9389-431af118e44f","匯出驗收行動第2項","draft","status","draft","","[""[\""fact\"",\""golden-v1\"",\""2026-08-02\"",\""2026-08-02\"",\""all\"",[\""DTC\"",\""MARKETPLACE\""],null,\""contribution_after_marketing\""]""]","[{""file"":""ad_spend_daily.csv"",""line"":4,""date"":""2026-08-02"",""channel"":""DTC"",""actual_filename"":""ad_spend_daily.csv""},{""file"":""ad_spend_daily.csv"",""line"":5,""date"":""2026-08-02"",""channel"":""MARKETPLACE"",""actual_filename"":""ad_spend_daily.csv""},{""file"":""channel_costs_daily.csv"",""line"":4,""date"":""2026-08-02"",""channel"":""DTC"",""actual_filename"":""channel_costs_daily.csv""},{""file"":""channel_costs_daily.csv"",""line"":5,""date"":""2026-08-02"",""channel"":""MARKETPLACE"",""actual_filename"":""channel_costs_daily.csv""},{""file"":""sales_daily.csv"",""line"":6,""date"":""2026-08-02"",""channel"":""DTC"",""sku"":""A"",""actual_filename"":""sales_daily.csv""},{""file"":""sales_daily.csv"",""line"":7,""date"":""2026-08-02"",""channel"":""DTC"",""sku"":""B"",""actual_filename"":""sales_daily.csv""},{""file"":""sales_daily.csv"",""line"":8,""date"":""2026-08-02"",""channel"":""MARKETPLACE"",""sku"":""A"",""actual_filename"":""sales_daily.csv""},{""file"":""sales_daily.csv"",""line"":9,""date"":""2026-08-02"",""channel"":""MARKETPLACE"",""sku"":""B"",""actual_filename"":""sales_daily.csv""}]","{""comparison_mode"":""same_days"",""channels"":[""DTC"",""MARKETPLACE""],""previous_period"":{""start"":""2026-08-01"",""end"":""2026-08-01""},""current_period"":{""start"":""2026-08-02"",""end"":""2026-08-02""}}","action-1-92339086dd83c9a89ae5ac754bdbad2a30c215eb81213211b953451918ebfc48-f9c7f0abe4b1ba3759249887324f30b7d2ac873e7acf82a12c6fa32e19551a3b","",""
"decision-v1","scenario-v1","contribution-v1","golden-v1","92339086dd83c9a89ae5ac754bdbad2a30c215eb81213211b953451918ebfc48","f9c7f0abe4b1ba3759249887324f30b7d2ac873e7acf82a12c6fa32e19551a3b","2026-08-03","TWD","Asia/Taipei","product_amounts_excluding_tax_and_customer_shipping_income","1","current","{""start"":""2026-08-02"",""end"":""2026-08-02""}","{""kind"":""all"",""channels"":[""DTC"",""MARKETPLACE""]}","same_days","1","1","manual_action","27814c1d-1854-4090-9389-431af118e44f","匯出驗收行動第2項","draft","execution_status","not_started","","[""[\""fact\"",\""golden-v1\"",\""2026-08-02\"",\""2026-08-02\"",\""all\"",[\""DTC\"",\""MARKETPLACE\""],null,\""contribution_after_marketing\""]""]","[{""file"":""ad_spend_daily.csv"",""line"":4,""date"":""2026-08-02"",""channel"":""DTC"",""actual_filename"":""ad_spend_daily.csv""},{""file"":""ad_spend_daily.csv"",""line"":5,""date"":""2026-08-02"",""channel"":""MARKETPLACE"",""actual_filename"":""ad_spend_daily.csv""},{""file"":""channel_costs_daily.csv"",""line"":4,""date"":""2026-08-02"",""channel"":""DTC"",""actual_filename"":""channel_costs_daily.csv""},{""file"":""channel_costs_daily.csv"",""line"":5,""date"":""2026-08-02"",""channel"":""MARKETPLACE"",""actual_filename"":""channel_costs_daily.csv""},{""file"":""sales_daily.csv"",""line"":6,""date"":""2026-08-02"",""channel"":""DTC"",""sku"":""A"",""actual_filename"":""sales_daily.csv""},{""file"":""sales_daily.csv"",""line"":7,""date"":""2026-08-02"",""channel"":""DTC"",""sku"":""B"",""actual_filename"":""sales_daily.csv""},{""file"":""sales_daily.csv"",""line"":8,""date"":""2026-08-02"",""channel"":""MARKETPLACE"",""sku"":""A"",""actual_filename"":""sales_daily.csv""},{""file"":""sales_daily.csv"",""line"":9,""date"":""2026-08-02"",""channel"":""MARKETPLACE"",""sku"":""B"",""actual_filename"":""sales_daily.csv""}]","{""comparison_mode"":""same_days"",""channels"":[""DTC"",""MARKETPLACE""],""previous_period"":{""start"":""2026-08-01"",""end"":""2026-08-01""},""current_period"":{""start"":""2026-08-02"",""end"":""2026-08-02""}}","action-1-92339086dd83c9a89ae5ac754bdbad2a30c215eb81213211b953451918ebfc48-f9c7f0abe4b1ba3759249887324f30b7d2ac873e7acf82a12c6fa32e19551a3b","",""
"decision-v1","scenario-v1","contribution-v1","golden-v1","92339086dd83c9a89ae5ac754bdbad2a30c215eb81213211b953451918ebfc48","f9c7f0abe4b1ba3759249887324f30b7d2ac873e7acf82a12c6fa32e19551a3b","2026-08-03","TWD","Asia/Taipei","product_amounts_excluding_tax_and_customer_shipping_income","1","current","{""start"":""2026-08-02"",""end"":""2026-08-02""}","{""kind"":""all"",""channels"":[""DTC"",""MARKETPLACE""]}","same_days","1","1","manual_action","27814c1d-1854-4090-9389-431af118e44f","匯出驗收行動第2項","draft","progress_notes","","","[""[\""fact\"",\""golden-v1\"",\""2026-08-02\"",\""2026-08-02\"",\""all\"",[\""DTC\"",\""MARKETPLACE\""],null,\""contribution_after_marketing\""]""]","[{""file"":""ad_spend_daily.csv"",""line"":4,""date"":""2026-08-02"",""channel"":""DTC"",""actual_filename"":""ad_spend_daily.csv""},{""file"":""ad_spend_daily.csv"",""line"":5,""date"":""2026-08-02"",""channel"":""MARKETPLACE"",""actual_filename"":""ad_spend_daily.csv""},{""file"":""channel_costs_daily.csv"",""line"":4,""date"":""2026-08-02"",""channel"":""DTC"",""actual_filename"":""channel_costs_daily.csv""},{""file"":""channel_costs_daily.csv"",""line"":5,""date"":""2026-08-02"",""channel"":""MARKETPLACE"",""actual_filename"":""channel_costs_daily.csv""},{""file"":""sales_daily.csv"",""line"":6,""date"":""2026-08-02"",""channel"":""DTC"",""sku"":""A"",""actual_filename"":""sales_daily.csv""},{""file"":""sales_daily.csv"",""line"":7,""date"":""2026-08-02"",""channel"":""DTC"",""sku"":""B"",""actual_filename"":""sales_daily.csv""},{""file"":""sales_daily.csv"",""line"":8,""date"":""2026-08-02"",""channel"":""MARKETPLACE"",""sku"":""A"",""actual_filename"":""sales_daily.csv""},{""file"":""sales_daily.csv"",""line"":9,""date"":""2026-08-02"",""channel"":""MARKETPLACE"",""sku"":""B"",""actual_filename"":""sales_daily.csv""}]","{""comparison_mode"":""same_days"",""channels"":[""DTC"",""MARKETPLACE""],""previous_period"":{""start"":""2026-08-01"",""end"":""2026-08-01""},""current_period"":{""start"":""2026-08-02"",""end"":""2026-08-02""}}","action-1-92339086dd83c9a89ae5ac754bdbad2a30c215eb81213211b953451918ebfc48-f9c7f0abe4b1ba3759249887324f30b7d2ac873e7acf82a12c6fa32e19551a3b","",""
"decision-v1","scenario-v1","contribution-v1","golden-v1","92339086dd83c9a89ae5ac754bdbad2a30c215eb81213211b953451918ebfc48","f9c7f0abe4b1ba3759249887324f30b7d2ac873e7acf82a12c6fa32e19551a3b","2026-08-03","TWD","Asia/Taipei","product_amounts_excluding_tax_and_customer_shipping_income","1","current","{""start"":""2026-08-02"",""end"":""2026-08-02""}","{""kind"":""all"",""channels"":[""DTC"",""MARKETPLACE""]}","same_days","1","1","manual_action","27814c1d-1854-4090-9389-431af118e44f","匯出驗收行動第2項","draft","evidence_review_required","false","","[""[\""fact\"",\""golden-v1\"",\""2026-08-02\"",\""2026-08-02\"",\""all\"",[\""DTC\"",\""MARKETPLACE\""],null,\""contribution_after_marketing\""]""]","[{""file"":""ad_spend_daily.csv"",""line"":4,""date"":""2026-08-02"",""channel"":""DTC"",""actual_filename"":""ad_spend_daily.csv""},{""file"":""ad_spend_daily.csv"",""line"":5,""date"":""2026-08-02"",""channel"":""MARKETPLACE"",""actual_filename"":""ad_spend_daily.csv""},{""file"":""channel_costs_daily.csv"",""line"":4,""date"":""2026-08-02"",""channel"":""DTC"",""actual_filename"":""channel_costs_daily.csv""},{""file"":""channel_costs_daily.csv"",""line"":5,""date"":""2026-08-02"",""channel"":""MARKETPLACE"",""actual_filename"":""channel_costs_daily.csv""},{""file"":""sales_daily.csv"",""line"":6,""date"":""2026-08-02"",""channel"":""DTC"",""sku"":""A"",""actual_filename"":""sales_daily.csv""},{""file"":""sales_daily.csv"",""line"":7,""date"":""2026-08-02"",""channel"":""DTC"",""sku"":""B"",""actual_filename"":""sales_daily.csv""},{""file"":""sales_daily.csv"",""line"":8,""date"":""2026-08-02"",""channel"":""MARKETPLACE"",""sku"":""A"",""actual_filename"":""sales_daily.csv""},{""file"":""sales_daily.csv"",""line"":9,""date"":""2026-08-02"",""channel"":""MARKETPLACE"",""sku"":""B"",""actual_filename"":""sales_daily.csv""}]","{""comparison_mode"":""same_days"",""channels"":[""DTC"",""MARKETPLACE""],""previous_period"":{""start"":""2026-08-01"",""end"":""2026-08-01""},""current_period"":{""start"":""2026-08-02"",""end"":""2026-08-02""}}","action-1-92339086dd83c9a89ae5ac754bdbad2a30c215eb81213211b953451918ebfc48-f9c7f0abe4b1ba3759249887324f30b7d2ac873e7acf82a12c6fa32e19551a3b","",""
"decision-v1","scenario-v1","contribution-v1","golden-v1","92339086dd83c9a89ae5ac754bdbad2a30c215eb81213211b953451918ebfc48","f9c7f0abe4b1ba3759249887324f30b7d2ac873e7acf82a12c6fa32e19551a3b","2026-08-03","TWD","Asia/Taipei","product_amounts_excluding_tax_and_customer_shipping_income","1","current","{""start"":""2026-08-02"",""end"":""2026-08-02""}","{""kind"":""all"",""channels"":[""DTC"",""MARKETPLACE""]}","same_days","1","1","manual_action","27814c1d-1854-4090-9389-431af118e44f","匯出驗收行動第2項","draft","evidence_relation","current","","[""[\""fact\"",\""golden-v1\"",\""2026-08-02\"",\""2026-08-02\"",\""all\"",[\""DTC\"",\""MARKETPLACE\""],null,\""contribution_after_marketing\""]""]","[{""file"":""ad_spend_daily.csv"",""line"":4,""date"":""2026-08-02"",""channel"":""DTC"",""actual_filename"":""ad_spend_daily.csv""},{""file"":""ad_spend_daily.csv"",""line"":5,""date"":""2026-08-02"",""channel"":""MARKETPLACE"",""actual_filename"":""ad_spend_daily.csv""},{""file"":""channel_costs_daily.csv"",""line"":4,""date"":""2026-08-02"",""channel"":""DTC"",""actual_filename"":""channel_costs_daily.csv""},{""file"":""channel_costs_daily.csv"",""line"":5,""date"":""2026-08-02"",""channel"":""MARKETPLACE"",""actual_filename"":""channel_costs_daily.csv""},{""file"":""sales_daily.csv"",""line"":6,""date"":""2026-08-02"",""channel"":""DTC"",""sku"":""A"",""actual_filename"":""sales_daily.csv""},{""file"":""sales_daily.csv"",""line"":7,""date"":""2026-08-02"",""channel"":""DTC"",""sku"":""B"",""actual_filename"":""sales_daily.csv""},{""file"":""sales_daily.csv"",""line"":8,""date"":""2026-08-02"",""channel"":""MARKETPLACE"",""sku"":""A"",""actual_filename"":""sales_daily.csv""},{""file"":""sales_daily.csv"",""line"":9,""date"":""2026-08-02"",""channel"":""MARKETPLACE"",""sku"":""B"",""actual_filename"":""sales_daily.csv""}]","{""comparison_mode"":""same_days"",""channels"":[""DTC"",""MARKETPLACE""],""previous_period"":{""start"":""2026-08-01"",""end"":""2026-08-01""},""current_period"":{""start"":""2026-08-02"",""end"":""2026-08-02""}}","action-1-92339086dd83c9a89ae5ac754bdbad2a30c215eb81213211b953451918ebfc48-f9c7f0abe4b1ba3759249887324f30b7d2ac873e7acf82a12c6fa32e19551a3b","",""
"decision-v1","scenario-v1","contribution-v1","golden-v1","92339086dd83c9a89ae5ac754bdbad2a30c215eb81213211b953451918ebfc48","f9c7f0abe4b1ba3759249887324f30b7d2ac873e7acf82a12c6fa32e19551a3b","2026-08-03","TWD","Asia/Taipei","product_amounts_excluding_tax_and_customer_shipping_income","1","current","{""start"":""2026-08-02"",""end"":""2026-08-02""}","{""kind"":""all"",""channels"":[""DTC"",""MARKETPLACE""]}","same_days","1","1","manual_action","27814c1d-1854-4090-9389-431af118e44f","匯出驗收行動第2項","draft","data_limitations","[]","","[""[\""fact\"",\""golden-v1\"",\""2026-08-02\"",\""2026-08-02\"",\""all\"",[\""DTC\"",\""MARKETPLACE\""],null,\""contribution_after_marketing\""]""]","[{""file"":""ad_spend_daily.csv"",""line"":4,""date"":""2026-08-02"",""channel"":""DTC"",""actual_filename"":""ad_spend_daily.csv""},{""file"":""ad_spend_daily.csv"",""line"":5,""date"":""2026-08-02"",""channel"":""MARKETPLACE"",""actual_filename"":""ad_spend_daily.csv""},{""file"":""channel_costs_daily.csv"",""line"":4,""date"":""2026-08-02"",""channel"":""DTC"",""actual_filename"":""channel_costs_daily.csv""},{""file"":""channel_costs_daily.csv"",""line"":5,""date"":""2026-08-02"",""channel"":""MARKETPLACE"",""actual_filename"":""channel_costs_daily.csv""},{""file"":""sales_daily.csv"",""line"":6,""date"":""2026-08-02"",""channel"":""DTC"",""sku"":""A"",""actual_filename"":""sales_daily.csv""},{""file"":""sales_daily.csv"",""line"":7,""date"":""2026-08-02"",""channel"":""DTC"",""sku"":""B"",""actual_filename"":""sales_daily.csv""},{""file"":""sales_daily.csv"",""line"":8,""date"":""2026-08-02"",""channel"":""MARKETPLACE"",""sku"":""A"",""actual_filename"":""sales_daily.csv""},{""file"":""sales_daily.csv"",""line"":9,""date"":""2026-08-02"",""channel"":""MARKETPLACE"",""sku"":""B"",""actual_filename"":""sales_daily.csv""}]","{""comparison_mode"":""same_days"",""channels"":[""DTC"",""MARKETPLACE""],""previous_period"":{""start"":""2026-08-01"",""end"":""2026-08-01""},""current_period"":{""start"":""2026-08-02"",""end"":""2026-08-02""}}","action-1-92339086dd83c9a89ae5ac754bdbad2a30c215eb81213211b953451918ebfc48-f9c7f0abe4b1ba3759249887324f30b7d2ac873e7acf82a12c6fa32e19551a3b","",""
"decision-v1","scenario-v1","contribution-v1","golden-v1","92339086dd83c9a89ae5ac754bdbad2a30c215eb81213211b953451918ebfc48","f9c7f0abe4b1ba3759249887324f30b7d2ac873e7acf82a12c6fa32e19551a3b","2026-08-03","TWD","Asia/Taipei","product_amounts_excluding_tax_and_customer_shipping_income","1","current","{""start"":""2026-08-02"",""end"":""2026-08-02""}","{""kind"":""all"",""channels"":[""DTC"",""MARKETPLACE""]}","same_days","1","1","manual_action","27814c1d-1854-4090-9389-431af118e44f","匯出驗收行動第2項","draft","diagnostic_id","null","","[""[\""fact\"",\""golden-v1\"",\""2026-08-02\"",\""2026-08-02\"",\""all\"",[\""DTC\"",\""MARKETPLACE\""],null,\""contribution_after_marketing\""]""]","[{""file"":""ad_spend_daily.csv"",""line"":4,""date"":""2026-08-02"",""channel"":""DTC"",""actual_filename"":""ad_spend_daily.csv""},{""file"":""ad_spend_daily.csv"",""line"":5,""date"":""2026-08-02"",""channel"":""MARKETPLACE"",""actual_filename"":""ad_spend_daily.csv""},{""file"":""channel_costs_daily.csv"",""line"":4,""date"":""2026-08-02"",""channel"":""DTC"",""actual_filename"":""channel_costs_daily.csv""},{""file"":""channel_costs_daily.csv"",""line"":5,""date"":""2026-08-02"",""channel"":""MARKETPLACE"",""actual_filename"":""channel_costs_daily.csv""},{""file"":""sales_daily.csv"",""line"":6,""date"":""2026-08-02"",""channel"":""DTC"",""sku"":""A"",""actual_filename"":""sales_daily.csv""},{""file"":""sales_daily.csv"",""line"":7,""date"":""2026-08-02"",""channel"":""DTC"",""sku"":""B"",""actual_filename"":""sales_daily.csv""},{""file"":""sales_daily.csv"",""line"":8,""date"":""2026-08-02"",""channel"":""MARKETPLACE"",""sku"":""A"",""actual_filename"":""sales_daily.csv""},{""file"":""sales_daily.csv"",""line"":9,""date"":""2026-08-02"",""channel"":""MARKETPLACE"",""sku"":""B"",""actual_filename"":""sales_daily.csv""}]","{""comparison_mode"":""same_days"",""channels"":[""DTC"",""MARKETPLACE""],""previous_period"":{""start"":""2026-08-01"",""end"":""2026-08-01""},""current_period"":{""start"":""2026-08-02"",""end"":""2026-08-02""}}","action-1-92339086dd83c9a89ae5ac754bdbad2a30c215eb81213211b953451918ebfc48-f9c7f0abe4b1ba3759249887324f30b7d2ac873e7acf82a12c6fa32e19551a3b","",""
"decision-v1","scenario-v1","contribution-v1","golden-v1","92339086dd83c9a89ae5ac754bdbad2a30c215eb81213211b953451918ebfc48","f9c7f0abe4b1ba3759249887324f30b7d2ac873e7acf82a12c6fa32e19551a3b","2026-08-03","TWD","Asia/Taipei","product_amounts_excluding_tax_and_customer_shipping_income","1","current","{""start"":""2026-08-02"",""end"":""2026-08-02""}","{""kind"":""all"",""channels"":[""DTC"",""MARKETPLACE""]}","same_days","1","1","manual_action","27814c1d-1854-4090-9389-431af118e44f","匯出驗收行動第2項","draft","binding_revision","2","","[""[\""fact\"",\""golden-v1\"",\""2026-08-02\"",\""2026-08-02\"",\""all\"",[\""DTC\"",\""MARKETPLACE\""],null,\""contribution_after_marketing\""]""]","[{""file"":""ad_spend_daily.csv"",""line"":4,""date"":""2026-08-02"",""channel"":""DTC"",""actual_filename"":""ad_spend_daily.csv""},{""file"":""ad_spend_daily.csv"",""line"":5,""date"":""2026-08-02"",""channel"":""MARKETPLACE"",""actual_filename"":""ad_spend_daily.csv""},{""file"":""channel_costs_daily.csv"",""line"":4,""date"":""2026-08-02"",""channel"":""DTC"",""actual_filename"":""channel_costs_daily.csv""},{""file"":""channel_costs_daily.csv"",""line"":5,""date"":""2026-08-02"",""channel"":""MARKETPLACE"",""actual_filename"":""channel_costs_daily.csv""},{""file"":""sales_daily.csv"",""line"":6,""date"":""2026-08-02"",""channel"":""DTC"",""sku"":""A"",""actual_filename"":""sales_daily.csv""},{""file"":""sales_daily.csv"",""line"":7,""date"":""2026-08-02"",""channel"":""DTC"",""sku"":""B"",""actual_filename"":""sales_daily.csv""},{""file"":""sales_daily.csv"",""line"":8,""date"":""2026-08-02"",""channel"":""MARKETPLACE"",""sku"":""A"",""actual_filename"":""sales_daily.csv""},{""file"":""sales_daily.csv"",""line"":9,""date"":""2026-08-02"",""channel"":""MARKETPLACE"",""sku"":""B"",""actual_filename"":""sales_daily.csv""}]","{""comparison_mode"":""same_days"",""channels"":[""DTC"",""MARKETPLACE""],""previous_period"":{""start"":""2026-08-01"",""end"":""2026-08-01""},""current_period"":{""start"":""2026-08-02"",""end"":""2026-08-02""}}","action-1-92339086dd83c9a89ae5ac754bdbad2a30c215eb81213211b953451918ebfc48-f9c7f0abe4b1ba3759249887324f30b7d2ac873e7acf82a12c6fa32e19551a3b","",""
"decision-v1","scenario-v1","contribution-v1","golden-v1","92339086dd83c9a89ae5ac754bdbad2a30c215eb81213211b953451918ebfc48","f9c7f0abe4b1ba3759249887324f30b7d2ac873e7acf82a12c6fa32e19551a3b","2026-08-03","TWD","Asia/Taipei","product_amounts_excluding_tax_and_customer_shipping_income","1","current","{""start"":""2026-08-02"",""end"":""2026-08-02""}","{""kind"":""all"",""channels"":[""DTC"",""MARKETPLACE""]}","same_days","1","1","manual_action","27814c1d-1854-4090-9389-431af118e44f","匯出驗收行動第2項","draft","binding_history","[{""revision"":1,""context_id"":""action-1-92339086dd83c9a89ae5ac754bdbad2a30c215eb81213211b953451918ebfc48-f9c7f0abe4b1ba3759249887324f30b7d2ac873e7acf82a12c6fa32e19551a3b"",""scope"":{""kind"":""all"",""channels"":[""DTC"",""MARKETPLACE""]},""fact_ids"":[],""evidence_confirmed"":false,""legacy_review_required"":false,""evidence"":[],""dataset_id"":""golden-v1"",""dataset_hash"":""92339086dd83c9a89ae5ac754bdbad2a30c215eb81213211b953451918ebfc48"",""filter_hash"":""f9c7f0abe4b1ba3759249887324f30b7d2ac873e7acf82a12c6fa32e19551a3b"",""metric_version"":""contribution-v1"",""data_as_of"":""2026-08-03"",""period"":{""start"":""2026-08-02"",""end"":""2026-08-02""},""analysis_scope"":{""comparison_mode"":""same_days"",""channels"":[""DTC"",""MARKETPLACE""],""previous_period"":{""start"":""2026-08-01"",""end"":""2026-08-01""},""current_period"":{""start"":""2026-08-02"",""end"":""2026-08-02""}},""filenames"":{}}]","","[""[\""fact\"",\""golden-v1\"",\""2026-08-02\"",\""2026-08-02\"",\""all\"",[\""DTC\"",\""MARKETPLACE\""],null,\""contribution_after_marketing\""]""]","[{""file"":""ad_spend_daily.csv"",""line"":4,""date"":""2026-08-02"",""channel"":""DTC"",""actual_filename"":""ad_spend_daily.csv""},{""file"":""ad_spend_daily.csv"",""line"":5,""date"":""2026-08-02"",""channel"":""MARKETPLACE"",""actual_filename"":""ad_spend_daily.csv""},{""file"":""channel_costs_daily.csv"",""line"":4,""date"":""2026-08-02"",""channel"":""DTC"",""actual_filename"":""channel_costs_daily.csv""},{""file"":""channel_costs_daily.csv"",""line"":5,""date"":""2026-08-02"",""channel"":""MARKETPLACE"",""actual_filename"":""channel_costs_daily.csv""},{""file"":""sales_daily.csv"",""line"":6,""date"":""2026-08-02"",""channel"":""DTC"",""sku"":""A"",""actual_filename"":""sales_daily.csv""},{""file"":""sales_daily.csv"",""line"":7,""date"":""2026-08-02"",""channel"":""DTC"",""sku"":""B"",""actual_filename"":""sales_daily.csv""},{""file"":""sales_daily.csv"",""line"":8,""date"":""2026-08-02"",""channel"":""MARKETPLACE"",""sku"":""A"",""actual_filename"":""sales_daily.csv""},{""file"":""sales_daily.csv"",""line"":9,""date"":""2026-08-02"",""channel"":""MARKETPLACE"",""sku"":""B"",""actual_filename"":""sales_daily.csv""}]","{""comparison_mode"":""same_days"",""channels"":[""DTC"",""MARKETPLACE""],""previous_period"":{""start"":""2026-08-01"",""end"":""2026-08-01""},""current_period"":{""start"":""2026-08-02"",""end"":""2026-08-02""}}","action-1-92339086dd83c9a89ae5ac754bdbad2a30c215eb81213211b953451918ebfc48-f9c7f0abe4b1ba3759249887324f30b7d2ac873e7acf82a12c6fa32e19551a3b","",""
"decision-v1","scenario-v1","contribution-v1","golden-v1","92339086dd83c9a89ae5ac754bdbad2a30c215eb81213211b953451918ebfc48","f9c7f0abe4b1ba3759249887324f30b7d2ac873e7acf82a12c6fa32e19551a3b","2026-08-03","TWD","Asia/Taipei","product_amounts_excluding_tax_and_customer_shipping_income","1","current","{""start"":""2026-08-02"",""end"":""2026-08-02""}","{""kind"":""all"",""channels"":[""DTC"",""MARKETPLACE""]}","same_days","1","1","manual_action","27814c1d-1854-4090-9389-431af118e44f","匯出驗收行動第2項","draft","binding","{""context_id"":""action-1-92339086dd83c9a89ae5ac754bdbad2a30c215eb81213211b953451918ebfc48-f9c7f0abe4b1ba3759249887324f30b7d2ac873e7acf82a12c6fa32e19551a3b"",""status"":""current"",""dataset_id"":""golden-v1"",""dataset_hash"":""92339086dd83c9a89ae5ac754bdbad2a30c215eb81213211b953451918ebfc48"",""filter_hash"":""f9c7f0abe4b1ba3759249887324f30b7d2ac873e7acf82a12c6fa32e19551a3b"",""metric_version"":""contribution-v1"",""data_as_of"":""2026-08-03"",""revision"":1,""period"":{""start"":""2026-08-02"",""end"":""2026-08-02""},""scope"":{""kind"":""all"",""channels"":[""DTC"",""MARKETPLACE""]},""analysis_scope"":{""comparison_mode"":""same_days"",""channels"":[""DTC"",""MARKETPLACE""],""previous_period"":{""start"":""2026-08-01"",""end"":""2026-08-01""},""current_period"":{""start"":""2026-08-02"",""end"":""2026-08-02""}},""comparison"":{""mode"":""same_days"",""previous_days"":1,""current_days"":1,""previous_daily_average"":{""gross_sales"":{""value"":""2500.00"",""reason_codes"":[]},""discounts"":{""value"":""200.00"",""reason_codes"":[]},""refunds"":{""value"":""50.00"",""reason_codes"":[]},""cogs_net"":{""value"":""1050.00"",""reason_codes"":[]},""platform_fees"":{""value"":""90.00"",""reason_codes"":[]},""payment_fees"":{""value"":""60.00"",""reason_codes"":[]},""fulfillment_costs"":{""value"":""160.00"",""reason_codes"":[]},""other_variable_costs"":{""value"":""20.00"",""reason_codes"":[]},""ad_spend"":{""value"":""300.00"",""reason_codes"":[]},""net_revenue"":{""value"":""2250.00"",""reason_codes"":[]},""gross_profit"":{""value"":""1200.00"",""reason_codes"":[]},""contribution_before_marketing"":{""value"":""870.00"",""reason_codes"":[]},""contribution_after_marketing"":{""value"":""570.00"",""reason_codes"":[]}},""current_daily_average"":{""gross_sales"":{""value"":""3100.00"",""reason_codes"":[]},""discounts"":{""value"":""450.00"",""reason_codes"":[]},""refunds"":{""value"":""180.00"",""reason_codes"":[]},""cogs_net"":{""value"":""1325.00"",""reason_codes"":[]},""platform_fees"":{""value"":""120.00"",""reason_codes"":[]},""payment_fees"":{""value"":""66.00"",""reason_codes"":[]},""fulfillment_costs"":{""value"":""225.00"",""reason_codes"":[]},""other_variable_costs"":{""value"":""29.00"",""reason_codes"":[]},""ad_spend"":{""value"":""450.00"",""reason_codes"":[]},""net_revenue"":{""value"":""2470.00"",""reason_codes"":[]},""gross_profit"":{""value"":""1145.00"",""reason_codes"":[]},""contribution_before_marketing"":{""value"":""705.00"",""reason_codes"":[]},""contribution_after_marketing"":{""value"":""255.00"",""reason_codes"":[]}},""daily_average_changes"":{""gross_sales"":{""value"":""600.00"",""reason_codes"":[]},""discounts"":{""value"":""250.00"",""reason_codes"":[]},""refunds"":{""value"":""130.00"",""reason_codes"":[]},""cogs_net"":{""value"":""275.00"",""reason_codes"":[]},""platform_fees"":{""value"":""30.00"",""reason_codes"":[]},""payment_fees"":{""value"":""6.00"",""reason_codes"":[]},""fulfillment_costs"":{""value"":""65.00"",""reason_codes"":[]},""other_variable_costs"":{""value"":""9.00"",""reason_codes"":[]},""ad_spend"":{""value"":""150.00"",""reason_codes"":[]},""net_revenue"":{""value"":""220.00"",""reason_codes"":[]},""gross_profit"":{""value"":""-55.00"",""reason_codes"":[]},""contribution_before_marketing"":{""value"":""-165.00"",""reason_codes"":[]},""contribution_after_marketing"":{""value"":""-315.00"",""reason_codes"":[]}}},""filenames"":{},""stale_reasons"":[]}","","[""[\""fact\"",\""golden-v1\"",\""2026-08-02\"",\""2026-08-02\"",\""all\"",[\""DTC\"",\""MARKETPLACE\""],null,\""contribution_after_marketing\""]""]","[{""file"":""ad_spend_daily.csv"",""line"":4,""date"":""2026-08-02"",""channel"":""DTC"",""actual_filename"":""ad_spend_daily.csv""},{""file"":""ad_spend_daily.csv"",""line"":5,""date"":""2026-08-02"",""channel"":""MARKETPLACE"",""actual_filename"":""ad_spend_daily.csv""},{""file"":""channel_costs_daily.csv"",""line"":4,""date"":""2026-08-02"",""channel"":""DTC"",""actual_filename"":""channel_costs_daily.csv""},{""file"":""channel_costs_daily.csv"",""line"":5,""date"":""2026-08-02"",""channel"":""MARKETPLACE"",""actual_filename"":""channel_costs_daily.csv""},{""file"":""sales_daily.csv"",""line"":6,""date"":""2026-08-02"",""channel"":""DTC"",""sku"":""A"",""actual_filename"":""sales_daily.csv""},{""file"":""sales_daily.csv"",""line"":7,""date"":""2026-08-02"",""channel"":""DTC"",""sku"":""B"",""actual_filename"":""sales_daily.csv""},{""file"":""sales_daily.csv"",""line"":8,""date"":""2026-08-02"",""channel"":""MARKETPLACE"",""sku"":""A"",""actual_filename"":""sales_daily.csv""},{""file"":""sales_daily.csv"",""line"":9,""date"":""2026-08-02"",""channel"":""MARKETPLACE"",""sku"":""B"",""actual_filename"":""sales_daily.csv""}]","{""comparison_mode"":""same_days"",""channels"":[""DTC"",""MARKETPLACE""],""previous_period"":{""start"":""2026-08-01"",""end"":""2026-08-01""},""current_period"":{""start"":""2026-08-02"",""end"":""2026-08-02""}}","action-1-92339086dd83c9a89ae5ac754bdbad2a30c215eb81213211b953451918ebfc48-f9c7f0abe4b1ba3759249887324f30b7d2ac873e7acf82a12c6fa32e19551a3b","",""
"decision-v1","scenario-v1","contribution-v1","golden-v1","92339086dd83c9a89ae5ac754bdbad2a30c215eb81213211b953451918ebfc48","f9c7f0abe4b1ba3759249887324f30b7d2ac873e7acf82a12c6fa32e19551a3b","2026-08-03","TWD","Asia/Taipei","product_amounts_excluding_tax_and_customer_shipping_income","1","current","{""start"":""2026-08-02"",""end"":""2026-08-02""}","{""kind"":""all"",""channels"":[""DTC"",""MARKETPLACE""]}","same_days","1","1","action_fact","27814c1d-1854-4090-9389-431af118e44f","匯出驗收行動第2項","draft","contribution_after_marketing","255.00","[]","[""[\""fact\"",\""golden-v1\"",\""2026-08-02\"",\""2026-08-02\"",\""all\"",[\""DTC\"",\""MARKETPLACE\""],null,\""contribution_after_marketing\""]""]","[{""file"":""ad_spend_daily.csv"",""line"":4,""date"":""2026-08-02"",""channel"":""DTC"",""actual_filename"":""ad_spend_daily.csv""},{""file"":""ad_spend_daily.csv"",""line"":5,""date"":""2026-08-02"",""channel"":""MARKETPLACE"",""actual_filename"":""ad_spend_daily.csv""},{""file"":""channel_costs_daily.csv"",""line"":4,""date"":""2026-08-02"",""channel"":""DTC"",""actual_filename"":""channel_costs_daily.csv""},{""file"":""channel_costs_daily.csv"",""line"":5,""date"":""2026-08-02"",""channel"":""MARKETPLACE"",""actual_filename"":""channel_costs_daily.csv""},{""file"":""sales_daily.csv"",""line"":6,""date"":""2026-08-02"",""channel"":""DTC"",""sku"":""A"",""actual_filename"":""sales_daily.csv""},{""file"":""sales_daily.csv"",""line"":7,""date"":""2026-08-02"",""channel"":""DTC"",""sku"":""B"",""actual_filename"":""sales_daily.csv""},{""file"":""sales_daily.csv"",""line"":8,""date"":""2026-08-02"",""channel"":""MARKETPLACE"",""sku"":""A"",""actual_filename"":""sales_daily.csv""},{""file"":""sales_daily.csv"",""line"":9,""date"":""2026-08-02"",""channel"":""MARKETPLACE"",""sku"":""B"",""actual_filename"":""sales_daily.csv""}]","{""comparison_mode"":""same_days"",""channels"":[""DTC"",""MARKETPLACE""],""previous_period"":{""start"":""2026-08-01"",""end"":""2026-08-01""},""current_period"":{""start"":""2026-08-02"",""end"":""2026-08-02""}}","action-1-92339086dd83c9a89ae5ac754bdbad2a30c215eb81213211b953451918ebfc48-f9c7f0abe4b1ba3759249887324f30b7d2ac873e7acf82a12c6fa32e19551a3b","",""
"decision-v1","scenario-v1","contribution-v1","golden-v1","92339086dd83c9a89ae5ac754bdbad2a30c215eb81213211b953451918ebfc48","f9c7f0abe4b1ba3759249887324f30b7d2ac873e7acf82a12c6fa32e19551a3b","2026-08-03","TWD","Asia/Taipei","product_amounts_excluding_tax_and_customer_shipping_income","1","current","{""start"":""2026-08-02"",""end"":""2026-08-02""}","{""kind"":""all"",""channels"":[""DTC"",""MARKETPLACE""]}","same_days","1","1","manual_action","c5de02ca-14cc-4bdb-a421-ba1efa14ec22","匯出驗收行動第3項","draft","id","c5de02ca-14cc-4bdb-a421-ba1efa14ec22","","[""[\""fact\"",\""golden-v1\"",\""2026-08-02\"",\""2026-08-02\"",\""all\"",[\""DTC\"",\""MARKETPLACE\""],null,\""contribution_after_marketing\""]""]","[{""file"":""ad_spend_daily.csv"",""line"":4,""date"":""2026-08-02"",""channel"":""DTC"",""actual_filename"":""ad_spend_daily.csv""},{""file"":""ad_spend_daily.csv"",""line"":5,""date"":""2026-08-02"",""channel"":""MARKETPLACE"",""actual_filename"":""ad_spend_daily.csv""},{""file"":""channel_costs_daily.csv"",""line"":4,""date"":""2026-08-02"",""channel"":""DTC"",""actual_filename"":""channel_costs_daily.csv""},{""file"":""channel_costs_daily.csv"",""line"":5,""date"":""2026-08-02"",""channel"":""MARKETPLACE"",""actual_filename"":""channel_costs_daily.csv""},{""file"":""sales_daily.csv"",""line"":6,""date"":""2026-08-02"",""channel"":""DTC"",""sku"":""A"",""actual_filename"":""sales_daily.csv""},{""file"":""sales_daily.csv"",""line"":7,""date"":""2026-08-02"",""channel"":""DTC"",""sku"":""B"",""actual_filename"":""sales_daily.csv""},{""file"":""sales_daily.csv"",""line"":8,""date"":""2026-08-02"",""channel"":""MARKETPLACE"",""sku"":""A"",""actual_filename"":""sales_daily.csv""},{""file"":""sales_daily.csv"",""line"":9,""date"":""2026-08-02"",""channel"":""MARKETPLACE"",""sku"":""B"",""actual_filename"":""sales_daily.csv""}]","{""comparison_mode"":""same_days"",""channels"":[""DTC"",""MARKETPLACE""],""previous_period"":{""start"":""2026-08-01"",""end"":""2026-08-01""},""current_period"":{""start"":""2026-08-02"",""end"":""2026-08-02""}}","action-1-92339086dd83c9a89ae5ac754bdbad2a30c215eb81213211b953451918ebfc48-f9c7f0abe4b1ba3759249887324f30b7d2ac873e7acf82a12c6fa32e19551a3b","",""
"decision-v1","scenario-v1","contribution-v1","golden-v1","92339086dd83c9a89ae5ac754bdbad2a30c215eb81213211b953451918ebfc48","f9c7f0abe4b1ba3759249887324f30b7d2ac873e7acf82a12c6fa32e19551a3b","2026-08-03","TWD","Asia/Taipei","product_amounts_excluding_tax_and_customer_shipping_income","1","current","{""start"":""2026-08-02"",""end"":""2026-08-02""}","{""kind"":""all"",""channels"":[""DTC"",""MARKETPLACE""]}","same_days","1","1","manual_action","c5de02ca-14cc-4bdb-a421-ba1efa14ec22","匯出驗收行動第3項","draft","problem","匯出驗收行動第3項","","[""[\""fact\"",\""golden-v1\"",\""2026-08-02\"",\""2026-08-02\"",\""all\"",[\""DTC\"",\""MARKETPLACE\""],null,\""contribution_after_marketing\""]""]","[{""file"":""ad_spend_daily.csv"",""line"":4,""date"":""2026-08-02"",""channel"":""DTC"",""actual_filename"":""ad_spend_daily.csv""},{""file"":""ad_spend_daily.csv"",""line"":5,""date"":""2026-08-02"",""channel"":""MARKETPLACE"",""actual_filename"":""ad_spend_daily.csv""},{""file"":""channel_costs_daily.csv"",""line"":4,""date"":""2026-08-02"",""channel"":""DTC"",""actual_filename"":""channel_costs_daily.csv""},{""file"":""channel_costs_daily.csv"",""line"":5,""date"":""2026-08-02"",""channel"":""MARKETPLACE"",""actual_filename"":""channel_costs_daily.csv""},{""file"":""sales_daily.csv"",""line"":6,""date"":""2026-08-02"",""channel"":""DTC"",""sku"":""A"",""actual_filename"":""sales_daily.csv""},{""file"":""sales_daily.csv"",""line"":7,""date"":""2026-08-02"",""channel"":""DTC"",""sku"":""B"",""actual_filename"":""sales_daily.csv""},{""file"":""sales_daily.csv"",""line"":8,""date"":""2026-08-02"",""channel"":""MARKETPLACE"",""sku"":""A"",""actual_filename"":""sales_daily.csv""},{""file"":""sales_daily.csv"",""line"":9,""date"":""2026-08-02"",""channel"":""MARKETPLACE"",""sku"":""B"",""actual_filename"":""sales_daily.csv""}]","{""comparison_mode"":""same_days"",""channels"":[""DTC"",""MARKETPLACE""],""previous_period"":{""start"":""2026-08-01"",""end"":""2026-08-01""},""current_period"":{""start"":""2026-08-02"",""end"":""2026-08-02""}}","action-1-92339086dd83c9a89ae5ac754bdbad2a30c215eb81213211b953451918ebfc48-f9c7f0abe4b1ba3759249887324f30b7d2ac873e7acf82a12c6fa32e19551a3b","",""
"decision-v1","scenario-v1","contribution-v1","golden-v1","92339086dd83c9a89ae5ac754bdbad2a30c215eb81213211b953451918ebfc48","f9c7f0abe4b1ba3759249887324f30b7d2ac873e7acf82a12c6fa32e19551a3b","2026-08-03","TWD","Asia/Taipei","product_amounts_excluding_tax_and_customer_shipping_income","1","current","{""start"":""2026-08-02"",""end"":""2026-08-02""}","{""kind"":""all"",""channels"":[""DTC"",""MARKETPLACE""]}","same_days","1","1","manual_action","c5de02ca-14cc-4bdb-a421-ba1efa14ec22","匯出驗收行動第3項","draft","action","核對已入帳費用與來源","","[""[\""fact\"",\""golden-v1\"",\""2026-08-02\"",\""2026-08-02\"",\""all\"",[\""DTC\"",\""MARKETPLACE\""],null,\""contribution_after_marketing\""]""]","[{""file"":""ad_spend_daily.csv"",""line"":4,""date"":""2026-08-02"",""channel"":""DTC"",""actual_filename"":""ad_spend_daily.csv""},{""file"":""ad_spend_daily.csv"",""line"":5,""date"":""2026-08-02"",""channel"":""MARKETPLACE"",""actual_filename"":""ad_spend_daily.csv""},{""file"":""channel_costs_daily.csv"",""line"":4,""date"":""2026-08-02"",""channel"":""DTC"",""actual_filename"":""channel_costs_daily.csv""},{""file"":""channel_costs_daily.csv"",""line"":5,""date"":""2026-08-02"",""channel"":""MARKETPLACE"",""actual_filename"":""channel_costs_daily.csv""},{""file"":""sales_daily.csv"",""line"":6,""date"":""2026-08-02"",""channel"":""DTC"",""sku"":""A"",""actual_filename"":""sales_daily.csv""},{""file"":""sales_daily.csv"",""line"":7,""date"":""2026-08-02"",""channel"":""DTC"",""sku"":""B"",""actual_filename"":""sales_daily.csv""},{""file"":""sales_daily.csv"",""line"":8,""date"":""2026-08-02"",""channel"":""MARKETPLACE"",""sku"":""A"",""actual_filename"":""sales_daily.csv""},{""file"":""sales_daily.csv"",""line"":9,""date"":""2026-08-02"",""channel"":""MARKETPLACE"",""sku"":""B"",""actual_filename"":""sales_daily.csv""}]","{""comparison_mode"":""same_days"",""channels"":[""DTC"",""MARKETPLACE""],""previous_period"":{""start"":""2026-08-01"",""end"":""2026-08-01""},""current_period"":{""start"":""2026-08-02"",""end"":""2026-08-02""}}","action-1-92339086dd83c9a89ae5ac754bdbad2a30c215eb81213211b953451918ebfc48-f9c7f0abe4b1ba3759249887324f30b7d2ac873e7acf82a12c6fa32e19551a3b","",""
"decision-v1","scenario-v1","contribution-v1","golden-v1","92339086dd83c9a89ae5ac754bdbad2a30c215eb81213211b953451918ebfc48","f9c7f0abe4b1ba3759249887324f30b7d2ac873e7acf82a12c6fa32e19551a3b","2026-08-03","TWD","Asia/Taipei","product_amounts_excluding_tax_and_customer_shipping_income","1","current","{""start"":""2026-08-02"",""end"":""2026-08-02""}","{""kind"":""all"",""channels"":[""DTC"",""MARKETPLACE""]}","same_days","1","1","manual_action","c5de02ca-14cc-4bdb-a421-ba1efa14ec22","匯出驗收行動第3項","draft","fact_ids","[""[\""fact\"",\""golden-v1\"",\""2026-08-02\"",\""2026-08-02\"",\""all\"",[\""DTC\"",\""MARKETPLACE\""],null,\""contribution_after_marketing\""]""]","","[""[\""fact\"",\""golden-v1\"",\""2026-08-02\"",\""2026-08-02\"",\""all\"",[\""DTC\"",\""MARKETPLACE\""],null,\""contribution_after_marketing\""]""]","[{""file"":""ad_spend_daily.csv"",""line"":4,""date"":""2026-08-02"",""channel"":""DTC"",""actual_filename"":""ad_spend_daily.csv""},{""file"":""ad_spend_daily.csv"",""line"":5,""date"":""2026-08-02"",""channel"":""MARKETPLACE"",""actual_filename"":""ad_spend_daily.csv""},{""file"":""channel_costs_daily.csv"",""line"":4,""date"":""2026-08-02"",""channel"":""DTC"",""actual_filename"":""channel_costs_daily.csv""},{""file"":""channel_costs_daily.csv"",""line"":5,""date"":""2026-08-02"",""channel"":""MARKETPLACE"",""actual_filename"":""channel_costs_daily.csv""},{""file"":""sales_daily.csv"",""line"":6,""date"":""2026-08-02"",""channel"":""DTC"",""sku"":""A"",""actual_filename"":""sales_daily.csv""},{""file"":""sales_daily.csv"",""line"":7,""date"":""2026-08-02"",""channel"":""DTC"",""sku"":""B"",""actual_filename"":""sales_daily.csv""},{""file"":""sales_daily.csv"",""line"":8,""date"":""2026-08-02"",""channel"":""MARKETPLACE"",""sku"":""A"",""actual_filename"":""sales_daily.csv""},{""file"":""sales_daily.csv"",""line"":9,""date"":""2026-08-02"",""channel"":""MARKETPLACE"",""sku"":""B"",""actual_filename"":""sales_daily.csv""}]","{""comparison_mode"":""same_days"",""channels"":[""DTC"",""MARKETPLACE""],""previous_period"":{""start"":""2026-08-01"",""end"":""2026-08-01""},""current_period"":{""start"":""2026-08-02"",""end"":""2026-08-02""}}","action-1-92339086dd83c9a89ae5ac754bdbad2a30c215eb81213211b953451918ebfc48-f9c7f0abe4b1ba3759249887324f30b7d2ac873e7acf82a12c6fa32e19551a3b","",""
"decision-v1","scenario-v1","contribution-v1","golden-v1","92339086dd83c9a89ae5ac754bdbad2a30c215eb81213211b953451918ebfc48","f9c7f0abe4b1ba3759249887324f30b7d2ac873e7acf82a12c6fa32e19551a3b","2026-08-03","TWD","Asia/Taipei","product_amounts_excluding_tax_and_customer_shipping_income","1","current","{""start"":""2026-08-02"",""end"":""2026-08-02""}","{""kind"":""all"",""channels"":[""DTC"",""MARKETPLACE""]}","same_days","1","1","manual_action","c5de02ca-14cc-4bdb-a421-ba1efa14ec22","匯出驗收行動第3項","draft","owner_role","營運主管","","[""[\""fact\"",\""golden-v1\"",\""2026-08-02\"",\""2026-08-02\"",\""all\"",[\""DTC\"",\""MARKETPLACE\""],null,\""contribution_after_marketing\""]""]","[{""file"":""ad_spend_daily.csv"",""line"":4,""date"":""2026-08-02"",""channel"":""DTC"",""actual_filename"":""ad_spend_daily.csv""},{""file"":""ad_spend_daily.csv"",""line"":5,""date"":""2026-08-02"",""channel"":""MARKETPLACE"",""actual_filename"":""ad_spend_daily.csv""},{""file"":""channel_costs_daily.csv"",""line"":4,""date"":""2026-08-02"",""channel"":""DTC"",""actual_filename"":""channel_costs_daily.csv""},{""file"":""channel_costs_daily.csv"",""line"":5,""date"":""2026-08-02"",""channel"":""MARKETPLACE"",""actual_filename"":""channel_costs_daily.csv""},{""file"":""sales_daily.csv"",""line"":6,""date"":""2026-08-02"",""channel"":""DTC"",""sku"":""A"",""actual_filename"":""sales_daily.csv""},{""file"":""sales_daily.csv"",""line"":7,""date"":""2026-08-02"",""channel"":""DTC"",""sku"":""B"",""actual_filename"":""sales_daily.csv""},{""file"":""sales_daily.csv"",""line"":8,""date"":""2026-08-02"",""channel"":""MARKETPLACE"",""sku"":""A"",""actual_filename"":""sales_daily.csv""},{""file"":""sales_daily.csv"",""line"":9,""date"":""2026-08-02"",""channel"":""MARKETPLACE"",""sku"":""B"",""actual_filename"":""sales_daily.csv""}]","{""comparison_mode"":""same_days"",""channels"":[""DTC"",""MARKETPLACE""],""previous_period"":{""start"":""2026-08-01"",""end"":""2026-08-01""},""current_period"":{""start"":""2026-08-02"",""end"":""2026-08-02""}}","action-1-92339086dd83c9a89ae5ac754bdbad2a30c215eb81213211b953451918ebfc48-f9c7f0abe4b1ba3759249887324f30b7d2ac873e7acf82a12c6fa32e19551a3b","",""
"decision-v1","scenario-v1","contribution-v1","golden-v1","92339086dd83c9a89ae5ac754bdbad2a30c215eb81213211b953451918ebfc48","f9c7f0abe4b1ba3759249887324f30b7d2ac873e7acf82a12c6fa32e19551a3b","2026-08-03","TWD","Asia/Taipei","product_amounts_excluding_tax_and_customer_shipping_income","1","current","{""start"":""2026-08-02"",""end"":""2026-08-02""}","{""kind"":""all"",""channels"":[""DTC"",""MARKETPLACE""]}","same_days","1","1","manual_action","c5de02ca-14cc-4bdb-a421-ba1efa14ec22","匯出驗收行動第3項","draft","validation_metric","","","[""[\""fact\"",\""golden-v1\"",\""2026-08-02\"",\""2026-08-02\"",\""all\"",[\""DTC\"",\""MARKETPLACE\""],null,\""contribution_after_marketing\""]""]","[{""file"":""ad_spend_daily.csv"",""line"":4,""date"":""2026-08-02"",""channel"":""DTC"",""actual_filename"":""ad_spend_daily.csv""},{""file"":""ad_spend_daily.csv"",""line"":5,""date"":""2026-08-02"",""channel"":""MARKETPLACE"",""actual_filename"":""ad_spend_daily.csv""},{""file"":""channel_costs_daily.csv"",""line"":4,""date"":""2026-08-02"",""channel"":""DTC"",""actual_filename"":""channel_costs_daily.csv""},{""file"":""channel_costs_daily.csv"",""line"":5,""date"":""2026-08-02"",""channel"":""MARKETPLACE"",""actual_filename"":""channel_costs_daily.csv""},{""file"":""sales_daily.csv"",""line"":6,""date"":""2026-08-02"",""channel"":""DTC"",""sku"":""A"",""actual_filename"":""sales_daily.csv""},{""file"":""sales_daily.csv"",""line"":7,""date"":""2026-08-02"",""channel"":""DTC"",""sku"":""B"",""actual_filename"":""sales_daily.csv""},{""file"":""sales_daily.csv"",""line"":8,""date"":""2026-08-02"",""channel"":""MARKETPLACE"",""sku"":""A"",""actual_filename"":""sales_daily.csv""},{""file"":""sales_daily.csv"",""line"":9,""date"":""2026-08-02"",""channel"":""MARKETPLACE"",""sku"":""B"",""actual_filename"":""sales_daily.csv""}]","{""comparison_mode"":""same_days"",""channels"":[""DTC"",""MARKETPLACE""],""previous_period"":{""start"":""2026-08-01"",""end"":""2026-08-01""},""current_period"":{""start"":""2026-08-02"",""end"":""2026-08-02""}}","action-1-92339086dd83c9a89ae5ac754bdbad2a30c215eb81213211b953451918ebfc48-f9c7f0abe4b1ba3759249887324f30b7d2ac873e7acf82a12c6fa32e19551a3b","",""
"decision-v1","scenario-v1","contribution-v1","golden-v1","92339086dd83c9a89ae5ac754bdbad2a30c215eb81213211b953451918ebfc48","f9c7f0abe4b1ba3759249887324f30b7d2ac873e7acf82a12c6fa32e19551a3b","2026-08-03","TWD","Asia/Taipei","product_amounts_excluding_tax_and_customer_shipping_income","1","current","{""start"":""2026-08-02"",""end"":""2026-08-02""}","{""kind"":""all"",""channels"":[""DTC"",""MARKETPLACE""]}","same_days","1","1","manual_action","c5de02ca-14cc-4bdb-a421-ba1efa14ec22","匯出驗收行動第3項","draft","deadline","","","[""[\""fact\"",\""golden-v1\"",\""2026-08-02\"",\""2026-08-02\"",\""all\"",[\""DTC\"",\""MARKETPLACE\""],null,\""contribution_after_marketing\""]""]","[{""file"":""ad_spend_daily.csv"",""line"":4,""date"":""2026-08-02"",""channel"":""DTC"",""actual_filename"":""ad_spend_daily.csv""},{""file"":""ad_spend_daily.csv"",""line"":5,""date"":""2026-08-02"",""channel"":""MARKETPLACE"",""actual_filename"":""ad_spend_daily.csv""},{""file"":""channel_costs_daily.csv"",""line"":4,""date"":""2026-08-02"",""channel"":""DTC"",""actual_filename"":""channel_costs_daily.csv""},{""file"":""channel_costs_daily.csv"",""line"":5,""date"":""2026-08-02"",""channel"":""MARKETPLACE"",""actual_filename"":""channel_costs_daily.csv""},{""file"":""sales_daily.csv"",""line"":6,""date"":""2026-08-02"",""channel"":""DTC"",""sku"":""A"",""actual_filename"":""sales_daily.csv""},{""file"":""sales_daily.csv"",""line"":7,""date"":""2026-08-02"",""channel"":""DTC"",""sku"":""B"",""actual_filename"":""sales_daily.csv""},{""file"":""sales_daily.csv"",""line"":8,""date"":""2026-08-02"",""channel"":""MARKETPLACE"",""sku"":""A"",""actual_filename"":""sales_daily.csv""},{""file"":""sales_daily.csv"",""line"":9,""date"":""2026-08-02"",""channel"":""MARKETPLACE"",""sku"":""B"",""actual_filename"":""sales_daily.csv""}]","{""comparison_mode"":""same_days"",""channels"":[""DTC"",""MARKETPLACE""],""previous_period"":{""start"":""2026-08-01"",""end"":""2026-08-01""},""current_period"":{""start"":""2026-08-02"",""end"":""2026-08-02""}}","action-1-92339086dd83c9a89ae5ac754bdbad2a30c215eb81213211b953451918ebfc48-f9c7f0abe4b1ba3759249887324f30b7d2ac873e7acf82a12c6fa32e19551a3b","",""
"decision-v1","scenario-v1","contribution-v1","golden-v1","92339086dd83c9a89ae5ac754bdbad2a30c215eb81213211b953451918ebfc48","f9c7f0abe4b1ba3759249887324f30b7d2ac873e7acf82a12c6fa32e19551a3b","2026-08-03","TWD","Asia/Taipei","product_amounts_excluding_tax_and_customer_shipping_income","1","current","{""start"":""2026-08-02"",""end"":""2026-08-02""}","{""kind"":""all"",""channels"":[""DTC"",""MARKETPLACE""]}","same_days","1","1","manual_action","c5de02ca-14cc-4bdb-a421-ba1efa14ec22","匯出驗收行動第3項","draft","stop_condition","","","[""[\""fact\"",\""golden-v1\"",\""2026-08-02\"",\""2026-08-02\"",\""all\"",[\""DTC\"",\""MARKETPLACE\""],null,\""contribution_after_marketing\""]""]","[{""file"":""ad_spend_daily.csv"",""line"":4,""date"":""2026-08-02"",""channel"":""DTC"",""actual_filename"":""ad_spend_daily.csv""},{""file"":""ad_spend_daily.csv"",""line"":5,""date"":""2026-08-02"",""channel"":""MARKETPLACE"",""actual_filename"":""ad_spend_daily.csv""},{""file"":""channel_costs_daily.csv"",""line"":4,""date"":""2026-08-02"",""channel"":""DTC"",""actual_filename"":""channel_costs_daily.csv""},{""file"":""channel_costs_daily.csv"",""line"":5,""date"":""2026-08-02"",""channel"":""MARKETPLACE"",""actual_filename"":""channel_costs_daily.csv""},{""file"":""sales_daily.csv"",""line"":6,""date"":""2026-08-02"",""channel"":""DTC"",""sku"":""A"",""actual_filename"":""sales_daily.csv""},{""file"":""sales_daily.csv"",""line"":7,""date"":""2026-08-02"",""channel"":""DTC"",""sku"":""B"",""actual_filename"":""sales_daily.csv""},{""file"":""sales_daily.csv"",""line"":8,""date"":""2026-08-02"",""channel"":""MARKETPLACE"",""sku"":""A"",""actual_filename"":""sales_daily.csv""},{""file"":""sales_daily.csv"",""line"":9,""date"":""2026-08-02"",""channel"":""MARKETPLACE"",""sku"":""B"",""actual_filename"":""sales_daily.csv""}]","{""comparison_mode"":""same_days"",""channels"":[""DTC"",""MARKETPLACE""],""previous_period"":{""start"":""2026-08-01"",""end"":""2026-08-01""},""current_period"":{""start"":""2026-08-02"",""end"":""2026-08-02""}}","action-1-92339086dd83c9a89ae5ac754bdbad2a30c215eb81213211b953451918ebfc48-f9c7f0abe4b1ba3759249887324f30b7d2ac873e7acf82a12c6fa32e19551a3b","",""
"decision-v1","scenario-v1","contribution-v1","golden-v1","92339086dd83c9a89ae5ac754bdbad2a30c215eb81213211b953451918ebfc48","f9c7f0abe4b1ba3759249887324f30b7d2ac873e7acf82a12c6fa32e19551a3b","2026-08-03","TWD","Asia/Taipei","product_amounts_excluding_tax_and_customer_shipping_income","1","current","{""start"":""2026-08-02"",""end"":""2026-08-02""}","{""kind"":""all"",""channels"":[""DTC"",""MARKETPLACE""]}","same_days","1","1","manual_action","c5de02ca-14cc-4bdb-a421-ba1efa14ec22","匯出驗收行動第3項","draft","required_data","","","[""[\""fact\"",\""golden-v1\"",\""2026-08-02\"",\""2026-08-02\"",\""all\"",[\""DTC\"",\""MARKETPLACE\""],null,\""contribution_after_marketing\""]""]","[{""file"":""ad_spend_daily.csv"",""line"":4,""date"":""2026-08-02"",""channel"":""DTC"",""actual_filename"":""ad_spend_daily.csv""},{""file"":""ad_spend_daily.csv"",""line"":5,""date"":""2026-08-02"",""channel"":""MARKETPLACE"",""actual_filename"":""ad_spend_daily.csv""},{""file"":""channel_costs_daily.csv"",""line"":4,""date"":""2026-08-02"",""channel"":""DTC"",""actual_filename"":""channel_costs_daily.csv""},{""file"":""channel_costs_daily.csv"",""line"":5,""date"":""2026-08-02"",""channel"":""MARKETPLACE"",""actual_filename"":""channel_costs_daily.csv""},{""file"":""sales_daily.csv"",""line"":6,""date"":""2026-08-02"",""channel"":""DTC"",""sku"":""A"",""actual_filename"":""sales_daily.csv""},{""file"":""sales_daily.csv"",""line"":7,""date"":""2026-08-02"",""channel"":""DTC"",""sku"":""B"",""actual_filename"":""sales_daily.csv""},{""file"":""sales_daily.csv"",""line"":8,""date"":""2026-08-02"",""channel"":""MARKETPLACE"",""sku"":""A"",""actual_filename"":""sales_daily.csv""},{""file"":""sales_daily.csv"",""line"":9,""date"":""2026-08-02"",""channel"":""MARKETPLACE"",""sku"":""B"",""actual_filename"":""sales_daily.csv""}]","{""comparison_mode"":""same_days"",""channels"":[""DTC"",""MARKETPLACE""],""previous_period"":{""start"":""2026-08-01"",""end"":""2026-08-01""},""current_period"":{""start"":""2026-08-02"",""end"":""2026-08-02""}}","action-1-92339086dd83c9a89ae5ac754bdbad2a30c215eb81213211b953451918ebfc48-f9c7f0abe4b1ba3759249887324f30b7d2ac873e7acf82a12c6fa32e19551a3b","",""
"decision-v1","scenario-v1","contribution-v1","golden-v1","92339086dd83c9a89ae5ac754bdbad2a30c215eb81213211b953451918ebfc48","f9c7f0abe4b1ba3759249887324f30b7d2ac873e7acf82a12c6fa32e19551a3b","2026-08-03","TWD","Asia/Taipei","product_amounts_excluding_tax_and_customer_shipping_income","1","current","{""start"":""2026-08-02"",""end"":""2026-08-02""}","{""kind"":""all"",""channels"":[""DTC"",""MARKETPLACE""]}","same_days","1","1","manual_action","c5de02ca-14cc-4bdb-a421-ba1efa14ec22","匯出驗收行動第3項","draft","origin","manual","","[""[\""fact\"",\""golden-v1\"",\""2026-08-02\"",\""2026-08-02\"",\""all\"",[\""DTC\"",\""MARKETPLACE\""],null,\""contribution_after_marketing\""]""]","[{""file"":""ad_spend_daily.csv"",""line"":4,""date"":""2026-08-02"",""channel"":""DTC"",""actual_filename"":""ad_spend_daily.csv""},{""file"":""ad_spend_daily.csv"",""line"":5,""date"":""2026-08-02"",""channel"":""MARKETPLACE"",""actual_filename"":""ad_spend_daily.csv""},{""file"":""channel_costs_daily.csv"",""line"":4,""date"":""2026-08-02"",""channel"":""DTC"",""actual_filename"":""channel_costs_daily.csv""},{""file"":""channel_costs_daily.csv"",""line"":5,""date"":""2026-08-02"",""channel"":""MARKETPLACE"",""actual_filename"":""channel_costs_daily.csv""},{""file"":""sales_daily.csv"",""line"":6,""date"":""2026-08-02"",""channel"":""DTC"",""sku"":""A"",""actual_filename"":""sales_daily.csv""},{""file"":""sales_daily.csv"",""line"":7,""date"":""2026-08-02"",""channel"":""DTC"",""sku"":""B"",""actual_filename"":""sales_daily.csv""},{""file"":""sales_daily.csv"",""line"":8,""date"":""2026-08-02"",""channel"":""MARKETPLACE"",""sku"":""A"",""actual_filename"":""sales_daily.csv""},{""file"":""sales_daily.csv"",""line"":9,""date"":""2026-08-02"",""channel"":""MARKETPLACE"",""sku"":""B"",""actual_filename"":""sales_daily.csv""}]","{""comparison_mode"":""same_days"",""channels"":[""DTC"",""MARKETPLACE""],""previous_period"":{""start"":""2026-08-01"",""end"":""2026-08-01""},""current_period"":{""start"":""2026-08-02"",""end"":""2026-08-02""}}","action-1-92339086dd83c9a89ae5ac754bdbad2a30c215eb81213211b953451918ebfc48-f9c7f0abe4b1ba3759249887324f30b7d2ac873e7acf82a12c6fa32e19551a3b","",""
"decision-v1","scenario-v1","contribution-v1","golden-v1","92339086dd83c9a89ae5ac754bdbad2a30c215eb81213211b953451918ebfc48","f9c7f0abe4b1ba3759249887324f30b7d2ac873e7acf82a12c6fa32e19551a3b","2026-08-03","TWD","Asia/Taipei","product_amounts_excluding_tax_and_customer_shipping_income","1","current","{""start"":""2026-08-02"",""end"":""2026-08-02""}","{""kind"":""all"",""channels"":[""DTC"",""MARKETPLACE""]}","same_days","1","1","manual_action","c5de02ca-14cc-4bdb-a421-ba1efa14ec22","匯出驗收行動第3項","draft","evidence_confirmed","false","","[""[\""fact\"",\""golden-v1\"",\""2026-08-02\"",\""2026-08-02\"",\""all\"",[\""DTC\"",\""MARKETPLACE\""],null,\""contribution_after_marketing\""]""]","[{""file"":""ad_spend_daily.csv"",""line"":4,""date"":""2026-08-02"",""channel"":""DTC"",""actual_filename"":""ad_spend_daily.csv""},{""file"":""ad_spend_daily.csv"",""line"":5,""date"":""2026-08-02"",""channel"":""MARKETPLACE"",""actual_filename"":""ad_spend_daily.csv""},{""file"":""channel_costs_daily.csv"",""line"":4,""date"":""2026-08-02"",""channel"":""DTC"",""actual_filename"":""channel_costs_daily.csv""},{""file"":""channel_costs_daily.csv"",""line"":5,""date"":""2026-08-02"",""channel"":""MARKETPLACE"",""actual_filename"":""channel_costs_daily.csv""},{""file"":""sales_daily.csv"",""line"":6,""date"":""2026-08-02"",""channel"":""DTC"",""sku"":""A"",""actual_filename"":""sales_daily.csv""},{""file"":""sales_daily.csv"",""line"":7,""date"":""2026-08-02"",""channel"":""DTC"",""sku"":""B"",""actual_filename"":""sales_daily.csv""},{""file"":""sales_daily.csv"",""line"":8,""date"":""2026-08-02"",""channel"":""MARKETPLACE"",""sku"":""A"",""actual_filename"":""sales_daily.csv""},{""file"":""sales_daily.csv"",""line"":9,""date"":""2026-08-02"",""channel"":""MARKETPLACE"",""sku"":""B"",""actual_filename"":""sales_daily.csv""}]","{""comparison_mode"":""same_days"",""channels"":[""DTC"",""MARKETPLACE""],""previous_period"":{""start"":""2026-08-01"",""end"":""2026-08-01""},""current_period"":{""start"":""2026-08-02"",""end"":""2026-08-02""}}","action-1-92339086dd83c9a89ae5ac754bdbad2a30c215eb81213211b953451918ebfc48-f9c7f0abe4b1ba3759249887324f30b7d2ac873e7acf82a12c6fa32e19551a3b","",""
"decision-v1","scenario-v1","contribution-v1","golden-v1","92339086dd83c9a89ae5ac754bdbad2a30c215eb81213211b953451918ebfc48","f9c7f0abe4b1ba3759249887324f30b7d2ac873e7acf82a12c6fa32e19551a3b","2026-08-03","TWD","Asia/Taipei","product_amounts_excluding_tax_and_customer_shipping_income","1","current","{""start"":""2026-08-02"",""end"":""2026-08-02""}","{""kind"":""all"",""channels"":[""DTC"",""MARKETPLACE""]}","same_days","1","1","manual_action","c5de02ca-14cc-4bdb-a421-ba1efa14ec22","匯出驗收行動第3項","draft","priority","3","","[""[\""fact\"",\""golden-v1\"",\""2026-08-02\"",\""2026-08-02\"",\""all\"",[\""DTC\"",\""MARKETPLACE\""],null,\""contribution_after_marketing\""]""]","[{""file"":""ad_spend_daily.csv"",""line"":4,""date"":""2026-08-02"",""channel"":""DTC"",""actual_filename"":""ad_spend_daily.csv""},{""file"":""ad_spend_daily.csv"",""line"":5,""date"":""2026-08-02"",""channel"":""MARKETPLACE"",""actual_filename"":""ad_spend_daily.csv""},{""file"":""channel_costs_daily.csv"",""line"":4,""date"":""2026-08-02"",""channel"":""DTC"",""actual_filename"":""channel_costs_daily.csv""},{""file"":""channel_costs_daily.csv"",""line"":5,""date"":""2026-08-02"",""channel"":""MARKETPLACE"",""actual_filename"":""channel_costs_daily.csv""},{""file"":""sales_daily.csv"",""line"":6,""date"":""2026-08-02"",""channel"":""DTC"",""sku"":""A"",""actual_filename"":""sales_daily.csv""},{""file"":""sales_daily.csv"",""line"":7,""date"":""2026-08-02"",""channel"":""DTC"",""sku"":""B"",""actual_filename"":""sales_daily.csv""},{""file"":""sales_daily.csv"",""line"":8,""date"":""2026-08-02"",""channel"":""MARKETPLACE"",""sku"":""A"",""actual_filename"":""sales_daily.csv""},{""file"":""sales_daily.csv"",""line"":9,""date"":""2026-08-02"",""channel"":""MARKETPLACE"",""sku"":""B"",""actual_filename"":""sales_daily.csv""}]","{""comparison_mode"":""same_days"",""channels"":[""DTC"",""MARKETPLACE""],""previous_period"":{""start"":""2026-08-01"",""end"":""2026-08-01""},""current_period"":{""start"":""2026-08-02"",""end"":""2026-08-02""}}","action-1-92339086dd83c9a89ae5ac754bdbad2a30c215eb81213211b953451918ebfc48-f9c7f0abe4b1ba3759249887324f30b7d2ac873e7acf82a12c6fa32e19551a3b","",""
"decision-v1","scenario-v1","contribution-v1","golden-v1","92339086dd83c9a89ae5ac754bdbad2a30c215eb81213211b953451918ebfc48","f9c7f0abe4b1ba3759249887324f30b7d2ac873e7acf82a12c6fa32e19551a3b","2026-08-03","TWD","Asia/Taipei","product_amounts_excluding_tax_and_customer_shipping_income","1","current","{""start"":""2026-08-02"",""end"":""2026-08-02""}","{""kind"":""all"",""channels"":[""DTC"",""MARKETPLACE""]}","same_days","1","1","manual_action","c5de02ca-14cc-4bdb-a421-ba1efa14ec22","匯出驗收行動第3項","draft","pinned","true","","[""[\""fact\"",\""golden-v1\"",\""2026-08-02\"",\""2026-08-02\"",\""all\"",[\""DTC\"",\""MARKETPLACE\""],null,\""contribution_after_marketing\""]""]","[{""file"":""ad_spend_daily.csv"",""line"":4,""date"":""2026-08-02"",""channel"":""DTC"",""actual_filename"":""ad_spend_daily.csv""},{""file"":""ad_spend_daily.csv"",""line"":5,""date"":""2026-08-02"",""channel"":""MARKETPLACE"",""actual_filename"":""ad_spend_daily.csv""},{""file"":""channel_costs_daily.csv"",""line"":4,""date"":""2026-08-02"",""channel"":""DTC"",""actual_filename"":""channel_costs_daily.csv""},{""file"":""channel_costs_daily.csv"",""line"":5,""date"":""2026-08-02"",""channel"":""MARKETPLACE"",""actual_filename"":""channel_costs_daily.csv""},{""file"":""sales_daily.csv"",""line"":6,""date"":""2026-08-02"",""channel"":""DTC"",""sku"":""A"",""actual_filename"":""sales_daily.csv""},{""file"":""sales_daily.csv"",""line"":7,""date"":""2026-08-02"",""channel"":""DTC"",""sku"":""B"",""actual_filename"":""sales_daily.csv""},{""file"":""sales_daily.csv"",""line"":8,""date"":""2026-08-02"",""channel"":""MARKETPLACE"",""sku"":""A"",""actual_filename"":""sales_daily.csv""},{""file"":""sales_daily.csv"",""line"":9,""date"":""2026-08-02"",""channel"":""MARKETPLACE"",""sku"":""B"",""actual_filename"":""sales_daily.csv""}]","{""comparison_mode"":""same_days"",""channels"":[""DTC"",""MARKETPLACE""],""previous_period"":{""start"":""2026-08-01"",""end"":""2026-08-01""},""current_period"":{""start"":""2026-08-02"",""end"":""2026-08-02""}}","action-1-92339086dd83c9a89ae5ac754bdbad2a30c215eb81213211b953451918ebfc48-f9c7f0abe4b1ba3759249887324f30b7d2ac873e7acf82a12c6fa32e19551a3b","",""
"decision-v1","scenario-v1","contribution-v1","golden-v1","92339086dd83c9a89ae5ac754bdbad2a30c215eb81213211b953451918ebfc48","f9c7f0abe4b1ba3759249887324f30b7d2ac873e7acf82a12c6fa32e19551a3b","2026-08-03","TWD","Asia/Taipei","product_amounts_excluding_tax_and_customer_shipping_income","1","current","{""start"":""2026-08-02"",""end"":""2026-08-02""}","{""kind"":""all"",""channels"":[""DTC"",""MARKETPLACE""]}","same_days","1","1","manual_action","c5de02ca-14cc-4bdb-a421-ba1efa14ec22","匯出驗收行動第3項","draft","status","draft","","[""[\""fact\"",\""golden-v1\"",\""2026-08-02\"",\""2026-08-02\"",\""all\"",[\""DTC\"",\""MARKETPLACE\""],null,\""contribution_after_marketing\""]""]","[{""file"":""ad_spend_daily.csv"",""line"":4,""date"":""2026-08-02"",""channel"":""DTC"",""actual_filename"":""ad_spend_daily.csv""},{""file"":""ad_spend_daily.csv"",""line"":5,""date"":""2026-08-02"",""channel"":""MARKETPLACE"",""actual_filename"":""ad_spend_daily.csv""},{""file"":""channel_costs_daily.csv"",""line"":4,""date"":""2026-08-02"",""channel"":""DTC"",""actual_filename"":""channel_costs_daily.csv""},{""file"":""channel_costs_daily.csv"",""line"":5,""date"":""2026-08-02"",""channel"":""MARKETPLACE"",""actual_filename"":""channel_costs_daily.csv""},{""file"":""sales_daily.csv"",""line"":6,""date"":""2026-08-02"",""channel"":""DTC"",""sku"":""A"",""actual_filename"":""sales_daily.csv""},{""file"":""sales_daily.csv"",""line"":7,""date"":""2026-08-02"",""channel"":""DTC"",""sku"":""B"",""actual_filename"":""sales_daily.csv""},{""file"":""sales_daily.csv"",""line"":8,""date"":""2026-08-02"",""channel"":""MARKETPLACE"",""sku"":""A"",""actual_filename"":""sales_daily.csv""},{""file"":""sales_daily.csv"",""line"":9,""date"":""2026-08-02"",""channel"":""MARKETPLACE"",""sku"":""B"",""actual_filename"":""sales_daily.csv""}]","{""comparison_mode"":""same_days"",""channels"":[""DTC"",""MARKETPLACE""],""previous_period"":{""start"":""2026-08-01"",""end"":""2026-08-01""},""current_period"":{""start"":""2026-08-02"",""end"":""2026-08-02""}}","action-1-92339086dd83c9a89ae5ac754bdbad2a30c215eb81213211b953451918ebfc48-f9c7f0abe4b1ba3759249887324f30b7d2ac873e7acf82a12c6fa32e19551a3b","",""
"decision-v1","scenario-v1","contribution-v1","golden-v1","92339086dd83c9a89ae5ac754bdbad2a30c215eb81213211b953451918ebfc48","f9c7f0abe4b1ba3759249887324f30b7d2ac873e7acf82a12c6fa32e19551a3b","2026-08-03","TWD","Asia/Taipei","product_amounts_excluding_tax_and_customer_shipping_income","1","current","{""start"":""2026-08-02"",""end"":""2026-08-02""}","{""kind"":""all"",""channels"":[""DTC"",""MARKETPLACE""]}","same_days","1","1","manual_action","c5de02ca-14cc-4bdb-a421-ba1efa14ec22","匯出驗收行動第3項","draft","execution_status","not_started","","[""[\""fact\"",\""golden-v1\"",\""2026-08-02\"",\""2026-08-02\"",\""all\"",[\""DTC\"",\""MARKETPLACE\""],null,\""contribution_after_marketing\""]""]","[{""file"":""ad_spend_daily.csv"",""line"":4,""date"":""2026-08-02"",""channel"":""DTC"",""actual_filename"":""ad_spend_daily.csv""},{""file"":""ad_spend_daily.csv"",""line"":5,""date"":""2026-08-02"",""channel"":""MARKETPLACE"",""actual_filename"":""ad_spend_daily.csv""},{""file"":""channel_costs_daily.csv"",""line"":4,""date"":""2026-08-02"",""channel"":""DTC"",""actual_filename"":""channel_costs_daily.csv""},{""file"":""channel_costs_daily.csv"",""line"":5,""date"":""2026-08-02"",""channel"":""MARKETPLACE"",""actual_filename"":""channel_costs_daily.csv""},{""file"":""sales_daily.csv"",""line"":6,""date"":""2026-08-02"",""channel"":""DTC"",""sku"":""A"",""actual_filename"":""sales_daily.csv""},{""file"":""sales_daily.csv"",""line"":7,""date"":""2026-08-02"",""channel"":""DTC"",""sku"":""B"",""actual_filename"":""sales_daily.csv""},{""file"":""sales_daily.csv"",""line"":8,""date"":""2026-08-02"",""channel"":""MARKETPLACE"",""sku"":""A"",""actual_filename"":""sales_daily.csv""},{""file"":""sales_daily.csv"",""line"":9,""date"":""2026-08-02"",""channel"":""MARKETPLACE"",""sku"":""B"",""actual_filename"":""sales_daily.csv""}]","{""comparison_mode"":""same_days"",""channels"":[""DTC"",""MARKETPLACE""],""previous_period"":{""start"":""2026-08-01"",""end"":""2026-08-01""},""current_period"":{""start"":""2026-08-02"",""end"":""2026-08-02""}}","action-1-92339086dd83c9a89ae5ac754bdbad2a30c215eb81213211b953451918ebfc48-f9c7f0abe4b1ba3759249887324f30b7d2ac873e7acf82a12c6fa32e19551a3b","",""
"decision-v1","scenario-v1","contribution-v1","golden-v1","92339086dd83c9a89ae5ac754bdbad2a30c215eb81213211b953451918ebfc48","f9c7f0abe4b1ba3759249887324f30b7d2ac873e7acf82a12c6fa32e19551a3b","2026-08-03","TWD","Asia/Taipei","product_amounts_excluding_tax_and_customer_shipping_income","1","current","{""start"":""2026-08-02"",""end"":""2026-08-02""}","{""kind"":""all"",""channels"":[""DTC"",""MARKETPLACE""]}","same_days","1","1","manual_action","c5de02ca-14cc-4bdb-a421-ba1efa14ec22","匯出驗收行動第3項","draft","progress_notes","","","[""[\""fact\"",\""golden-v1\"",\""2026-08-02\"",\""2026-08-02\"",\""all\"",[\""DTC\"",\""MARKETPLACE\""],null,\""contribution_after_marketing\""]""]","[{""file"":""ad_spend_daily.csv"",""line"":4,""date"":""2026-08-02"",""channel"":""DTC"",""actual_filename"":""ad_spend_daily.csv""},{""file"":""ad_spend_daily.csv"",""line"":5,""date"":""2026-08-02"",""channel"":""MARKETPLACE"",""actual_filename"":""ad_spend_daily.csv""},{""file"":""channel_costs_daily.csv"",""line"":4,""date"":""2026-08-02"",""channel"":""DTC"",""actual_filename"":""channel_costs_daily.csv""},{""file"":""channel_costs_daily.csv"",""line"":5,""date"":""2026-08-02"",""channel"":""MARKETPLACE"",""actual_filename"":""channel_costs_daily.csv""},{""file"":""sales_daily.csv"",""line"":6,""date"":""2026-08-02"",""channel"":""DTC"",""sku"":""A"",""actual_filename"":""sales_daily.csv""},{""file"":""sales_daily.csv"",""line"":7,""date"":""2026-08-02"",""channel"":""DTC"",""sku"":""B"",""actual_filename"":""sales_daily.csv""},{""file"":""sales_daily.csv"",""line"":8,""date"":""2026-08-02"",""channel"":""MARKETPLACE"",""sku"":""A"",""actual_filename"":""sales_daily.csv""},{""file"":""sales_daily.csv"",""line"":9,""date"":""2026-08-02"",""channel"":""MARKETPLACE"",""sku"":""B"",""actual_filename"":""sales_daily.csv""}]","{""comparison_mode"":""same_days"",""channels"":[""DTC"",""MARKETPLACE""],""previous_period"":{""start"":""2026-08-01"",""end"":""2026-08-01""},""current_period"":{""start"":""2026-08-02"",""end"":""2026-08-02""}}","action-1-92339086dd83c9a89ae5ac754bdbad2a30c215eb81213211b953451918ebfc48-f9c7f0abe4b1ba3759249887324f30b7d2ac873e7acf82a12c6fa32e19551a3b","",""
"decision-v1","scenario-v1","contribution-v1","golden-v1","92339086dd83c9a89ae5ac754bdbad2a30c215eb81213211b953451918ebfc48","f9c7f0abe4b1ba3759249887324f30b7d2ac873e7acf82a12c6fa32e19551a3b","2026-08-03","TWD","Asia/Taipei","product_amounts_excluding_tax_and_customer_shipping_income","1","current","{""start"":""2026-08-02"",""end"":""2026-08-02""}","{""kind"":""all"",""channels"":[""DTC"",""MARKETPLACE""]}","same_days","1","1","manual_action","c5de02ca-14cc-4bdb-a421-ba1efa14ec22","匯出驗收行動第3項","draft","evidence_review_required","false","","[""[\""fact\"",\""golden-v1\"",\""2026-08-02\"",\""2026-08-02\"",\""all\"",[\""DTC\"",\""MARKETPLACE\""],null,\""contribution_after_marketing\""]""]","[{""file"":""ad_spend_daily.csv"",""line"":4,""date"":""2026-08-02"",""channel"":""DTC"",""actual_filename"":""ad_spend_daily.csv""},{""file"":""ad_spend_daily.csv"",""line"":5,""date"":""2026-08-02"",""channel"":""MARKETPLACE"",""actual_filename"":""ad_spend_daily.csv""},{""file"":""channel_costs_daily.csv"",""line"":4,""date"":""2026-08-02"",""channel"":""DTC"",""actual_filename"":""channel_costs_daily.csv""},{""file"":""channel_costs_daily.csv"",""line"":5,""date"":""2026-08-02"",""channel"":""MARKETPLACE"",""actual_filename"":""channel_costs_daily.csv""},{""file"":""sales_daily.csv"",""line"":6,""date"":""2026-08-02"",""channel"":""DTC"",""sku"":""A"",""actual_filename"":""sales_daily.csv""},{""file"":""sales_daily.csv"",""line"":7,""date"":""2026-08-02"",""channel"":""DTC"",""sku"":""B"",""actual_filename"":""sales_daily.csv""},{""file"":""sales_daily.csv"",""line"":8,""date"":""2026-08-02"",""channel"":""MARKETPLACE"",""sku"":""A"",""actual_filename"":""sales_daily.csv""},{""file"":""sales_daily.csv"",""line"":9,""date"":""2026-08-02"",""channel"":""MARKETPLACE"",""sku"":""B"",""actual_filename"":""sales_daily.csv""}]","{""comparison_mode"":""same_days"",""channels"":[""DTC"",""MARKETPLACE""],""previous_period"":{""start"":""2026-08-01"",""end"":""2026-08-01""},""current_period"":{""start"":""2026-08-02"",""end"":""2026-08-02""}}","action-1-92339086dd83c9a89ae5ac754bdbad2a30c215eb81213211b953451918ebfc48-f9c7f0abe4b1ba3759249887324f30b7d2ac873e7acf82a12c6fa32e19551a3b","",""
"decision-v1","scenario-v1","contribution-v1","golden-v1","92339086dd83c9a89ae5ac754bdbad2a30c215eb81213211b953451918ebfc48","f9c7f0abe4b1ba3759249887324f30b7d2ac873e7acf82a12c6fa32e19551a3b","2026-08-03","TWD","Asia/Taipei","product_amounts_excluding_tax_and_customer_shipping_income","1","current","{""start"":""2026-08-02"",""end"":""2026-08-02""}","{""kind"":""all"",""channels"":[""DTC"",""MARKETPLACE""]}","same_days","1","1","manual_action","c5de02ca-14cc-4bdb-a421-ba1efa14ec22","匯出驗收行動第3項","draft","evidence_relation","current","","[""[\""fact\"",\""golden-v1\"",\""2026-08-02\"",\""2026-08-02\"",\""all\"",[\""DTC\"",\""MARKETPLACE\""],null,\""contribution_after_marketing\""]""]","[{""file"":""ad_spend_daily.csv"",""line"":4,""date"":""2026-08-02"",""channel"":""DTC"",""actual_filename"":""ad_spend_daily.csv""},{""file"":""ad_spend_daily.csv"",""line"":5,""date"":""2026-08-02"",""channel"":""MARKETPLACE"",""actual_filename"":""ad_spend_daily.csv""},{""file"":""channel_costs_daily.csv"",""line"":4,""date"":""2026-08-02"",""channel"":""DTC"",""actual_filename"":""channel_costs_daily.csv""},{""file"":""channel_costs_daily.csv"",""line"":5,""date"":""2026-08-02"",""channel"":""MARKETPLACE"",""actual_filename"":""channel_costs_daily.csv""},{""file"":""sales_daily.csv"",""line"":6,""date"":""2026-08-02"",""channel"":""DTC"",""sku"":""A"",""actual_filename"":""sales_daily.csv""},{""file"":""sales_daily.csv"",""line"":7,""date"":""2026-08-02"",""channel"":""DTC"",""sku"":""B"",""actual_filename"":""sales_daily.csv""},{""file"":""sales_daily.csv"",""line"":8,""date"":""2026-08-02"",""channel"":""MARKETPLACE"",""sku"":""A"",""actual_filename"":""sales_daily.csv""},{""file"":""sales_daily.csv"",""line"":9,""date"":""2026-08-02"",""channel"":""MARKETPLACE"",""sku"":""B"",""actual_filename"":""sales_daily.csv""}]","{""comparison_mode"":""same_days"",""channels"":[""DTC"",""MARKETPLACE""],""previous_period"":{""start"":""2026-08-01"",""end"":""2026-08-01""},""current_period"":{""start"":""2026-08-02"",""end"":""2026-08-02""}}","action-1-92339086dd83c9a89ae5ac754bdbad2a30c215eb81213211b953451918ebfc48-f9c7f0abe4b1ba3759249887324f30b7d2ac873e7acf82a12c6fa32e19551a3b","",""
"decision-v1","scenario-v1","contribution-v1","golden-v1","92339086dd83c9a89ae5ac754bdbad2a30c215eb81213211b953451918ebfc48","f9c7f0abe4b1ba3759249887324f30b7d2ac873e7acf82a12c6fa32e19551a3b","2026-08-03","TWD","Asia/Taipei","product_amounts_excluding_tax_and_customer_shipping_income","1","current","{""start"":""2026-08-02"",""end"":""2026-08-02""}","{""kind"":""all"",""channels"":[""DTC"",""MARKETPLACE""]}","same_days","1","1","manual_action","c5de02ca-14cc-4bdb-a421-ba1efa14ec22","匯出驗收行動第3項","draft","data_limitations","[]","","[""[\""fact\"",\""golden-v1\"",\""2026-08-02\"",\""2026-08-02\"",\""all\"",[\""DTC\"",\""MARKETPLACE\""],null,\""contribution_after_marketing\""]""]","[{""file"":""ad_spend_daily.csv"",""line"":4,""date"":""2026-08-02"",""channel"":""DTC"",""actual_filename"":""ad_spend_daily.csv""},{""file"":""ad_spend_daily.csv"",""line"":5,""date"":""2026-08-02"",""channel"":""MARKETPLACE"",""actual_filename"":""ad_spend_daily.csv""},{""file"":""channel_costs_daily.csv"",""line"":4,""date"":""2026-08-02"",""channel"":""DTC"",""actual_filename"":""channel_costs_daily.csv""},{""file"":""channel_costs_daily.csv"",""line"":5,""date"":""2026-08-02"",""channel"":""MARKETPLACE"",""actual_filename"":""channel_costs_daily.csv""},{""file"":""sales_daily.csv"",""line"":6,""date"":""2026-08-02"",""channel"":""DTC"",""sku"":""A"",""actual_filename"":""sales_daily.csv""},{""file"":""sales_daily.csv"",""line"":7,""date"":""2026-08-02"",""channel"":""DTC"",""sku"":""B"",""actual_filename"":""sales_daily.csv""},{""file"":""sales_daily.csv"",""line"":8,""date"":""2026-08-02"",""channel"":""MARKETPLACE"",""sku"":""A"",""actual_filename"":""sales_daily.csv""},{""file"":""sales_daily.csv"",""line"":9,""date"":""2026-08-02"",""channel"":""MARKETPLACE"",""sku"":""B"",""actual_filename"":""sales_daily.csv""}]","{""comparison_mode"":""same_days"",""channels"":[""DTC"",""MARKETPLACE""],""previous_period"":{""start"":""2026-08-01"",""end"":""2026-08-01""},""current_period"":{""start"":""2026-08-02"",""end"":""2026-08-02""}}","action-1-92339086dd83c9a89ae5ac754bdbad2a30c215eb81213211b953451918ebfc48-f9c7f0abe4b1ba3759249887324f30b7d2ac873e7acf82a12c6fa32e19551a3b","",""
"decision-v1","scenario-v1","contribution-v1","golden-v1","92339086dd83c9a89ae5ac754bdbad2a30c215eb81213211b953451918ebfc48","f9c7f0abe4b1ba3759249887324f30b7d2ac873e7acf82a12c6fa32e19551a3b","2026-08-03","TWD","Asia/Taipei","product_amounts_excluding_tax_and_customer_shipping_income","1","current","{""start"":""2026-08-02"",""end"":""2026-08-02""}","{""kind"":""all"",""channels"":[""DTC"",""MARKETPLACE""]}","same_days","1","1","manual_action","c5de02ca-14cc-4bdb-a421-ba1efa14ec22","匯出驗收行動第3項","draft","diagnostic_id","null","","[""[\""fact\"",\""golden-v1\"",\""2026-08-02\"",\""2026-08-02\"",\""all\"",[\""DTC\"",\""MARKETPLACE\""],null,\""contribution_after_marketing\""]""]","[{""file"":""ad_spend_daily.csv"",""line"":4,""date"":""2026-08-02"",""channel"":""DTC"",""actual_filename"":""ad_spend_daily.csv""},{""file"":""ad_spend_daily.csv"",""line"":5,""date"":""2026-08-02"",""channel"":""MARKETPLACE"",""actual_filename"":""ad_spend_daily.csv""},{""file"":""channel_costs_daily.csv"",""line"":4,""date"":""2026-08-02"",""channel"":""DTC"",""actual_filename"":""channel_costs_daily.csv""},{""file"":""channel_costs_daily.csv"",""line"":5,""date"":""2026-08-02"",""channel"":""MARKETPLACE"",""actual_filename"":""channel_costs_daily.csv""},{""file"":""sales_daily.csv"",""line"":6,""date"":""2026-08-02"",""channel"":""DTC"",""sku"":""A"",""actual_filename"":""sales_daily.csv""},{""file"":""sales_daily.csv"",""line"":7,""date"":""2026-08-02"",""channel"":""DTC"",""sku"":""B"",""actual_filename"":""sales_daily.csv""},{""file"":""sales_daily.csv"",""line"":8,""date"":""2026-08-02"",""channel"":""MARKETPLACE"",""sku"":""A"",""actual_filename"":""sales_daily.csv""},{""file"":""sales_daily.csv"",""line"":9,""date"":""2026-08-02"",""channel"":""MARKETPLACE"",""sku"":""B"",""actual_filename"":""sales_daily.csv""}]","{""comparison_mode"":""same_days"",""channels"":[""DTC"",""MARKETPLACE""],""previous_period"":{""start"":""2026-08-01"",""end"":""2026-08-01""},""current_period"":{""start"":""2026-08-02"",""end"":""2026-08-02""}}","action-1-92339086dd83c9a89ae5ac754bdbad2a30c215eb81213211b953451918ebfc48-f9c7f0abe4b1ba3759249887324f30b7d2ac873e7acf82a12c6fa32e19551a3b","",""
"decision-v1","scenario-v1","contribution-v1","golden-v1","92339086dd83c9a89ae5ac754bdbad2a30c215eb81213211b953451918ebfc48","f9c7f0abe4b1ba3759249887324f30b7d2ac873e7acf82a12c6fa32e19551a3b","2026-08-03","TWD","Asia/Taipei","product_amounts_excluding_tax_and_customer_shipping_income","1","current","{""start"":""2026-08-02"",""end"":""2026-08-02""}","{""kind"":""all"",""channels"":[""DTC"",""MARKETPLACE""]}","same_days","1","1","manual_action","c5de02ca-14cc-4bdb-a421-ba1efa14ec22","匯出驗收行動第3項","draft","binding_revision","2","","[""[\""fact\"",\""golden-v1\"",\""2026-08-02\"",\""2026-08-02\"",\""all\"",[\""DTC\"",\""MARKETPLACE\""],null,\""contribution_after_marketing\""]""]","[{""file"":""ad_spend_daily.csv"",""line"":4,""date"":""2026-08-02"",""channel"":""DTC"",""actual_filename"":""ad_spend_daily.csv""},{""file"":""ad_spend_daily.csv"",""line"":5,""date"":""2026-08-02"",""channel"":""MARKETPLACE"",""actual_filename"":""ad_spend_daily.csv""},{""file"":""channel_costs_daily.csv"",""line"":4,""date"":""2026-08-02"",""channel"":""DTC"",""actual_filename"":""channel_costs_daily.csv""},{""file"":""channel_costs_daily.csv"",""line"":5,""date"":""2026-08-02"",""channel"":""MARKETPLACE"",""actual_filename"":""channel_costs_daily.csv""},{""file"":""sales_daily.csv"",""line"":6,""date"":""2026-08-02"",""channel"":""DTC"",""sku"":""A"",""actual_filename"":""sales_daily.csv""},{""file"":""sales_daily.csv"",""line"":7,""date"":""2026-08-02"",""channel"":""DTC"",""sku"":""B"",""actual_filename"":""sales_daily.csv""},{""file"":""sales_daily.csv"",""line"":8,""date"":""2026-08-02"",""channel"":""MARKETPLACE"",""sku"":""A"",""actual_filename"":""sales_daily.csv""},{""file"":""sales_daily.csv"",""line"":9,""date"":""2026-08-02"",""channel"":""MARKETPLACE"",""sku"":""B"",""actual_filename"":""sales_daily.csv""}]","{""comparison_mode"":""same_days"",""channels"":[""DTC"",""MARKETPLACE""],""previous_period"":{""start"":""2026-08-01"",""end"":""2026-08-01""},""current_period"":{""start"":""2026-08-02"",""end"":""2026-08-02""}}","action-1-92339086dd83c9a89ae5ac754bdbad2a30c215eb81213211b953451918ebfc48-f9c7f0abe4b1ba3759249887324f30b7d2ac873e7acf82a12c6fa32e19551a3b","",""
"decision-v1","scenario-v1","contribution-v1","golden-v1","92339086dd83c9a89ae5ac754bdbad2a30c215eb81213211b953451918ebfc48","f9c7f0abe4b1ba3759249887324f30b7d2ac873e7acf82a12c6fa32e19551a3b","2026-08-03","TWD","Asia/Taipei","product_amounts_excluding_tax_and_customer_shipping_income","1","current","{""start"":""2026-08-02"",""end"":""2026-08-02""}","{""kind"":""all"",""channels"":[""DTC"",""MARKETPLACE""]}","same_days","1","1","manual_action","c5de02ca-14cc-4bdb-a421-ba1efa14ec22","匯出驗收行動第3項","draft","binding_history","[{""revision"":1,""context_id"":""action-1-92339086dd83c9a89ae5ac754bdbad2a30c215eb81213211b953451918ebfc48-f9c7f0abe4b1ba3759249887324f30b7d2ac873e7acf82a12c6fa32e19551a3b"",""scope"":{""kind"":""all"",""channels"":[""DTC"",""MARKETPLACE""]},""fact_ids"":[],""evidence_confirmed"":false,""legacy_review_required"":false,""evidence"":[],""dataset_id"":""golden-v1"",""dataset_hash"":""92339086dd83c9a89ae5ac754bdbad2a30c215eb81213211b953451918ebfc48"",""filter_hash"":""f9c7f0abe4b1ba3759249887324f30b7d2ac873e7acf82a12c6fa32e19551a3b"",""metric_version"":""contribution-v1"",""data_as_of"":""2026-08-03"",""period"":{""start"":""2026-08-02"",""end"":""2026-08-02""},""analysis_scope"":{""comparison_mode"":""same_days"",""channels"":[""DTC"",""MARKETPLACE""],""previous_period"":{""start"":""2026-08-01"",""end"":""2026-08-01""},""current_period"":{""start"":""2026-08-02"",""end"":""2026-08-02""}},""filenames"":{}}]","","[""[\""fact\"",\""golden-v1\"",\""2026-08-02\"",\""2026-08-02\"",\""all\"",[\""DTC\"",\""MARKETPLACE\""],null,\""contribution_after_marketing\""]""]","[{""file"":""ad_spend_daily.csv"",""line"":4,""date"":""2026-08-02"",""channel"":""DTC"",""actual_filename"":""ad_spend_daily.csv""},{""file"":""ad_spend_daily.csv"",""line"":5,""date"":""2026-08-02"",""channel"":""MARKETPLACE"",""actual_filename"":""ad_spend_daily.csv""},{""file"":""channel_costs_daily.csv"",""line"":4,""date"":""2026-08-02"",""channel"":""DTC"",""actual_filename"":""channel_costs_daily.csv""},{""file"":""channel_costs_daily.csv"",""line"":5,""date"":""2026-08-02"",""channel"":""MARKETPLACE"",""actual_filename"":""channel_costs_daily.csv""},{""file"":""sales_daily.csv"",""line"":6,""date"":""2026-08-02"",""channel"":""DTC"",""sku"":""A"",""actual_filename"":""sales_daily.csv""},{""file"":""sales_daily.csv"",""line"":7,""date"":""2026-08-02"",""channel"":""DTC"",""sku"":""B"",""actual_filename"":""sales_daily.csv""},{""file"":""sales_daily.csv"",""line"":8,""date"":""2026-08-02"",""channel"":""MARKETPLACE"",""sku"":""A"",""actual_filename"":""sales_daily.csv""},{""file"":""sales_daily.csv"",""line"":9,""date"":""2026-08-02"",""channel"":""MARKETPLACE"",""sku"":""B"",""actual_filename"":""sales_daily.csv""}]","{""comparison_mode"":""same_days"",""channels"":[""DTC"",""MARKETPLACE""],""previous_period"":{""start"":""2026-08-01"",""end"":""2026-08-01""},""current_period"":{""start"":""2026-08-02"",""end"":""2026-08-02""}}","action-1-92339086dd83c9a89ae5ac754bdbad2a30c215eb81213211b953451918ebfc48-f9c7f0abe4b1ba3759249887324f30b7d2ac873e7acf82a12c6fa32e19551a3b","",""
"decision-v1","scenario-v1","contribution-v1","golden-v1","92339086dd83c9a89ae5ac754bdbad2a30c215eb81213211b953451918ebfc48","f9c7f0abe4b1ba3759249887324f30b7d2ac873e7acf82a12c6fa32e19551a3b","2026-08-03","TWD","Asia/Taipei","product_amounts_excluding_tax_and_customer_shipping_income","1","current","{""start"":""2026-08-02"",""end"":""2026-08-02""}","{""kind"":""all"",""channels"":[""DTC"",""MARKETPLACE""]}","same_days","1","1","manual_action","c5de02ca-14cc-4bdb-a421-ba1efa14ec22","匯出驗收行動第3項","draft","binding","{""context_id"":""action-1-92339086dd83c9a89ae5ac754bdbad2a30c215eb81213211b953451918ebfc48-f9c7f0abe4b1ba3759249887324f30b7d2ac873e7acf82a12c6fa32e19551a3b"",""status"":""current"",""dataset_id"":""golden-v1"",""dataset_hash"":""92339086dd83c9a89ae5ac754bdbad2a30c215eb81213211b953451918ebfc48"",""filter_hash"":""f9c7f0abe4b1ba3759249887324f30b7d2ac873e7acf82a12c6fa32e19551a3b"",""metric_version"":""contribution-v1"",""data_as_of"":""2026-08-03"",""revision"":1,""period"":{""start"":""2026-08-02"",""end"":""2026-08-02""},""scope"":{""kind"":""all"",""channels"":[""DTC"",""MARKETPLACE""]},""analysis_scope"":{""comparison_mode"":""same_days"",""channels"":[""DTC"",""MARKETPLACE""],""previous_period"":{""start"":""2026-08-01"",""end"":""2026-08-01""},""current_period"":{""start"":""2026-08-02"",""end"":""2026-08-02""}},""comparison"":{""mode"":""same_days"",""previous_days"":1,""current_days"":1,""previous_daily_average"":{""gross_sales"":{""value"":""2500.00"",""reason_codes"":[]},""discounts"":{""value"":""200.00"",""reason_codes"":[]},""refunds"":{""value"":""50.00"",""reason_codes"":[]},""cogs_net"":{""value"":""1050.00"",""reason_codes"":[]},""platform_fees"":{""value"":""90.00"",""reason_codes"":[]},""payment_fees"":{""value"":""60.00"",""reason_codes"":[]},""fulfillment_costs"":{""value"":""160.00"",""reason_codes"":[]},""other_variable_costs"":{""value"":""20.00"",""reason_codes"":[]},""ad_spend"":{""value"":""300.00"",""reason_codes"":[]},""net_revenue"":{""value"":""2250.00"",""reason_codes"":[]},""gross_profit"":{""value"":""1200.00"",""reason_codes"":[]},""contribution_before_marketing"":{""value"":""870.00"",""reason_codes"":[]},""contribution_after_marketing"":{""value"":""570.00"",""reason_codes"":[]}},""current_daily_average"":{""gross_sales"":{""value"":""3100.00"",""reason_codes"":[]},""discounts"":{""value"":""450.00"",""reason_codes"":[]},""refunds"":{""value"":""180.00"",""reason_codes"":[]},""cogs_net"":{""value"":""1325.00"",""reason_codes"":[]},""platform_fees"":{""value"":""120.00"",""reason_codes"":[]},""payment_fees"":{""value"":""66.00"",""reason_codes"":[]},""fulfillment_costs"":{""value"":""225.00"",""reason_codes"":[]},""other_variable_costs"":{""value"":""29.00"",""reason_codes"":[]},""ad_spend"":{""value"":""450.00"",""reason_codes"":[]},""net_revenue"":{""value"":""2470.00"",""reason_codes"":[]},""gross_profit"":{""value"":""1145.00"",""reason_codes"":[]},""contribution_before_marketing"":{""value"":""705.00"",""reason_codes"":[]},""contribution_after_marketing"":{""value"":""255.00"",""reason_codes"":[]}},""daily_average_changes"":{""gross_sales"":{""value"":""600.00"",""reason_codes"":[]},""discounts"":{""value"":""250.00"",""reason_codes"":[]},""refunds"":{""value"":""130.00"",""reason_codes"":[]},""cogs_net"":{""value"":""275.00"",""reason_codes"":[]},""platform_fees"":{""value"":""30.00"",""reason_codes"":[]},""payment_fees"":{""value"":""6.00"",""reason_codes"":[]},""fulfillment_costs"":{""value"":""65.00"",""reason_codes"":[]},""other_variable_costs"":{""value"":""9.00"",""reason_codes"":[]},""ad_spend"":{""value"":""150.00"",""reason_codes"":[]},""net_revenue"":{""value"":""220.00"",""reason_codes"":[]},""gross_profit"":{""value"":""-55.00"",""reason_codes"":[]},""contribution_before_marketing"":{""value"":""-165.00"",""reason_codes"":[]},""contribution_after_marketing"":{""value"":""-315.00"",""reason_codes"":[]}}},""filenames"":{},""stale_reasons"":[]}","","[""[\""fact\"",\""golden-v1\"",\""2026-08-02\"",\""2026-08-02\"",\""all\"",[\""DTC\"",\""MARKETPLACE\""],null,\""contribution_after_marketing\""]""]","[{""file"":""ad_spend_daily.csv"",""line"":4,""date"":""2026-08-02"",""channel"":""DTC"",""actual_filename"":""ad_spend_daily.csv""},{""file"":""ad_spend_daily.csv"",""line"":5,""date"":""2026-08-02"",""channel"":""MARKETPLACE"",""actual_filename"":""ad_spend_daily.csv""},{""file"":""channel_costs_daily.csv"",""line"":4,""date"":""2026-08-02"",""channel"":""DTC"",""actual_filename"":""channel_costs_daily.csv""},{""file"":""channel_costs_daily.csv"",""line"":5,""date"":""2026-08-02"",""channel"":""MARKETPLACE"",""actual_filename"":""channel_costs_daily.csv""},{""file"":""sales_daily.csv"",""line"":6,""date"":""2026-08-02"",""channel"":""DTC"",""sku"":""A"",""actual_filename"":""sales_daily.csv""},{""file"":""sales_daily.csv"",""line"":7,""date"":""2026-08-02"",""channel"":""DTC"",""sku"":""B"",""actual_filename"":""sales_daily.csv""},{""file"":""sales_daily.csv"",""line"":8,""date"":""2026-08-02"",""channel"":""MARKETPLACE"",""sku"":""A"",""actual_filename"":""sales_daily.csv""},{""file"":""sales_daily.csv"",""line"":9,""date"":""2026-08-02"",""channel"":""MARKETPLACE"",""sku"":""B"",""actual_filename"":""sales_daily.csv""}]","{""comparison_mode"":""same_days"",""channels"":[""DTC"",""MARKETPLACE""],""previous_period"":{""start"":""2026-08-01"",""end"":""2026-08-01""},""current_period"":{""start"":""2026-08-02"",""end"":""2026-08-02""}}","action-1-92339086dd83c9a89ae5ac754bdbad2a30c215eb81213211b953451918ebfc48-f9c7f0abe4b1ba3759249887324f30b7d2ac873e7acf82a12c6fa32e19551a3b","",""
"decision-v1","scenario-v1","contribution-v1","golden-v1","92339086dd83c9a89ae5ac754bdbad2a30c215eb81213211b953451918ebfc48","f9c7f0abe4b1ba3759249887324f30b7d2ac873e7acf82a12c6fa32e19551a3b","2026-08-03","TWD","Asia/Taipei","product_amounts_excluding_tax_and_customer_shipping_income","1","current","{""start"":""2026-08-02"",""end"":""2026-08-02""}","{""kind"":""all"",""channels"":[""DTC"",""MARKETPLACE""]}","same_days","1","1","action_fact","c5de02ca-14cc-4bdb-a421-ba1efa14ec22","匯出驗收行動第3項","draft","contribution_after_marketing","255.00","[]","[""[\""fact\"",\""golden-v1\"",\""2026-08-02\"",\""2026-08-02\"",\""all\"",[\""DTC\"",\""MARKETPLACE\""],null,\""contribution_after_marketing\""]""]","[{""file"":""ad_spend_daily.csv"",""line"":4,""date"":""2026-08-02"",""channel"":""DTC"",""actual_filename"":""ad_spend_daily.csv""},{""file"":""ad_spend_daily.csv"",""line"":5,""date"":""2026-08-02"",""channel"":""MARKETPLACE"",""actual_filename"":""ad_spend_daily.csv""},{""file"":""channel_costs_daily.csv"",""line"":4,""date"":""2026-08-02"",""channel"":""DTC"",""actual_filename"":""channel_costs_daily.csv""},{""file"":""channel_costs_daily.csv"",""line"":5,""date"":""2026-08-02"",""channel"":""MARKETPLACE"",""actual_filename"":""channel_costs_daily.csv""},{""file"":""sales_daily.csv"",""line"":6,""date"":""2026-08-02"",""channel"":""DTC"",""sku"":""A"",""actual_filename"":""sales_daily.csv""},{""file"":""sales_daily.csv"",""line"":7,""date"":""2026-08-02"",""channel"":""DTC"",""sku"":""B"",""actual_filename"":""sales_daily.csv""},{""file"":""sales_daily.csv"",""line"":8,""date"":""2026-08-02"",""channel"":""MARKETPLACE"",""sku"":""A"",""actual_filename"":""sales_daily.csv""},{""file"":""sales_daily.csv"",""line"":9,""date"":""2026-08-02"",""channel"":""MARKETPLACE"",""sku"":""B"",""actual_filename"":""sales_daily.csv""}]","{""comparison_mode"":""same_days"",""channels"":[""DTC"",""MARKETPLACE""],""previous_period"":{""start"":""2026-08-01"",""end"":""2026-08-01""},""current_period"":{""start"":""2026-08-02"",""end"":""2026-08-02""}}","action-1-92339086dd83c9a89ae5ac754bdbad2a30c215eb81213211b953451918ebfc48-f9c7f0abe4b1ba3759249887324f30b7d2ac873e7acf82a12c6fa32e19551a3b","",""
"decision-v1","scenario-v1","contribution-v1","golden-v1","92339086dd83c9a89ae5ac754bdbad2a30c215eb81213211b953451918ebfc48","f9c7f0abe4b1ba3759249887324f30b7d2ac873e7acf82a12c6fa32e19551a3b","2026-08-03","TWD","Asia/Taipei","product_amounts_excluding_tax_and_customer_shipping_income","1","current","{""start"":""2026-08-02"",""end"":""2026-08-02""}","{""kind"":""all"",""channels"":[""DTC"",""MARKETPLACE""]}","same_days","1","1","manual_action","604e9bee-dd6d-43e7-90a1-c9a7289c0c20","匯出驗收行動第4項","draft","id","604e9bee-dd6d-43e7-90a1-c9a7289c0c20","","[""[\""fact\"",\""golden-v1\"",\""2026-08-02\"",\""2026-08-02\"",\""all\"",[\""DTC\"",\""MARKETPLACE\""],null,\""contribution_after_marketing\""]""]","[{""file"":""ad_spend_daily.csv"",""line"":4,""date"":""2026-08-02"",""channel"":""DTC"",""actual_filename"":""ad_spend_daily.csv""},{""file"":""ad_spend_daily.csv"",""line"":5,""date"":""2026-08-02"",""channel"":""MARKETPLACE"",""actual_filename"":""ad_spend_daily.csv""},{""file"":""channel_costs_daily.csv"",""line"":4,""date"":""2026-08-02"",""channel"":""DTC"",""actual_filename"":""channel_costs_daily.csv""},{""file"":""channel_costs_daily.csv"",""line"":5,""date"":""2026-08-02"",""channel"":""MARKETPLACE"",""actual_filename"":""channel_costs_daily.csv""},{""file"":""sales_daily.csv"",""line"":6,""date"":""2026-08-02"",""channel"":""DTC"",""sku"":""A"",""actual_filename"":""sales_daily.csv""},{""file"":""sales_daily.csv"",""line"":7,""date"":""2026-08-02"",""channel"":""DTC"",""sku"":""B"",""actual_filename"":""sales_daily.csv""},{""file"":""sales_daily.csv"",""line"":8,""date"":""2026-08-02"",""channel"":""MARKETPLACE"",""sku"":""A"",""actual_filename"":""sales_daily.csv""},{""file"":""sales_daily.csv"",""line"":9,""date"":""2026-08-02"",""channel"":""MARKETPLACE"",""sku"":""B"",""actual_filename"":""sales_daily.csv""}]","{""comparison_mode"":""same_days"",""channels"":[""DTC"",""MARKETPLACE""],""previous_period"":{""start"":""2026-08-01"",""end"":""2026-08-01""},""current_period"":{""start"":""2026-08-02"",""end"":""2026-08-02""}}","action-1-92339086dd83c9a89ae5ac754bdbad2a30c215eb81213211b953451918ebfc48-f9c7f0abe4b1ba3759249887324f30b7d2ac873e7acf82a12c6fa32e19551a3b","",""
"decision-v1","scenario-v1","contribution-v1","golden-v1","92339086dd83c9a89ae5ac754bdbad2a30c215eb81213211b953451918ebfc48","f9c7f0abe4b1ba3759249887324f30b7d2ac873e7acf82a12c6fa32e19551a3b","2026-08-03","TWD","Asia/Taipei","product_amounts_excluding_tax_and_customer_shipping_income","1","current","{""start"":""2026-08-02"",""end"":""2026-08-02""}","{""kind"":""all"",""channels"":[""DTC"",""MARKETPLACE""]}","same_days","1","1","manual_action","604e9bee-dd6d-43e7-90a1-c9a7289c0c20","匯出驗收行動第4項","draft","problem","匯出驗收行動第4項","","[""[\""fact\"",\""golden-v1\"",\""2026-08-02\"",\""2026-08-02\"",\""all\"",[\""DTC\"",\""MARKETPLACE\""],null,\""contribution_after_marketing\""]""]","[{""file"":""ad_spend_daily.csv"",""line"":4,""date"":""2026-08-02"",""channel"":""DTC"",""actual_filename"":""ad_spend_daily.csv""},{""file"":""ad_spend_daily.csv"",""line"":5,""date"":""2026-08-02"",""channel"":""MARKETPLACE"",""actual_filename"":""ad_spend_daily.csv""},{""file"":""channel_costs_daily.csv"",""line"":4,""date"":""2026-08-02"",""channel"":""DTC"",""actual_filename"":""channel_costs_daily.csv""},{""file"":""channel_costs_daily.csv"",""line"":5,""date"":""2026-08-02"",""channel"":""MARKETPLACE"",""actual_filename"":""channel_costs_daily.csv""},{""file"":""sales_daily.csv"",""line"":6,""date"":""2026-08-02"",""channel"":""DTC"",""sku"":""A"",""actual_filename"":""sales_daily.csv""},{""file"":""sales_daily.csv"",""line"":7,""date"":""2026-08-02"",""channel"":""DTC"",""sku"":""B"",""actual_filename"":""sales_daily.csv""},{""file"":""sales_daily.csv"",""line"":8,""date"":""2026-08-02"",""channel"":""MARKETPLACE"",""sku"":""A"",""actual_filename"":""sales_daily.csv""},{""file"":""sales_daily.csv"",""line"":9,""date"":""2026-08-02"",""channel"":""MARKETPLACE"",""sku"":""B"",""actual_filename"":""sales_daily.csv""}]","{""comparison_mode"":""same_days"",""channels"":[""DTC"",""MARKETPLACE""],""previous_period"":{""start"":""2026-08-01"",""end"":""2026-08-01""},""current_period"":{""start"":""2026-08-02"",""end"":""2026-08-02""}}","action-1-92339086dd83c9a89ae5ac754bdbad2a30c215eb81213211b953451918ebfc48-f9c7f0abe4b1ba3759249887324f30b7d2ac873e7acf82a12c6fa32e19551a3b","",""
"decision-v1","scenario-v1","contribution-v1","golden-v1","92339086dd83c9a89ae5ac754bdbad2a30c215eb81213211b953451918ebfc48","f9c7f0abe4b1ba3759249887324f30b7d2ac873e7acf82a12c6fa32e19551a3b","2026-08-03","TWD","Asia/Taipei","product_amounts_excluding_tax_and_customer_shipping_income","1","current","{""start"":""2026-08-02"",""end"":""2026-08-02""}","{""kind"":""all"",""channels"":[""DTC"",""MARKETPLACE""]}","same_days","1","1","manual_action","604e9bee-dd6d-43e7-90a1-c9a7289c0c20","匯出驗收行動第4項","draft","action","核對已入帳費用與來源","","[""[\""fact\"",\""golden-v1\"",\""2026-08-02\"",\""2026-08-02\"",\""all\"",[\""DTC\"",\""MARKETPLACE\""],null,\""contribution_after_marketing\""]""]","[{""file"":""ad_spend_daily.csv"",""line"":4,""date"":""2026-08-02"",""channel"":""DTC"",""actual_filename"":""ad_spend_daily.csv""},{""file"":""ad_spend_daily.csv"",""line"":5,""date"":""2026-08-02"",""channel"":""MARKETPLACE"",""actual_filename"":""ad_spend_daily.csv""},{""file"":""channel_costs_daily.csv"",""line"":4,""date"":""2026-08-02"",""channel"":""DTC"",""actual_filename"":""channel_costs_daily.csv""},{""file"":""channel_costs_daily.csv"",""line"":5,""date"":""2026-08-02"",""channel"":""MARKETPLACE"",""actual_filename"":""channel_costs_daily.csv""},{""file"":""sales_daily.csv"",""line"":6,""date"":""2026-08-02"",""channel"":""DTC"",""sku"":""A"",""actual_filename"":""sales_daily.csv""},{""file"":""sales_daily.csv"",""line"":7,""date"":""2026-08-02"",""channel"":""DTC"",""sku"":""B"",""actual_filename"":""sales_daily.csv""},{""file"":""sales_daily.csv"",""line"":8,""date"":""2026-08-02"",""channel"":""MARKETPLACE"",""sku"":""A"",""actual_filename"":""sales_daily.csv""},{""file"":""sales_daily.csv"",""line"":9,""date"":""2026-08-02"",""channel"":""MARKETPLACE"",""sku"":""B"",""actual_filename"":""sales_daily.csv""}]","{""comparison_mode"":""same_days"",""channels"":[""DTC"",""MARKETPLACE""],""previous_period"":{""start"":""2026-08-01"",""end"":""2026-08-01""},""current_period"":{""start"":""2026-08-02"",""end"":""2026-08-02""}}","action-1-92339086dd83c9a89ae5ac754bdbad2a30c215eb81213211b953451918ebfc48-f9c7f0abe4b1ba3759249887324f30b7d2ac873e7acf82a12c6fa32e19551a3b","",""
"decision-v1","scenario-v1","contribution-v1","golden-v1","92339086dd83c9a89ae5ac754bdbad2a30c215eb81213211b953451918ebfc48","f9c7f0abe4b1ba3759249887324f30b7d2ac873e7acf82a12c6fa32e19551a3b","2026-08-03","TWD","Asia/Taipei","product_amounts_excluding_tax_and_customer_shipping_income","1","current","{""start"":""2026-08-02"",""end"":""2026-08-02""}","{""kind"":""all"",""channels"":[""DTC"",""MARKETPLACE""]}","same_days","1","1","manual_action","604e9bee-dd6d-43e7-90a1-c9a7289c0c20","匯出驗收行動第4項","draft","fact_ids","[""[\""fact\"",\""golden-v1\"",\""2026-08-02\"",\""2026-08-02\"",\""all\"",[\""DTC\"",\""MARKETPLACE\""],null,\""contribution_after_marketing\""]""]","","[""[\""fact\"",\""golden-v1\"",\""2026-08-02\"",\""2026-08-02\"",\""all\"",[\""DTC\"",\""MARKETPLACE\""],null,\""contribution_after_marketing\""]""]","[{""file"":""ad_spend_daily.csv"",""line"":4,""date"":""2026-08-02"",""channel"":""DTC"",""actual_filename"":""ad_spend_daily.csv""},{""file"":""ad_spend_daily.csv"",""line"":5,""date"":""2026-08-02"",""channel"":""MARKETPLACE"",""actual_filename"":""ad_spend_daily.csv""},{""file"":""channel_costs_daily.csv"",""line"":4,""date"":""2026-08-02"",""channel"":""DTC"",""actual_filename"":""channel_costs_daily.csv""},{""file"":""channel_costs_daily.csv"",""line"":5,""date"":""2026-08-02"",""channel"":""MARKETPLACE"",""actual_filename"":""channel_costs_daily.csv""},{""file"":""sales_daily.csv"",""line"":6,""date"":""2026-08-02"",""channel"":""DTC"",""sku"":""A"",""actual_filename"":""sales_daily.csv""},{""file"":""sales_daily.csv"",""line"":7,""date"":""2026-08-02"",""channel"":""DTC"",""sku"":""B"",""actual_filename"":""sales_daily.csv""},{""file"":""sales_daily.csv"",""line"":8,""date"":""2026-08-02"",""channel"":""MARKETPLACE"",""sku"":""A"",""actual_filename"":""sales_daily.csv""},{""file"":""sales_daily.csv"",""line"":9,""date"":""2026-08-02"",""channel"":""MARKETPLACE"",""sku"":""B"",""actual_filename"":""sales_daily.csv""}]","{""comparison_mode"":""same_days"",""channels"":[""DTC"",""MARKETPLACE""],""previous_period"":{""start"":""2026-08-01"",""end"":""2026-08-01""},""current_period"":{""start"":""2026-08-02"",""end"":""2026-08-02""}}","action-1-92339086dd83c9a89ae5ac754bdbad2a30c215eb81213211b953451918ebfc48-f9c7f0abe4b1ba3759249887324f30b7d2ac873e7acf82a12c6fa32e19551a3b","",""
"decision-v1","scenario-v1","contribution-v1","golden-v1","92339086dd83c9a89ae5ac754bdbad2a30c215eb81213211b953451918ebfc48","f9c7f0abe4b1ba3759249887324f30b7d2ac873e7acf82a12c6fa32e19551a3b","2026-08-03","TWD","Asia/Taipei","product_amounts_excluding_tax_and_customer_shipping_income","1","current","{""start"":""2026-08-02"",""end"":""2026-08-02""}","{""kind"":""all"",""channels"":[""DTC"",""MARKETPLACE""]}","same_days","1","1","manual_action","604e9bee-dd6d-43e7-90a1-c9a7289c0c20","匯出驗收行動第4項","draft","owner_role","營運主管","","[""[\""fact\"",\""golden-v1\"",\""2026-08-02\"",\""2026-08-02\"",\""all\"",[\""DTC\"",\""MARKETPLACE\""],null,\""contribution_after_marketing\""]""]","[{""file"":""ad_spend_daily.csv"",""line"":4,""date"":""2026-08-02"",""channel"":""DTC"",""actual_filename"":""ad_spend_daily.csv""},{""file"":""ad_spend_daily.csv"",""line"":5,""date"":""2026-08-02"",""channel"":""MARKETPLACE"",""actual_filename"":""ad_spend_daily.csv""},{""file"":""channel_costs_daily.csv"",""line"":4,""date"":""2026-08-02"",""channel"":""DTC"",""actual_filename"":""channel_costs_daily.csv""},{""file"":""channel_costs_daily.csv"",""line"":5,""date"":""2026-08-02"",""channel"":""MARKETPLACE"",""actual_filename"":""channel_costs_daily.csv""},{""file"":""sales_daily.csv"",""line"":6,""date"":""2026-08-02"",""channel"":""DTC"",""sku"":""A"",""actual_filename"":""sales_daily.csv""},{""file"":""sales_daily.csv"",""line"":7,""date"":""2026-08-02"",""channel"":""DTC"",""sku"":""B"",""actual_filename"":""sales_daily.csv""},{""file"":""sales_daily.csv"",""line"":8,""date"":""2026-08-02"",""channel"":""MARKETPLACE"",""sku"":""A"",""actual_filename"":""sales_daily.csv""},{""file"":""sales_daily.csv"",""line"":9,""date"":""2026-08-02"",""channel"":""MARKETPLACE"",""sku"":""B"",""actual_filename"":""sales_daily.csv""}]","{""comparison_mode"":""same_days"",""channels"":[""DTC"",""MARKETPLACE""],""previous_period"":{""start"":""2026-08-01"",""end"":""2026-08-01""},""current_period"":{""start"":""2026-08-02"",""end"":""2026-08-02""}}","action-1-92339086dd83c9a89ae5ac754bdbad2a30c215eb81213211b953451918ebfc48-f9c7f0abe4b1ba3759249887324f30b7d2ac873e7acf82a12c6fa32e19551a3b","",""
"decision-v1","scenario-v1","contribution-v1","golden-v1","92339086dd83c9a89ae5ac754bdbad2a30c215eb81213211b953451918ebfc48","f9c7f0abe4b1ba3759249887324f30b7d2ac873e7acf82a12c6fa32e19551a3b","2026-08-03","TWD","Asia/Taipei","product_amounts_excluding_tax_and_customer_shipping_income","1","current","{""start"":""2026-08-02"",""end"":""2026-08-02""}","{""kind"":""all"",""channels"":[""DTC"",""MARKETPLACE""]}","same_days","1","1","manual_action","604e9bee-dd6d-43e7-90a1-c9a7289c0c20","匯出驗收行動第4項","draft","validation_metric","","","[""[\""fact\"",\""golden-v1\"",\""2026-08-02\"",\""2026-08-02\"",\""all\"",[\""DTC\"",\""MARKETPLACE\""],null,\""contribution_after_marketing\""]""]","[{""file"":""ad_spend_daily.csv"",""line"":4,""date"":""2026-08-02"",""channel"":""DTC"",""actual_filename"":""ad_spend_daily.csv""},{""file"":""ad_spend_daily.csv"",""line"":5,""date"":""2026-08-02"",""channel"":""MARKETPLACE"",""actual_filename"":""ad_spend_daily.csv""},{""file"":""channel_costs_daily.csv"",""line"":4,""date"":""2026-08-02"",""channel"":""DTC"",""actual_filename"":""channel_costs_daily.csv""},{""file"":""channel_costs_daily.csv"",""line"":5,""date"":""2026-08-02"",""channel"":""MARKETPLACE"",""actual_filename"":""channel_costs_daily.csv""},{""file"":""sales_daily.csv"",""line"":6,""date"":""2026-08-02"",""channel"":""DTC"",""sku"":""A"",""actual_filename"":""sales_daily.csv""},{""file"":""sales_daily.csv"",""line"":7,""date"":""2026-08-02"",""channel"":""DTC"",""sku"":""B"",""actual_filename"":""sales_daily.csv""},{""file"":""sales_daily.csv"",""line"":8,""date"":""2026-08-02"",""channel"":""MARKETPLACE"",""sku"":""A"",""actual_filename"":""sales_daily.csv""},{""file"":""sales_daily.csv"",""line"":9,""date"":""2026-08-02"",""channel"":""MARKETPLACE"",""sku"":""B"",""actual_filename"":""sales_daily.csv""}]","{""comparison_mode"":""same_days"",""channels"":[""DTC"",""MARKETPLACE""],""previous_period"":{""start"":""2026-08-01"",""end"":""2026-08-01""},""current_period"":{""start"":""2026-08-02"",""end"":""2026-08-02""}}","action-1-92339086dd83c9a89ae5ac754bdbad2a30c215eb81213211b953451918ebfc48-f9c7f0abe4b1ba3759249887324f30b7d2ac873e7acf82a12c6fa32e19551a3b","",""
"decision-v1","scenario-v1","contribution-v1","golden-v1","92339086dd83c9a89ae5ac754bdbad2a30c215eb81213211b953451918ebfc48","f9c7f0abe4b1ba3759249887324f30b7d2ac873e7acf82a12c6fa32e19551a3b","2026-08-03","TWD","Asia/Taipei","product_amounts_excluding_tax_and_customer_shipping_income","1","current","{""start"":""2026-08-02"",""end"":""2026-08-02""}","{""kind"":""all"",""channels"":[""DTC"",""MARKETPLACE""]}","same_days","1","1","manual_action","604e9bee-dd6d-43e7-90a1-c9a7289c0c20","匯出驗收行動第4項","draft","deadline","","","[""[\""fact\"",\""golden-v1\"",\""2026-08-02\"",\""2026-08-02\"",\""all\"",[\""DTC\"",\""MARKETPLACE\""],null,\""contribution_after_marketing\""]""]","[{""file"":""ad_spend_daily.csv"",""line"":4,""date"":""2026-08-02"",""channel"":""DTC"",""actual_filename"":""ad_spend_daily.csv""},{""file"":""ad_spend_daily.csv"",""line"":5,""date"":""2026-08-02"",""channel"":""MARKETPLACE"",""actual_filename"":""ad_spend_daily.csv""},{""file"":""channel_costs_daily.csv"",""line"":4,""date"":""2026-08-02"",""channel"":""DTC"",""actual_filename"":""channel_costs_daily.csv""},{""file"":""channel_costs_daily.csv"",""line"":5,""date"":""2026-08-02"",""channel"":""MARKETPLACE"",""actual_filename"":""channel_costs_daily.csv""},{""file"":""sales_daily.csv"",""line"":6,""date"":""2026-08-02"",""channel"":""DTC"",""sku"":""A"",""actual_filename"":""sales_daily.csv""},{""file"":""sales_daily.csv"",""line"":7,""date"":""2026-08-02"",""channel"":""DTC"",""sku"":""B"",""actual_filename"":""sales_daily.csv""},{""file"":""sales_daily.csv"",""line"":8,""date"":""2026-08-02"",""channel"":""MARKETPLACE"",""sku"":""A"",""actual_filename"":""sales_daily.csv""},{""file"":""sales_daily.csv"",""line"":9,""date"":""2026-08-02"",""channel"":""MARKETPLACE"",""sku"":""B"",""actual_filename"":""sales_daily.csv""}]","{""comparison_mode"":""same_days"",""channels"":[""DTC"",""MARKETPLACE""],""previous_period"":{""start"":""2026-08-01"",""end"":""2026-08-01""},""current_period"":{""start"":""2026-08-02"",""end"":""2026-08-02""}}","action-1-92339086dd83c9a89ae5ac754bdbad2a30c215eb81213211b953451918ebfc48-f9c7f0abe4b1ba3759249887324f30b7d2ac873e7acf82a12c6fa32e19551a3b","",""
"decision-v1","scenario-v1","contribution-v1","golden-v1","92339086dd83c9a89ae5ac754bdbad2a30c215eb81213211b953451918ebfc48","f9c7f0abe4b1ba3759249887324f30b7d2ac873e7acf82a12c6fa32e19551a3b","2026-08-03","TWD","Asia/Taipei","product_amounts_excluding_tax_and_customer_shipping_income","1","current","{""start"":""2026-08-02"",""end"":""2026-08-02""}","{""kind"":""all"",""channels"":[""DTC"",""MARKETPLACE""]}","same_days","1","1","manual_action","604e9bee-dd6d-43e7-90a1-c9a7289c0c20","匯出驗收行動第4項","draft","stop_condition","","","[""[\""fact\"",\""golden-v1\"",\""2026-08-02\"",\""2026-08-02\"",\""all\"",[\""DTC\"",\""MARKETPLACE\""],null,\""contribution_after_marketing\""]""]","[{""file"":""ad_spend_daily.csv"",""line"":4,""date"":""2026-08-02"",""channel"":""DTC"",""actual_filename"":""ad_spend_daily.csv""},{""file"":""ad_spend_daily.csv"",""line"":5,""date"":""2026-08-02"",""channel"":""MARKETPLACE"",""actual_filename"":""ad_spend_daily.csv""},{""file"":""channel_costs_daily.csv"",""line"":4,""date"":""2026-08-02"",""channel"":""DTC"",""actual_filename"":""channel_costs_daily.csv""},{""file"":""channel_costs_daily.csv"",""line"":5,""date"":""2026-08-02"",""channel"":""MARKETPLACE"",""actual_filename"":""channel_costs_daily.csv""},{""file"":""sales_daily.csv"",""line"":6,""date"":""2026-08-02"",""channel"":""DTC"",""sku"":""A"",""actual_filename"":""sales_daily.csv""},{""file"":""sales_daily.csv"",""line"":7,""date"":""2026-08-02"",""channel"":""DTC"",""sku"":""B"",""actual_filename"":""sales_daily.csv""},{""file"":""sales_daily.csv"",""line"":8,""date"":""2026-08-02"",""channel"":""MARKETPLACE"",""sku"":""A"",""actual_filename"":""sales_daily.csv""},{""file"":""sales_daily.csv"",""line"":9,""date"":""2026-08-02"",""channel"":""MARKETPLACE"",""sku"":""B"",""actual_filename"":""sales_daily.csv""}]","{""comparison_mode"":""same_days"",""channels"":[""DTC"",""MARKETPLACE""],""previous_period"":{""start"":""2026-08-01"",""end"":""2026-08-01""},""current_period"":{""start"":""2026-08-02"",""end"":""2026-08-02""}}","action-1-92339086dd83c9a89ae5ac754bdbad2a30c215eb81213211b953451918ebfc48-f9c7f0abe4b1ba3759249887324f30b7d2ac873e7acf82a12c6fa32e19551a3b","",""
"decision-v1","scenario-v1","contribution-v1","golden-v1","92339086dd83c9a89ae5ac754bdbad2a30c215eb81213211b953451918ebfc48","f9c7f0abe4b1ba3759249887324f30b7d2ac873e7acf82a12c6fa32e19551a3b","2026-08-03","TWD","Asia/Taipei","product_amounts_excluding_tax_and_customer_shipping_income","1","current","{""start"":""2026-08-02"",""end"":""2026-08-02""}","{""kind"":""all"",""channels"":[""DTC"",""MARKETPLACE""]}","same_days","1","1","manual_action","604e9bee-dd6d-43e7-90a1-c9a7289c0c20","匯出驗收行動第4項","draft","required_data","","","[""[\""fact\"",\""golden-v1\"",\""2026-08-02\"",\""2026-08-02\"",\""all\"",[\""DTC\"",\""MARKETPLACE\""],null,\""contribution_after_marketing\""]""]","[{""file"":""ad_spend_daily.csv"",""line"":4,""date"":""2026-08-02"",""channel"":""DTC"",""actual_filename"":""ad_spend_daily.csv""},{""file"":""ad_spend_daily.csv"",""line"":5,""date"":""2026-08-02"",""channel"":""MARKETPLACE"",""actual_filename"":""ad_spend_daily.csv""},{""file"":""channel_costs_daily.csv"",""line"":4,""date"":""2026-08-02"",""channel"":""DTC"",""actual_filename"":""channel_costs_daily.csv""},{""file"":""channel_costs_daily.csv"",""line"":5,""date"":""2026-08-02"",""channel"":""MARKETPLACE"",""actual_filename"":""channel_costs_daily.csv""},{""file"":""sales_daily.csv"",""line"":6,""date"":""2026-08-02"",""channel"":""DTC"",""sku"":""A"",""actual_filename"":""sales_daily.csv""},{""file"":""sales_daily.csv"",""line"":7,""date"":""2026-08-02"",""channel"":""DTC"",""sku"":""B"",""actual_filename"":""sales_daily.csv""},{""file"":""sales_daily.csv"",""line"":8,""date"":""2026-08-02"",""channel"":""MARKETPLACE"",""sku"":""A"",""actual_filename"":""sales_daily.csv""},{""file"":""sales_daily.csv"",""line"":9,""date"":""2026-08-02"",""channel"":""MARKETPLACE"",""sku"":""B"",""actual_filename"":""sales_daily.csv""}]","{""comparison_mode"":""same_days"",""channels"":[""DTC"",""MARKETPLACE""],""previous_period"":{""start"":""2026-08-01"",""end"":""2026-08-01""},""current_period"":{""start"":""2026-08-02"",""end"":""2026-08-02""}}","action-1-92339086dd83c9a89ae5ac754bdbad2a30c215eb81213211b953451918ebfc48-f9c7f0abe4b1ba3759249887324f30b7d2ac873e7acf82a12c6fa32e19551a3b","",""
"decision-v1","scenario-v1","contribution-v1","golden-v1","92339086dd83c9a89ae5ac754bdbad2a30c215eb81213211b953451918ebfc48","f9c7f0abe4b1ba3759249887324f30b7d2ac873e7acf82a12c6fa32e19551a3b","2026-08-03","TWD","Asia/Taipei","product_amounts_excluding_tax_and_customer_shipping_income","1","current","{""start"":""2026-08-02"",""end"":""2026-08-02""}","{""kind"":""all"",""channels"":[""DTC"",""MARKETPLACE""]}","same_days","1","1","manual_action","604e9bee-dd6d-43e7-90a1-c9a7289c0c20","匯出驗收行動第4項","draft","origin","manual","","[""[\""fact\"",\""golden-v1\"",\""2026-08-02\"",\""2026-08-02\"",\""all\"",[\""DTC\"",\""MARKETPLACE\""],null,\""contribution_after_marketing\""]""]","[{""file"":""ad_spend_daily.csv"",""line"":4,""date"":""2026-08-02"",""channel"":""DTC"",""actual_filename"":""ad_spend_daily.csv""},{""file"":""ad_spend_daily.csv"",""line"":5,""date"":""2026-08-02"",""channel"":""MARKETPLACE"",""actual_filename"":""ad_spend_daily.csv""},{""file"":""channel_costs_daily.csv"",""line"":4,""date"":""2026-08-02"",""channel"":""DTC"",""actual_filename"":""channel_costs_daily.csv""},{""file"":""channel_costs_daily.csv"",""line"":5,""date"":""2026-08-02"",""channel"":""MARKETPLACE"",""actual_filename"":""channel_costs_daily.csv""},{""file"":""sales_daily.csv"",""line"":6,""date"":""2026-08-02"",""channel"":""DTC"",""sku"":""A"",""actual_filename"":""sales_daily.csv""},{""file"":""sales_daily.csv"",""line"":7,""date"":""2026-08-02"",""channel"":""DTC"",""sku"":""B"",""actual_filename"":""sales_daily.csv""},{""file"":""sales_daily.csv"",""line"":8,""date"":""2026-08-02"",""channel"":""MARKETPLACE"",""sku"":""A"",""actual_filename"":""sales_daily.csv""},{""file"":""sales_daily.csv"",""line"":9,""date"":""2026-08-02"",""channel"":""MARKETPLACE"",""sku"":""B"",""actual_filename"":""sales_daily.csv""}]","{""comparison_mode"":""same_days"",""channels"":[""DTC"",""MARKETPLACE""],""previous_period"":{""start"":""2026-08-01"",""end"":""2026-08-01""},""current_period"":{""start"":""2026-08-02"",""end"":""2026-08-02""}}","action-1-92339086dd83c9a89ae5ac754bdbad2a30c215eb81213211b953451918ebfc48-f9c7f0abe4b1ba3759249887324f30b7d2ac873e7acf82a12c6fa32e19551a3b","",""
"decision-v1","scenario-v1","contribution-v1","golden-v1","92339086dd83c9a89ae5ac754bdbad2a30c215eb81213211b953451918ebfc48","f9c7f0abe4b1ba3759249887324f30b7d2ac873e7acf82a12c6fa32e19551a3b","2026-08-03","TWD","Asia/Taipei","product_amounts_excluding_tax_and_customer_shipping_income","1","current","{""start"":""2026-08-02"",""end"":""2026-08-02""}","{""kind"":""all"",""channels"":[""DTC"",""MARKETPLACE""]}","same_days","1","1","manual_action","604e9bee-dd6d-43e7-90a1-c9a7289c0c20","匯出驗收行動第4項","draft","evidence_confirmed","false","","[""[\""fact\"",\""golden-v1\"",\""2026-08-02\"",\""2026-08-02\"",\""all\"",[\""DTC\"",\""MARKETPLACE\""],null,\""contribution_after_marketing\""]""]","[{""file"":""ad_spend_daily.csv"",""line"":4,""date"":""2026-08-02"",""channel"":""DTC"",""actual_filename"":""ad_spend_daily.csv""},{""file"":""ad_spend_daily.csv"",""line"":5,""date"":""2026-08-02"",""channel"":""MARKETPLACE"",""actual_filename"":""ad_spend_daily.csv""},{""file"":""channel_costs_daily.csv"",""line"":4,""date"":""2026-08-02"",""channel"":""DTC"",""actual_filename"":""channel_costs_daily.csv""},{""file"":""channel_costs_daily.csv"",""line"":5,""date"":""2026-08-02"",""channel"":""MARKETPLACE"",""actual_filename"":""channel_costs_daily.csv""},{""file"":""sales_daily.csv"",""line"":6,""date"":""2026-08-02"",""channel"":""DTC"",""sku"":""A"",""actual_filename"":""sales_daily.csv""},{""file"":""sales_daily.csv"",""line"":7,""date"":""2026-08-02"",""channel"":""DTC"",""sku"":""B"",""actual_filename"":""sales_daily.csv""},{""file"":""sales_daily.csv"",""line"":8,""date"":""2026-08-02"",""channel"":""MARKETPLACE"",""sku"":""A"",""actual_filename"":""sales_daily.csv""},{""file"":""sales_daily.csv"",""line"":9,""date"":""2026-08-02"",""channel"":""MARKETPLACE"",""sku"":""B"",""actual_filename"":""sales_daily.csv""}]","{""comparison_mode"":""same_days"",""channels"":[""DTC"",""MARKETPLACE""],""previous_period"":{""start"":""2026-08-01"",""end"":""2026-08-01""},""current_period"":{""start"":""2026-08-02"",""end"":""2026-08-02""}}","action-1-92339086dd83c9a89ae5ac754bdbad2a30c215eb81213211b953451918ebfc48-f9c7f0abe4b1ba3759249887324f30b7d2ac873e7acf82a12c6fa32e19551a3b","",""
"decision-v1","scenario-v1","contribution-v1","golden-v1","92339086dd83c9a89ae5ac754bdbad2a30c215eb81213211b953451918ebfc48","f9c7f0abe4b1ba3759249887324f30b7d2ac873e7acf82a12c6fa32e19551a3b","2026-08-03","TWD","Asia/Taipei","product_amounts_excluding_tax_and_customer_shipping_income","1","current","{""start"":""2026-08-02"",""end"":""2026-08-02""}","{""kind"":""all"",""channels"":[""DTC"",""MARKETPLACE""]}","same_days","1","1","manual_action","604e9bee-dd6d-43e7-90a1-c9a7289c0c20","匯出驗收行動第4項","draft","priority","4","","[""[\""fact\"",\""golden-v1\"",\""2026-08-02\"",\""2026-08-02\"",\""all\"",[\""DTC\"",\""MARKETPLACE\""],null,\""contribution_after_marketing\""]""]","[{""file"":""ad_spend_daily.csv"",""line"":4,""date"":""2026-08-02"",""channel"":""DTC"",""actual_filename"":""ad_spend_daily.csv""},{""file"":""ad_spend_daily.csv"",""line"":5,""date"":""2026-08-02"",""channel"":""MARKETPLACE"",""actual_filename"":""ad_spend_daily.csv""},{""file"":""channel_costs_daily.csv"",""line"":4,""date"":""2026-08-02"",""channel"":""DTC"",""actual_filename"":""channel_costs_daily.csv""},{""file"":""channel_costs_daily.csv"",""line"":5,""date"":""2026-08-02"",""channel"":""MARKETPLACE"",""actual_filename"":""channel_costs_daily.csv""},{""file"":""sales_daily.csv"",""line"":6,""date"":""2026-08-02"",""channel"":""DTC"",""sku"":""A"",""actual_filename"":""sales_daily.csv""},{""file"":""sales_daily.csv"",""line"":7,""date"":""2026-08-02"",""channel"":""DTC"",""sku"":""B"",""actual_filename"":""sales_daily.csv""},{""file"":""sales_daily.csv"",""line"":8,""date"":""2026-08-02"",""channel"":""MARKETPLACE"",""sku"":""A"",""actual_filename"":""sales_daily.csv""},{""file"":""sales_daily.csv"",""line"":9,""date"":""2026-08-02"",""channel"":""MARKETPLACE"",""sku"":""B"",""actual_filename"":""sales_daily.csv""}]","{""comparison_mode"":""same_days"",""channels"":[""DTC"",""MARKETPLACE""],""previous_period"":{""start"":""2026-08-01"",""end"":""2026-08-01""},""current_period"":{""start"":""2026-08-02"",""end"":""2026-08-02""}}","action-1-92339086dd83c9a89ae5ac754bdbad2a30c215eb81213211b953451918ebfc48-f9c7f0abe4b1ba3759249887324f30b7d2ac873e7acf82a12c6fa32e19551a3b","",""
"decision-v1","scenario-v1","contribution-v1","golden-v1","92339086dd83c9a89ae5ac754bdbad2a30c215eb81213211b953451918ebfc48","f9c7f0abe4b1ba3759249887324f30b7d2ac873e7acf82a12c6fa32e19551a3b","2026-08-03","TWD","Asia/Taipei","product_amounts_excluding_tax_and_customer_shipping_income","1","current","{""start"":""2026-08-02"",""end"":""2026-08-02""}","{""kind"":""all"",""channels"":[""DTC"",""MARKETPLACE""]}","same_days","1","1","manual_action","604e9bee-dd6d-43e7-90a1-c9a7289c0c20","匯出驗收行動第4項","draft","pinned","false","","[""[\""fact\"",\""golden-v1\"",\""2026-08-02\"",\""2026-08-02\"",\""all\"",[\""DTC\"",\""MARKETPLACE\""],null,\""contribution_after_marketing\""]""]","[{""file"":""ad_spend_daily.csv"",""line"":4,""date"":""2026-08-02"",""channel"":""DTC"",""actual_filename"":""ad_spend_daily.csv""},{""file"":""ad_spend_daily.csv"",""line"":5,""date"":""2026-08-02"",""channel"":""MARKETPLACE"",""actual_filename"":""ad_spend_daily.csv""},{""file"":""channel_costs_daily.csv"",""line"":4,""date"":""2026-08-02"",""channel"":""DTC"",""actual_filename"":""channel_costs_daily.csv""},{""file"":""channel_costs_daily.csv"",""line"":5,""date"":""2026-08-02"",""channel"":""MARKETPLACE"",""actual_filename"":""channel_costs_daily.csv""},{""file"":""sales_daily.csv"",""line"":6,""date"":""2026-08-02"",""channel"":""DTC"",""sku"":""A"",""actual_filename"":""sales_daily.csv""},{""file"":""sales_daily.csv"",""line"":7,""date"":""2026-08-02"",""channel"":""DTC"",""sku"":""B"",""actual_filename"":""sales_daily.csv""},{""file"":""sales_daily.csv"",""line"":8,""date"":""2026-08-02"",""channel"":""MARKETPLACE"",""sku"":""A"",""actual_filename"":""sales_daily.csv""},{""file"":""sales_daily.csv"",""line"":9,""date"":""2026-08-02"",""channel"":""MARKETPLACE"",""sku"":""B"",""actual_filename"":""sales_daily.csv""}]","{""comparison_mode"":""same_days"",""channels"":[""DTC"",""MARKETPLACE""],""previous_period"":{""start"":""2026-08-01"",""end"":""2026-08-01""},""current_period"":{""start"":""2026-08-02"",""end"":""2026-08-02""}}","action-1-92339086dd83c9a89ae5ac754bdbad2a30c215eb81213211b953451918ebfc48-f9c7f0abe4b1ba3759249887324f30b7d2ac873e7acf82a12c6fa32e19551a3b","",""
"decision-v1","scenario-v1","contribution-v1","golden-v1","92339086dd83c9a89ae5ac754bdbad2a30c215eb81213211b953451918ebfc48","f9c7f0abe4b1ba3759249887324f30b7d2ac873e7acf82a12c6fa32e19551a3b","2026-08-03","TWD","Asia/Taipei","product_amounts_excluding_tax_and_customer_shipping_income","1","current","{""start"":""2026-08-02"",""end"":""2026-08-02""}","{""kind"":""all"",""channels"":[""DTC"",""MARKETPLACE""]}","same_days","1","1","manual_action","604e9bee-dd6d-43e7-90a1-c9a7289c0c20","匯出驗收行動第4項","draft","status","draft","","[""[\""fact\"",\""golden-v1\"",\""2026-08-02\"",\""2026-08-02\"",\""all\"",[\""DTC\"",\""MARKETPLACE\""],null,\""contribution_after_marketing\""]""]","[{""file"":""ad_spend_daily.csv"",""line"":4,""date"":""2026-08-02"",""channel"":""DTC"",""actual_filename"":""ad_spend_daily.csv""},{""file"":""ad_spend_daily.csv"",""line"":5,""date"":""2026-08-02"",""channel"":""MARKETPLACE"",""actual_filename"":""ad_spend_daily.csv""},{""file"":""channel_costs_daily.csv"",""line"":4,""date"":""2026-08-02"",""channel"":""DTC"",""actual_filename"":""channel_costs_daily.csv""},{""file"":""channel_costs_daily.csv"",""line"":5,""date"":""2026-08-02"",""channel"":""MARKETPLACE"",""actual_filename"":""channel_costs_daily.csv""},{""file"":""sales_daily.csv"",""line"":6,""date"":""2026-08-02"",""channel"":""DTC"",""sku"":""A"",""actual_filename"":""sales_daily.csv""},{""file"":""sales_daily.csv"",""line"":7,""date"":""2026-08-02"",""channel"":""DTC"",""sku"":""B"",""actual_filename"":""sales_daily.csv""},{""file"":""sales_daily.csv"",""line"":8,""date"":""2026-08-02"",""channel"":""MARKETPLACE"",""sku"":""A"",""actual_filename"":""sales_daily.csv""},{""file"":""sales_daily.csv"",""line"":9,""date"":""2026-08-02"",""channel"":""MARKETPLACE"",""sku"":""B"",""actual_filename"":""sales_daily.csv""}]","{""comparison_mode"":""same_days"",""channels"":[""DTC"",""MARKETPLACE""],""previous_period"":{""start"":""2026-08-01"",""end"":""2026-08-01""},""current_period"":{""start"":""2026-08-02"",""end"":""2026-08-02""}}","action-1-92339086dd83c9a89ae5ac754bdbad2a30c215eb81213211b953451918ebfc48-f9c7f0abe4b1ba3759249887324f30b7d2ac873e7acf82a12c6fa32e19551a3b","",""
"decision-v1","scenario-v1","contribution-v1","golden-v1","92339086dd83c9a89ae5ac754bdbad2a30c215eb81213211b953451918ebfc48","f9c7f0abe4b1ba3759249887324f30b7d2ac873e7acf82a12c6fa32e19551a3b","2026-08-03","TWD","Asia/Taipei","product_amounts_excluding_tax_and_customer_shipping_income","1","current","{""start"":""2026-08-02"",""end"":""2026-08-02""}","{""kind"":""all"",""channels"":[""DTC"",""MARKETPLACE""]}","same_days","1","1","manual_action","604e9bee-dd6d-43e7-90a1-c9a7289c0c20","匯出驗收行動第4項","draft","execution_status","not_started","","[""[\""fact\"",\""golden-v1\"",\""2026-08-02\"",\""2026-08-02\"",\""all\"",[\""DTC\"",\""MARKETPLACE\""],null,\""contribution_after_marketing\""]""]","[{""file"":""ad_spend_daily.csv"",""line"":4,""date"":""2026-08-02"",""channel"":""DTC"",""actual_filename"":""ad_spend_daily.csv""},{""file"":""ad_spend_daily.csv"",""line"":5,""date"":""2026-08-02"",""channel"":""MARKETPLACE"",""actual_filename"":""ad_spend_daily.csv""},{""file"":""channel_costs_daily.csv"",""line"":4,""date"":""2026-08-02"",""channel"":""DTC"",""actual_filename"":""channel_costs_daily.csv""},{""file"":""channel_costs_daily.csv"",""line"":5,""date"":""2026-08-02"",""channel"":""MARKETPLACE"",""actual_filename"":""channel_costs_daily.csv""},{""file"":""sales_daily.csv"",""line"":6,""date"":""2026-08-02"",""channel"":""DTC"",""sku"":""A"",""actual_filename"":""sales_daily.csv""},{""file"":""sales_daily.csv"",""line"":7,""date"":""2026-08-02"",""channel"":""DTC"",""sku"":""B"",""actual_filename"":""sales_daily.csv""},{""file"":""sales_daily.csv"",""line"":8,""date"":""2026-08-02"",""channel"":""MARKETPLACE"",""sku"":""A"",""actual_filename"":""sales_daily.csv""},{""file"":""sales_daily.csv"",""line"":9,""date"":""2026-08-02"",""channel"":""MARKETPLACE"",""sku"":""B"",""actual_filename"":""sales_daily.csv""}]","{""comparison_mode"":""same_days"",""channels"":[""DTC"",""MARKETPLACE""],""previous_period"":{""start"":""2026-08-01"",""end"":""2026-08-01""},""current_period"":{""start"":""2026-08-02"",""end"":""2026-08-02""}}","action-1-92339086dd83c9a89ae5ac754bdbad2a30c215eb81213211b953451918ebfc48-f9c7f0abe4b1ba3759249887324f30b7d2ac873e7acf82a12c6fa32e19551a3b","",""
"decision-v1","scenario-v1","contribution-v1","golden-v1","92339086dd83c9a89ae5ac754bdbad2a30c215eb81213211b953451918ebfc48","f9c7f0abe4b1ba3759249887324f30b7d2ac873e7acf82a12c6fa32e19551a3b","2026-08-03","TWD","Asia/Taipei","product_amounts_excluding_tax_and_customer_shipping_income","1","current","{""start"":""2026-08-02"",""end"":""2026-08-02""}","{""kind"":""all"",""channels"":[""DTC"",""MARKETPLACE""]}","same_days","1","1","manual_action","604e9bee-dd6d-43e7-90a1-c9a7289c0c20","匯出驗收行動第4項","draft","progress_notes","","","[""[\""fact\"",\""golden-v1\"",\""2026-08-02\"",\""2026-08-02\"",\""all\"",[\""DTC\"",\""MARKETPLACE\""],null,\""contribution_after_marketing\""]""]","[{""file"":""ad_spend_daily.csv"",""line"":4,""date"":""2026-08-02"",""channel"":""DTC"",""actual_filename"":""ad_spend_daily.csv""},{""file"":""ad_spend_daily.csv"",""line"":5,""date"":""2026-08-02"",""channel"":""MARKETPLACE"",""actual_filename"":""ad_spend_daily.csv""},{""file"":""channel_costs_daily.csv"",""line"":4,""date"":""2026-08-02"",""channel"":""DTC"",""actual_filename"":""channel_costs_daily.csv""},{""file"":""channel_costs_daily.csv"",""line"":5,""date"":""2026-08-02"",""channel"":""MARKETPLACE"",""actual_filename"":""channel_costs_daily.csv""},{""file"":""sales_daily.csv"",""line"":6,""date"":""2026-08-02"",""channel"":""DTC"",""sku"":""A"",""actual_filename"":""sales_daily.csv""},{""file"":""sales_daily.csv"",""line"":7,""date"":""2026-08-02"",""channel"":""DTC"",""sku"":""B"",""actual_filename"":""sales_daily.csv""},{""file"":""sales_daily.csv"",""line"":8,""date"":""2026-08-02"",""channel"":""MARKETPLACE"",""sku"":""A"",""actual_filename"":""sales_daily.csv""},{""file"":""sales_daily.csv"",""line"":9,""date"":""2026-08-02"",""channel"":""MARKETPLACE"",""sku"":""B"",""actual_filename"":""sales_daily.csv""}]","{""comparison_mode"":""same_days"",""channels"":[""DTC"",""MARKETPLACE""],""previous_period"":{""start"":""2026-08-01"",""end"":""2026-08-01""},""current_period"":{""start"":""2026-08-02"",""end"":""2026-08-02""}}","action-1-92339086dd83c9a89ae5ac754bdbad2a30c215eb81213211b953451918ebfc48-f9c7f0abe4b1ba3759249887324f30b7d2ac873e7acf82a12c6fa32e19551a3b","",""
"decision-v1","scenario-v1","contribution-v1","golden-v1","92339086dd83c9a89ae5ac754bdbad2a30c215eb81213211b953451918ebfc48","f9c7f0abe4b1ba3759249887324f30b7d2ac873e7acf82a12c6fa32e19551a3b","2026-08-03","TWD","Asia/Taipei","product_amounts_excluding_tax_and_customer_shipping_income","1","current","{""start"":""2026-08-02"",""end"":""2026-08-02""}","{""kind"":""all"",""channels"":[""DTC"",""MARKETPLACE""]}","same_days","1","1","manual_action","604e9bee-dd6d-43e7-90a1-c9a7289c0c20","匯出驗收行動第4項","draft","evidence_review_required","false","","[""[\""fact\"",\""golden-v1\"",\""2026-08-02\"",\""2026-08-02\"",\""all\"",[\""DTC\"",\""MARKETPLACE\""],null,\""contribution_after_marketing\""]""]","[{""file"":""ad_spend_daily.csv"",""line"":4,""date"":""2026-08-02"",""channel"":""DTC"",""actual_filename"":""ad_spend_daily.csv""},{""file"":""ad_spend_daily.csv"",""line"":5,""date"":""2026-08-02"",""channel"":""MARKETPLACE"",""actual_filename"":""ad_spend_daily.csv""},{""file"":""channel_costs_daily.csv"",""line"":4,""date"":""2026-08-02"",""channel"":""DTC"",""actual_filename"":""channel_costs_daily.csv""},{""file"":""channel_costs_daily.csv"",""line"":5,""date"":""2026-08-02"",""channel"":""MARKETPLACE"",""actual_filename"":""channel_costs_daily.csv""},{""file"":""sales_daily.csv"",""line"":6,""date"":""2026-08-02"",""channel"":""DTC"",""sku"":""A"",""actual_filename"":""sales_daily.csv""},{""file"":""sales_daily.csv"",""line"":7,""date"":""2026-08-02"",""channel"":""DTC"",""sku"":""B"",""actual_filename"":""sales_daily.csv""},{""file"":""sales_daily.csv"",""line"":8,""date"":""2026-08-02"",""channel"":""MARKETPLACE"",""sku"":""A"",""actual_filename"":""sales_daily.csv""},{""file"":""sales_daily.csv"",""line"":9,""date"":""2026-08-02"",""channel"":""MARKETPLACE"",""sku"":""B"",""actual_filename"":""sales_daily.csv""}]","{""comparison_mode"":""same_days"",""channels"":[""DTC"",""MARKETPLACE""],""previous_period"":{""start"":""2026-08-01"",""end"":""2026-08-01""},""current_period"":{""start"":""2026-08-02"",""end"":""2026-08-02""}}","action-1-92339086dd83c9a89ae5ac754bdbad2a30c215eb81213211b953451918ebfc48-f9c7f0abe4b1ba3759249887324f30b7d2ac873e7acf82a12c6fa32e19551a3b","",""
"decision-v1","scenario-v1","contribution-v1","golden-v1","92339086dd83c9a89ae5ac754bdbad2a30c215eb81213211b953451918ebfc48","f9c7f0abe4b1ba3759249887324f30b7d2ac873e7acf82a12c6fa32e19551a3b","2026-08-03","TWD","Asia/Taipei","product_amounts_excluding_tax_and_customer_shipping_income","1","current","{""start"":""2026-08-02"",""end"":""2026-08-02""}","{""kind"":""all"",""channels"":[""DTC"",""MARKETPLACE""]}","same_days","1","1","manual_action","604e9bee-dd6d-43e7-90a1-c9a7289c0c20","匯出驗收行動第4項","draft","evidence_relation","current","","[""[\""fact\"",\""golden-v1\"",\""2026-08-02\"",\""2026-08-02\"",\""all\"",[\""DTC\"",\""MARKETPLACE\""],null,\""contribution_after_marketing\""]""]","[{""file"":""ad_spend_daily.csv"",""line"":4,""date"":""2026-08-02"",""channel"":""DTC"",""actual_filename"":""ad_spend_daily.csv""},{""file"":""ad_spend_daily.csv"",""line"":5,""date"":""2026-08-02"",""channel"":""MARKETPLACE"",""actual_filename"":""ad_spend_daily.csv""},{""file"":""channel_costs_daily.csv"",""line"":4,""date"":""2026-08-02"",""channel"":""DTC"",""actual_filename"":""channel_costs_daily.csv""},{""file"":""channel_costs_daily.csv"",""line"":5,""date"":""2026-08-02"",""channel"":""MARKETPLACE"",""actual_filename"":""channel_costs_daily.csv""},{""file"":""sales_daily.csv"",""line"":6,""date"":""2026-08-02"",""channel"":""DTC"",""sku"":""A"",""actual_filename"":""sales_daily.csv""},{""file"":""sales_daily.csv"",""line"":7,""date"":""2026-08-02"",""channel"":""DTC"",""sku"":""B"",""actual_filename"":""sales_daily.csv""},{""file"":""sales_daily.csv"",""line"":8,""date"":""2026-08-02"",""channel"":""MARKETPLACE"",""sku"":""A"",""actual_filename"":""sales_daily.csv""},{""file"":""sales_daily.csv"",""line"":9,""date"":""2026-08-02"",""channel"":""MARKETPLACE"",""sku"":""B"",""actual_filename"":""sales_daily.csv""}]","{""comparison_mode"":""same_days"",""channels"":[""DTC"",""MARKETPLACE""],""previous_period"":{""start"":""2026-08-01"",""end"":""2026-08-01""},""current_period"":{""start"":""2026-08-02"",""end"":""2026-08-02""}}","action-1-92339086dd83c9a89ae5ac754bdbad2a30c215eb81213211b953451918ebfc48-f9c7f0abe4b1ba3759249887324f30b7d2ac873e7acf82a12c6fa32e19551a3b","",""
"decision-v1","scenario-v1","contribution-v1","golden-v1","92339086dd83c9a89ae5ac754bdbad2a30c215eb81213211b953451918ebfc48","f9c7f0abe4b1ba3759249887324f30b7d2ac873e7acf82a12c6fa32e19551a3b","2026-08-03","TWD","Asia/Taipei","product_amounts_excluding_tax_and_customer_shipping_income","1","current","{""start"":""2026-08-02"",""end"":""2026-08-02""}","{""kind"":""all"",""channels"":[""DTC"",""MARKETPLACE""]}","same_days","1","1","manual_action","604e9bee-dd6d-43e7-90a1-c9a7289c0c20","匯出驗收行動第4項","draft","data_limitations","[]","","[""[\""fact\"",\""golden-v1\"",\""2026-08-02\"",\""2026-08-02\"",\""all\"",[\""DTC\"",\""MARKETPLACE\""],null,\""contribution_after_marketing\""]""]","[{""file"":""ad_spend_daily.csv"",""line"":4,""date"":""2026-08-02"",""channel"":""DTC"",""actual_filename"":""ad_spend_daily.csv""},{""file"":""ad_spend_daily.csv"",""line"":5,""date"":""2026-08-02"",""channel"":""MARKETPLACE"",""actual_filename"":""ad_spend_daily.csv""},{""file"":""channel_costs_daily.csv"",""line"":4,""date"":""2026-08-02"",""channel"":""DTC"",""actual_filename"":""channel_costs_daily.csv""},{""file"":""channel_costs_daily.csv"",""line"":5,""date"":""2026-08-02"",""channel"":""MARKETPLACE"",""actual_filename"":""channel_costs_daily.csv""},{""file"":""sales_daily.csv"",""line"":6,""date"":""2026-08-02"",""channel"":""DTC"",""sku"":""A"",""actual_filename"":""sales_daily.csv""},{""file"":""sales_daily.csv"",""line"":7,""date"":""2026-08-02"",""channel"":""DTC"",""sku"":""B"",""actual_filename"":""sales_daily.csv""},{""file"":""sales_daily.csv"",""line"":8,""date"":""2026-08-02"",""channel"":""MARKETPLACE"",""sku"":""A"",""actual_filename"":""sales_daily.csv""},{""file"":""sales_daily.csv"",""line"":9,""date"":""2026-08-02"",""channel"":""MARKETPLACE"",""sku"":""B"",""actual_filename"":""sales_daily.csv""}]","{""comparison_mode"":""same_days"",""channels"":[""DTC"",""MARKETPLACE""],""previous_period"":{""start"":""2026-08-01"",""end"":""2026-08-01""},""current_period"":{""start"":""2026-08-02"",""end"":""2026-08-02""}}","action-1-92339086dd83c9a89ae5ac754bdbad2a30c215eb81213211b953451918ebfc48-f9c7f0abe4b1ba3759249887324f30b7d2ac873e7acf82a12c6fa32e19551a3b","",""
"decision-v1","scenario-v1","contribution-v1","golden-v1","92339086dd83c9a89ae5ac754bdbad2a30c215eb81213211b953451918ebfc48","f9c7f0abe4b1ba3759249887324f30b7d2ac873e7acf82a12c6fa32e19551a3b","2026-08-03","TWD","Asia/Taipei","product_amounts_excluding_tax_and_customer_shipping_income","1","current","{""start"":""2026-08-02"",""end"":""2026-08-02""}","{""kind"":""all"",""channels"":[""DTC"",""MARKETPLACE""]}","same_days","1","1","manual_action","604e9bee-dd6d-43e7-90a1-c9a7289c0c20","匯出驗收行動第4項","draft","diagnostic_id","null","","[""[\""fact\"",\""golden-v1\"",\""2026-08-02\"",\""2026-08-02\"",\""all\"",[\""DTC\"",\""MARKETPLACE\""],null,\""contribution_after_marketing\""]""]","[{""file"":""ad_spend_daily.csv"",""line"":4,""date"":""2026-08-02"",""channel"":""DTC"",""actual_filename"":""ad_spend_daily.csv""},{""file"":""ad_spend_daily.csv"",""line"":5,""date"":""2026-08-02"",""channel"":""MARKETPLACE"",""actual_filename"":""ad_spend_daily.csv""},{""file"":""channel_costs_daily.csv"",""line"":4,""date"":""2026-08-02"",""channel"":""DTC"",""actual_filename"":""channel_costs_daily.csv""},{""file"":""channel_costs_daily.csv"",""line"":5,""date"":""2026-08-02"",""channel"":""MARKETPLACE"",""actual_filename"":""channel_costs_daily.csv""},{""file"":""sales_daily.csv"",""line"":6,""date"":""2026-08-02"",""channel"":""DTC"",""sku"":""A"",""actual_filename"":""sales_daily.csv""},{""file"":""sales_daily.csv"",""line"":7,""date"":""2026-08-02"",""channel"":""DTC"",""sku"":""B"",""actual_filename"":""sales_daily.csv""},{""file"":""sales_daily.csv"",""line"":8,""date"":""2026-08-02"",""channel"":""MARKETPLACE"",""sku"":""A"",""actual_filename"":""sales_daily.csv""},{""file"":""sales_daily.csv"",""line"":9,""date"":""2026-08-02"",""channel"":""MARKETPLACE"",""sku"":""B"",""actual_filename"":""sales_daily.csv""}]","{""comparison_mode"":""same_days"",""channels"":[""DTC"",""MARKETPLACE""],""previous_period"":{""start"":""2026-08-01"",""end"":""2026-08-01""},""current_period"":{""start"":""2026-08-02"",""end"":""2026-08-02""}}","action-1-92339086dd83c9a89ae5ac754bdbad2a30c215eb81213211b953451918ebfc48-f9c7f0abe4b1ba3759249887324f30b7d2ac873e7acf82a12c6fa32e19551a3b","",""
"decision-v1","scenario-v1","contribution-v1","golden-v1","92339086dd83c9a89ae5ac754bdbad2a30c215eb81213211b953451918ebfc48","f9c7f0abe4b1ba3759249887324f30b7d2ac873e7acf82a12c6fa32e19551a3b","2026-08-03","TWD","Asia/Taipei","product_amounts_excluding_tax_and_customer_shipping_income","1","current","{""start"":""2026-08-02"",""end"":""2026-08-02""}","{""kind"":""all"",""channels"":[""DTC"",""MARKETPLACE""]}","same_days","1","1","manual_action","604e9bee-dd6d-43e7-90a1-c9a7289c0c20","匯出驗收行動第4項","draft","binding_revision","2","","[""[\""fact\"",\""golden-v1\"",\""2026-08-02\"",\""2026-08-02\"",\""all\"",[\""DTC\"",\""MARKETPLACE\""],null,\""contribution_after_marketing\""]""]","[{""file"":""ad_spend_daily.csv"",""line"":4,""date"":""2026-08-02"",""channel"":""DTC"",""actual_filename"":""ad_spend_daily.csv""},{""file"":""ad_spend_daily.csv"",""line"":5,""date"":""2026-08-02"",""channel"":""MARKETPLACE"",""actual_filename"":""ad_spend_daily.csv""},{""file"":""channel_costs_daily.csv"",""line"":4,""date"":""2026-08-02"",""channel"":""DTC"",""actual_filename"":""channel_costs_daily.csv""},{""file"":""channel_costs_daily.csv"",""line"":5,""date"":""2026-08-02"",""channel"":""MARKETPLACE"",""actual_filename"":""channel_costs_daily.csv""},{""file"":""sales_daily.csv"",""line"":6,""date"":""2026-08-02"",""channel"":""DTC"",""sku"":""A"",""actual_filename"":""sales_daily.csv""},{""file"":""sales_daily.csv"",""line"":7,""date"":""2026-08-02"",""channel"":""DTC"",""sku"":""B"",""actual_filename"":""sales_daily.csv""},{""file"":""sales_daily.csv"",""line"":8,""date"":""2026-08-02"",""channel"":""MARKETPLACE"",""sku"":""A"",""actual_filename"":""sales_daily.csv""},{""file"":""sales_daily.csv"",""line"":9,""date"":""2026-08-02"",""channel"":""MARKETPLACE"",""sku"":""B"",""actual_filename"":""sales_daily.csv""}]","{""comparison_mode"":""same_days"",""channels"":[""DTC"",""MARKETPLACE""],""previous_period"":{""start"":""2026-08-01"",""end"":""2026-08-01""},""current_period"":{""start"":""2026-08-02"",""end"":""2026-08-02""}}","action-1-92339086dd83c9a89ae5ac754bdbad2a30c215eb81213211b953451918ebfc48-f9c7f0abe4b1ba3759249887324f30b7d2ac873e7acf82a12c6fa32e19551a3b","",""
"decision-v1","scenario-v1","contribution-v1","golden-v1","92339086dd83c9a89ae5ac754bdbad2a30c215eb81213211b953451918ebfc48","f9c7f0abe4b1ba3759249887324f30b7d2ac873e7acf82a12c6fa32e19551a3b","2026-08-03","TWD","Asia/Taipei","product_amounts_excluding_tax_and_customer_shipping_income","1","current","{""start"":""2026-08-02"",""end"":""2026-08-02""}","{""kind"":""all"",""channels"":[""DTC"",""MARKETPLACE""]}","same_days","1","1","manual_action","604e9bee-dd6d-43e7-90a1-c9a7289c0c20","匯出驗收行動第4項","draft","binding_history","[{""revision"":1,""context_id"":""action-1-92339086dd83c9a89ae5ac754bdbad2a30c215eb81213211b953451918ebfc48-f9c7f0abe4b1ba3759249887324f30b7d2ac873e7acf82a12c6fa32e19551a3b"",""scope"":{""kind"":""all"",""channels"":[""DTC"",""MARKETPLACE""]},""fact_ids"":[],""evidence_confirmed"":false,""legacy_review_required"":false,""evidence"":[],""dataset_id"":""golden-v1"",""dataset_hash"":""92339086dd83c9a89ae5ac754bdbad2a30c215eb81213211b953451918ebfc48"",""filter_hash"":""f9c7f0abe4b1ba3759249887324f30b7d2ac873e7acf82a12c6fa32e19551a3b"",""metric_version"":""contribution-v1"",""data_as_of"":""2026-08-03"",""period"":{""start"":""2026-08-02"",""end"":""2026-08-02""},""analysis_scope"":{""comparison_mode"":""same_days"",""channels"":[""DTC"",""MARKETPLACE""],""previous_period"":{""start"":""2026-08-01"",""end"":""2026-08-01""},""current_period"":{""start"":""2026-08-02"",""end"":""2026-08-02""}},""filenames"":{}}]","","[""[\""fact\"",\""golden-v1\"",\""2026-08-02\"",\""2026-08-02\"",\""all\"",[\""DTC\"",\""MARKETPLACE\""],null,\""contribution_after_marketing\""]""]","[{""file"":""ad_spend_daily.csv"",""line"":4,""date"":""2026-08-02"",""channel"":""DTC"",""actual_filename"":""ad_spend_daily.csv""},{""file"":""ad_spend_daily.csv"",""line"":5,""date"":""2026-08-02"",""channel"":""MARKETPLACE"",""actual_filename"":""ad_spend_daily.csv""},{""file"":""channel_costs_daily.csv"",""line"":4,""date"":""2026-08-02"",""channel"":""DTC"",""actual_filename"":""channel_costs_daily.csv""},{""file"":""channel_costs_daily.csv"",""line"":5,""date"":""2026-08-02"",""channel"":""MARKETPLACE"",""actual_filename"":""channel_costs_daily.csv""},{""file"":""sales_daily.csv"",""line"":6,""date"":""2026-08-02"",""channel"":""DTC"",""sku"":""A"",""actual_filename"":""sales_daily.csv""},{""file"":""sales_daily.csv"",""line"":7,""date"":""2026-08-02"",""channel"":""DTC"",""sku"":""B"",""actual_filename"":""sales_daily.csv""},{""file"":""sales_daily.csv"",""line"":8,""date"":""2026-08-02"",""channel"":""MARKETPLACE"",""sku"":""A"",""actual_filename"":""sales_daily.csv""},{""file"":""sales_daily.csv"",""line"":9,""date"":""2026-08-02"",""channel"":""MARKETPLACE"",""sku"":""B"",""actual_filename"":""sales_daily.csv""}]","{""comparison_mode"":""same_days"",""channels"":[""DTC"",""MARKETPLACE""],""previous_period"":{""start"":""2026-08-01"",""end"":""2026-08-01""},""current_period"":{""start"":""2026-08-02"",""end"":""2026-08-02""}}","action-1-92339086dd83c9a89ae5ac754bdbad2a30c215eb81213211b953451918ebfc48-f9c7f0abe4b1ba3759249887324f30b7d2ac873e7acf82a12c6fa32e19551a3b","",""
"decision-v1","scenario-v1","contribution-v1","golden-v1","92339086dd83c9a89ae5ac754bdbad2a30c215eb81213211b953451918ebfc48","f9c7f0abe4b1ba3759249887324f30b7d2ac873e7acf82a12c6fa32e19551a3b","2026-08-03","TWD","Asia/Taipei","product_amounts_excluding_tax_and_customer_shipping_income","1","current","{""start"":""2026-08-02"",""end"":""2026-08-02""}","{""kind"":""all"",""channels"":[""DTC"",""MARKETPLACE""]}","same_days","1","1","manual_action","604e9bee-dd6d-43e7-90a1-c9a7289c0c20","匯出驗收行動第4項","draft","binding","{""context_id"":""action-1-92339086dd83c9a89ae5ac754bdbad2a30c215eb81213211b953451918ebfc48-f9c7f0abe4b1ba3759249887324f30b7d2ac873e7acf82a12c6fa32e19551a3b"",""status"":""current"",""dataset_id"":""golden-v1"",""dataset_hash"":""92339086dd83c9a89ae5ac754bdbad2a30c215eb81213211b953451918ebfc48"",""filter_hash"":""f9c7f0abe4b1ba3759249887324f30b7d2ac873e7acf82a12c6fa32e19551a3b"",""metric_version"":""contribution-v1"",""data_as_of"":""2026-08-03"",""revision"":1,""period"":{""start"":""2026-08-02"",""end"":""2026-08-02""},""scope"":{""kind"":""all"",""channels"":[""DTC"",""MARKETPLACE""]},""analysis_scope"":{""comparison_mode"":""same_days"",""channels"":[""DTC"",""MARKETPLACE""],""previous_period"":{""start"":""2026-08-01"",""end"":""2026-08-01""},""current_period"":{""start"":""2026-08-02"",""end"":""2026-08-02""}},""comparison"":{""mode"":""same_days"",""previous_days"":1,""current_days"":1,""previous_daily_average"":{""gross_sales"":{""value"":""2500.00"",""reason_codes"":[]},""discounts"":{""value"":""200.00"",""reason_codes"":[]},""refunds"":{""value"":""50.00"",""reason_codes"":[]},""cogs_net"":{""value"":""1050.00"",""reason_codes"":[]},""platform_fees"":{""value"":""90.00"",""reason_codes"":[]},""payment_fees"":{""value"":""60.00"",""reason_codes"":[]},""fulfillment_costs"":{""value"":""160.00"",""reason_codes"":[]},""other_variable_costs"":{""value"":""20.00"",""reason_codes"":[]},""ad_spend"":{""value"":""300.00"",""reason_codes"":[]},""net_revenue"":{""value"":""2250.00"",""reason_codes"":[]},""gross_profit"":{""value"":""1200.00"",""reason_codes"":[]},""contribution_before_marketing"":{""value"":""870.00"",""reason_codes"":[]},""contribution_after_marketing"":{""value"":""570.00"",""reason_codes"":[]}},""current_daily_average"":{""gross_sales"":{""value"":""3100.00"",""reason_codes"":[]},""discounts"":{""value"":""450.00"",""reason_codes"":[]},""refunds"":{""value"":""180.00"",""reason_codes"":[]},""cogs_net"":{""value"":""1325.00"",""reason_codes"":[]},""platform_fees"":{""value"":""120.00"",""reason_codes"":[]},""payment_fees"":{""value"":""66.00"",""reason_codes"":[]},""fulfillment_costs"":{""value"":""225.00"",""reason_codes"":[]},""other_variable_costs"":{""value"":""29.00"",""reason_codes"":[]},""ad_spend"":{""value"":""450.00"",""reason_codes"":[]},""net_revenue"":{""value"":""2470.00"",""reason_codes"":[]},""gross_profit"":{""value"":""1145.00"",""reason_codes"":[]},""contribution_before_marketing"":{""value"":""705.00"",""reason_codes"":[]},""contribution_after_marketing"":{""value"":""255.00"",""reason_codes"":[]}},""daily_average_changes"":{""gross_sales"":{""value"":""600.00"",""reason_codes"":[]},""discounts"":{""value"":""250.00"",""reason_codes"":[]},""refunds"":{""value"":""130.00"",""reason_codes"":[]},""cogs_net"":{""value"":""275.00"",""reason_codes"":[]},""platform_fees"":{""value"":""30.00"",""reason_codes"":[]},""payment_fees"":{""value"":""6.00"",""reason_codes"":[]},""fulfillment_costs"":{""value"":""65.00"",""reason_codes"":[]},""other_variable_costs"":{""value"":""9.00"",""reason_codes"":[]},""ad_spend"":{""value"":""150.00"",""reason_codes"":[]},""net_revenue"":{""value"":""220.00"",""reason_codes"":[]},""gross_profit"":{""value"":""-55.00"",""reason_codes"":[]},""contribution_before_marketing"":{""value"":""-165.00"",""reason_codes"":[]},""contribution_after_marketing"":{""value"":""-315.00"",""reason_codes"":[]}}},""filenames"":{},""stale_reasons"":[]}","","[""[\""fact\"",\""golden-v1\"",\""2026-08-02\"",\""2026-08-02\"",\""all\"",[\""DTC\"",\""MARKETPLACE\""],null,\""contribution_after_marketing\""]""]","[{""file"":""ad_spend_daily.csv"",""line"":4,""date"":""2026-08-02"",""channel"":""DTC"",""actual_filename"":""ad_spend_daily.csv""},{""file"":""ad_spend_daily.csv"",""line"":5,""date"":""2026-08-02"",""channel"":""MARKETPLACE"",""actual_filename"":""ad_spend_daily.csv""},{""file"":""channel_costs_daily.csv"",""line"":4,""date"":""2026-08-02"",""channel"":""DTC"",""actual_filename"":""channel_costs_daily.csv""},{""file"":""channel_costs_daily.csv"",""line"":5,""date"":""2026-08-02"",""channel"":""MARKETPLACE"",""actual_filename"":""channel_costs_daily.csv""},{""file"":""sales_daily.csv"",""line"":6,""date"":""2026-08-02"",""channel"":""DTC"",""sku"":""A"",""actual_filename"":""sales_daily.csv""},{""file"":""sales_daily.csv"",""line"":7,""date"":""2026-08-02"",""channel"":""DTC"",""sku"":""B"",""actual_filename"":""sales_daily.csv""},{""file"":""sales_daily.csv"",""line"":8,""date"":""2026-08-02"",""channel"":""MARKETPLACE"",""sku"":""A"",""actual_filename"":""sales_daily.csv""},{""file"":""sales_daily.csv"",""line"":9,""date"":""2026-08-02"",""channel"":""MARKETPLACE"",""sku"":""B"",""actual_filename"":""sales_daily.csv""}]","{""comparison_mode"":""same_days"",""channels"":[""DTC"",""MARKETPLACE""],""previous_period"":{""start"":""2026-08-01"",""end"":""2026-08-01""},""current_period"":{""start"":""2026-08-02"",""end"":""2026-08-02""}}","action-1-92339086dd83c9a89ae5ac754bdbad2a30c215eb81213211b953451918ebfc48-f9c7f0abe4b1ba3759249887324f30b7d2ac873e7acf82a12c6fa32e19551a3b","",""
"decision-v1","scenario-v1","contribution-v1","golden-v1","92339086dd83c9a89ae5ac754bdbad2a30c215eb81213211b953451918ebfc48","f9c7f0abe4b1ba3759249887324f30b7d2ac873e7acf82a12c6fa32e19551a3b","2026-08-03","TWD","Asia/Taipei","product_amounts_excluding_tax_and_customer_shipping_income","1","current","{""start"":""2026-08-02"",""end"":""2026-08-02""}","{""kind"":""all"",""channels"":[""DTC"",""MARKETPLACE""]}","same_days","1","1","action_fact","604e9bee-dd6d-43e7-90a1-c9a7289c0c20","匯出驗收行動第4項","draft","contribution_after_marketing","255.00","[]","[""[\""fact\"",\""golden-v1\"",\""2026-08-02\"",\""2026-08-02\"",\""all\"",[\""DTC\"",\""MARKETPLACE\""],null,\""contribution_after_marketing\""]""]","[{""file"":""ad_spend_daily.csv"",""line"":4,""date"":""2026-08-02"",""channel"":""DTC"",""actual_filename"":""ad_spend_daily.csv""},{""file"":""ad_spend_daily.csv"",""line"":5,""date"":""2026-08-02"",""channel"":""MARKETPLACE"",""actual_filename"":""ad_spend_daily.csv""},{""file"":""channel_costs_daily.csv"",""line"":4,""date"":""2026-08-02"",""channel"":""DTC"",""actual_filename"":""channel_costs_daily.csv""},{""file"":""channel_costs_daily.csv"",""line"":5,""date"":""2026-08-02"",""channel"":""MARKETPLACE"",""actual_filename"":""channel_costs_daily.csv""},{""file"":""sales_daily.csv"",""line"":6,""date"":""2026-08-02"",""channel"":""DTC"",""sku"":""A"",""actual_filename"":""sales_daily.csv""},{""file"":""sales_daily.csv"",""line"":7,""date"":""2026-08-02"",""channel"":""DTC"",""sku"":""B"",""actual_filename"":""sales_daily.csv""},{""file"":""sales_daily.csv"",""line"":8,""date"":""2026-08-02"",""channel"":""MARKETPLACE"",""sku"":""A"",""actual_filename"":""sales_daily.csv""},{""file"":""sales_daily.csv"",""line"":9,""date"":""2026-08-02"",""channel"":""MARKETPLACE"",""sku"":""B"",""actual_filename"":""sales_daily.csv""}]","{""comparison_mode"":""same_days"",""channels"":[""DTC"",""MARKETPLACE""],""previous_period"":{""start"":""2026-08-01"",""end"":""2026-08-01""},""current_period"":{""start"":""2026-08-02"",""end"":""2026-08-02""}}","action-1-92339086dd83c9a89ae5ac754bdbad2a30c215eb81213211b953451918ebfc48-f9c7f0abe4b1ba3759249887324f30b7d2ac873e7acf82a12c6fa32e19551a3b","",""
"decision-v1","scenario-v1","contribution-v1","golden-v1","92339086dd83c9a89ae5ac754bdbad2a30c215eb81213211b953451918ebfc48","f9c7f0abe4b1ba3759249887324f30b7d2ac873e7acf82a12c6fa32e19551a3b","2026-08-03","TWD","Asia/Taipei","product_amounts_excluding_tax_and_customer_shipping_income","1","current","{""start"":""2026-08-02"",""end"":""2026-08-02""}","{""kind"":""all"",""channels"":[""DTC"",""MARKETPLACE""]}","same_days","1","1","manual_action","b136e236-e138-4e9a-b5fa-af4c35279583","匯出驗收行動第5項","draft","id","b136e236-e138-4e9a-b5fa-af4c35279583","","[""[\""fact\"",\""golden-v1\"",\""2026-08-02\"",\""2026-08-02\"",\""all\"",[\""DTC\"",\""MARKETPLACE\""],null,\""contribution_after_marketing\""]""]","[{""file"":""ad_spend_daily.csv"",""line"":4,""date"":""2026-08-02"",""channel"":""DTC"",""actual_filename"":""ad_spend_daily.csv""},{""file"":""ad_spend_daily.csv"",""line"":5,""date"":""2026-08-02"",""channel"":""MARKETPLACE"",""actual_filename"":""ad_spend_daily.csv""},{""file"":""channel_costs_daily.csv"",""line"":4,""date"":""2026-08-02"",""channel"":""DTC"",""actual_filename"":""channel_costs_daily.csv""},{""file"":""channel_costs_daily.csv"",""line"":5,""date"":""2026-08-02"",""channel"":""MARKETPLACE"",""actual_filename"":""channel_costs_daily.csv""},{""file"":""sales_daily.csv"",""line"":6,""date"":""2026-08-02"",""channel"":""DTC"",""sku"":""A"",""actual_filename"":""sales_daily.csv""},{""file"":""sales_daily.csv"",""line"":7,""date"":""2026-08-02"",""channel"":""DTC"",""sku"":""B"",""actual_filename"":""sales_daily.csv""},{""file"":""sales_daily.csv"",""line"":8,""date"":""2026-08-02"",""channel"":""MARKETPLACE"",""sku"":""A"",""actual_filename"":""sales_daily.csv""},{""file"":""sales_daily.csv"",""line"":9,""date"":""2026-08-02"",""channel"":""MARKETPLACE"",""sku"":""B"",""actual_filename"":""sales_daily.csv""}]","{""comparison_mode"":""same_days"",""channels"":[""DTC"",""MARKETPLACE""],""previous_period"":{""start"":""2026-08-01"",""end"":""2026-08-01""},""current_period"":{""start"":""2026-08-02"",""end"":""2026-08-02""}}","action-1-92339086dd83c9a89ae5ac754bdbad2a30c215eb81213211b953451918ebfc48-f9c7f0abe4b1ba3759249887324f30b7d2ac873e7acf82a12c6fa32e19551a3b","",""
"decision-v1","scenario-v1","contribution-v1","golden-v1","92339086dd83c9a89ae5ac754bdbad2a30c215eb81213211b953451918ebfc48","f9c7f0abe4b1ba3759249887324f30b7d2ac873e7acf82a12c6fa32e19551a3b","2026-08-03","TWD","Asia/Taipei","product_amounts_excluding_tax_and_customer_shipping_income","1","current","{""start"":""2026-08-02"",""end"":""2026-08-02""}","{""kind"":""all"",""channels"":[""DTC"",""MARKETPLACE""]}","same_days","1","1","manual_action","b136e236-e138-4e9a-b5fa-af4c35279583","匯出驗收行動第5項","draft","problem","匯出驗收行動第5項","","[""[\""fact\"",\""golden-v1\"",\""2026-08-02\"",\""2026-08-02\"",\""all\"",[\""DTC\"",\""MARKETPLACE\""],null,\""contribution_after_marketing\""]""]","[{""file"":""ad_spend_daily.csv"",""line"":4,""date"":""2026-08-02"",""channel"":""DTC"",""actual_filename"":""ad_spend_daily.csv""},{""file"":""ad_spend_daily.csv"",""line"":5,""date"":""2026-08-02"",""channel"":""MARKETPLACE"",""actual_filename"":""ad_spend_daily.csv""},{""file"":""channel_costs_daily.csv"",""line"":4,""date"":""2026-08-02"",""channel"":""DTC"",""actual_filename"":""channel_costs_daily.csv""},{""file"":""channel_costs_daily.csv"",""line"":5,""date"":""2026-08-02"",""channel"":""MARKETPLACE"",""actual_filename"":""channel_costs_daily.csv""},{""file"":""sales_daily.csv"",""line"":6,""date"":""2026-08-02"",""channel"":""DTC"",""sku"":""A"",""actual_filename"":""sales_daily.csv""},{""file"":""sales_daily.csv"",""line"":7,""date"":""2026-08-02"",""channel"":""DTC"",""sku"":""B"",""actual_filename"":""sales_daily.csv""},{""file"":""sales_daily.csv"",""line"":8,""date"":""2026-08-02"",""channel"":""MARKETPLACE"",""sku"":""A"",""actual_filename"":""sales_daily.csv""},{""file"":""sales_daily.csv"",""line"":9,""date"":""2026-08-02"",""channel"":""MARKETPLACE"",""sku"":""B"",""actual_filename"":""sales_daily.csv""}]","{""comparison_mode"":""same_days"",""channels"":[""DTC"",""MARKETPLACE""],""previous_period"":{""start"":""2026-08-01"",""end"":""2026-08-01""},""current_period"":{""start"":""2026-08-02"",""end"":""2026-08-02""}}","action-1-92339086dd83c9a89ae5ac754bdbad2a30c215eb81213211b953451918ebfc48-f9c7f0abe4b1ba3759249887324f30b7d2ac873e7acf82a12c6fa32e19551a3b","",""
"decision-v1","scenario-v1","contribution-v1","golden-v1","92339086dd83c9a89ae5ac754bdbad2a30c215eb81213211b953451918ebfc48","f9c7f0abe4b1ba3759249887324f30b7d2ac873e7acf82a12c6fa32e19551a3b","2026-08-03","TWD","Asia/Taipei","product_amounts_excluding_tax_and_customer_shipping_income","1","current","{""start"":""2026-08-02"",""end"":""2026-08-02""}","{""kind"":""all"",""channels"":[""DTC"",""MARKETPLACE""]}","same_days","1","1","manual_action","b136e236-e138-4e9a-b5fa-af4c35279583","匯出驗收行動第5項","draft","action","核對已入帳費用與來源","","[""[\""fact\"",\""golden-v1\"",\""2026-08-02\"",\""2026-08-02\"",\""all\"",[\""DTC\"",\""MARKETPLACE\""],null,\""contribution_after_marketing\""]""]","[{""file"":""ad_spend_daily.csv"",""line"":4,""date"":""2026-08-02"",""channel"":""DTC"",""actual_filename"":""ad_spend_daily.csv""},{""file"":""ad_spend_daily.csv"",""line"":5,""date"":""2026-08-02"",""channel"":""MARKETPLACE"",""actual_filename"":""ad_spend_daily.csv""},{""file"":""channel_costs_daily.csv"",""line"":4,""date"":""2026-08-02"",""channel"":""DTC"",""actual_filename"":""channel_costs_daily.csv""},{""file"":""channel_costs_daily.csv"",""line"":5,""date"":""2026-08-02"",""channel"":""MARKETPLACE"",""actual_filename"":""channel_costs_daily.csv""},{""file"":""sales_daily.csv"",""line"":6,""date"":""2026-08-02"",""channel"":""DTC"",""sku"":""A"",""actual_filename"":""sales_daily.csv""},{""file"":""sales_daily.csv"",""line"":7,""date"":""2026-08-02"",""channel"":""DTC"",""sku"":""B"",""actual_filename"":""sales_daily.csv""},{""file"":""sales_daily.csv"",""line"":8,""date"":""2026-08-02"",""channel"":""MARKETPLACE"",""sku"":""A"",""actual_filename"":""sales_daily.csv""},{""file"":""sales_daily.csv"",""line"":9,""date"":""2026-08-02"",""channel"":""MARKETPLACE"",""sku"":""B"",""actual_filename"":""sales_daily.csv""}]","{""comparison_mode"":""same_days"",""channels"":[""DTC"",""MARKETPLACE""],""previous_period"":{""start"":""2026-08-01"",""end"":""2026-08-01""},""current_period"":{""start"":""2026-08-02"",""end"":""2026-08-02""}}","action-1-92339086dd83c9a89ae5ac754bdbad2a30c215eb81213211b953451918ebfc48-f9c7f0abe4b1ba3759249887324f30b7d2ac873e7acf82a12c6fa32e19551a3b","",""
"decision-v1","scenario-v1","contribution-v1","golden-v1","92339086dd83c9a89ae5ac754bdbad2a30c215eb81213211b953451918ebfc48","f9c7f0abe4b1ba3759249887324f30b7d2ac873e7acf82a12c6fa32e19551a3b","2026-08-03","TWD","Asia/Taipei","product_amounts_excluding_tax_and_customer_shipping_income","1","current","{""start"":""2026-08-02"",""end"":""2026-08-02""}","{""kind"":""all"",""channels"":[""DTC"",""MARKETPLACE""]}","same_days","1","1","manual_action","b136e236-e138-4e9a-b5fa-af4c35279583","匯出驗收行動第5項","draft","fact_ids","[""[\""fact\"",\""golden-v1\"",\""2026-08-02\"",\""2026-08-02\"",\""all\"",[\""DTC\"",\""MARKETPLACE\""],null,\""contribution_after_marketing\""]""]","","[""[\""fact\"",\""golden-v1\"",\""2026-08-02\"",\""2026-08-02\"",\""all\"",[\""DTC\"",\""MARKETPLACE\""],null,\""contribution_after_marketing\""]""]","[{""file"":""ad_spend_daily.csv"",""line"":4,""date"":""2026-08-02"",""channel"":""DTC"",""actual_filename"":""ad_spend_daily.csv""},{""file"":""ad_spend_daily.csv"",""line"":5,""date"":""2026-08-02"",""channel"":""MARKETPLACE"",""actual_filename"":""ad_spend_daily.csv""},{""file"":""channel_costs_daily.csv"",""line"":4,""date"":""2026-08-02"",""channel"":""DTC"",""actual_filename"":""channel_costs_daily.csv""},{""file"":""channel_costs_daily.csv"",""line"":5,""date"":""2026-08-02"",""channel"":""MARKETPLACE"",""actual_filename"":""channel_costs_daily.csv""},{""file"":""sales_daily.csv"",""line"":6,""date"":""2026-08-02"",""channel"":""DTC"",""sku"":""A"",""actual_filename"":""sales_daily.csv""},{""file"":""sales_daily.csv"",""line"":7,""date"":""2026-08-02"",""channel"":""DTC"",""sku"":""B"",""actual_filename"":""sales_daily.csv""},{""file"":""sales_daily.csv"",""line"":8,""date"":""2026-08-02"",""channel"":""MARKETPLACE"",""sku"":""A"",""actual_filename"":""sales_daily.csv""},{""file"":""sales_daily.csv"",""line"":9,""date"":""2026-08-02"",""channel"":""MARKETPLACE"",""sku"":""B"",""actual_filename"":""sales_daily.csv""}]","{""comparison_mode"":""same_days"",""channels"":[""DTC"",""MARKETPLACE""],""previous_period"":{""start"":""2026-08-01"",""end"":""2026-08-01""},""current_period"":{""start"":""2026-08-02"",""end"":""2026-08-02""}}","action-1-92339086dd83c9a89ae5ac754bdbad2a30c215eb81213211b953451918ebfc48-f9c7f0abe4b1ba3759249887324f30b7d2ac873e7acf82a12c6fa32e19551a3b","",""
"decision-v1","scenario-v1","contribution-v1","golden-v1","92339086dd83c9a89ae5ac754bdbad2a30c215eb81213211b953451918ebfc48","f9c7f0abe4b1ba3759249887324f30b7d2ac873e7acf82a12c6fa32e19551a3b","2026-08-03","TWD","Asia/Taipei","product_amounts_excluding_tax_and_customer_shipping_income","1","current","{""start"":""2026-08-02"",""end"":""2026-08-02""}","{""kind"":""all"",""channels"":[""DTC"",""MARKETPLACE""]}","same_days","1","1","manual_action","b136e236-e138-4e9a-b5fa-af4c35279583","匯出驗收行動第5項","draft","owner_role","營運主管","","[""[\""fact\"",\""golden-v1\"",\""2026-08-02\"",\""2026-08-02\"",\""all\"",[\""DTC\"",\""MARKETPLACE\""],null,\""contribution_after_marketing\""]""]","[{""file"":""ad_spend_daily.csv"",""line"":4,""date"":""2026-08-02"",""channel"":""DTC"",""actual_filename"":""ad_spend_daily.csv""},{""file"":""ad_spend_daily.csv"",""line"":5,""date"":""2026-08-02"",""channel"":""MARKETPLACE"",""actual_filename"":""ad_spend_daily.csv""},{""file"":""channel_costs_daily.csv"",""line"":4,""date"":""2026-08-02"",""channel"":""DTC"",""actual_filename"":""channel_costs_daily.csv""},{""file"":""channel_costs_daily.csv"",""line"":5,""date"":""2026-08-02"",""channel"":""MARKETPLACE"",""actual_filename"":""channel_costs_daily.csv""},{""file"":""sales_daily.csv"",""line"":6,""date"":""2026-08-02"",""channel"":""DTC"",""sku"":""A"",""actual_filename"":""sales_daily.csv""},{""file"":""sales_daily.csv"",""line"":7,""date"":""2026-08-02"",""channel"":""DTC"",""sku"":""B"",""actual_filename"":""sales_daily.csv""},{""file"":""sales_daily.csv"",""line"":8,""date"":""2026-08-02"",""channel"":""MARKETPLACE"",""sku"":""A"",""actual_filename"":""sales_daily.csv""},{""file"":""sales_daily.csv"",""line"":9,""date"":""2026-08-02"",""channel"":""MARKETPLACE"",""sku"":""B"",""actual_filename"":""sales_daily.csv""}]","{""comparison_mode"":""same_days"",""channels"":[""DTC"",""MARKETPLACE""],""previous_period"":{""start"":""2026-08-01"",""end"":""2026-08-01""},""current_period"":{""start"":""2026-08-02"",""end"":""2026-08-02""}}","action-1-92339086dd83c9a89ae5ac754bdbad2a30c215eb81213211b953451918ebfc48-f9c7f0abe4b1ba3759249887324f30b7d2ac873e7acf82a12c6fa32e19551a3b","",""
"decision-v1","scenario-v1","contribution-v1","golden-v1","92339086dd83c9a89ae5ac754bdbad2a30c215eb81213211b953451918ebfc48","f9c7f0abe4b1ba3759249887324f30b7d2ac873e7acf82a12c6fa32e19551a3b","2026-08-03","TWD","Asia/Taipei","product_amounts_excluding_tax_and_customer_shipping_income","1","current","{""start"":""2026-08-02"",""end"":""2026-08-02""}","{""kind"":""all"",""channels"":[""DTC"",""MARKETPLACE""]}","same_days","1","1","manual_action","b136e236-e138-4e9a-b5fa-af4c35279583","匯出驗收行動第5項","draft","validation_metric","","","[""[\""fact\"",\""golden-v1\"",\""2026-08-02\"",\""2026-08-02\"",\""all\"",[\""DTC\"",\""MARKETPLACE\""],null,\""contribution_after_marketing\""]""]","[{""file"":""ad_spend_daily.csv"",""line"":4,""date"":""2026-08-02"",""channel"":""DTC"",""actual_filename"":""ad_spend_daily.csv""},{""file"":""ad_spend_daily.csv"",""line"":5,""date"":""2026-08-02"",""channel"":""MARKETPLACE"",""actual_filename"":""ad_spend_daily.csv""},{""file"":""channel_costs_daily.csv"",""line"":4,""date"":""2026-08-02"",""channel"":""DTC"",""actual_filename"":""channel_costs_daily.csv""},{""file"":""channel_costs_daily.csv"",""line"":5,""date"":""2026-08-02"",""channel"":""MARKETPLACE"",""actual_filename"":""channel_costs_daily.csv""},{""file"":""sales_daily.csv"",""line"":6,""date"":""2026-08-02"",""channel"":""DTC"",""sku"":""A"",""actual_filename"":""sales_daily.csv""},{""file"":""sales_daily.csv"",""line"":7,""date"":""2026-08-02"",""channel"":""DTC"",""sku"":""B"",""actual_filename"":""sales_daily.csv""},{""file"":""sales_daily.csv"",""line"":8,""date"":""2026-08-02"",""channel"":""MARKETPLACE"",""sku"":""A"",""actual_filename"":""sales_daily.csv""},{""file"":""sales_daily.csv"",""line"":9,""date"":""2026-08-02"",""channel"":""MARKETPLACE"",""sku"":""B"",""actual_filename"":""sales_daily.csv""}]","{""comparison_mode"":""same_days"",""channels"":[""DTC"",""MARKETPLACE""],""previous_period"":{""start"":""2026-08-01"",""end"":""2026-08-01""},""current_period"":{""start"":""2026-08-02"",""end"":""2026-08-02""}}","action-1-92339086dd83c9a89ae5ac754bdbad2a30c215eb81213211b953451918ebfc48-f9c7f0abe4b1ba3759249887324f30b7d2ac873e7acf82a12c6fa32e19551a3b","",""
"decision-v1","scenario-v1","contribution-v1","golden-v1","92339086dd83c9a89ae5ac754bdbad2a30c215eb81213211b953451918ebfc48","f9c7f0abe4b1ba3759249887324f30b7d2ac873e7acf82a12c6fa32e19551a3b","2026-08-03","TWD","Asia/Taipei","product_amounts_excluding_tax_and_customer_shipping_income","1","current","{""start"":""2026-08-02"",""end"":""2026-08-02""}","{""kind"":""all"",""channels"":[""DTC"",""MARKETPLACE""]}","same_days","1","1","manual_action","b136e236-e138-4e9a-b5fa-af4c35279583","匯出驗收行動第5項","draft","deadline","","","[""[\""fact\"",\""golden-v1\"",\""2026-08-02\"",\""2026-08-02\"",\""all\"",[\""DTC\"",\""MARKETPLACE\""],null,\""contribution_after_marketing\""]""]","[{""file"":""ad_spend_daily.csv"",""line"":4,""date"":""2026-08-02"",""channel"":""DTC"",""actual_filename"":""ad_spend_daily.csv""},{""file"":""ad_spend_daily.csv"",""line"":5,""date"":""2026-08-02"",""channel"":""MARKETPLACE"",""actual_filename"":""ad_spend_daily.csv""},{""file"":""channel_costs_daily.csv"",""line"":4,""date"":""2026-08-02"",""channel"":""DTC"",""actual_filename"":""channel_costs_daily.csv""},{""file"":""channel_costs_daily.csv"",""line"":5,""date"":""2026-08-02"",""channel"":""MARKETPLACE"",""actual_filename"":""channel_costs_daily.csv""},{""file"":""sales_daily.csv"",""line"":6,""date"":""2026-08-02"",""channel"":""DTC"",""sku"":""A"",""actual_filename"":""sales_daily.csv""},{""file"":""sales_daily.csv"",""line"":7,""date"":""2026-08-02"",""channel"":""DTC"",""sku"":""B"",""actual_filename"":""sales_daily.csv""},{""file"":""sales_daily.csv"",""line"":8,""date"":""2026-08-02"",""channel"":""MARKETPLACE"",""sku"":""A"",""actual_filename"":""sales_daily.csv""},{""file"":""sales_daily.csv"",""line"":9,""date"":""2026-08-02"",""channel"":""MARKETPLACE"",""sku"":""B"",""actual_filename"":""sales_daily.csv""}]","{""comparison_mode"":""same_days"",""channels"":[""DTC"",""MARKETPLACE""],""previous_period"":{""start"":""2026-08-01"",""end"":""2026-08-01""},""current_period"":{""start"":""2026-08-02"",""end"":""2026-08-02""}}","action-1-92339086dd83c9a89ae5ac754bdbad2a30c215eb81213211b953451918ebfc48-f9c7f0abe4b1ba3759249887324f30b7d2ac873e7acf82a12c6fa32e19551a3b","",""
"decision-v1","scenario-v1","contribution-v1","golden-v1","92339086dd83c9a89ae5ac754bdbad2a30c215eb81213211b953451918ebfc48","f9c7f0abe4b1ba3759249887324f30b7d2ac873e7acf82a12c6fa32e19551a3b","2026-08-03","TWD","Asia/Taipei","product_amounts_excluding_tax_and_customer_shipping_income","1","current","{""start"":""2026-08-02"",""end"":""2026-08-02""}","{""kind"":""all"",""channels"":[""DTC"",""MARKETPLACE""]}","same_days","1","1","manual_action","b136e236-e138-4e9a-b5fa-af4c35279583","匯出驗收行動第5項","draft","stop_condition","","","[""[\""fact\"",\""golden-v1\"",\""2026-08-02\"",\""2026-08-02\"",\""all\"",[\""DTC\"",\""MARKETPLACE\""],null,\""contribution_after_marketing\""]""]","[{""file"":""ad_spend_daily.csv"",""line"":4,""date"":""2026-08-02"",""channel"":""DTC"",""actual_filename"":""ad_spend_daily.csv""},{""file"":""ad_spend_daily.csv"",""line"":5,""date"":""2026-08-02"",""channel"":""MARKETPLACE"",""actual_filename"":""ad_spend_daily.csv""},{""file"":""channel_costs_daily.csv"",""line"":4,""date"":""2026-08-02"",""channel"":""DTC"",""actual_filename"":""channel_costs_daily.csv""},{""file"":""channel_costs_daily.csv"",""line"":5,""date"":""2026-08-02"",""channel"":""MARKETPLACE"",""actual_filename"":""channel_costs_daily.csv""},{""file"":""sales_daily.csv"",""line"":6,""date"":""2026-08-02"",""channel"":""DTC"",""sku"":""A"",""actual_filename"":""sales_daily.csv""},{""file"":""sales_daily.csv"",""line"":7,""date"":""2026-08-02"",""channel"":""DTC"",""sku"":""B"",""actual_filename"":""sales_daily.csv""},{""file"":""sales_daily.csv"",""line"":8,""date"":""2026-08-02"",""channel"":""MARKETPLACE"",""sku"":""A"",""actual_filename"":""sales_daily.csv""},{""file"":""sales_daily.csv"",""line"":9,""date"":""2026-08-02"",""channel"":""MARKETPLACE"",""sku"":""B"",""actual_filename"":""sales_daily.csv""}]","{""comparison_mode"":""same_days"",""channels"":[""DTC"",""MARKETPLACE""],""previous_period"":{""start"":""2026-08-01"",""end"":""2026-08-01""},""current_period"":{""start"":""2026-08-02"",""end"":""2026-08-02""}}","action-1-92339086dd83c9a89ae5ac754bdbad2a30c215eb81213211b953451918ebfc48-f9c7f0abe4b1ba3759249887324f30b7d2ac873e7acf82a12c6fa32e19551a3b","",""
"decision-v1","scenario-v1","contribution-v1","golden-v1","92339086dd83c9a89ae5ac754bdbad2a30c215eb81213211b953451918ebfc48","f9c7f0abe4b1ba3759249887324f30b7d2ac873e7acf82a12c6fa32e19551a3b","2026-08-03","TWD","Asia/Taipei","product_amounts_excluding_tax_and_customer_shipping_income","1","current","{""start"":""2026-08-02"",""end"":""2026-08-02""}","{""kind"":""all"",""channels"":[""DTC"",""MARKETPLACE""]}","same_days","1","1","manual_action","b136e236-e138-4e9a-b5fa-af4c35279583","匯出驗收行動第5項","draft","required_data","","","[""[\""fact\"",\""golden-v1\"",\""2026-08-02\"",\""2026-08-02\"",\""all\"",[\""DTC\"",\""MARKETPLACE\""],null,\""contribution_after_marketing\""]""]","[{""file"":""ad_spend_daily.csv"",""line"":4,""date"":""2026-08-02"",""channel"":""DTC"",""actual_filename"":""ad_spend_daily.csv""},{""file"":""ad_spend_daily.csv"",""line"":5,""date"":""2026-08-02"",""channel"":""MARKETPLACE"",""actual_filename"":""ad_spend_daily.csv""},{""file"":""channel_costs_daily.csv"",""line"":4,""date"":""2026-08-02"",""channel"":""DTC"",""actual_filename"":""channel_costs_daily.csv""},{""file"":""channel_costs_daily.csv"",""line"":5,""date"":""2026-08-02"",""channel"":""MARKETPLACE"",""actual_filename"":""channel_costs_daily.csv""},{""file"":""sales_daily.csv"",""line"":6,""date"":""2026-08-02"",""channel"":""DTC"",""sku"":""A"",""actual_filename"":""sales_daily.csv""},{""file"":""sales_daily.csv"",""line"":7,""date"":""2026-08-02"",""channel"":""DTC"",""sku"":""B"",""actual_filename"":""sales_daily.csv""},{""file"":""sales_daily.csv"",""line"":8,""date"":""2026-08-02"",""channel"":""MARKETPLACE"",""sku"":""A"",""actual_filename"":""sales_daily.csv""},{""file"":""sales_daily.csv"",""line"":9,""date"":""2026-08-02"",""channel"":""MARKETPLACE"",""sku"":""B"",""actual_filename"":""sales_daily.csv""}]","{""comparison_mode"":""same_days"",""channels"":[""DTC"",""MARKETPLACE""],""previous_period"":{""start"":""2026-08-01"",""end"":""2026-08-01""},""current_period"":{""start"":""2026-08-02"",""end"":""2026-08-02""}}","action-1-92339086dd83c9a89ae5ac754bdbad2a30c215eb81213211b953451918ebfc48-f9c7f0abe4b1ba3759249887324f30b7d2ac873e7acf82a12c6fa32e19551a3b","",""
"decision-v1","scenario-v1","contribution-v1","golden-v1","92339086dd83c9a89ae5ac754bdbad2a30c215eb81213211b953451918ebfc48","f9c7f0abe4b1ba3759249887324f30b7d2ac873e7acf82a12c6fa32e19551a3b","2026-08-03","TWD","Asia/Taipei","product_amounts_excluding_tax_and_customer_shipping_income","1","current","{""start"":""2026-08-02"",""end"":""2026-08-02""}","{""kind"":""all"",""channels"":[""DTC"",""MARKETPLACE""]}","same_days","1","1","manual_action","b136e236-e138-4e9a-b5fa-af4c35279583","匯出驗收行動第5項","draft","origin","manual","","[""[\""fact\"",\""golden-v1\"",\""2026-08-02\"",\""2026-08-02\"",\""all\"",[\""DTC\"",\""MARKETPLACE\""],null,\""contribution_after_marketing\""]""]","[{""file"":""ad_spend_daily.csv"",""line"":4,""date"":""2026-08-02"",""channel"":""DTC"",""actual_filename"":""ad_spend_daily.csv""},{""file"":""ad_spend_daily.csv"",""line"":5,""date"":""2026-08-02"",""channel"":""MARKETPLACE"",""actual_filename"":""ad_spend_daily.csv""},{""file"":""channel_costs_daily.csv"",""line"":4,""date"":""2026-08-02"",""channel"":""DTC"",""actual_filename"":""channel_costs_daily.csv""},{""file"":""channel_costs_daily.csv"",""line"":5,""date"":""2026-08-02"",""channel"":""MARKETPLACE"",""actual_filename"":""channel_costs_daily.csv""},{""file"":""sales_daily.csv"",""line"":6,""date"":""2026-08-02"",""channel"":""DTC"",""sku"":""A"",""actual_filename"":""sales_daily.csv""},{""file"":""sales_daily.csv"",""line"":7,""date"":""2026-08-02"",""channel"":""DTC"",""sku"":""B"",""actual_filename"":""sales_daily.csv""},{""file"":""sales_daily.csv"",""line"":8,""date"":""2026-08-02"",""channel"":""MARKETPLACE"",""sku"":""A"",""actual_filename"":""sales_daily.csv""},{""file"":""sales_daily.csv"",""line"":9,""date"":""2026-08-02"",""channel"":""MARKETPLACE"",""sku"":""B"",""actual_filename"":""sales_daily.csv""}]","{""comparison_mode"":""same_days"",""channels"":[""DTC"",""MARKETPLACE""],""previous_period"":{""start"":""2026-08-01"",""end"":""2026-08-01""},""current_period"":{""start"":""2026-08-02"",""end"":""2026-08-02""}}","action-1-92339086dd83c9a89ae5ac754bdbad2a30c215eb81213211b953451918ebfc48-f9c7f0abe4b1ba3759249887324f30b7d2ac873e7acf82a12c6fa32e19551a3b","",""
"decision-v1","scenario-v1","contribution-v1","golden-v1","92339086dd83c9a89ae5ac754bdbad2a30c215eb81213211b953451918ebfc48","f9c7f0abe4b1ba3759249887324f30b7d2ac873e7acf82a12c6fa32e19551a3b","2026-08-03","TWD","Asia/Taipei","product_amounts_excluding_tax_and_customer_shipping_income","1","current","{""start"":""2026-08-02"",""end"":""2026-08-02""}","{""kind"":""all"",""channels"":[""DTC"",""MARKETPLACE""]}","same_days","1","1","manual_action","b136e236-e138-4e9a-b5fa-af4c35279583","匯出驗收行動第5項","draft","evidence_confirmed","false","","[""[\""fact\"",\""golden-v1\"",\""2026-08-02\"",\""2026-08-02\"",\""all\"",[\""DTC\"",\""MARKETPLACE\""],null,\""contribution_after_marketing\""]""]","[{""file"":""ad_spend_daily.csv"",""line"":4,""date"":""2026-08-02"",""channel"":""DTC"",""actual_filename"":""ad_spend_daily.csv""},{""file"":""ad_spend_daily.csv"",""line"":5,""date"":""2026-08-02"",""channel"":""MARKETPLACE"",""actual_filename"":""ad_spend_daily.csv""},{""file"":""channel_costs_daily.csv"",""line"":4,""date"":""2026-08-02"",""channel"":""DTC"",""actual_filename"":""channel_costs_daily.csv""},{""file"":""channel_costs_daily.csv"",""line"":5,""date"":""2026-08-02"",""channel"":""MARKETPLACE"",""actual_filename"":""channel_costs_daily.csv""},{""file"":""sales_daily.csv"",""line"":6,""date"":""2026-08-02"",""channel"":""DTC"",""sku"":""A"",""actual_filename"":""sales_daily.csv""},{""file"":""sales_daily.csv"",""line"":7,""date"":""2026-08-02"",""channel"":""DTC"",""sku"":""B"",""actual_filename"":""sales_daily.csv""},{""file"":""sales_daily.csv"",""line"":8,""date"":""2026-08-02"",""channel"":""MARKETPLACE"",""sku"":""A"",""actual_filename"":""sales_daily.csv""},{""file"":""sales_daily.csv"",""line"":9,""date"":""2026-08-02"",""channel"":""MARKETPLACE"",""sku"":""B"",""actual_filename"":""sales_daily.csv""}]","{""comparison_mode"":""same_days"",""channels"":[""DTC"",""MARKETPLACE""],""previous_period"":{""start"":""2026-08-01"",""end"":""2026-08-01""},""current_period"":{""start"":""2026-08-02"",""end"":""2026-08-02""}}","action-1-92339086dd83c9a89ae5ac754bdbad2a30c215eb81213211b953451918ebfc48-f9c7f0abe4b1ba3759249887324f30b7d2ac873e7acf82a12c6fa32e19551a3b","",""
"decision-v1","scenario-v1","contribution-v1","golden-v1","92339086dd83c9a89ae5ac754bdbad2a30c215eb81213211b953451918ebfc48","f9c7f0abe4b1ba3759249887324f30b7d2ac873e7acf82a12c6fa32e19551a3b","2026-08-03","TWD","Asia/Taipei","product_amounts_excluding_tax_and_customer_shipping_income","1","current","{""start"":""2026-08-02"",""end"":""2026-08-02""}","{""kind"":""all"",""channels"":[""DTC"",""MARKETPLACE""]}","same_days","1","1","manual_action","b136e236-e138-4e9a-b5fa-af4c35279583","匯出驗收行動第5項","draft","priority","5","","[""[\""fact\"",\""golden-v1\"",\""2026-08-02\"",\""2026-08-02\"",\""all\"",[\""DTC\"",\""MARKETPLACE\""],null,\""contribution_after_marketing\""]""]","[{""file"":""ad_spend_daily.csv"",""line"":4,""date"":""2026-08-02"",""channel"":""DTC"",""actual_filename"":""ad_spend_daily.csv""},{""file"":""ad_spend_daily.csv"",""line"":5,""date"":""2026-08-02"",""channel"":""MARKETPLACE"",""actual_filename"":""ad_spend_daily.csv""},{""file"":""channel_costs_daily.csv"",""line"":4,""date"":""2026-08-02"",""channel"":""DTC"",""actual_filename"":""channel_costs_daily.csv""},{""file"":""channel_costs_daily.csv"",""line"":5,""date"":""2026-08-02"",""channel"":""MARKETPLACE"",""actual_filename"":""channel_costs_daily.csv""},{""file"":""sales_daily.csv"",""line"":6,""date"":""2026-08-02"",""channel"":""DTC"",""sku"":""A"",""actual_filename"":""sales_daily.csv""},{""file"":""sales_daily.csv"",""line"":7,""date"":""2026-08-02"",""channel"":""DTC"",""sku"":""B"",""actual_filename"":""sales_daily.csv""},{""file"":""sales_daily.csv"",""line"":8,""date"":""2026-08-02"",""channel"":""MARKETPLACE"",""sku"":""A"",""actual_filename"":""sales_daily.csv""},{""file"":""sales_daily.csv"",""line"":9,""date"":""2026-08-02"",""channel"":""MARKETPLACE"",""sku"":""B"",""actual_filename"":""sales_daily.csv""}]","{""comparison_mode"":""same_days"",""channels"":[""DTC"",""MARKETPLACE""],""previous_period"":{""start"":""2026-08-01"",""end"":""2026-08-01""},""current_period"":{""start"":""2026-08-02"",""end"":""2026-08-02""}}","action-1-92339086dd83c9a89ae5ac754bdbad2a30c215eb81213211b953451918ebfc48-f9c7f0abe4b1ba3759249887324f30b7d2ac873e7acf82a12c6fa32e19551a3b","",""
"decision-v1","scenario-v1","contribution-v1","golden-v1","92339086dd83c9a89ae5ac754bdbad2a30c215eb81213211b953451918ebfc48","f9c7f0abe4b1ba3759249887324f30b7d2ac873e7acf82a12c6fa32e19551a3b","2026-08-03","TWD","Asia/Taipei","product_amounts_excluding_tax_and_customer_shipping_income","1","current","{""start"":""2026-08-02"",""end"":""2026-08-02""}","{""kind"":""all"",""channels"":[""DTC"",""MARKETPLACE""]}","same_days","1","1","manual_action","b136e236-e138-4e9a-b5fa-af4c35279583","匯出驗收行動第5項","draft","pinned","false","","[""[\""fact\"",\""golden-v1\"",\""2026-08-02\"",\""2026-08-02\"",\""all\"",[\""DTC\"",\""MARKETPLACE\""],null,\""contribution_after_marketing\""]""]","[{""file"":""ad_spend_daily.csv"",""line"":4,""date"":""2026-08-02"",""channel"":""DTC"",""actual_filename"":""ad_spend_daily.csv""},{""file"":""ad_spend_daily.csv"",""line"":5,""date"":""2026-08-02"",""channel"":""MARKETPLACE"",""actual_filename"":""ad_spend_daily.csv""},{""file"":""channel_costs_daily.csv"",""line"":4,""date"":""2026-08-02"",""channel"":""DTC"",""actual_filename"":""channel_costs_daily.csv""},{""file"":""channel_costs_daily.csv"",""line"":5,""date"":""2026-08-02"",""channel"":""MARKETPLACE"",""actual_filename"":""channel_costs_daily.csv""},{""file"":""sales_daily.csv"",""line"":6,""date"":""2026-08-02"",""channel"":""DTC"",""sku"":""A"",""actual_filename"":""sales_daily.csv""},{""file"":""sales_daily.csv"",""line"":7,""date"":""2026-08-02"",""channel"":""DTC"",""sku"":""B"",""actual_filename"":""sales_daily.csv""},{""file"":""sales_daily.csv"",""line"":8,""date"":""2026-08-02"",""channel"":""MARKETPLACE"",""sku"":""A"",""actual_filename"":""sales_daily.csv""},{""file"":""sales_daily.csv"",""line"":9,""date"":""2026-08-02"",""channel"":""MARKETPLACE"",""sku"":""B"",""actual_filename"":""sales_daily.csv""}]","{""comparison_mode"":""same_days"",""channels"":[""DTC"",""MARKETPLACE""],""previous_period"":{""start"":""2026-08-01"",""end"":""2026-08-01""},""current_period"":{""start"":""2026-08-02"",""end"":""2026-08-02""}}","action-1-92339086dd83c9a89ae5ac754bdbad2a30c215eb81213211b953451918ebfc48-f9c7f0abe4b1ba3759249887324f30b7d2ac873e7acf82a12c6fa32e19551a3b","",""
"decision-v1","scenario-v1","contribution-v1","golden-v1","92339086dd83c9a89ae5ac754bdbad2a30c215eb81213211b953451918ebfc48","f9c7f0abe4b1ba3759249887324f30b7d2ac873e7acf82a12c6fa32e19551a3b","2026-08-03","TWD","Asia/Taipei","product_amounts_excluding_tax_and_customer_shipping_income","1","current","{""start"":""2026-08-02"",""end"":""2026-08-02""}","{""kind"":""all"",""channels"":[""DTC"",""MARKETPLACE""]}","same_days","1","1","manual_action","b136e236-e138-4e9a-b5fa-af4c35279583","匯出驗收行動第5項","draft","status","draft","","[""[\""fact\"",\""golden-v1\"",\""2026-08-02\"",\""2026-08-02\"",\""all\"",[\""DTC\"",\""MARKETPLACE\""],null,\""contribution_after_marketing\""]""]","[{""file"":""ad_spend_daily.csv"",""line"":4,""date"":""2026-08-02"",""channel"":""DTC"",""actual_filename"":""ad_spend_daily.csv""},{""file"":""ad_spend_daily.csv"",""line"":5,""date"":""2026-08-02"",""channel"":""MARKETPLACE"",""actual_filename"":""ad_spend_daily.csv""},{""file"":""channel_costs_daily.csv"",""line"":4,""date"":""2026-08-02"",""channel"":""DTC"",""actual_filename"":""channel_costs_daily.csv""},{""file"":""channel_costs_daily.csv"",""line"":5,""date"":""2026-08-02"",""channel"":""MARKETPLACE"",""actual_filename"":""channel_costs_daily.csv""},{""file"":""sales_daily.csv"",""line"":6,""date"":""2026-08-02"",""channel"":""DTC"",""sku"":""A"",""actual_filename"":""sales_daily.csv""},{""file"":""sales_daily.csv"",""line"":7,""date"":""2026-08-02"",""channel"":""DTC"",""sku"":""B"",""actual_filename"":""sales_daily.csv""},{""file"":""sales_daily.csv"",""line"":8,""date"":""2026-08-02"",""channel"":""MARKETPLACE"",""sku"":""A"",""actual_filename"":""sales_daily.csv""},{""file"":""sales_daily.csv"",""line"":9,""date"":""2026-08-02"",""channel"":""MARKETPLACE"",""sku"":""B"",""actual_filename"":""sales_daily.csv""}]","{""comparison_mode"":""same_days"",""channels"":[""DTC"",""MARKETPLACE""],""previous_period"":{""start"":""2026-08-01"",""end"":""2026-08-01""},""current_period"":{""start"":""2026-08-02"",""end"":""2026-08-02""}}","action-1-92339086dd83c9a89ae5ac754bdbad2a30c215eb81213211b953451918ebfc48-f9c7f0abe4b1ba3759249887324f30b7d2ac873e7acf82a12c6fa32e19551a3b","",""
"decision-v1","scenario-v1","contribution-v1","golden-v1","92339086dd83c9a89ae5ac754bdbad2a30c215eb81213211b953451918ebfc48","f9c7f0abe4b1ba3759249887324f30b7d2ac873e7acf82a12c6fa32e19551a3b","2026-08-03","TWD","Asia/Taipei","product_amounts_excluding_tax_and_customer_shipping_income","1","current","{""start"":""2026-08-02"",""end"":""2026-08-02""}","{""kind"":""all"",""channels"":[""DTC"",""MARKETPLACE""]}","same_days","1","1","manual_action","b136e236-e138-4e9a-b5fa-af4c35279583","匯出驗收行動第5項","draft","execution_status","not_started","","[""[\""fact\"",\""golden-v1\"",\""2026-08-02\"",\""2026-08-02\"",\""all\"",[\""DTC\"",\""MARKETPLACE\""],null,\""contribution_after_marketing\""]""]","[{""file"":""ad_spend_daily.csv"",""line"":4,""date"":""2026-08-02"",""channel"":""DTC"",""actual_filename"":""ad_spend_daily.csv""},{""file"":""ad_spend_daily.csv"",""line"":5,""date"":""2026-08-02"",""channel"":""MARKETPLACE"",""actual_filename"":""ad_spend_daily.csv""},{""file"":""channel_costs_daily.csv"",""line"":4,""date"":""2026-08-02"",""channel"":""DTC"",""actual_filename"":""channel_costs_daily.csv""},{""file"":""channel_costs_daily.csv"",""line"":5,""date"":""2026-08-02"",""channel"":""MARKETPLACE"",""actual_filename"":""channel_costs_daily.csv""},{""file"":""sales_daily.csv"",""line"":6,""date"":""2026-08-02"",""channel"":""DTC"",""sku"":""A"",""actual_filename"":""sales_daily.csv""},{""file"":""sales_daily.csv"",""line"":7,""date"":""2026-08-02"",""channel"":""DTC"",""sku"":""B"",""actual_filename"":""sales_daily.csv""},{""file"":""sales_daily.csv"",""line"":8,""date"":""2026-08-02"",""channel"":""MARKETPLACE"",""sku"":""A"",""actual_filename"":""sales_daily.csv""},{""file"":""sales_daily.csv"",""line"":9,""date"":""2026-08-02"",""channel"":""MARKETPLACE"",""sku"":""B"",""actual_filename"":""sales_daily.csv""}]","{""comparison_mode"":""same_days"",""channels"":[""DTC"",""MARKETPLACE""],""previous_period"":{""start"":""2026-08-01"",""end"":""2026-08-01""},""current_period"":{""start"":""2026-08-02"",""end"":""2026-08-02""}}","action-1-92339086dd83c9a89ae5ac754bdbad2a30c215eb81213211b953451918ebfc48-f9c7f0abe4b1ba3759249887324f30b7d2ac873e7acf82a12c6fa32e19551a3b","",""
"decision-v1","scenario-v1","contribution-v1","golden-v1","92339086dd83c9a89ae5ac754bdbad2a30c215eb81213211b953451918ebfc48","f9c7f0abe4b1ba3759249887324f30b7d2ac873e7acf82a12c6fa32e19551a3b","2026-08-03","TWD","Asia/Taipei","product_amounts_excluding_tax_and_customer_shipping_income","1","current","{""start"":""2026-08-02"",""end"":""2026-08-02""}","{""kind"":""all"",""channels"":[""DTC"",""MARKETPLACE""]}","same_days","1","1","manual_action","b136e236-e138-4e9a-b5fa-af4c35279583","匯出驗收行動第5項","draft","progress_notes","","","[""[\""fact\"",\""golden-v1\"",\""2026-08-02\"",\""2026-08-02\"",\""all\"",[\""DTC\"",\""MARKETPLACE\""],null,\""contribution_after_marketing\""]""]","[{""file"":""ad_spend_daily.csv"",""line"":4,""date"":""2026-08-02"",""channel"":""DTC"",""actual_filename"":""ad_spend_daily.csv""},{""file"":""ad_spend_daily.csv"",""line"":5,""date"":""2026-08-02"",""channel"":""MARKETPLACE"",""actual_filename"":""ad_spend_daily.csv""},{""file"":""channel_costs_daily.csv"",""line"":4,""date"":""2026-08-02"",""channel"":""DTC"",""actual_filename"":""channel_costs_daily.csv""},{""file"":""channel_costs_daily.csv"",""line"":5,""date"":""2026-08-02"",""channel"":""MARKETPLACE"",""actual_filename"":""channel_costs_daily.csv""},{""file"":""sales_daily.csv"",""line"":6,""date"":""2026-08-02"",""channel"":""DTC"",""sku"":""A"",""actual_filename"":""sales_daily.csv""},{""file"":""sales_daily.csv"",""line"":7,""date"":""2026-08-02"",""channel"":""DTC"",""sku"":""B"",""actual_filename"":""sales_daily.csv""},{""file"":""sales_daily.csv"",""line"":8,""date"":""2026-08-02"",""channel"":""MARKETPLACE"",""sku"":""A"",""actual_filename"":""sales_daily.csv""},{""file"":""sales_daily.csv"",""line"":9,""date"":""2026-08-02"",""channel"":""MARKETPLACE"",""sku"":""B"",""actual_filename"":""sales_daily.csv""}]","{""comparison_mode"":""same_days"",""channels"":[""DTC"",""MARKETPLACE""],""previous_period"":{""start"":""2026-08-01"",""end"":""2026-08-01""},""current_period"":{""start"":""2026-08-02"",""end"":""2026-08-02""}}","action-1-92339086dd83c9a89ae5ac754bdbad2a30c215eb81213211b953451918ebfc48-f9c7f0abe4b1ba3759249887324f30b7d2ac873e7acf82a12c6fa32e19551a3b","",""
"decision-v1","scenario-v1","contribution-v1","golden-v1","92339086dd83c9a89ae5ac754bdbad2a30c215eb81213211b953451918ebfc48","f9c7f0abe4b1ba3759249887324f30b7d2ac873e7acf82a12c6fa32e19551a3b","2026-08-03","TWD","Asia/Taipei","product_amounts_excluding_tax_and_customer_shipping_income","1","current","{""start"":""2026-08-02"",""end"":""2026-08-02""}","{""kind"":""all"",""channels"":[""DTC"",""MARKETPLACE""]}","same_days","1","1","manual_action","b136e236-e138-4e9a-b5fa-af4c35279583","匯出驗收行動第5項","draft","evidence_review_required","false","","[""[\""fact\"",\""golden-v1\"",\""2026-08-02\"",\""2026-08-02\"",\""all\"",[\""DTC\"",\""MARKETPLACE\""],null,\""contribution_after_marketing\""]""]","[{""file"":""ad_spend_daily.csv"",""line"":4,""date"":""2026-08-02"",""channel"":""DTC"",""actual_filename"":""ad_spend_daily.csv""},{""file"":""ad_spend_daily.csv"",""line"":5,""date"":""2026-08-02"",""channel"":""MARKETPLACE"",""actual_filename"":""ad_spend_daily.csv""},{""file"":""channel_costs_daily.csv"",""line"":4,""date"":""2026-08-02"",""channel"":""DTC"",""actual_filename"":""channel_costs_daily.csv""},{""file"":""channel_costs_daily.csv"",""line"":5,""date"":""2026-08-02"",""channel"":""MARKETPLACE"",""actual_filename"":""channel_costs_daily.csv""},{""file"":""sales_daily.csv"",""line"":6,""date"":""2026-08-02"",""channel"":""DTC"",""sku"":""A"",""actual_filename"":""sales_daily.csv""},{""file"":""sales_daily.csv"",""line"":7,""date"":""2026-08-02"",""channel"":""DTC"",""sku"":""B"",""actual_filename"":""sales_daily.csv""},{""file"":""sales_daily.csv"",""line"":8,""date"":""2026-08-02"",""channel"":""MARKETPLACE"",""sku"":""A"",""actual_filename"":""sales_daily.csv""},{""file"":""sales_daily.csv"",""line"":9,""date"":""2026-08-02"",""channel"":""MARKETPLACE"",""sku"":""B"",""actual_filename"":""sales_daily.csv""}]","{""comparison_mode"":""same_days"",""channels"":[""DTC"",""MARKETPLACE""],""previous_period"":{""start"":""2026-08-01"",""end"":""2026-08-01""},""current_period"":{""start"":""2026-08-02"",""end"":""2026-08-02""}}","action-1-92339086dd83c9a89ae5ac754bdbad2a30c215eb81213211b953451918ebfc48-f9c7f0abe4b1ba3759249887324f30b7d2ac873e7acf82a12c6fa32e19551a3b","",""
"decision-v1","scenario-v1","contribution-v1","golden-v1","92339086dd83c9a89ae5ac754bdbad2a30c215eb81213211b953451918ebfc48","f9c7f0abe4b1ba3759249887324f30b7d2ac873e7acf82a12c6fa32e19551a3b","2026-08-03","TWD","Asia/Taipei","product_amounts_excluding_tax_and_customer_shipping_income","1","current","{""start"":""2026-08-02"",""end"":""2026-08-02""}","{""kind"":""all"",""channels"":[""DTC"",""MARKETPLACE""]}","same_days","1","1","manual_action","b136e236-e138-4e9a-b5fa-af4c35279583","匯出驗收行動第5項","draft","evidence_relation","current","","[""[\""fact\"",\""golden-v1\"",\""2026-08-02\"",\""2026-08-02\"",\""all\"",[\""DTC\"",\""MARKETPLACE\""],null,\""contribution_after_marketing\""]""]","[{""file"":""ad_spend_daily.csv"",""line"":4,""date"":""2026-08-02"",""channel"":""DTC"",""actual_filename"":""ad_spend_daily.csv""},{""file"":""ad_spend_daily.csv"",""line"":5,""date"":""2026-08-02"",""channel"":""MARKETPLACE"",""actual_filename"":""ad_spend_daily.csv""},{""file"":""channel_costs_daily.csv"",""line"":4,""date"":""2026-08-02"",""channel"":""DTC"",""actual_filename"":""channel_costs_daily.csv""},{""file"":""channel_costs_daily.csv"",""line"":5,""date"":""2026-08-02"",""channel"":""MARKETPLACE"",""actual_filename"":""channel_costs_daily.csv""},{""file"":""sales_daily.csv"",""line"":6,""date"":""2026-08-02"",""channel"":""DTC"",""sku"":""A"",""actual_filename"":""sales_daily.csv""},{""file"":""sales_daily.csv"",""line"":7,""date"":""2026-08-02"",""channel"":""DTC"",""sku"":""B"",""actual_filename"":""sales_daily.csv""},{""file"":""sales_daily.csv"",""line"":8,""date"":""2026-08-02"",""channel"":""MARKETPLACE"",""sku"":""A"",""actual_filename"":""sales_daily.csv""},{""file"":""sales_daily.csv"",""line"":9,""date"":""2026-08-02"",""channel"":""MARKETPLACE"",""sku"":""B"",""actual_filename"":""sales_daily.csv""}]","{""comparison_mode"":""same_days"",""channels"":[""DTC"",""MARKETPLACE""],""previous_period"":{""start"":""2026-08-01"",""end"":""2026-08-01""},""current_period"":{""start"":""2026-08-02"",""end"":""2026-08-02""}}","action-1-92339086dd83c9a89ae5ac754bdbad2a30c215eb81213211b953451918ebfc48-f9c7f0abe4b1ba3759249887324f30b7d2ac873e7acf82a12c6fa32e19551a3b","",""
"decision-v1","scenario-v1","contribution-v1","golden-v1","92339086dd83c9a89ae5ac754bdbad2a30c215eb81213211b953451918ebfc48","f9c7f0abe4b1ba3759249887324f30b7d2ac873e7acf82a12c6fa32e19551a3b","2026-08-03","TWD","Asia/Taipei","product_amounts_excluding_tax_and_customer_shipping_income","1","current","{""start"":""2026-08-02"",""end"":""2026-08-02""}","{""kind"":""all"",""channels"":[""DTC"",""MARKETPLACE""]}","same_days","1","1","manual_action","b136e236-e138-4e9a-b5fa-af4c35279583","匯出驗收行動第5項","draft","data_limitations","[]","","[""[\""fact\"",\""golden-v1\"",\""2026-08-02\"",\""2026-08-02\"",\""all\"",[\""DTC\"",\""MARKETPLACE\""],null,\""contribution_after_marketing\""]""]","[{""file"":""ad_spend_daily.csv"",""line"":4,""date"":""2026-08-02"",""channel"":""DTC"",""actual_filename"":""ad_spend_daily.csv""},{""file"":""ad_spend_daily.csv"",""line"":5,""date"":""2026-08-02"",""channel"":""MARKETPLACE"",""actual_filename"":""ad_spend_daily.csv""},{""file"":""channel_costs_daily.csv"",""line"":4,""date"":""2026-08-02"",""channel"":""DTC"",""actual_filename"":""channel_costs_daily.csv""},{""file"":""channel_costs_daily.csv"",""line"":5,""date"":""2026-08-02"",""channel"":""MARKETPLACE"",""actual_filename"":""channel_costs_daily.csv""},{""file"":""sales_daily.csv"",""line"":6,""date"":""2026-08-02"",""channel"":""DTC"",""sku"":""A"",""actual_filename"":""sales_daily.csv""},{""file"":""sales_daily.csv"",""line"":7,""date"":""2026-08-02"",""channel"":""DTC"",""sku"":""B"",""actual_filename"":""sales_daily.csv""},{""file"":""sales_daily.csv"",""line"":8,""date"":""2026-08-02"",""channel"":""MARKETPLACE"",""sku"":""A"",""actual_filename"":""sales_daily.csv""},{""file"":""sales_daily.csv"",""line"":9,""date"":""2026-08-02"",""channel"":""MARKETPLACE"",""sku"":""B"",""actual_filename"":""sales_daily.csv""}]","{""comparison_mode"":""same_days"",""channels"":[""DTC"",""MARKETPLACE""],""previous_period"":{""start"":""2026-08-01"",""end"":""2026-08-01""},""current_period"":{""start"":""2026-08-02"",""end"":""2026-08-02""}}","action-1-92339086dd83c9a89ae5ac754bdbad2a30c215eb81213211b953451918ebfc48-f9c7f0abe4b1ba3759249887324f30b7d2ac873e7acf82a12c6fa32e19551a3b","",""
"decision-v1","scenario-v1","contribution-v1","golden-v1","92339086dd83c9a89ae5ac754bdbad2a30c215eb81213211b953451918ebfc48","f9c7f0abe4b1ba3759249887324f30b7d2ac873e7acf82a12c6fa32e19551a3b","2026-08-03","TWD","Asia/Taipei","product_amounts_excluding_tax_and_customer_shipping_income","1","current","{""start"":""2026-08-02"",""end"":""2026-08-02""}","{""kind"":""all"",""channels"":[""DTC"",""MARKETPLACE""]}","same_days","1","1","manual_action","b136e236-e138-4e9a-b5fa-af4c35279583","匯出驗收行動第5項","draft","diagnostic_id","null","","[""[\""fact\"",\""golden-v1\"",\""2026-08-02\"",\""2026-08-02\"",\""all\"",[\""DTC\"",\""MARKETPLACE\""],null,\""contribution_after_marketing\""]""]","[{""file"":""ad_spend_daily.csv"",""line"":4,""date"":""2026-08-02"",""channel"":""DTC"",""actual_filename"":""ad_spend_daily.csv""},{""file"":""ad_spend_daily.csv"",""line"":5,""date"":""2026-08-02"",""channel"":""MARKETPLACE"",""actual_filename"":""ad_spend_daily.csv""},{""file"":""channel_costs_daily.csv"",""line"":4,""date"":""2026-08-02"",""channel"":""DTC"",""actual_filename"":""channel_costs_daily.csv""},{""file"":""channel_costs_daily.csv"",""line"":5,""date"":""2026-08-02"",""channel"":""MARKETPLACE"",""actual_filename"":""channel_costs_daily.csv""},{""file"":""sales_daily.csv"",""line"":6,""date"":""2026-08-02"",""channel"":""DTC"",""sku"":""A"",""actual_filename"":""sales_daily.csv""},{""file"":""sales_daily.csv"",""line"":7,""date"":""2026-08-02"",""channel"":""DTC"",""sku"":""B"",""actual_filename"":""sales_daily.csv""},{""file"":""sales_daily.csv"",""line"":8,""date"":""2026-08-02"",""channel"":""MARKETPLACE"",""sku"":""A"",""actual_filename"":""sales_daily.csv""},{""file"":""sales_daily.csv"",""line"":9,""date"":""2026-08-02"",""channel"":""MARKETPLACE"",""sku"":""B"",""actual_filename"":""sales_daily.csv""}]","{""comparison_mode"":""same_days"",""channels"":[""DTC"",""MARKETPLACE""],""previous_period"":{""start"":""2026-08-01"",""end"":""2026-08-01""},""current_period"":{""start"":""2026-08-02"",""end"":""2026-08-02""}}","action-1-92339086dd83c9a89ae5ac754bdbad2a30c215eb81213211b953451918ebfc48-f9c7f0abe4b1ba3759249887324f30b7d2ac873e7acf82a12c6fa32e19551a3b","",""
"decision-v1","scenario-v1","contribution-v1","golden-v1","92339086dd83c9a89ae5ac754bdbad2a30c215eb81213211b953451918ebfc48","f9c7f0abe4b1ba3759249887324f30b7d2ac873e7acf82a12c6fa32e19551a3b","2026-08-03","TWD","Asia/Taipei","product_amounts_excluding_tax_and_customer_shipping_income","1","current","{""start"":""2026-08-02"",""end"":""2026-08-02""}","{""kind"":""all"",""channels"":[""DTC"",""MARKETPLACE""]}","same_days","1","1","manual_action","b136e236-e138-4e9a-b5fa-af4c35279583","匯出驗收行動第5項","draft","binding_revision","2","","[""[\""fact\"",\""golden-v1\"",\""2026-08-02\"",\""2026-08-02\"",\""all\"",[\""DTC\"",\""MARKETPLACE\""],null,\""contribution_after_marketing\""]""]","[{""file"":""ad_spend_daily.csv"",""line"":4,""date"":""2026-08-02"",""channel"":""DTC"",""actual_filename"":""ad_spend_daily.csv""},{""file"":""ad_spend_daily.csv"",""line"":5,""date"":""2026-08-02"",""channel"":""MARKETPLACE"",""actual_filename"":""ad_spend_daily.csv""},{""file"":""channel_costs_daily.csv"",""line"":4,""date"":""2026-08-02"",""channel"":""DTC"",""actual_filename"":""channel_costs_daily.csv""},{""file"":""channel_costs_daily.csv"",""line"":5,""date"":""2026-08-02"",""channel"":""MARKETPLACE"",""actual_filename"":""channel_costs_daily.csv""},{""file"":""sales_daily.csv"",""line"":6,""date"":""2026-08-02"",""channel"":""DTC"",""sku"":""A"",""actual_filename"":""sales_daily.csv""},{""file"":""sales_daily.csv"",""line"":7,""date"":""2026-08-02"",""channel"":""DTC"",""sku"":""B"",""actual_filename"":""sales_daily.csv""},{""file"":""sales_daily.csv"",""line"":8,""date"":""2026-08-02"",""channel"":""MARKETPLACE"",""sku"":""A"",""actual_filename"":""sales_daily.csv""},{""file"":""sales_daily.csv"",""line"":9,""date"":""2026-08-02"",""channel"":""MARKETPLACE"",""sku"":""B"",""actual_filename"":""sales_daily.csv""}]","{""comparison_mode"":""same_days"",""channels"":[""DTC"",""MARKETPLACE""],""previous_period"":{""start"":""2026-08-01"",""end"":""2026-08-01""},""current_period"":{""start"":""2026-08-02"",""end"":""2026-08-02""}}","action-1-92339086dd83c9a89ae5ac754bdbad2a30c215eb81213211b953451918ebfc48-f9c7f0abe4b1ba3759249887324f30b7d2ac873e7acf82a12c6fa32e19551a3b","",""
"decision-v1","scenario-v1","contribution-v1","golden-v1","92339086dd83c9a89ae5ac754bdbad2a30c215eb81213211b953451918ebfc48","f9c7f0abe4b1ba3759249887324f30b7d2ac873e7acf82a12c6fa32e19551a3b","2026-08-03","TWD","Asia/Taipei","product_amounts_excluding_tax_and_customer_shipping_income","1","current","{""start"":""2026-08-02"",""end"":""2026-08-02""}","{""kind"":""all"",""channels"":[""DTC"",""MARKETPLACE""]}","same_days","1","1","manual_action","b136e236-e138-4e9a-b5fa-af4c35279583","匯出驗收行動第5項","draft","binding_history","[{""revision"":1,""context_id"":""action-1-92339086dd83c9a89ae5ac754bdbad2a30c215eb81213211b953451918ebfc48-f9c7f0abe4b1ba3759249887324f30b7d2ac873e7acf82a12c6fa32e19551a3b"",""scope"":{""kind"":""all"",""channels"":[""DTC"",""MARKETPLACE""]},""fact_ids"":[],""evidence_confirmed"":false,""legacy_review_required"":false,""evidence"":[],""dataset_id"":""golden-v1"",""dataset_hash"":""92339086dd83c9a89ae5ac754bdbad2a30c215eb81213211b953451918ebfc48"",""filter_hash"":""f9c7f0abe4b1ba3759249887324f30b7d2ac873e7acf82a12c6fa32e19551a3b"",""metric_version"":""contribution-v1"",""data_as_of"":""2026-08-03"",""period"":{""start"":""2026-08-02"",""end"":""2026-08-02""},""analysis_scope"":{""comparison_mode"":""same_days"",""channels"":[""DTC"",""MARKETPLACE""],""previous_period"":{""start"":""2026-08-01"",""end"":""2026-08-01""},""current_period"":{""start"":""2026-08-02"",""end"":""2026-08-02""}},""filenames"":{}}]","","[""[\""fact\"",\""golden-v1\"",\""2026-08-02\"",\""2026-08-02\"",\""all\"",[\""DTC\"",\""MARKETPLACE\""],null,\""contribution_after_marketing\""]""]","[{""file"":""ad_spend_daily.csv"",""line"":4,""date"":""2026-08-02"",""channel"":""DTC"",""actual_filename"":""ad_spend_daily.csv""},{""file"":""ad_spend_daily.csv"",""line"":5,""date"":""2026-08-02"",""channel"":""MARKETPLACE"",""actual_filename"":""ad_spend_daily.csv""},{""file"":""channel_costs_daily.csv"",""line"":4,""date"":""2026-08-02"",""channel"":""DTC"",""actual_filename"":""channel_costs_daily.csv""},{""file"":""channel_costs_daily.csv"",""line"":5,""date"":""2026-08-02"",""channel"":""MARKETPLACE"",""actual_filename"":""channel_costs_daily.csv""},{""file"":""sales_daily.csv"",""line"":6,""date"":""2026-08-02"",""channel"":""DTC"",""sku"":""A"",""actual_filename"":""sales_daily.csv""},{""file"":""sales_daily.csv"",""line"":7,""date"":""2026-08-02"",""channel"":""DTC"",""sku"":""B"",""actual_filename"":""sales_daily.csv""},{""file"":""sales_daily.csv"",""line"":8,""date"":""2026-08-02"",""channel"":""MARKETPLACE"",""sku"":""A"",""actual_filename"":""sales_daily.csv""},{""file"":""sales_daily.csv"",""line"":9,""date"":""2026-08-02"",""channel"":""MARKETPLACE"",""sku"":""B"",""actual_filename"":""sales_daily.csv""}]","{""comparison_mode"":""same_days"",""channels"":[""DTC"",""MARKETPLACE""],""previous_period"":{""start"":""2026-08-01"",""end"":""2026-08-01""},""current_period"":{""start"":""2026-08-02"",""end"":""2026-08-02""}}","action-1-92339086dd83c9a89ae5ac754bdbad2a30c215eb81213211b953451918ebfc48-f9c7f0abe4b1ba3759249887324f30b7d2ac873e7acf82a12c6fa32e19551a3b","",""
"decision-v1","scenario-v1","contribution-v1","golden-v1","92339086dd83c9a89ae5ac754bdbad2a30c215eb81213211b953451918ebfc48","f9c7f0abe4b1ba3759249887324f30b7d2ac873e7acf82a12c6fa32e19551a3b","2026-08-03","TWD","Asia/Taipei","product_amounts_excluding_tax_and_customer_shipping_income","1","current","{""start"":""2026-08-02"",""end"":""2026-08-02""}","{""kind"":""all"",""channels"":[""DTC"",""MARKETPLACE""]}","same_days","1","1","manual_action","b136e236-e138-4e9a-b5fa-af4c35279583","匯出驗收行動第5項","draft","binding","{""context_id"":""action-1-92339086dd83c9a89ae5ac754bdbad2a30c215eb81213211b953451918ebfc48-f9c7f0abe4b1ba3759249887324f30b7d2ac873e7acf82a12c6fa32e19551a3b"",""status"":""current"",""dataset_id"":""golden-v1"",""dataset_hash"":""92339086dd83c9a89ae5ac754bdbad2a30c215eb81213211b953451918ebfc48"",""filter_hash"":""f9c7f0abe4b1ba3759249887324f30b7d2ac873e7acf82a12c6fa32e19551a3b"",""metric_version"":""contribution-v1"",""data_as_of"":""2026-08-03"",""revision"":1,""period"":{""start"":""2026-08-02"",""end"":""2026-08-02""},""scope"":{""kind"":""all"",""channels"":[""DTC"",""MARKETPLACE""]},""analysis_scope"":{""comparison_mode"":""same_days"",""channels"":[""DTC"",""MARKETPLACE""],""previous_period"":{""start"":""2026-08-01"",""end"":""2026-08-01""},""current_period"":{""start"":""2026-08-02"",""end"":""2026-08-02""}},""comparison"":{""mode"":""same_days"",""previous_days"":1,""current_days"":1,""previous_daily_average"":{""gross_sales"":{""value"":""2500.00"",""reason_codes"":[]},""discounts"":{""value"":""200.00"",""reason_codes"":[]},""refunds"":{""value"":""50.00"",""reason_codes"":[]},""cogs_net"":{""value"":""1050.00"",""reason_codes"":[]},""platform_fees"":{""value"":""90.00"",""reason_codes"":[]},""payment_fees"":{""value"":""60.00"",""reason_codes"":[]},""fulfillment_costs"":{""value"":""160.00"",""reason_codes"":[]},""other_variable_costs"":{""value"":""20.00"",""reason_codes"":[]},""ad_spend"":{""value"":""300.00"",""reason_codes"":[]},""net_revenue"":{""value"":""2250.00"",""reason_codes"":[]},""gross_profit"":{""value"":""1200.00"",""reason_codes"":[]},""contribution_before_marketing"":{""value"":""870.00"",""reason_codes"":[]},""contribution_after_marketing"":{""value"":""570.00"",""reason_codes"":[]}},""current_daily_average"":{""gross_sales"":{""value"":""3100.00"",""reason_codes"":[]},""discounts"":{""value"":""450.00"",""reason_codes"":[]},""refunds"":{""value"":""180.00"",""reason_codes"":[]},""cogs_net"":{""value"":""1325.00"",""reason_codes"":[]},""platform_fees"":{""value"":""120.00"",""reason_codes"":[]},""payment_fees"":{""value"":""66.00"",""reason_codes"":[]},""fulfillment_costs"":{""value"":""225.00"",""reason_codes"":[]},""other_variable_costs"":{""value"":""29.00"",""reason_codes"":[]},""ad_spend"":{""value"":""450.00"",""reason_codes"":[]},""net_revenue"":{""value"":""2470.00"",""reason_codes"":[]},""gross_profit"":{""value"":""1145.00"",""reason_codes"":[]},""contribution_before_marketing"":{""value"":""705.00"",""reason_codes"":[]},""contribution_after_marketing"":{""value"":""255.00"",""reason_codes"":[]}},""daily_average_changes"":{""gross_sales"":{""value"":""600.00"",""reason_codes"":[]},""discounts"":{""value"":""250.00"",""reason_codes"":[]},""refunds"":{""value"":""130.00"",""reason_codes"":[]},""cogs_net"":{""value"":""275.00"",""reason_codes"":[]},""platform_fees"":{""value"":""30.00"",""reason_codes"":[]},""payment_fees"":{""value"":""6.00"",""reason_codes"":[]},""fulfillment_costs"":{""value"":""65.00"",""reason_codes"":[]},""other_variable_costs"":{""value"":""9.00"",""reason_codes"":[]},""ad_spend"":{""value"":""150.00"",""reason_codes"":[]},""net_revenue"":{""value"":""220.00"",""reason_codes"":[]},""gross_profit"":{""value"":""-55.00"",""reason_codes"":[]},""contribution_before_marketing"":{""value"":""-165.00"",""reason_codes"":[]},""contribution_after_marketing"":{""value"":""-315.00"",""reason_codes"":[]}}},""filenames"":{},""stale_reasons"":[]}","","[""[\""fact\"",\""golden-v1\"",\""2026-08-02\"",\""2026-08-02\"",\""all\"",[\""DTC\"",\""MARKETPLACE\""],null,\""contribution_after_marketing\""]""]","[{""file"":""ad_spend_daily.csv"",""line"":4,""date"":""2026-08-02"",""channel"":""DTC"",""actual_filename"":""ad_spend_daily.csv""},{""file"":""ad_spend_daily.csv"",""line"":5,""date"":""2026-08-02"",""channel"":""MARKETPLACE"",""actual_filename"":""ad_spend_daily.csv""},{""file"":""channel_costs_daily.csv"",""line"":4,""date"":""2026-08-02"",""channel"":""DTC"",""actual_filename"":""channel_costs_daily.csv""},{""file"":""channel_costs_daily.csv"",""line"":5,""date"":""2026-08-02"",""channel"":""MARKETPLACE"",""actual_filename"":""channel_costs_daily.csv""},{""file"":""sales_daily.csv"",""line"":6,""date"":""2026-08-02"",""channel"":""DTC"",""sku"":""A"",""actual_filename"":""sales_daily.csv""},{""file"":""sales_daily.csv"",""line"":7,""date"":""2026-08-02"",""channel"":""DTC"",""sku"":""B"",""actual_filename"":""sales_daily.csv""},{""file"":""sales_daily.csv"",""line"":8,""date"":""2026-08-02"",""channel"":""MARKETPLACE"",""sku"":""A"",""actual_filename"":""sales_daily.csv""},{""file"":""sales_daily.csv"",""line"":9,""date"":""2026-08-02"",""channel"":""MARKETPLACE"",""sku"":""B"",""actual_filename"":""sales_daily.csv""}]","{""comparison_mode"":""same_days"",""channels"":[""DTC"",""MARKETPLACE""],""previous_period"":{""start"":""2026-08-01"",""end"":""2026-08-01""},""current_period"":{""start"":""2026-08-02"",""end"":""2026-08-02""}}","action-1-92339086dd83c9a89ae5ac754bdbad2a30c215eb81213211b953451918ebfc48-f9c7f0abe4b1ba3759249887324f30b7d2ac873e7acf82a12c6fa32e19551a3b","",""
"decision-v1","scenario-v1","contribution-v1","golden-v1","92339086dd83c9a89ae5ac754bdbad2a30c215eb81213211b953451918ebfc48","f9c7f0abe4b1ba3759249887324f30b7d2ac873e7acf82a12c6fa32e19551a3b","2026-08-03","TWD","Asia/Taipei","product_amounts_excluding_tax_and_customer_shipping_income","1","current","{""start"":""2026-08-02"",""end"":""2026-08-02""}","{""kind"":""all"",""channels"":[""DTC"",""MARKETPLACE""]}","same_days","1","1","action_fact","b136e236-e138-4e9a-b5fa-af4c35279583","匯出驗收行動第5項","draft","contribution_after_marketing","255.00","[]","[""[\""fact\"",\""golden-v1\"",\""2026-08-02\"",\""2026-08-02\"",\""all\"",[\""DTC\"",\""MARKETPLACE\""],null,\""contribution_after_marketing\""]""]","[{""file"":""ad_spend_daily.csv"",""line"":4,""date"":""2026-08-02"",""channel"":""DTC"",""actual_filename"":""ad_spend_daily.csv""},{""file"":""ad_spend_daily.csv"",""line"":5,""date"":""2026-08-02"",""channel"":""MARKETPLACE"",""actual_filename"":""ad_spend_daily.csv""},{""file"":""channel_costs_daily.csv"",""line"":4,""date"":""2026-08-02"",""channel"":""DTC"",""actual_filename"":""channel_costs_daily.csv""},{""file"":""channel_costs_daily.csv"",""line"":5,""date"":""2026-08-02"",""channel"":""MARKETPLACE"",""actual_filename"":""channel_costs_daily.csv""},{""file"":""sales_daily.csv"",""line"":6,""date"":""2026-08-02"",""channel"":""DTC"",""sku"":""A"",""actual_filename"":""sales_daily.csv""},{""file"":""sales_daily.csv"",""line"":7,""date"":""2026-08-02"",""channel"":""DTC"",""sku"":""B"",""actual_filename"":""sales_daily.csv""},{""file"":""sales_daily.csv"",""line"":8,""date"":""2026-08-02"",""channel"":""MARKETPLACE"",""sku"":""A"",""actual_filename"":""sales_daily.csv""},{""file"":""sales_daily.csv"",""line"":9,""date"":""2026-08-02"",""channel"":""MARKETPLACE"",""sku"":""B"",""actual_filename"":""sales_daily.csv""}]","{""comparison_mode"":""same_days"",""channels"":[""DTC"",""MARKETPLACE""],""previous_period"":{""start"":""2026-08-01"",""end"":""2026-08-01""},""current_period"":{""start"":""2026-08-02"",""end"":""2026-08-02""}}","action-1-92339086dd83c9a89ae5ac754bdbad2a30c215eb81213211b953451918ebfc48-f9c7f0abe4b1ba3759249887324f30b7d2ac873e7acf82a12c6fa32e19551a3b","",""
"decision-v1","scenario-v1","contribution-v1","golden-v1","92339086dd83c9a89ae5ac754bdbad2a30c215eb81213211b953451918ebfc48","f9c7f0abe4b1ba3759249887324f30b7d2ac873e7acf82a12c6fa32e19551a3b","2026-08-03","TWD","Asia/Taipei","product_amounts_excluding_tax_and_customer_shipping_income","1","current","{""start"":""2026-08-02"",""end"":""2026-08-02""}","{""kind"":""all"",""channels"":[""DTC"",""MARKETPLACE""]}","same_days","1","1","manual_action","db946016-80bc-476f-a1e2-d8b69963e8f5","匯出驗收行動第6項","draft","id","db946016-80bc-476f-a1e2-d8b69963e8f5","","[""[\""fact\"",\""golden-v1\"",\""2026-08-02\"",\""2026-08-02\"",\""all\"",[\""DTC\"",\""MARKETPLACE\""],null,\""contribution_after_marketing\""]""]","[{""file"":""ad_spend_daily.csv"",""line"":4,""date"":""2026-08-02"",""channel"":""DTC"",""actual_filename"":""ad_spend_daily.csv""},{""file"":""ad_spend_daily.csv"",""line"":5,""date"":""2026-08-02"",""channel"":""MARKETPLACE"",""actual_filename"":""ad_spend_daily.csv""},{""file"":""channel_costs_daily.csv"",""line"":4,""date"":""2026-08-02"",""channel"":""DTC"",""actual_filename"":""channel_costs_daily.csv""},{""file"":""channel_costs_daily.csv"",""line"":5,""date"":""2026-08-02"",""channel"":""MARKETPLACE"",""actual_filename"":""channel_costs_daily.csv""},{""file"":""sales_daily.csv"",""line"":6,""date"":""2026-08-02"",""channel"":""DTC"",""sku"":""A"",""actual_filename"":""sales_daily.csv""},{""file"":""sales_daily.csv"",""line"":7,""date"":""2026-08-02"",""channel"":""DTC"",""sku"":""B"",""actual_filename"":""sales_daily.csv""},{""file"":""sales_daily.csv"",""line"":8,""date"":""2026-08-02"",""channel"":""MARKETPLACE"",""sku"":""A"",""actual_filename"":""sales_daily.csv""},{""file"":""sales_daily.csv"",""line"":9,""date"":""2026-08-02"",""channel"":""MARKETPLACE"",""sku"":""B"",""actual_filename"":""sales_daily.csv""}]","{""comparison_mode"":""same_days"",""channels"":[""DTC"",""MARKETPLACE""],""previous_period"":{""start"":""2026-08-01"",""end"":""2026-08-01""},""current_period"":{""start"":""2026-08-02"",""end"":""2026-08-02""}}","action-1-92339086dd83c9a89ae5ac754bdbad2a30c215eb81213211b953451918ebfc48-f9c7f0abe4b1ba3759249887324f30b7d2ac873e7acf82a12c6fa32e19551a3b","",""
"decision-v1","scenario-v1","contribution-v1","golden-v1","92339086dd83c9a89ae5ac754bdbad2a30c215eb81213211b953451918ebfc48","f9c7f0abe4b1ba3759249887324f30b7d2ac873e7acf82a12c6fa32e19551a3b","2026-08-03","TWD","Asia/Taipei","product_amounts_excluding_tax_and_customer_shipping_income","1","current","{""start"":""2026-08-02"",""end"":""2026-08-02""}","{""kind"":""all"",""channels"":[""DTC"",""MARKETPLACE""]}","same_days","1","1","manual_action","db946016-80bc-476f-a1e2-d8b69963e8f5","匯出驗收行動第6項","draft","problem","匯出驗收行動第6項","","[""[\""fact\"",\""golden-v1\"",\""2026-08-02\"",\""2026-08-02\"",\""all\"",[\""DTC\"",\""MARKETPLACE\""],null,\""contribution_after_marketing\""]""]","[{""file"":""ad_spend_daily.csv"",""line"":4,""date"":""2026-08-02"",""channel"":""DTC"",""actual_filename"":""ad_spend_daily.csv""},{""file"":""ad_spend_daily.csv"",""line"":5,""date"":""2026-08-02"",""channel"":""MARKETPLACE"",""actual_filename"":""ad_spend_daily.csv""},{""file"":""channel_costs_daily.csv"",""line"":4,""date"":""2026-08-02"",""channel"":""DTC"",""actual_filename"":""channel_costs_daily.csv""},{""file"":""channel_costs_daily.csv"",""line"":5,""date"":""2026-08-02"",""channel"":""MARKETPLACE"",""actual_filename"":""channel_costs_daily.csv""},{""file"":""sales_daily.csv"",""line"":6,""date"":""2026-08-02"",""channel"":""DTC"",""sku"":""A"",""actual_filename"":""sales_daily.csv""},{""file"":""sales_daily.csv"",""line"":7,""date"":""2026-08-02"",""channel"":""DTC"",""sku"":""B"",""actual_filename"":""sales_daily.csv""},{""file"":""sales_daily.csv"",""line"":8,""date"":""2026-08-02"",""channel"":""MARKETPLACE"",""sku"":""A"",""actual_filename"":""sales_daily.csv""},{""file"":""sales_daily.csv"",""line"":9,""date"":""2026-08-02"",""channel"":""MARKETPLACE"",""sku"":""B"",""actual_filename"":""sales_daily.csv""}]","{""comparison_mode"":""same_days"",""channels"":[""DTC"",""MARKETPLACE""],""previous_period"":{""start"":""2026-08-01"",""end"":""2026-08-01""},""current_period"":{""start"":""2026-08-02"",""end"":""2026-08-02""}}","action-1-92339086dd83c9a89ae5ac754bdbad2a30c215eb81213211b953451918ebfc48-f9c7f0abe4b1ba3759249887324f30b7d2ac873e7acf82a12c6fa32e19551a3b","",""
"decision-v1","scenario-v1","contribution-v1","golden-v1","92339086dd83c9a89ae5ac754bdbad2a30c215eb81213211b953451918ebfc48","f9c7f0abe4b1ba3759249887324f30b7d2ac873e7acf82a12c6fa32e19551a3b","2026-08-03","TWD","Asia/Taipei","product_amounts_excluding_tax_and_customer_shipping_income","1","current","{""start"":""2026-08-02"",""end"":""2026-08-02""}","{""kind"":""all"",""channels"":[""DTC"",""MARKETPLACE""]}","same_days","1","1","manual_action","db946016-80bc-476f-a1e2-d8b69963e8f5","匯出驗收行動第6項","draft","action","核對已入帳費用與來源","","[""[\""fact\"",\""golden-v1\"",\""2026-08-02\"",\""2026-08-02\"",\""all\"",[\""DTC\"",\""MARKETPLACE\""],null,\""contribution_after_marketing\""]""]","[{""file"":""ad_spend_daily.csv"",""line"":4,""date"":""2026-08-02"",""channel"":""DTC"",""actual_filename"":""ad_spend_daily.csv""},{""file"":""ad_spend_daily.csv"",""line"":5,""date"":""2026-08-02"",""channel"":""MARKETPLACE"",""actual_filename"":""ad_spend_daily.csv""},{""file"":""channel_costs_daily.csv"",""line"":4,""date"":""2026-08-02"",""channel"":""DTC"",""actual_filename"":""channel_costs_daily.csv""},{""file"":""channel_costs_daily.csv"",""line"":5,""date"":""2026-08-02"",""channel"":""MARKETPLACE"",""actual_filename"":""channel_costs_daily.csv""},{""file"":""sales_daily.csv"",""line"":6,""date"":""2026-08-02"",""channel"":""DTC"",""sku"":""A"",""actual_filename"":""sales_daily.csv""},{""file"":""sales_daily.csv"",""line"":7,""date"":""2026-08-02"",""channel"":""DTC"",""sku"":""B"",""actual_filename"":""sales_daily.csv""},{""file"":""sales_daily.csv"",""line"":8,""date"":""2026-08-02"",""channel"":""MARKETPLACE"",""sku"":""A"",""actual_filename"":""sales_daily.csv""},{""file"":""sales_daily.csv"",""line"":9,""date"":""2026-08-02"",""channel"":""MARKETPLACE"",""sku"":""B"",""actual_filename"":""sales_daily.csv""}]","{""comparison_mode"":""same_days"",""channels"":[""DTC"",""MARKETPLACE""],""previous_period"":{""start"":""2026-08-01"",""end"":""2026-08-01""},""current_period"":{""start"":""2026-08-02"",""end"":""2026-08-02""}}","action-1-92339086dd83c9a89ae5ac754bdbad2a30c215eb81213211b953451918ebfc48-f9c7f0abe4b1ba3759249887324f30b7d2ac873e7acf82a12c6fa32e19551a3b","",""
"decision-v1","scenario-v1","contribution-v1","golden-v1","92339086dd83c9a89ae5ac754bdbad2a30c215eb81213211b953451918ebfc48","f9c7f0abe4b1ba3759249887324f30b7d2ac873e7acf82a12c6fa32e19551a3b","2026-08-03","TWD","Asia/Taipei","product_amounts_excluding_tax_and_customer_shipping_income","1","current","{""start"":""2026-08-02"",""end"":""2026-08-02""}","{""kind"":""all"",""channels"":[""DTC"",""MARKETPLACE""]}","same_days","1","1","manual_action","db946016-80bc-476f-a1e2-d8b69963e8f5","匯出驗收行動第6項","draft","fact_ids","[""[\""fact\"",\""golden-v1\"",\""2026-08-02\"",\""2026-08-02\"",\""all\"",[\""DTC\"",\""MARKETPLACE\""],null,\""contribution_after_marketing\""]""]","","[""[\""fact\"",\""golden-v1\"",\""2026-08-02\"",\""2026-08-02\"",\""all\"",[\""DTC\"",\""MARKETPLACE\""],null,\""contribution_after_marketing\""]""]","[{""file"":""ad_spend_daily.csv"",""line"":4,""date"":""2026-08-02"",""channel"":""DTC"",""actual_filename"":""ad_spend_daily.csv""},{""file"":""ad_spend_daily.csv"",""line"":5,""date"":""2026-08-02"",""channel"":""MARKETPLACE"",""actual_filename"":""ad_spend_daily.csv""},{""file"":""channel_costs_daily.csv"",""line"":4,""date"":""2026-08-02"",""channel"":""DTC"",""actual_filename"":""channel_costs_daily.csv""},{""file"":""channel_costs_daily.csv"",""line"":5,""date"":""2026-08-02"",""channel"":""MARKETPLACE"",""actual_filename"":""channel_costs_daily.csv""},{""file"":""sales_daily.csv"",""line"":6,""date"":""2026-08-02"",""channel"":""DTC"",""sku"":""A"",""actual_filename"":""sales_daily.csv""},{""file"":""sales_daily.csv"",""line"":7,""date"":""2026-08-02"",""channel"":""DTC"",""sku"":""B"",""actual_filename"":""sales_daily.csv""},{""file"":""sales_daily.csv"",""line"":8,""date"":""2026-08-02"",""channel"":""MARKETPLACE"",""sku"":""A"",""actual_filename"":""sales_daily.csv""},{""file"":""sales_daily.csv"",""line"":9,""date"":""2026-08-02"",""channel"":""MARKETPLACE"",""sku"":""B"",""actual_filename"":""sales_daily.csv""}]","{""comparison_mode"":""same_days"",""channels"":[""DTC"",""MARKETPLACE""],""previous_period"":{""start"":""2026-08-01"",""end"":""2026-08-01""},""current_period"":{""start"":""2026-08-02"",""end"":""2026-08-02""}}","action-1-92339086dd83c9a89ae5ac754bdbad2a30c215eb81213211b953451918ebfc48-f9c7f0abe4b1ba3759249887324f30b7d2ac873e7acf82a12c6fa32e19551a3b","",""
"decision-v1","scenario-v1","contribution-v1","golden-v1","92339086dd83c9a89ae5ac754bdbad2a30c215eb81213211b953451918ebfc48","f9c7f0abe4b1ba3759249887324f30b7d2ac873e7acf82a12c6fa32e19551a3b","2026-08-03","TWD","Asia/Taipei","product_amounts_excluding_tax_and_customer_shipping_income","1","current","{""start"":""2026-08-02"",""end"":""2026-08-02""}","{""kind"":""all"",""channels"":[""DTC"",""MARKETPLACE""]}","same_days","1","1","manual_action","db946016-80bc-476f-a1e2-d8b69963e8f5","匯出驗收行動第6項","draft","owner_role","營運主管","","[""[\""fact\"",\""golden-v1\"",\""2026-08-02\"",\""2026-08-02\"",\""all\"",[\""DTC\"",\""MARKETPLACE\""],null,\""contribution_after_marketing\""]""]","[{""file"":""ad_spend_daily.csv"",""line"":4,""date"":""2026-08-02"",""channel"":""DTC"",""actual_filename"":""ad_spend_daily.csv""},{""file"":""ad_spend_daily.csv"",""line"":5,""date"":""2026-08-02"",""channel"":""MARKETPLACE"",""actual_filename"":""ad_spend_daily.csv""},{""file"":""channel_costs_daily.csv"",""line"":4,""date"":""2026-08-02"",""channel"":""DTC"",""actual_filename"":""channel_costs_daily.csv""},{""file"":""channel_costs_daily.csv"",""line"":5,""date"":""2026-08-02"",""channel"":""MARKETPLACE"",""actual_filename"":""channel_costs_daily.csv""},{""file"":""sales_daily.csv"",""line"":6,""date"":""2026-08-02"",""channel"":""DTC"",""sku"":""A"",""actual_filename"":""sales_daily.csv""},{""file"":""sales_daily.csv"",""line"":7,""date"":""2026-08-02"",""channel"":""DTC"",""sku"":""B"",""actual_filename"":""sales_daily.csv""},{""file"":""sales_daily.csv"",""line"":8,""date"":""2026-08-02"",""channel"":""MARKETPLACE"",""sku"":""A"",""actual_filename"":""sales_daily.csv""},{""file"":""sales_daily.csv"",""line"":9,""date"":""2026-08-02"",""channel"":""MARKETPLACE"",""sku"":""B"",""actual_filename"":""sales_daily.csv""}]","{""comparison_mode"":""same_days"",""channels"":[""DTC"",""MARKETPLACE""],""previous_period"":{""start"":""2026-08-01"",""end"":""2026-08-01""},""current_period"":{""start"":""2026-08-02"",""end"":""2026-08-02""}}","action-1-92339086dd83c9a89ae5ac754bdbad2a30c215eb81213211b953451918ebfc48-f9c7f0abe4b1ba3759249887324f30b7d2ac873e7acf82a12c6fa32e19551a3b","",""
"decision-v1","scenario-v1","contribution-v1","golden-v1","92339086dd83c9a89ae5ac754bdbad2a30c215eb81213211b953451918ebfc48","f9c7f0abe4b1ba3759249887324f30b7d2ac873e7acf82a12c6fa32e19551a3b","2026-08-03","TWD","Asia/Taipei","product_amounts_excluding_tax_and_customer_shipping_income","1","current","{""start"":""2026-08-02"",""end"":""2026-08-02""}","{""kind"":""all"",""channels"":[""DTC"",""MARKETPLACE""]}","same_days","1","1","manual_action","db946016-80bc-476f-a1e2-d8b69963e8f5","匯出驗收行動第6項","draft","validation_metric","","","[""[\""fact\"",\""golden-v1\"",\""2026-08-02\"",\""2026-08-02\"",\""all\"",[\""DTC\"",\""MARKETPLACE\""],null,\""contribution_after_marketing\""]""]","[{""file"":""ad_spend_daily.csv"",""line"":4,""date"":""2026-08-02"",""channel"":""DTC"",""actual_filename"":""ad_spend_daily.csv""},{""file"":""ad_spend_daily.csv"",""line"":5,""date"":""2026-08-02"",""channel"":""MARKETPLACE"",""actual_filename"":""ad_spend_daily.csv""},{""file"":""channel_costs_daily.csv"",""line"":4,""date"":""2026-08-02"",""channel"":""DTC"",""actual_filename"":""channel_costs_daily.csv""},{""file"":""channel_costs_daily.csv"",""line"":5,""date"":""2026-08-02"",""channel"":""MARKETPLACE"",""actual_filename"":""channel_costs_daily.csv""},{""file"":""sales_daily.csv"",""line"":6,""date"":""2026-08-02"",""channel"":""DTC"",""sku"":""A"",""actual_filename"":""sales_daily.csv""},{""file"":""sales_daily.csv"",""line"":7,""date"":""2026-08-02"",""channel"":""DTC"",""sku"":""B"",""actual_filename"":""sales_daily.csv""},{""file"":""sales_daily.csv"",""line"":8,""date"":""2026-08-02"",""channel"":""MARKETPLACE"",""sku"":""A"",""actual_filename"":""sales_daily.csv""},{""file"":""sales_daily.csv"",""line"":9,""date"":""2026-08-02"",""channel"":""MARKETPLACE"",""sku"":""B"",""actual_filename"":""sales_daily.csv""}]","{""comparison_mode"":""same_days"",""channels"":[""DTC"",""MARKETPLACE""],""previous_period"":{""start"":""2026-08-01"",""end"":""2026-08-01""},""current_period"":{""start"":""2026-08-02"",""end"":""2026-08-02""}}","action-1-92339086dd83c9a89ae5ac754bdbad2a30c215eb81213211b953451918ebfc48-f9c7f0abe4b1ba3759249887324f30b7d2ac873e7acf82a12c6fa32e19551a3b","",""
"decision-v1","scenario-v1","contribution-v1","golden-v1","92339086dd83c9a89ae5ac754bdbad2a30c215eb81213211b953451918ebfc48","f9c7f0abe4b1ba3759249887324f30b7d2ac873e7acf82a12c6fa32e19551a3b","2026-08-03","TWD","Asia/Taipei","product_amounts_excluding_tax_and_customer_shipping_income","1","current","{""start"":""2026-08-02"",""end"":""2026-08-02""}","{""kind"":""all"",""channels"":[""DTC"",""MARKETPLACE""]}","same_days","1","1","manual_action","db946016-80bc-476f-a1e2-d8b69963e8f5","匯出驗收行動第6項","draft","deadline","","","[""[\""fact\"",\""golden-v1\"",\""2026-08-02\"",\""2026-08-02\"",\""all\"",[\""DTC\"",\""MARKETPLACE\""],null,\""contribution_after_marketing\""]""]","[{""file"":""ad_spend_daily.csv"",""line"":4,""date"":""2026-08-02"",""channel"":""DTC"",""actual_filename"":""ad_spend_daily.csv""},{""file"":""ad_spend_daily.csv"",""line"":5,""date"":""2026-08-02"",""channel"":""MARKETPLACE"",""actual_filename"":""ad_spend_daily.csv""},{""file"":""channel_costs_daily.csv"",""line"":4,""date"":""2026-08-02"",""channel"":""DTC"",""actual_filename"":""channel_costs_daily.csv""},{""file"":""channel_costs_daily.csv"",""line"":5,""date"":""2026-08-02"",""channel"":""MARKETPLACE"",""actual_filename"":""channel_costs_daily.csv""},{""file"":""sales_daily.csv"",""line"":6,""date"":""2026-08-02"",""channel"":""DTC"",""sku"":""A"",""actual_filename"":""sales_daily.csv""},{""file"":""sales_daily.csv"",""line"":7,""date"":""2026-08-02"",""channel"":""DTC"",""sku"":""B"",""actual_filename"":""sales_daily.csv""},{""file"":""sales_daily.csv"",""line"":8,""date"":""2026-08-02"",""channel"":""MARKETPLACE"",""sku"":""A"",""actual_filename"":""sales_daily.csv""},{""file"":""sales_daily.csv"",""line"":9,""date"":""2026-08-02"",""channel"":""MARKETPLACE"",""sku"":""B"",""actual_filename"":""sales_daily.csv""}]","{""comparison_mode"":""same_days"",""channels"":[""DTC"",""MARKETPLACE""],""previous_period"":{""start"":""2026-08-01"",""end"":""2026-08-01""},""current_period"":{""start"":""2026-08-02"",""end"":""2026-08-02""}}","action-1-92339086dd83c9a89ae5ac754bdbad2a30c215eb81213211b953451918ebfc48-f9c7f0abe4b1ba3759249887324f30b7d2ac873e7acf82a12c6fa32e19551a3b","",""
"decision-v1","scenario-v1","contribution-v1","golden-v1","92339086dd83c9a89ae5ac754bdbad2a30c215eb81213211b953451918ebfc48","f9c7f0abe4b1ba3759249887324f30b7d2ac873e7acf82a12c6fa32e19551a3b","2026-08-03","TWD","Asia/Taipei","product_amounts_excluding_tax_and_customer_shipping_income","1","current","{""start"":""2026-08-02"",""end"":""2026-08-02""}","{""kind"":""all"",""channels"":[""DTC"",""MARKETPLACE""]}","same_days","1","1","manual_action","db946016-80bc-476f-a1e2-d8b69963e8f5","匯出驗收行動第6項","draft","stop_condition","","","[""[\""fact\"",\""golden-v1\"",\""2026-08-02\"",\""2026-08-02\"",\""all\"",[\""DTC\"",\""MARKETPLACE\""],null,\""contribution_after_marketing\""]""]","[{""file"":""ad_spend_daily.csv"",""line"":4,""date"":""2026-08-02"",""channel"":""DTC"",""actual_filename"":""ad_spend_daily.csv""},{""file"":""ad_spend_daily.csv"",""line"":5,""date"":""2026-08-02"",""channel"":""MARKETPLACE"",""actual_filename"":""ad_spend_daily.csv""},{""file"":""channel_costs_daily.csv"",""line"":4,""date"":""2026-08-02"",""channel"":""DTC"",""actual_filename"":""channel_costs_daily.csv""},{""file"":""channel_costs_daily.csv"",""line"":5,""date"":""2026-08-02"",""channel"":""MARKETPLACE"",""actual_filename"":""channel_costs_daily.csv""},{""file"":""sales_daily.csv"",""line"":6,""date"":""2026-08-02"",""channel"":""DTC"",""sku"":""A"",""actual_filename"":""sales_daily.csv""},{""file"":""sales_daily.csv"",""line"":7,""date"":""2026-08-02"",""channel"":""DTC"",""sku"":""B"",""actual_filename"":""sales_daily.csv""},{""file"":""sales_daily.csv"",""line"":8,""date"":""2026-08-02"",""channel"":""MARKETPLACE"",""sku"":""A"",""actual_filename"":""sales_daily.csv""},{""file"":""sales_daily.csv"",""line"":9,""date"":""2026-08-02"",""channel"":""MARKETPLACE"",""sku"":""B"",""actual_filename"":""sales_daily.csv""}]","{""comparison_mode"":""same_days"",""channels"":[""DTC"",""MARKETPLACE""],""previous_period"":{""start"":""2026-08-01"",""end"":""2026-08-01""},""current_period"":{""start"":""2026-08-02"",""end"":""2026-08-02""}}","action-1-92339086dd83c9a89ae5ac754bdbad2a30c215eb81213211b953451918ebfc48-f9c7f0abe4b1ba3759249887324f30b7d2ac873e7acf82a12c6fa32e19551a3b","",""
"decision-v1","scenario-v1","contribution-v1","golden-v1","92339086dd83c9a89ae5ac754bdbad2a30c215eb81213211b953451918ebfc48","f9c7f0abe4b1ba3759249887324f30b7d2ac873e7acf82a12c6fa32e19551a3b","2026-08-03","TWD","Asia/Taipei","product_amounts_excluding_tax_and_customer_shipping_income","1","current","{""start"":""2026-08-02"",""end"":""2026-08-02""}","{""kind"":""all"",""channels"":[""DTC"",""MARKETPLACE""]}","same_days","1","1","manual_action","db946016-80bc-476f-a1e2-d8b69963e8f5","匯出驗收行動第6項","draft","required_data","","","[""[\""fact\"",\""golden-v1\"",\""2026-08-02\"",\""2026-08-02\"",\""all\"",[\""DTC\"",\""MARKETPLACE\""],null,\""contribution_after_marketing\""]""]","[{""file"":""ad_spend_daily.csv"",""line"":4,""date"":""2026-08-02"",""channel"":""DTC"",""actual_filename"":""ad_spend_daily.csv""},{""file"":""ad_spend_daily.csv"",""line"":5,""date"":""2026-08-02"",""channel"":""MARKETPLACE"",""actual_filename"":""ad_spend_daily.csv""},{""file"":""channel_costs_daily.csv"",""line"":4,""date"":""2026-08-02"",""channel"":""DTC"",""actual_filename"":""channel_costs_daily.csv""},{""file"":""channel_costs_daily.csv"",""line"":5,""date"":""2026-08-02"",""channel"":""MARKETPLACE"",""actual_filename"":""channel_costs_daily.csv""},{""file"":""sales_daily.csv"",""line"":6,""date"":""2026-08-02"",""channel"":""DTC"",""sku"":""A"",""actual_filename"":""sales_daily.csv""},{""file"":""sales_daily.csv"",""line"":7,""date"":""2026-08-02"",""channel"":""DTC"",""sku"":""B"",""actual_filename"":""sales_daily.csv""},{""file"":""sales_daily.csv"",""line"":8,""date"":""2026-08-02"",""channel"":""MARKETPLACE"",""sku"":""A"",""actual_filename"":""sales_daily.csv""},{""file"":""sales_daily.csv"",""line"":9,""date"":""2026-08-02"",""channel"":""MARKETPLACE"",""sku"":""B"",""actual_filename"":""sales_daily.csv""}]","{""comparison_mode"":""same_days"",""channels"":[""DTC"",""MARKETPLACE""],""previous_period"":{""start"":""2026-08-01"",""end"":""2026-08-01""},""current_period"":{""start"":""2026-08-02"",""end"":""2026-08-02""}}","action-1-92339086dd83c9a89ae5ac754bdbad2a30c215eb81213211b953451918ebfc48-f9c7f0abe4b1ba3759249887324f30b7d2ac873e7acf82a12c6fa32e19551a3b","",""
"decision-v1","scenario-v1","contribution-v1","golden-v1","92339086dd83c9a89ae5ac754bdbad2a30c215eb81213211b953451918ebfc48","f9c7f0abe4b1ba3759249887324f30b7d2ac873e7acf82a12c6fa32e19551a3b","2026-08-03","TWD","Asia/Taipei","product_amounts_excluding_tax_and_customer_shipping_income","1","current","{""start"":""2026-08-02"",""end"":""2026-08-02""}","{""kind"":""all"",""channels"":[""DTC"",""MARKETPLACE""]}","same_days","1","1","manual_action","db946016-80bc-476f-a1e2-d8b69963e8f5","匯出驗收行動第6項","draft","origin","manual","","[""[\""fact\"",\""golden-v1\"",\""2026-08-02\"",\""2026-08-02\"",\""all\"",[\""DTC\"",\""MARKETPLACE\""],null,\""contribution_after_marketing\""]""]","[{""file"":""ad_spend_daily.csv"",""line"":4,""date"":""2026-08-02"",""channel"":""DTC"",""actual_filename"":""ad_spend_daily.csv""},{""file"":""ad_spend_daily.csv"",""line"":5,""date"":""2026-08-02"",""channel"":""MARKETPLACE"",""actual_filename"":""ad_spend_daily.csv""},{""file"":""channel_costs_daily.csv"",""line"":4,""date"":""2026-08-02"",""channel"":""DTC"",""actual_filename"":""channel_costs_daily.csv""},{""file"":""channel_costs_daily.csv"",""line"":5,""date"":""2026-08-02"",""channel"":""MARKETPLACE"",""actual_filename"":""channel_costs_daily.csv""},{""file"":""sales_daily.csv"",""line"":6,""date"":""2026-08-02"",""channel"":""DTC"",""sku"":""A"",""actual_filename"":""sales_daily.csv""},{""file"":""sales_daily.csv"",""line"":7,""date"":""2026-08-02"",""channel"":""DTC"",""sku"":""B"",""actual_filename"":""sales_daily.csv""},{""file"":""sales_daily.csv"",""line"":8,""date"":""2026-08-02"",""channel"":""MARKETPLACE"",""sku"":""A"",""actual_filename"":""sales_daily.csv""},{""file"":""sales_daily.csv"",""line"":9,""date"":""2026-08-02"",""channel"":""MARKETPLACE"",""sku"":""B"",""actual_filename"":""sales_daily.csv""}]","{""comparison_mode"":""same_days"",""channels"":[""DTC"",""MARKETPLACE""],""previous_period"":{""start"":""2026-08-01"",""end"":""2026-08-01""},""current_period"":{""start"":""2026-08-02"",""end"":""2026-08-02""}}","action-1-92339086dd83c9a89ae5ac754bdbad2a30c215eb81213211b953451918ebfc48-f9c7f0abe4b1ba3759249887324f30b7d2ac873e7acf82a12c6fa32e19551a3b","",""
"decision-v1","scenario-v1","contribution-v1","golden-v1","92339086dd83c9a89ae5ac754bdbad2a30c215eb81213211b953451918ebfc48","f9c7f0abe4b1ba3759249887324f30b7d2ac873e7acf82a12c6fa32e19551a3b","2026-08-03","TWD","Asia/Taipei","product_amounts_excluding_tax_and_customer_shipping_income","1","current","{""start"":""2026-08-02"",""end"":""2026-08-02""}","{""kind"":""all"",""channels"":[""DTC"",""MARKETPLACE""]}","same_days","1","1","manual_action","db946016-80bc-476f-a1e2-d8b69963e8f5","匯出驗收行動第6項","draft","evidence_confirmed","false","","[""[\""fact\"",\""golden-v1\"",\""2026-08-02\"",\""2026-08-02\"",\""all\"",[\""DTC\"",\""MARKETPLACE\""],null,\""contribution_after_marketing\""]""]","[{""file"":""ad_spend_daily.csv"",""line"":4,""date"":""2026-08-02"",""channel"":""DTC"",""actual_filename"":""ad_spend_daily.csv""},{""file"":""ad_spend_daily.csv"",""line"":5,""date"":""2026-08-02"",""channel"":""MARKETPLACE"",""actual_filename"":""ad_spend_daily.csv""},{""file"":""channel_costs_daily.csv"",""line"":4,""date"":""2026-08-02"",""channel"":""DTC"",""actual_filename"":""channel_costs_daily.csv""},{""file"":""channel_costs_daily.csv"",""line"":5,""date"":""2026-08-02"",""channel"":""MARKETPLACE"",""actual_filename"":""channel_costs_daily.csv""},{""file"":""sales_daily.csv"",""line"":6,""date"":""2026-08-02"",""channel"":""DTC"",""sku"":""A"",""actual_filename"":""sales_daily.csv""},{""file"":""sales_daily.csv"",""line"":7,""date"":""2026-08-02"",""channel"":""DTC"",""sku"":""B"",""actual_filename"":""sales_daily.csv""},{""file"":""sales_daily.csv"",""line"":8,""date"":""2026-08-02"",""channel"":""MARKETPLACE"",""sku"":""A"",""actual_filename"":""sales_daily.csv""},{""file"":""sales_daily.csv"",""line"":9,""date"":""2026-08-02"",""channel"":""MARKETPLACE"",""sku"":""B"",""actual_filename"":""sales_daily.csv""}]","{""comparison_mode"":""same_days"",""channels"":[""DTC"",""MARKETPLACE""],""previous_period"":{""start"":""2026-08-01"",""end"":""2026-08-01""},""current_period"":{""start"":""2026-08-02"",""end"":""2026-08-02""}}","action-1-92339086dd83c9a89ae5ac754bdbad2a30c215eb81213211b953451918ebfc48-f9c7f0abe4b1ba3759249887324f30b7d2ac873e7acf82a12c6fa32e19551a3b","",""
"decision-v1","scenario-v1","contribution-v1","golden-v1","92339086dd83c9a89ae5ac754bdbad2a30c215eb81213211b953451918ebfc48","f9c7f0abe4b1ba3759249887324f30b7d2ac873e7acf82a12c6fa32e19551a3b","2026-08-03","TWD","Asia/Taipei","product_amounts_excluding_tax_and_customer_shipping_income","1","current","{""start"":""2026-08-02"",""end"":""2026-08-02""}","{""kind"":""all"",""channels"":[""DTC"",""MARKETPLACE""]}","same_days","1","1","manual_action","db946016-80bc-476f-a1e2-d8b69963e8f5","匯出驗收行動第6項","draft","priority","6","","[""[\""fact\"",\""golden-v1\"",\""2026-08-02\"",\""2026-08-02\"",\""all\"",[\""DTC\"",\""MARKETPLACE\""],null,\""contribution_after_marketing\""]""]","[{""file"":""ad_spend_daily.csv"",""line"":4,""date"":""2026-08-02"",""channel"":""DTC"",""actual_filename"":""ad_spend_daily.csv""},{""file"":""ad_spend_daily.csv"",""line"":5,""date"":""2026-08-02"",""channel"":""MARKETPLACE"",""actual_filename"":""ad_spend_daily.csv""},{""file"":""channel_costs_daily.csv"",""line"":4,""date"":""2026-08-02"",""channel"":""DTC"",""actual_filename"":""channel_costs_daily.csv""},{""file"":""channel_costs_daily.csv"",""line"":5,""date"":""2026-08-02"",""channel"":""MARKETPLACE"",""actual_filename"":""channel_costs_daily.csv""},{""file"":""sales_daily.csv"",""line"":6,""date"":""2026-08-02"",""channel"":""DTC"",""sku"":""A"",""actual_filename"":""sales_daily.csv""},{""file"":""sales_daily.csv"",""line"":7,""date"":""2026-08-02"",""channel"":""DTC"",""sku"":""B"",""actual_filename"":""sales_daily.csv""},{""file"":""sales_daily.csv"",""line"":8,""date"":""2026-08-02"",""channel"":""MARKETPLACE"",""sku"":""A"",""actual_filename"":""sales_daily.csv""},{""file"":""sales_daily.csv"",""line"":9,""date"":""2026-08-02"",""channel"":""MARKETPLACE"",""sku"":""B"",""actual_filename"":""sales_daily.csv""}]","{""comparison_mode"":""same_days"",""channels"":[""DTC"",""MARKETPLACE""],""previous_period"":{""start"":""2026-08-01"",""end"":""2026-08-01""},""current_period"":{""start"":""2026-08-02"",""end"":""2026-08-02""}}","action-1-92339086dd83c9a89ae5ac754bdbad2a30c215eb81213211b953451918ebfc48-f9c7f0abe4b1ba3759249887324f30b7d2ac873e7acf82a12c6fa32e19551a3b","",""
"decision-v1","scenario-v1","contribution-v1","golden-v1","92339086dd83c9a89ae5ac754bdbad2a30c215eb81213211b953451918ebfc48","f9c7f0abe4b1ba3759249887324f30b7d2ac873e7acf82a12c6fa32e19551a3b","2026-08-03","TWD","Asia/Taipei","product_amounts_excluding_tax_and_customer_shipping_income","1","current","{""start"":""2026-08-02"",""end"":""2026-08-02""}","{""kind"":""all"",""channels"":[""DTC"",""MARKETPLACE""]}","same_days","1","1","manual_action","db946016-80bc-476f-a1e2-d8b69963e8f5","匯出驗收行動第6項","draft","pinned","false","","[""[\""fact\"",\""golden-v1\"",\""2026-08-02\"",\""2026-08-02\"",\""all\"",[\""DTC\"",\""MARKETPLACE\""],null,\""contribution_after_marketing\""]""]","[{""file"":""ad_spend_daily.csv"",""line"":4,""date"":""2026-08-02"",""channel"":""DTC"",""actual_filename"":""ad_spend_daily.csv""},{""file"":""ad_spend_daily.csv"",""line"":5,""date"":""2026-08-02"",""channel"":""MARKETPLACE"",""actual_filename"":""ad_spend_daily.csv""},{""file"":""channel_costs_daily.csv"",""line"":4,""date"":""2026-08-02"",""channel"":""DTC"",""actual_filename"":""channel_costs_daily.csv""},{""file"":""channel_costs_daily.csv"",""line"":5,""date"":""2026-08-02"",""channel"":""MARKETPLACE"",""actual_filename"":""channel_costs_daily.csv""},{""file"":""sales_daily.csv"",""line"":6,""date"":""2026-08-02"",""channel"":""DTC"",""sku"":""A"",""actual_filename"":""sales_daily.csv""},{""file"":""sales_daily.csv"",""line"":7,""date"":""2026-08-02"",""channel"":""DTC"",""sku"":""B"",""actual_filename"":""sales_daily.csv""},{""file"":""sales_daily.csv"",""line"":8,""date"":""2026-08-02"",""channel"":""MARKETPLACE"",""sku"":""A"",""actual_filename"":""sales_daily.csv""},{""file"":""sales_daily.csv"",""line"":9,""date"":""2026-08-02"",""channel"":""MARKETPLACE"",""sku"":""B"",""actual_filename"":""sales_daily.csv""}]","{""comparison_mode"":""same_days"",""channels"":[""DTC"",""MARKETPLACE""],""previous_period"":{""start"":""2026-08-01"",""end"":""2026-08-01""},""current_period"":{""start"":""2026-08-02"",""end"":""2026-08-02""}}","action-1-92339086dd83c9a89ae5ac754bdbad2a30c215eb81213211b953451918ebfc48-f9c7f0abe4b1ba3759249887324f30b7d2ac873e7acf82a12c6fa32e19551a3b","",""
"decision-v1","scenario-v1","contribution-v1","golden-v1","92339086dd83c9a89ae5ac754bdbad2a30c215eb81213211b953451918ebfc48","f9c7f0abe4b1ba3759249887324f30b7d2ac873e7acf82a12c6fa32e19551a3b","2026-08-03","TWD","Asia/Taipei","product_amounts_excluding_tax_and_customer_shipping_income","1","current","{""start"":""2026-08-02"",""end"":""2026-08-02""}","{""kind"":""all"",""channels"":[""DTC"",""MARKETPLACE""]}","same_days","1","1","manual_action","db946016-80bc-476f-a1e2-d8b69963e8f5","匯出驗收行動第6項","draft","status","draft","","[""[\""fact\"",\""golden-v1\"",\""2026-08-02\"",\""2026-08-02\"",\""all\"",[\""DTC\"",\""MARKETPLACE\""],null,\""contribution_after_marketing\""]""]","[{""file"":""ad_spend_daily.csv"",""line"":4,""date"":""2026-08-02"",""channel"":""DTC"",""actual_filename"":""ad_spend_daily.csv""},{""file"":""ad_spend_daily.csv"",""line"":5,""date"":""2026-08-02"",""channel"":""MARKETPLACE"",""actual_filename"":""ad_spend_daily.csv""},{""file"":""channel_costs_daily.csv"",""line"":4,""date"":""2026-08-02"",""channel"":""DTC"",""actual_filename"":""channel_costs_daily.csv""},{""file"":""channel_costs_daily.csv"",""line"":5,""date"":""2026-08-02"",""channel"":""MARKETPLACE"",""actual_filename"":""channel_costs_daily.csv""},{""file"":""sales_daily.csv"",""line"":6,""date"":""2026-08-02"",""channel"":""DTC"",""sku"":""A"",""actual_filename"":""sales_daily.csv""},{""file"":""sales_daily.csv"",""line"":7,""date"":""2026-08-02"",""channel"":""DTC"",""sku"":""B"",""actual_filename"":""sales_daily.csv""},{""file"":""sales_daily.csv"",""line"":8,""date"":""2026-08-02"",""channel"":""MARKETPLACE"",""sku"":""A"",""actual_filename"":""sales_daily.csv""},{""file"":""sales_daily.csv"",""line"":9,""date"":""2026-08-02"",""channel"":""MARKETPLACE"",""sku"":""B"",""actual_filename"":""sales_daily.csv""}]","{""comparison_mode"":""same_days"",""channels"":[""DTC"",""MARKETPLACE""],""previous_period"":{""start"":""2026-08-01"",""end"":""2026-08-01""},""current_period"":{""start"":""2026-08-02"",""end"":""2026-08-02""}}","action-1-92339086dd83c9a89ae5ac754bdbad2a30c215eb81213211b953451918ebfc48-f9c7f0abe4b1ba3759249887324f30b7d2ac873e7acf82a12c6fa32e19551a3b","",""
"decision-v1","scenario-v1","contribution-v1","golden-v1","92339086dd83c9a89ae5ac754bdbad2a30c215eb81213211b953451918ebfc48","f9c7f0abe4b1ba3759249887324f30b7d2ac873e7acf82a12c6fa32e19551a3b","2026-08-03","TWD","Asia/Taipei","product_amounts_excluding_tax_and_customer_shipping_income","1","current","{""start"":""2026-08-02"",""end"":""2026-08-02""}","{""kind"":""all"",""channels"":[""DTC"",""MARKETPLACE""]}","same_days","1","1","manual_action","db946016-80bc-476f-a1e2-d8b69963e8f5","匯出驗收行動第6項","draft","execution_status","not_started","","[""[\""fact\"",\""golden-v1\"",\""2026-08-02\"",\""2026-08-02\"",\""all\"",[\""DTC\"",\""MARKETPLACE\""],null,\""contribution_after_marketing\""]""]","[{""file"":""ad_spend_daily.csv"",""line"":4,""date"":""2026-08-02"",""channel"":""DTC"",""actual_filename"":""ad_spend_daily.csv""},{""file"":""ad_spend_daily.csv"",""line"":5,""date"":""2026-08-02"",""channel"":""MARKETPLACE"",""actual_filename"":""ad_spend_daily.csv""},{""file"":""channel_costs_daily.csv"",""line"":4,""date"":""2026-08-02"",""channel"":""DTC"",""actual_filename"":""channel_costs_daily.csv""},{""file"":""channel_costs_daily.csv"",""line"":5,""date"":""2026-08-02"",""channel"":""MARKETPLACE"",""actual_filename"":""channel_costs_daily.csv""},{""file"":""sales_daily.csv"",""line"":6,""date"":""2026-08-02"",""channel"":""DTC"",""sku"":""A"",""actual_filename"":""sales_daily.csv""},{""file"":""sales_daily.csv"",""line"":7,""date"":""2026-08-02"",""channel"":""DTC"",""sku"":""B"",""actual_filename"":""sales_daily.csv""},{""file"":""sales_daily.csv"",""line"":8,""date"":""2026-08-02"",""channel"":""MARKETPLACE"",""sku"":""A"",""actual_filename"":""sales_daily.csv""},{""file"":""sales_daily.csv"",""line"":9,""date"":""2026-08-02"",""channel"":""MARKETPLACE"",""sku"":""B"",""actual_filename"":""sales_daily.csv""}]","{""comparison_mode"":""same_days"",""channels"":[""DTC"",""MARKETPLACE""],""previous_period"":{""start"":""2026-08-01"",""end"":""2026-08-01""},""current_period"":{""start"":""2026-08-02"",""end"":""2026-08-02""}}","action-1-92339086dd83c9a89ae5ac754bdbad2a30c215eb81213211b953451918ebfc48-f9c7f0abe4b1ba3759249887324f30b7d2ac873e7acf82a12c6fa32e19551a3b","",""
"decision-v1","scenario-v1","contribution-v1","golden-v1","92339086dd83c9a89ae5ac754bdbad2a30c215eb81213211b953451918ebfc48","f9c7f0abe4b1ba3759249887324f30b7d2ac873e7acf82a12c6fa32e19551a3b","2026-08-03","TWD","Asia/Taipei","product_amounts_excluding_tax_and_customer_shipping_income","1","current","{""start"":""2026-08-02"",""end"":""2026-08-02""}","{""kind"":""all"",""channels"":[""DTC"",""MARKETPLACE""]}","same_days","1","1","manual_action","db946016-80bc-476f-a1e2-d8b69963e8f5","匯出驗收行動第6項","draft","progress_notes","","","[""[\""fact\"",\""golden-v1\"",\""2026-08-02\"",\""2026-08-02\"",\""all\"",[\""DTC\"",\""MARKETPLACE\""],null,\""contribution_after_marketing\""]""]","[{""file"":""ad_spend_daily.csv"",""line"":4,""date"":""2026-08-02"",""channel"":""DTC"",""actual_filename"":""ad_spend_daily.csv""},{""file"":""ad_spend_daily.csv"",""line"":5,""date"":""2026-08-02"",""channel"":""MARKETPLACE"",""actual_filename"":""ad_spend_daily.csv""},{""file"":""channel_costs_daily.csv"",""line"":4,""date"":""2026-08-02"",""channel"":""DTC"",""actual_filename"":""channel_costs_daily.csv""},{""file"":""channel_costs_daily.csv"",""line"":5,""date"":""2026-08-02"",""channel"":""MARKETPLACE"",""actual_filename"":""channel_costs_daily.csv""},{""file"":""sales_daily.csv"",""line"":6,""date"":""2026-08-02"",""channel"":""DTC"",""sku"":""A"",""actual_filename"":""sales_daily.csv""},{""file"":""sales_daily.csv"",""line"":7,""date"":""2026-08-02"",""channel"":""DTC"",""sku"":""B"",""actual_filename"":""sales_daily.csv""},{""file"":""sales_daily.csv"",""line"":8,""date"":""2026-08-02"",""channel"":""MARKETPLACE"",""sku"":""A"",""actual_filename"":""sales_daily.csv""},{""file"":""sales_daily.csv"",""line"":9,""date"":""2026-08-02"",""channel"":""MARKETPLACE"",""sku"":""B"",""actual_filename"":""sales_daily.csv""}]","{""comparison_mode"":""same_days"",""channels"":[""DTC"",""MARKETPLACE""],""previous_period"":{""start"":""2026-08-01"",""end"":""2026-08-01""},""current_period"":{""start"":""2026-08-02"",""end"":""2026-08-02""}}","action-1-92339086dd83c9a89ae5ac754bdbad2a30c215eb81213211b953451918ebfc48-f9c7f0abe4b1ba3759249887324f30b7d2ac873e7acf82a12c6fa32e19551a3b","",""
"decision-v1","scenario-v1","contribution-v1","golden-v1","92339086dd83c9a89ae5ac754bdbad2a30c215eb81213211b953451918ebfc48","f9c7f0abe4b1ba3759249887324f30b7d2ac873e7acf82a12c6fa32e19551a3b","2026-08-03","TWD","Asia/Taipei","product_amounts_excluding_tax_and_customer_shipping_income","1","current","{""start"":""2026-08-02"",""end"":""2026-08-02""}","{""kind"":""all"",""channels"":[""DTC"",""MARKETPLACE""]}","same_days","1","1","manual_action","db946016-80bc-476f-a1e2-d8b69963e8f5","匯出驗收行動第6項","draft","evidence_review_required","false","","[""[\""fact\"",\""golden-v1\"",\""2026-08-02\"",\""2026-08-02\"",\""all\"",[\""DTC\"",\""MARKETPLACE\""],null,\""contribution_after_marketing\""]""]","[{""file"":""ad_spend_daily.csv"",""line"":4,""date"":""2026-08-02"",""channel"":""DTC"",""actual_filename"":""ad_spend_daily.csv""},{""file"":""ad_spend_daily.csv"",""line"":5,""date"":""2026-08-02"",""channel"":""MARKETPLACE"",""actual_filename"":""ad_spend_daily.csv""},{""file"":""channel_costs_daily.csv"",""line"":4,""date"":""2026-08-02"",""channel"":""DTC"",""actual_filename"":""channel_costs_daily.csv""},{""file"":""channel_costs_daily.csv"",""line"":5,""date"":""2026-08-02"",""channel"":""MARKETPLACE"",""actual_filename"":""channel_costs_daily.csv""},{""file"":""sales_daily.csv"",""line"":6,""date"":""2026-08-02"",""channel"":""DTC"",""sku"":""A"",""actual_filename"":""sales_daily.csv""},{""file"":""sales_daily.csv"",""line"":7,""date"":""2026-08-02"",""channel"":""DTC"",""sku"":""B"",""actual_filename"":""sales_daily.csv""},{""file"":""sales_daily.csv"",""line"":8,""date"":""2026-08-02"",""channel"":""MARKETPLACE"",""sku"":""A"",""actual_filename"":""sales_daily.csv""},{""file"":""sales_daily.csv"",""line"":9,""date"":""2026-08-02"",""channel"":""MARKETPLACE"",""sku"":""B"",""actual_filename"":""sales_daily.csv""}]","{""comparison_mode"":""same_days"",""channels"":[""DTC"",""MARKETPLACE""],""previous_period"":{""start"":""2026-08-01"",""end"":""2026-08-01""},""current_period"":{""start"":""2026-08-02"",""end"":""2026-08-02""}}","action-1-92339086dd83c9a89ae5ac754bdbad2a30c215eb81213211b953451918ebfc48-f9c7f0abe4b1ba3759249887324f30b7d2ac873e7acf82a12c6fa32e19551a3b","",""
"decision-v1","scenario-v1","contribution-v1","golden-v1","92339086dd83c9a89ae5ac754bdbad2a30c215eb81213211b953451918ebfc48","f9c7f0abe4b1ba3759249887324f30b7d2ac873e7acf82a12c6fa32e19551a3b","2026-08-03","TWD","Asia/Taipei","product_amounts_excluding_tax_and_customer_shipping_income","1","current","{""start"":""2026-08-02"",""end"":""2026-08-02""}","{""kind"":""all"",""channels"":[""DTC"",""MARKETPLACE""]}","same_days","1","1","manual_action","db946016-80bc-476f-a1e2-d8b69963e8f5","匯出驗收行動第6項","draft","evidence_relation","current","","[""[\""fact\"",\""golden-v1\"",\""2026-08-02\"",\""2026-08-02\"",\""all\"",[\""DTC\"",\""MARKETPLACE\""],null,\""contribution_after_marketing\""]""]","[{""file"":""ad_spend_daily.csv"",""line"":4,""date"":""2026-08-02"",""channel"":""DTC"",""actual_filename"":""ad_spend_daily.csv""},{""file"":""ad_spend_daily.csv"",""line"":5,""date"":""2026-08-02"",""channel"":""MARKETPLACE"",""actual_filename"":""ad_spend_daily.csv""},{""file"":""channel_costs_daily.csv"",""line"":4,""date"":""2026-08-02"",""channel"":""DTC"",""actual_filename"":""channel_costs_daily.csv""},{""file"":""channel_costs_daily.csv"",""line"":5,""date"":""2026-08-02"",""channel"":""MARKETPLACE"",""actual_filename"":""channel_costs_daily.csv""},{""file"":""sales_daily.csv"",""line"":6,""date"":""2026-08-02"",""channel"":""DTC"",""sku"":""A"",""actual_filename"":""sales_daily.csv""},{""file"":""sales_daily.csv"",""line"":7,""date"":""2026-08-02"",""channel"":""DTC"",""sku"":""B"",""actual_filename"":""sales_daily.csv""},{""file"":""sales_daily.csv"",""line"":8,""date"":""2026-08-02"",""channel"":""MARKETPLACE"",""sku"":""A"",""actual_filename"":""sales_daily.csv""},{""file"":""sales_daily.csv"",""line"":9,""date"":""2026-08-02"",""channel"":""MARKETPLACE"",""sku"":""B"",""actual_filename"":""sales_daily.csv""}]","{""comparison_mode"":""same_days"",""channels"":[""DTC"",""MARKETPLACE""],""previous_period"":{""start"":""2026-08-01"",""end"":""2026-08-01""},""current_period"":{""start"":""2026-08-02"",""end"":""2026-08-02""}}","action-1-92339086dd83c9a89ae5ac754bdbad2a30c215eb81213211b953451918ebfc48-f9c7f0abe4b1ba3759249887324f30b7d2ac873e7acf82a12c6fa32e19551a3b","",""
"decision-v1","scenario-v1","contribution-v1","golden-v1","92339086dd83c9a89ae5ac754bdbad2a30c215eb81213211b953451918ebfc48","f9c7f0abe4b1ba3759249887324f30b7d2ac873e7acf82a12c6fa32e19551a3b","2026-08-03","TWD","Asia/Taipei","product_amounts_excluding_tax_and_customer_shipping_income","1","current","{""start"":""2026-08-02"",""end"":""2026-08-02""}","{""kind"":""all"",""channels"":[""DTC"",""MARKETPLACE""]}","same_days","1","1","manual_action","db946016-80bc-476f-a1e2-d8b69963e8f5","匯出驗收行動第6項","draft","data_limitations","[]","","[""[\""fact\"",\""golden-v1\"",\""2026-08-02\"",\""2026-08-02\"",\""all\"",[\""DTC\"",\""MARKETPLACE\""],null,\""contribution_after_marketing\""]""]","[{""file"":""ad_spend_daily.csv"",""line"":4,""date"":""2026-08-02"",""channel"":""DTC"",""actual_filename"":""ad_spend_daily.csv""},{""file"":""ad_spend_daily.csv"",""line"":5,""date"":""2026-08-02"",""channel"":""MARKETPLACE"",""actual_filename"":""ad_spend_daily.csv""},{""file"":""channel_costs_daily.csv"",""line"":4,""date"":""2026-08-02"",""channel"":""DTC"",""actual_filename"":""channel_costs_daily.csv""},{""file"":""channel_costs_daily.csv"",""line"":5,""date"":""2026-08-02"",""channel"":""MARKETPLACE"",""actual_filename"":""channel_costs_daily.csv""},{""file"":""sales_daily.csv"",""line"":6,""date"":""2026-08-02"",""channel"":""DTC"",""sku"":""A"",""actual_filename"":""sales_daily.csv""},{""file"":""sales_daily.csv"",""line"":7,""date"":""2026-08-02"",""channel"":""DTC"",""sku"":""B"",""actual_filename"":""sales_daily.csv""},{""file"":""sales_daily.csv"",""line"":8,""date"":""2026-08-02"",""channel"":""MARKETPLACE"",""sku"":""A"",""actual_filename"":""sales_daily.csv""},{""file"":""sales_daily.csv"",""line"":9,""date"":""2026-08-02"",""channel"":""MARKETPLACE"",""sku"":""B"",""actual_filename"":""sales_daily.csv""}]","{""comparison_mode"":""same_days"",""channels"":[""DTC"",""MARKETPLACE""],""previous_period"":{""start"":""2026-08-01"",""end"":""2026-08-01""},""current_period"":{""start"":""2026-08-02"",""end"":""2026-08-02""}}","action-1-92339086dd83c9a89ae5ac754bdbad2a30c215eb81213211b953451918ebfc48-f9c7f0abe4b1ba3759249887324f30b7d2ac873e7acf82a12c6fa32e19551a3b","",""
"decision-v1","scenario-v1","contribution-v1","golden-v1","92339086dd83c9a89ae5ac754bdbad2a30c215eb81213211b953451918ebfc48","f9c7f0abe4b1ba3759249887324f30b7d2ac873e7acf82a12c6fa32e19551a3b","2026-08-03","TWD","Asia/Taipei","product_amounts_excluding_tax_and_customer_shipping_income","1","current","{""start"":""2026-08-02"",""end"":""2026-08-02""}","{""kind"":""all"",""channels"":[""DTC"",""MARKETPLACE""]}","same_days","1","1","manual_action","db946016-80bc-476f-a1e2-d8b69963e8f5","匯出驗收行動第6項","draft","diagnostic_id","null","","[""[\""fact\"",\""golden-v1\"",\""2026-08-02\"",\""2026-08-02\"",\""all\"",[\""DTC\"",\""MARKETPLACE\""],null,\""contribution_after_marketing\""]""]","[{""file"":""ad_spend_daily.csv"",""line"":4,""date"":""2026-08-02"",""channel"":""DTC"",""actual_filename"":""ad_spend_daily.csv""},{""file"":""ad_spend_daily.csv"",""line"":5,""date"":""2026-08-02"",""channel"":""MARKETPLACE"",""actual_filename"":""ad_spend_daily.csv""},{""file"":""channel_costs_daily.csv"",""line"":4,""date"":""2026-08-02"",""channel"":""DTC"",""actual_filename"":""channel_costs_daily.csv""},{""file"":""channel_costs_daily.csv"",""line"":5,""date"":""2026-08-02"",""channel"":""MARKETPLACE"",""actual_filename"":""channel_costs_daily.csv""},{""file"":""sales_daily.csv"",""line"":6,""date"":""2026-08-02"",""channel"":""DTC"",""sku"":""A"",""actual_filename"":""sales_daily.csv""},{""file"":""sales_daily.csv"",""line"":7,""date"":""2026-08-02"",""channel"":""DTC"",""sku"":""B"",""actual_filename"":""sales_daily.csv""},{""file"":""sales_daily.csv"",""line"":8,""date"":""2026-08-02"",""channel"":""MARKETPLACE"",""sku"":""A"",""actual_filename"":""sales_daily.csv""},{""file"":""sales_daily.csv"",""line"":9,""date"":""2026-08-02"",""channel"":""MARKETPLACE"",""sku"":""B"",""actual_filename"":""sales_daily.csv""}]","{""comparison_mode"":""same_days"",""channels"":[""DTC"",""MARKETPLACE""],""previous_period"":{""start"":""2026-08-01"",""end"":""2026-08-01""},""current_period"":{""start"":""2026-08-02"",""end"":""2026-08-02""}}","action-1-92339086dd83c9a89ae5ac754bdbad2a30c215eb81213211b953451918ebfc48-f9c7f0abe4b1ba3759249887324f30b7d2ac873e7acf82a12c6fa32e19551a3b","",""
"decision-v1","scenario-v1","contribution-v1","golden-v1","92339086dd83c9a89ae5ac754bdbad2a30c215eb81213211b953451918ebfc48","f9c7f0abe4b1ba3759249887324f30b7d2ac873e7acf82a12c6fa32e19551a3b","2026-08-03","TWD","Asia/Taipei","product_amounts_excluding_tax_and_customer_shipping_income","1","current","{""start"":""2026-08-02"",""end"":""2026-08-02""}","{""kind"":""all"",""channels"":[""DTC"",""MARKETPLACE""]}","same_days","1","1","manual_action","db946016-80bc-476f-a1e2-d8b69963e8f5","匯出驗收行動第6項","draft","binding_revision","2","","[""[\""fact\"",\""golden-v1\"",\""2026-08-02\"",\""2026-08-02\"",\""all\"",[\""DTC\"",\""MARKETPLACE\""],null,\""contribution_after_marketing\""]""]","[{""file"":""ad_spend_daily.csv"",""line"":4,""date"":""2026-08-02"",""channel"":""DTC"",""actual_filename"":""ad_spend_daily.csv""},{""file"":""ad_spend_daily.csv"",""line"":5,""date"":""2026-08-02"",""channel"":""MARKETPLACE"",""actual_filename"":""ad_spend_daily.csv""},{""file"":""channel_costs_daily.csv"",""line"":4,""date"":""2026-08-02"",""channel"":""DTC"",""actual_filename"":""channel_costs_daily.csv""},{""file"":""channel_costs_daily.csv"",""line"":5,""date"":""2026-08-02"",""channel"":""MARKETPLACE"",""actual_filename"":""channel_costs_daily.csv""},{""file"":""sales_daily.csv"",""line"":6,""date"":""2026-08-02"",""channel"":""DTC"",""sku"":""A"",""actual_filename"":""sales_daily.csv""},{""file"":""sales_daily.csv"",""line"":7,""date"":""2026-08-02"",""channel"":""DTC"",""sku"":""B"",""actual_filename"":""sales_daily.csv""},{""file"":""sales_daily.csv"",""line"":8,""date"":""2026-08-02"",""channel"":""MARKETPLACE"",""sku"":""A"",""actual_filename"":""sales_daily.csv""},{""file"":""sales_daily.csv"",""line"":9,""date"":""2026-08-02"",""channel"":""MARKETPLACE"",""sku"":""B"",""actual_filename"":""sales_daily.csv""}]","{""comparison_mode"":""same_days"",""channels"":[""DTC"",""MARKETPLACE""],""previous_period"":{""start"":""2026-08-01"",""end"":""2026-08-01""},""current_period"":{""start"":""2026-08-02"",""end"":""2026-08-02""}}","action-1-92339086dd83c9a89ae5ac754bdbad2a30c215eb81213211b953451918ebfc48-f9c7f0abe4b1ba3759249887324f30b7d2ac873e7acf82a12c6fa32e19551a3b","",""
"decision-v1","scenario-v1","contribution-v1","golden-v1","92339086dd83c9a89ae5ac754bdbad2a30c215eb81213211b953451918ebfc48","f9c7f0abe4b1ba3759249887324f30b7d2ac873e7acf82a12c6fa32e19551a3b","2026-08-03","TWD","Asia/Taipei","product_amounts_excluding_tax_and_customer_shipping_income","1","current","{""start"":""2026-08-02"",""end"":""2026-08-02""}","{""kind"":""all"",""channels"":[""DTC"",""MARKETPLACE""]}","same_days","1","1","manual_action","db946016-80bc-476f-a1e2-d8b69963e8f5","匯出驗收行動第6項","draft","binding_history","[{""revision"":1,""context_id"":""action-1-92339086dd83c9a89ae5ac754bdbad2a30c215eb81213211b953451918ebfc48-f9c7f0abe4b1ba3759249887324f30b7d2ac873e7acf82a12c6fa32e19551a3b"",""scope"":{""kind"":""all"",""channels"":[""DTC"",""MARKETPLACE""]},""fact_ids"":[],""evidence_confirmed"":false,""legacy_review_required"":false,""evidence"":[],""dataset_id"":""golden-v1"",""dataset_hash"":""92339086dd83c9a89ae5ac754bdbad2a30c215eb81213211b953451918ebfc48"",""filter_hash"":""f9c7f0abe4b1ba3759249887324f30b7d2ac873e7acf82a12c6fa32e19551a3b"",""metric_version"":""contribution-v1"",""data_as_of"":""2026-08-03"",""period"":{""start"":""2026-08-02"",""end"":""2026-08-02""},""analysis_scope"":{""comparison_mode"":""same_days"",""channels"":[""DTC"",""MARKETPLACE""],""previous_period"":{""start"":""2026-08-01"",""end"":""2026-08-01""},""current_period"":{""start"":""2026-08-02"",""end"":""2026-08-02""}},""filenames"":{}}]","","[""[\""fact\"",\""golden-v1\"",\""2026-08-02\"",\""2026-08-02\"",\""all\"",[\""DTC\"",\""MARKETPLACE\""],null,\""contribution_after_marketing\""]""]","[{""file"":""ad_spend_daily.csv"",""line"":4,""date"":""2026-08-02"",""channel"":""DTC"",""actual_filename"":""ad_spend_daily.csv""},{""file"":""ad_spend_daily.csv"",""line"":5,""date"":""2026-08-02"",""channel"":""MARKETPLACE"",""actual_filename"":""ad_spend_daily.csv""},{""file"":""channel_costs_daily.csv"",""line"":4,""date"":""2026-08-02"",""channel"":""DTC"",""actual_filename"":""channel_costs_daily.csv""},{""file"":""channel_costs_daily.csv"",""line"":5,""date"":""2026-08-02"",""channel"":""MARKETPLACE"",""actual_filename"":""channel_costs_daily.csv""},{""file"":""sales_daily.csv"",""line"":6,""date"":""2026-08-02"",""channel"":""DTC"",""sku"":""A"",""actual_filename"":""sales_daily.csv""},{""file"":""sales_daily.csv"",""line"":7,""date"":""2026-08-02"",""channel"":""DTC"",""sku"":""B"",""actual_filename"":""sales_daily.csv""},{""file"":""sales_daily.csv"",""line"":8,""date"":""2026-08-02"",""channel"":""MARKETPLACE"",""sku"":""A"",""actual_filename"":""sales_daily.csv""},{""file"":""sales_daily.csv"",""line"":9,""date"":""2026-08-02"",""channel"":""MARKETPLACE"",""sku"":""B"",""actual_filename"":""sales_daily.csv""}]","{""comparison_mode"":""same_days"",""channels"":[""DTC"",""MARKETPLACE""],""previous_period"":{""start"":""2026-08-01"",""end"":""2026-08-01""},""current_period"":{""start"":""2026-08-02"",""end"":""2026-08-02""}}","action-1-92339086dd83c9a89ae5ac754bdbad2a30c215eb81213211b953451918ebfc48-f9c7f0abe4b1ba3759249887324f30b7d2ac873e7acf82a12c6fa32e19551a3b","",""
"decision-v1","scenario-v1","contribution-v1","golden-v1","92339086dd83c9a89ae5ac754bdbad2a30c215eb81213211b953451918ebfc48","f9c7f0abe4b1ba3759249887324f30b7d2ac873e7acf82a12c6fa32e19551a3b","2026-08-03","TWD","Asia/Taipei","product_amounts_excluding_tax_and_customer_shipping_income","1","current","{""start"":""2026-08-02"",""end"":""2026-08-02""}","{""kind"":""all"",""channels"":[""DTC"",""MARKETPLACE""]}","same_days","1","1","manual_action","db946016-80bc-476f-a1e2-d8b69963e8f5","匯出驗收行動第6項","draft","binding","{""context_id"":""action-1-92339086dd83c9a89ae5ac754bdbad2a30c215eb81213211b953451918ebfc48-f9c7f0abe4b1ba3759249887324f30b7d2ac873e7acf82a12c6fa32e19551a3b"",""status"":""current"",""dataset_id"":""golden-v1"",""dataset_hash"":""92339086dd83c9a89ae5ac754bdbad2a30c215eb81213211b953451918ebfc48"",""filter_hash"":""f9c7f0abe4b1ba3759249887324f30b7d2ac873e7acf82a12c6fa32e19551a3b"",""metric_version"":""contribution-v1"",""data_as_of"":""2026-08-03"",""revision"":1,""period"":{""start"":""2026-08-02"",""end"":""2026-08-02""},""scope"":{""kind"":""all"",""channels"":[""DTC"",""MARKETPLACE""]},""analysis_scope"":{""comparison_mode"":""same_days"",""channels"":[""DTC"",""MARKETPLACE""],""previous_period"":{""start"":""2026-08-01"",""end"":""2026-08-01""},""current_period"":{""start"":""2026-08-02"",""end"":""2026-08-02""}},""comparison"":{""mode"":""same_days"",""previous_days"":1,""current_days"":1,""previous_daily_average"":{""gross_sales"":{""value"":""2500.00"",""reason_codes"":[]},""discounts"":{""value"":""200.00"",""reason_codes"":[]},""refunds"":{""value"":""50.00"",""reason_codes"":[]},""cogs_net"":{""value"":""1050.00"",""reason_codes"":[]},""platform_fees"":{""value"":""90.00"",""reason_codes"":[]},""payment_fees"":{""value"":""60.00"",""reason_codes"":[]},""fulfillment_costs"":{""value"":""160.00"",""reason_codes"":[]},""other_variable_costs"":{""value"":""20.00"",""reason_codes"":[]},""ad_spend"":{""value"":""300.00"",""reason_codes"":[]},""net_revenue"":{""value"":""2250.00"",""reason_codes"":[]},""gross_profit"":{""value"":""1200.00"",""reason_codes"":[]},""contribution_before_marketing"":{""value"":""870.00"",""reason_codes"":[]},""contribution_after_marketing"":{""value"":""570.00"",""reason_codes"":[]}},""current_daily_average"":{""gross_sales"":{""value"":""3100.00"",""reason_codes"":[]},""discounts"":{""value"":""450.00"",""reason_codes"":[]},""refunds"":{""value"":""180.00"",""reason_codes"":[]},""cogs_net"":{""value"":""1325.00"",""reason_codes"":[]},""platform_fees"":{""value"":""120.00"",""reason_codes"":[]},""payment_fees"":{""value"":""66.00"",""reason_codes"":[]},""fulfillment_costs"":{""value"":""225.00"",""reason_codes"":[]},""other_variable_costs"":{""value"":""29.00"",""reason_codes"":[]},""ad_spend"":{""value"":""450.00"",""reason_codes"":[]},""net_revenue"":{""value"":""2470.00"",""reason_codes"":[]},""gross_profit"":{""value"":""1145.00"",""reason_codes"":[]},""contribution_before_marketing"":{""value"":""705.00"",""reason_codes"":[]},""contribution_after_marketing"":{""value"":""255.00"",""reason_codes"":[]}},""daily_average_changes"":{""gross_sales"":{""value"":""600.00"",""reason_codes"":[]},""discounts"":{""value"":""250.00"",""reason_codes"":[]},""refunds"":{""value"":""130.00"",""reason_codes"":[]},""cogs_net"":{""value"":""275.00"",""reason_codes"":[]},""platform_fees"":{""value"":""30.00"",""reason_codes"":[]},""payment_fees"":{""value"":""6.00"",""reason_codes"":[]},""fulfillment_costs"":{""value"":""65.00"",""reason_codes"":[]},""other_variable_costs"":{""value"":""9.00"",""reason_codes"":[]},""ad_spend"":{""value"":""150.00"",""reason_codes"":[]},""net_revenue"":{""value"":""220.00"",""reason_codes"":[]},""gross_profit"":{""value"":""-55.00"",""reason_codes"":[]},""contribution_before_marketing"":{""value"":""-165.00"",""reason_codes"":[]},""contribution_after_marketing"":{""value"":""-315.00"",""reason_codes"":[]}}},""filenames"":{},""stale_reasons"":[]}","","[""[\""fact\"",\""golden-v1\"",\""2026-08-02\"",\""2026-08-02\"",\""all\"",[\""DTC\"",\""MARKETPLACE\""],null,\""contribution_after_marketing\""]""]","[{""file"":""ad_spend_daily.csv"",""line"":4,""date"":""2026-08-02"",""channel"":""DTC"",""actual_filename"":""ad_spend_daily.csv""},{""file"":""ad_spend_daily.csv"",""line"":5,""date"":""2026-08-02"",""channel"":""MARKETPLACE"",""actual_filename"":""ad_spend_daily.csv""},{""file"":""channel_costs_daily.csv"",""line"":4,""date"":""2026-08-02"",""channel"":""DTC"",""actual_filename"":""channel_costs_daily.csv""},{""file"":""channel_costs_daily.csv"",""line"":5,""date"":""2026-08-02"",""channel"":""MARKETPLACE"",""actual_filename"":""channel_costs_daily.csv""},{""file"":""sales_daily.csv"",""line"":6,""date"":""2026-08-02"",""channel"":""DTC"",""sku"":""A"",""actual_filename"":""sales_daily.csv""},{""file"":""sales_daily.csv"",""line"":7,""date"":""2026-08-02"",""channel"":""DTC"",""sku"":""B"",""actual_filename"":""sales_daily.csv""},{""file"":""sales_daily.csv"",""line"":8,""date"":""2026-08-02"",""channel"":""MARKETPLACE"",""sku"":""A"",""actual_filename"":""sales_daily.csv""},{""file"":""sales_daily.csv"",""line"":9,""date"":""2026-08-02"",""channel"":""MARKETPLACE"",""sku"":""B"",""actual_filename"":""sales_daily.csv""}]","{""comparison_mode"":""same_days"",""channels"":[""DTC"",""MARKETPLACE""],""previous_period"":{""start"":""2026-08-01"",""end"":""2026-08-01""},""current_period"":{""start"":""2026-08-02"",""end"":""2026-08-02""}}","action-1-92339086dd83c9a89ae5ac754bdbad2a30c215eb81213211b953451918ebfc48-f9c7f0abe4b1ba3759249887324f30b7d2ac873e7acf82a12c6fa32e19551a3b","",""
"decision-v1","scenario-v1","contribution-v1","golden-v1","92339086dd83c9a89ae5ac754bdbad2a30c215eb81213211b953451918ebfc48","f9c7f0abe4b1ba3759249887324f30b7d2ac873e7acf82a12c6fa32e19551a3b","2026-08-03","TWD","Asia/Taipei","product_amounts_excluding_tax_and_customer_shipping_income","1","current","{""start"":""2026-08-02"",""end"":""2026-08-02""}","{""kind"":""all"",""channels"":[""DTC"",""MARKETPLACE""]}","same_days","1","1","action_fact","db946016-80bc-476f-a1e2-d8b69963e8f5","匯出驗收行動第6項","draft","contribution_after_marketing","255.00","[]","[""[\""fact\"",\""golden-v1\"",\""2026-08-02\"",\""2026-08-02\"",\""all\"",[\""DTC\"",\""MARKETPLACE\""],null,\""contribution_after_marketing\""]""]","[{""file"":""ad_spend_daily.csv"",""line"":4,""date"":""2026-08-02"",""channel"":""DTC"",""actual_filename"":""ad_spend_daily.csv""},{""file"":""ad_spend_daily.csv"",""line"":5,""date"":""2026-08-02"",""channel"":""MARKETPLACE"",""actual_filename"":""ad_spend_daily.csv""},{""file"":""channel_costs_daily.csv"",""line"":4,""date"":""2026-08-02"",""channel"":""DTC"",""actual_filename"":""channel_costs_daily.csv""},{""file"":""channel_costs_daily.csv"",""line"":5,""date"":""2026-08-02"",""channel"":""MARKETPLACE"",""actual_filename"":""channel_costs_daily.csv""},{""file"":""sales_daily.csv"",""line"":6,""date"":""2026-08-02"",""channel"":""DTC"",""sku"":""A"",""actual_filename"":""sales_daily.csv""},{""file"":""sales_daily.csv"",""line"":7,""date"":""2026-08-02"",""channel"":""DTC"",""sku"":""B"",""actual_filename"":""sales_daily.csv""},{""file"":""sales_daily.csv"",""line"":8,""date"":""2026-08-02"",""channel"":""MARKETPLACE"",""sku"":""A"",""actual_filename"":""sales_daily.csv""},{""file"":""sales_daily.csv"",""line"":9,""date"":""2026-08-02"",""channel"":""MARKETPLACE"",""sku"":""B"",""actual_filename"":""sales_daily.csv""}]","{""comparison_mode"":""same_days"",""channels"":[""DTC"",""MARKETPLACE""],""previous_period"":{""start"":""2026-08-01"",""end"":""2026-08-01""},""current_period"":{""start"":""2026-08-02"",""end"":""2026-08-02""}}","action-1-92339086dd83c9a89ae5ac754bdbad2a30c215eb81213211b953451918ebfc48-f9c7f0abe4b1ba3759249887324f30b7d2ac873e7acf82a12c6fa32e19551a3b","",""
"decision-v1","scenario-v1","contribution-v1","golden-v1","92339086dd83c9a89ae5ac754bdbad2a30c215eb81213211b953451918ebfc48","f9c7f0abe4b1ba3759249887324f30b7d2ac873e7acf82a12c6fa32e19551a3b","2026-08-03","TWD","Asia/Taipei","product_amounts_excluding_tax_and_customer_shipping_income","1","current","{""start"":""2026-08-02"",""end"":""2026-08-02""}","{""kind"":""all"",""channels"":[""DTC"",""MARKETPLACE""]}","same_days","1","1","manual_action","61fff7cb-bbdd-4273-b642-c317105e8df6","匯出驗收行動第7項","draft","id","61fff7cb-bbdd-4273-b642-c317105e8df6","","[""[\""fact\"",\""golden-v1\"",\""2026-08-02\"",\""2026-08-02\"",\""all\"",[\""DTC\"",\""MARKETPLACE\""],null,\""contribution_after_marketing\""]""]","[{""file"":""ad_spend_daily.csv"",""line"":4,""date"":""2026-08-02"",""channel"":""DTC"",""actual_filename"":""ad_spend_daily.csv""},{""file"":""ad_spend_daily.csv"",""line"":5,""date"":""2026-08-02"",""channel"":""MARKETPLACE"",""actual_filename"":""ad_spend_daily.csv""},{""file"":""channel_costs_daily.csv"",""line"":4,""date"":""2026-08-02"",""channel"":""DTC"",""actual_filename"":""channel_costs_daily.csv""},{""file"":""channel_costs_daily.csv"",""line"":5,""date"":""2026-08-02"",""channel"":""MARKETPLACE"",""actual_filename"":""channel_costs_daily.csv""},{""file"":""sales_daily.csv"",""line"":6,""date"":""2026-08-02"",""channel"":""DTC"",""sku"":""A"",""actual_filename"":""sales_daily.csv""},{""file"":""sales_daily.csv"",""line"":7,""date"":""2026-08-02"",""channel"":""DTC"",""sku"":""B"",""actual_filename"":""sales_daily.csv""},{""file"":""sales_daily.csv"",""line"":8,""date"":""2026-08-02"",""channel"":""MARKETPLACE"",""sku"":""A"",""actual_filename"":""sales_daily.csv""},{""file"":""sales_daily.csv"",""line"":9,""date"":""2026-08-02"",""channel"":""MARKETPLACE"",""sku"":""B"",""actual_filename"":""sales_daily.csv""}]","{""comparison_mode"":""same_days"",""channels"":[""DTC"",""MARKETPLACE""],""previous_period"":{""start"":""2026-08-01"",""end"":""2026-08-01""},""current_period"":{""start"":""2026-08-02"",""end"":""2026-08-02""}}","action-1-92339086dd83c9a89ae5ac754bdbad2a30c215eb81213211b953451918ebfc48-f9c7f0abe4b1ba3759249887324f30b7d2ac873e7acf82a12c6fa32e19551a3b","",""
"decision-v1","scenario-v1","contribution-v1","golden-v1","92339086dd83c9a89ae5ac754bdbad2a30c215eb81213211b953451918ebfc48","f9c7f0abe4b1ba3759249887324f30b7d2ac873e7acf82a12c6fa32e19551a3b","2026-08-03","TWD","Asia/Taipei","product_amounts_excluding_tax_and_customer_shipping_income","1","current","{""start"":""2026-08-02"",""end"":""2026-08-02""}","{""kind"":""all"",""channels"":[""DTC"",""MARKETPLACE""]}","same_days","1","1","manual_action","61fff7cb-bbdd-4273-b642-c317105e8df6","匯出驗收行動第7項","draft","problem","匯出驗收行動第7項","","[""[\""fact\"",\""golden-v1\"",\""2026-08-02\"",\""2026-08-02\"",\""all\"",[\""DTC\"",\""MARKETPLACE\""],null,\""contribution_after_marketing\""]""]","[{""file"":""ad_spend_daily.csv"",""line"":4,""date"":""2026-08-02"",""channel"":""DTC"",""actual_filename"":""ad_spend_daily.csv""},{""file"":""ad_spend_daily.csv"",""line"":5,""date"":""2026-08-02"",""channel"":""MARKETPLACE"",""actual_filename"":""ad_spend_daily.csv""},{""file"":""channel_costs_daily.csv"",""line"":4,""date"":""2026-08-02"",""channel"":""DTC"",""actual_filename"":""channel_costs_daily.csv""},{""file"":""channel_costs_daily.csv"",""line"":5,""date"":""2026-08-02"",""channel"":""MARKETPLACE"",""actual_filename"":""channel_costs_daily.csv""},{""file"":""sales_daily.csv"",""line"":6,""date"":""2026-08-02"",""channel"":""DTC"",""sku"":""A"",""actual_filename"":""sales_daily.csv""},{""file"":""sales_daily.csv"",""line"":7,""date"":""2026-08-02"",""channel"":""DTC"",""sku"":""B"",""actual_filename"":""sales_daily.csv""},{""file"":""sales_daily.csv"",""line"":8,""date"":""2026-08-02"",""channel"":""MARKETPLACE"",""sku"":""A"",""actual_filename"":""sales_daily.csv""},{""file"":""sales_daily.csv"",""line"":9,""date"":""2026-08-02"",""channel"":""MARKETPLACE"",""sku"":""B"",""actual_filename"":""sales_daily.csv""}]","{""comparison_mode"":""same_days"",""channels"":[""DTC"",""MARKETPLACE""],""previous_period"":{""start"":""2026-08-01"",""end"":""2026-08-01""},""current_period"":{""start"":""2026-08-02"",""end"":""2026-08-02""}}","action-1-92339086dd83c9a89ae5ac754bdbad2a30c215eb81213211b953451918ebfc48-f9c7f0abe4b1ba3759249887324f30b7d2ac873e7acf82a12c6fa32e19551a3b","",""
"decision-v1","scenario-v1","contribution-v1","golden-v1","92339086dd83c9a89ae5ac754bdbad2a30c215eb81213211b953451918ebfc48","f9c7f0abe4b1ba3759249887324f30b7d2ac873e7acf82a12c6fa32e19551a3b","2026-08-03","TWD","Asia/Taipei","product_amounts_excluding_tax_and_customer_shipping_income","1","current","{""start"":""2026-08-02"",""end"":""2026-08-02""}","{""kind"":""all"",""channels"":[""DTC"",""MARKETPLACE""]}","same_days","1","1","manual_action","61fff7cb-bbdd-4273-b642-c317105e8df6","匯出驗收行動第7項","draft","action","核對已入帳費用與來源","","[""[\""fact\"",\""golden-v1\"",\""2026-08-02\"",\""2026-08-02\"",\""all\"",[\""DTC\"",\""MARKETPLACE\""],null,\""contribution_after_marketing\""]""]","[{""file"":""ad_spend_daily.csv"",""line"":4,""date"":""2026-08-02"",""channel"":""DTC"",""actual_filename"":""ad_spend_daily.csv""},{""file"":""ad_spend_daily.csv"",""line"":5,""date"":""2026-08-02"",""channel"":""MARKETPLACE"",""actual_filename"":""ad_spend_daily.csv""},{""file"":""channel_costs_daily.csv"",""line"":4,""date"":""2026-08-02"",""channel"":""DTC"",""actual_filename"":""channel_costs_daily.csv""},{""file"":""channel_costs_daily.csv"",""line"":5,""date"":""2026-08-02"",""channel"":""MARKETPLACE"",""actual_filename"":""channel_costs_daily.csv""},{""file"":""sales_daily.csv"",""line"":6,""date"":""2026-08-02"",""channel"":""DTC"",""sku"":""A"",""actual_filename"":""sales_daily.csv""},{""file"":""sales_daily.csv"",""line"":7,""date"":""2026-08-02"",""channel"":""DTC"",""sku"":""B"",""actual_filename"":""sales_daily.csv""},{""file"":""sales_daily.csv"",""line"":8,""date"":""2026-08-02"",""channel"":""MARKETPLACE"",""sku"":""A"",""actual_filename"":""sales_daily.csv""},{""file"":""sales_daily.csv"",""line"":9,""date"":""2026-08-02"",""channel"":""MARKETPLACE"",""sku"":""B"",""actual_filename"":""sales_daily.csv""}]","{""comparison_mode"":""same_days"",""channels"":[""DTC"",""MARKETPLACE""],""previous_period"":{""start"":""2026-08-01"",""end"":""2026-08-01""},""current_period"":{""start"":""2026-08-02"",""end"":""2026-08-02""}}","action-1-92339086dd83c9a89ae5ac754bdbad2a30c215eb81213211b953451918ebfc48-f9c7f0abe4b1ba3759249887324f30b7d2ac873e7acf82a12c6fa32e19551a3b","",""
"decision-v1","scenario-v1","contribution-v1","golden-v1","92339086dd83c9a89ae5ac754bdbad2a30c215eb81213211b953451918ebfc48","f9c7f0abe4b1ba3759249887324f30b7d2ac873e7acf82a12c6fa32e19551a3b","2026-08-03","TWD","Asia/Taipei","product_amounts_excluding_tax_and_customer_shipping_income","1","current","{""start"":""2026-08-02"",""end"":""2026-08-02""}","{""kind"":""all"",""channels"":[""DTC"",""MARKETPLACE""]}","same_days","1","1","manual_action","61fff7cb-bbdd-4273-b642-c317105e8df6","匯出驗收行動第7項","draft","fact_ids","[""[\""fact\"",\""golden-v1\"",\""2026-08-02\"",\""2026-08-02\"",\""all\"",[\""DTC\"",\""MARKETPLACE\""],null,\""contribution_after_marketing\""]""]","","[""[\""fact\"",\""golden-v1\"",\""2026-08-02\"",\""2026-08-02\"",\""all\"",[\""DTC\"",\""MARKETPLACE\""],null,\""contribution_after_marketing\""]""]","[{""file"":""ad_spend_daily.csv"",""line"":4,""date"":""2026-08-02"",""channel"":""DTC"",""actual_filename"":""ad_spend_daily.csv""},{""file"":""ad_spend_daily.csv"",""line"":5,""date"":""2026-08-02"",""channel"":""MARKETPLACE"",""actual_filename"":""ad_spend_daily.csv""},{""file"":""channel_costs_daily.csv"",""line"":4,""date"":""2026-08-02"",""channel"":""DTC"",""actual_filename"":""channel_costs_daily.csv""},{""file"":""channel_costs_daily.csv"",""line"":5,""date"":""2026-08-02"",""channel"":""MARKETPLACE"",""actual_filename"":""channel_costs_daily.csv""},{""file"":""sales_daily.csv"",""line"":6,""date"":""2026-08-02"",""channel"":""DTC"",""sku"":""A"",""actual_filename"":""sales_daily.csv""},{""file"":""sales_daily.csv"",""line"":7,""date"":""2026-08-02"",""channel"":""DTC"",""sku"":""B"",""actual_filename"":""sales_daily.csv""},{""file"":""sales_daily.csv"",""line"":8,""date"":""2026-08-02"",""channel"":""MARKETPLACE"",""sku"":""A"",""actual_filename"":""sales_daily.csv""},{""file"":""sales_daily.csv"",""line"":9,""date"":""2026-08-02"",""channel"":""MARKETPLACE"",""sku"":""B"",""actual_filename"":""sales_daily.csv""}]","{""comparison_mode"":""same_days"",""channels"":[""DTC"",""MARKETPLACE""],""previous_period"":{""start"":""2026-08-01"",""end"":""2026-08-01""},""current_period"":{""start"":""2026-08-02"",""end"":""2026-08-02""}}","action-1-92339086dd83c9a89ae5ac754bdbad2a30c215eb81213211b953451918ebfc48-f9c7f0abe4b1ba3759249887324f30b7d2ac873e7acf82a12c6fa32e19551a3b","",""
"decision-v1","scenario-v1","contribution-v1","golden-v1","92339086dd83c9a89ae5ac754bdbad2a30c215eb81213211b953451918ebfc48","f9c7f0abe4b1ba3759249887324f30b7d2ac873e7acf82a12c6fa32e19551a3b","2026-08-03","TWD","Asia/Taipei","product_amounts_excluding_tax_and_customer_shipping_income","1","current","{""start"":""2026-08-02"",""end"":""2026-08-02""}","{""kind"":""all"",""channels"":[""DTC"",""MARKETPLACE""]}","same_days","1","1","manual_action","61fff7cb-bbdd-4273-b642-c317105e8df6","匯出驗收行動第7項","draft","owner_role","營運主管","","[""[\""fact\"",\""golden-v1\"",\""2026-08-02\"",\""2026-08-02\"",\""all\"",[\""DTC\"",\""MARKETPLACE\""],null,\""contribution_after_marketing\""]""]","[{""file"":""ad_spend_daily.csv"",""line"":4,""date"":""2026-08-02"",""channel"":""DTC"",""actual_filename"":""ad_spend_daily.csv""},{""file"":""ad_spend_daily.csv"",""line"":5,""date"":""2026-08-02"",""channel"":""MARKETPLACE"",""actual_filename"":""ad_spend_daily.csv""},{""file"":""channel_costs_daily.csv"",""line"":4,""date"":""2026-08-02"",""channel"":""DTC"",""actual_filename"":""channel_costs_daily.csv""},{""file"":""channel_costs_daily.csv"",""line"":5,""date"":""2026-08-02"",""channel"":""MARKETPLACE"",""actual_filename"":""channel_costs_daily.csv""},{""file"":""sales_daily.csv"",""line"":6,""date"":""2026-08-02"",""channel"":""DTC"",""sku"":""A"",""actual_filename"":""sales_daily.csv""},{""file"":""sales_daily.csv"",""line"":7,""date"":""2026-08-02"",""channel"":""DTC"",""sku"":""B"",""actual_filename"":""sales_daily.csv""},{""file"":""sales_daily.csv"",""line"":8,""date"":""2026-08-02"",""channel"":""MARKETPLACE"",""sku"":""A"",""actual_filename"":""sales_daily.csv""},{""file"":""sales_daily.csv"",""line"":9,""date"":""2026-08-02"",""channel"":""MARKETPLACE"",""sku"":""B"",""actual_filename"":""sales_daily.csv""}]","{""comparison_mode"":""same_days"",""channels"":[""DTC"",""MARKETPLACE""],""previous_period"":{""start"":""2026-08-01"",""end"":""2026-08-01""},""current_period"":{""start"":""2026-08-02"",""end"":""2026-08-02""}}","action-1-92339086dd83c9a89ae5ac754bdbad2a30c215eb81213211b953451918ebfc48-f9c7f0abe4b1ba3759249887324f30b7d2ac873e7acf82a12c6fa32e19551a3b","",""
"decision-v1","scenario-v1","contribution-v1","golden-v1","92339086dd83c9a89ae5ac754bdbad2a30c215eb81213211b953451918ebfc48","f9c7f0abe4b1ba3759249887324f30b7d2ac873e7acf82a12c6fa32e19551a3b","2026-08-03","TWD","Asia/Taipei","product_amounts_excluding_tax_and_customer_shipping_income","1","current","{""start"":""2026-08-02"",""end"":""2026-08-02""}","{""kind"":""all"",""channels"":[""DTC"",""MARKETPLACE""]}","same_days","1","1","manual_action","61fff7cb-bbdd-4273-b642-c317105e8df6","匯出驗收行動第7項","draft","validation_metric","","","[""[\""fact\"",\""golden-v1\"",\""2026-08-02\"",\""2026-08-02\"",\""all\"",[\""DTC\"",\""MARKETPLACE\""],null,\""contribution_after_marketing\""]""]","[{""file"":""ad_spend_daily.csv"",""line"":4,""date"":""2026-08-02"",""channel"":""DTC"",""actual_filename"":""ad_spend_daily.csv""},{""file"":""ad_spend_daily.csv"",""line"":5,""date"":""2026-08-02"",""channel"":""MARKETPLACE"",""actual_filename"":""ad_spend_daily.csv""},{""file"":""channel_costs_daily.csv"",""line"":4,""date"":""2026-08-02"",""channel"":""DTC"",""actual_filename"":""channel_costs_daily.csv""},{""file"":""channel_costs_daily.csv"",""line"":5,""date"":""2026-08-02"",""channel"":""MARKETPLACE"",""actual_filename"":""channel_costs_daily.csv""},{""file"":""sales_daily.csv"",""line"":6,""date"":""2026-08-02"",""channel"":""DTC"",""sku"":""A"",""actual_filename"":""sales_daily.csv""},{""file"":""sales_daily.csv"",""line"":7,""date"":""2026-08-02"",""channel"":""DTC"",""sku"":""B"",""actual_filename"":""sales_daily.csv""},{""file"":""sales_daily.csv"",""line"":8,""date"":""2026-08-02"",""channel"":""MARKETPLACE"",""sku"":""A"",""actual_filename"":""sales_daily.csv""},{""file"":""sales_daily.csv"",""line"":9,""date"":""2026-08-02"",""channel"":""MARKETPLACE"",""sku"":""B"",""actual_filename"":""sales_daily.csv""}]","{""comparison_mode"":""same_days"",""channels"":[""DTC"",""MARKETPLACE""],""previous_period"":{""start"":""2026-08-01"",""end"":""2026-08-01""},""current_period"":{""start"":""2026-08-02"",""end"":""2026-08-02""}}","action-1-92339086dd83c9a89ae5ac754bdbad2a30c215eb81213211b953451918ebfc48-f9c7f0abe4b1ba3759249887324f30b7d2ac873e7acf82a12c6fa32e19551a3b","",""
"decision-v1","scenario-v1","contribution-v1","golden-v1","92339086dd83c9a89ae5ac754bdbad2a30c215eb81213211b953451918ebfc48","f9c7f0abe4b1ba3759249887324f30b7d2ac873e7acf82a12c6fa32e19551a3b","2026-08-03","TWD","Asia/Taipei","product_amounts_excluding_tax_and_customer_shipping_income","1","current","{""start"":""2026-08-02"",""end"":""2026-08-02""}","{""kind"":""all"",""channels"":[""DTC"",""MARKETPLACE""]}","same_days","1","1","manual_action","61fff7cb-bbdd-4273-b642-c317105e8df6","匯出驗收行動第7項","draft","deadline","","","[""[\""fact\"",\""golden-v1\"",\""2026-08-02\"",\""2026-08-02\"",\""all\"",[\""DTC\"",\""MARKETPLACE\""],null,\""contribution_after_marketing\""]""]","[{""file"":""ad_spend_daily.csv"",""line"":4,""date"":""2026-08-02"",""channel"":""DTC"",""actual_filename"":""ad_spend_daily.csv""},{""file"":""ad_spend_daily.csv"",""line"":5,""date"":""2026-08-02"",""channel"":""MARKETPLACE"",""actual_filename"":""ad_spend_daily.csv""},{""file"":""channel_costs_daily.csv"",""line"":4,""date"":""2026-08-02"",""channel"":""DTC"",""actual_filename"":""channel_costs_daily.csv""},{""file"":""channel_costs_daily.csv"",""line"":5,""date"":""2026-08-02"",""channel"":""MARKETPLACE"",""actual_filename"":""channel_costs_daily.csv""},{""file"":""sales_daily.csv"",""line"":6,""date"":""2026-08-02"",""channel"":""DTC"",""sku"":""A"",""actual_filename"":""sales_daily.csv""},{""file"":""sales_daily.csv"",""line"":7,""date"":""2026-08-02"",""channel"":""DTC"",""sku"":""B"",""actual_filename"":""sales_daily.csv""},{""file"":""sales_daily.csv"",""line"":8,""date"":""2026-08-02"",""channel"":""MARKETPLACE"",""sku"":""A"",""actual_filename"":""sales_daily.csv""},{""file"":""sales_daily.csv"",""line"":9,""date"":""2026-08-02"",""channel"":""MARKETPLACE"",""sku"":""B"",""actual_filename"":""sales_daily.csv""}]","{""comparison_mode"":""same_days"",""channels"":[""DTC"",""MARKETPLACE""],""previous_period"":{""start"":""2026-08-01"",""end"":""2026-08-01""},""current_period"":{""start"":""2026-08-02"",""end"":""2026-08-02""}}","action-1-92339086dd83c9a89ae5ac754bdbad2a30c215eb81213211b953451918ebfc48-f9c7f0abe4b1ba3759249887324f30b7d2ac873e7acf82a12c6fa32e19551a3b","",""
"decision-v1","scenario-v1","contribution-v1","golden-v1","92339086dd83c9a89ae5ac754bdbad2a30c215eb81213211b953451918ebfc48","f9c7f0abe4b1ba3759249887324f30b7d2ac873e7acf82a12c6fa32e19551a3b","2026-08-03","TWD","Asia/Taipei","product_amounts_excluding_tax_and_customer_shipping_income","1","current","{""start"":""2026-08-02"",""end"":""2026-08-02""}","{""kind"":""all"",""channels"":[""DTC"",""MARKETPLACE""]}","same_days","1","1","manual_action","61fff7cb-bbdd-4273-b642-c317105e8df6","匯出驗收行動第7項","draft","stop_condition","","","[""[\""fact\"",\""golden-v1\"",\""2026-08-02\"",\""2026-08-02\"",\""all\"",[\""DTC\"",\""MARKETPLACE\""],null,\""contribution_after_marketing\""]""]","[{""file"":""ad_spend_daily.csv"",""line"":4,""date"":""2026-08-02"",""channel"":""DTC"",""actual_filename"":""ad_spend_daily.csv""},{""file"":""ad_spend_daily.csv"",""line"":5,""date"":""2026-08-02"",""channel"":""MARKETPLACE"",""actual_filename"":""ad_spend_daily.csv""},{""file"":""channel_costs_daily.csv"",""line"":4,""date"":""2026-08-02"",""channel"":""DTC"",""actual_filename"":""channel_costs_daily.csv""},{""file"":""channel_costs_daily.csv"",""line"":5,""date"":""2026-08-02"",""channel"":""MARKETPLACE"",""actual_filename"":""channel_costs_daily.csv""},{""file"":""sales_daily.csv"",""line"":6,""date"":""2026-08-02"",""channel"":""DTC"",""sku"":""A"",""actual_filename"":""sales_daily.csv""},{""file"":""sales_daily.csv"",""line"":7,""date"":""2026-08-02"",""channel"":""DTC"",""sku"":""B"",""actual_filename"":""sales_daily.csv""},{""file"":""sales_daily.csv"",""line"":8,""date"":""2026-08-02"",""channel"":""MARKETPLACE"",""sku"":""A"",""actual_filename"":""sales_daily.csv""},{""file"":""sales_daily.csv"",""line"":9,""date"":""2026-08-02"",""channel"":""MARKETPLACE"",""sku"":""B"",""actual_filename"":""sales_daily.csv""}]","{""comparison_mode"":""same_days"",""channels"":[""DTC"",""MARKETPLACE""],""previous_period"":{""start"":""2026-08-01"",""end"":""2026-08-01""},""current_period"":{""start"":""2026-08-02"",""end"":""2026-08-02""}}","action-1-92339086dd83c9a89ae5ac754bdbad2a30c215eb81213211b953451918ebfc48-f9c7f0abe4b1ba3759249887324f30b7d2ac873e7acf82a12c6fa32e19551a3b","",""
"decision-v1","scenario-v1","contribution-v1","golden-v1","92339086dd83c9a89ae5ac754bdbad2a30c215eb81213211b953451918ebfc48","f9c7f0abe4b1ba3759249887324f30b7d2ac873e7acf82a12c6fa32e19551a3b","2026-08-03","TWD","Asia/Taipei","product_amounts_excluding_tax_and_customer_shipping_income","1","current","{""start"":""2026-08-02"",""end"":""2026-08-02""}","{""kind"":""all"",""channels"":[""DTC"",""MARKETPLACE""]}","same_days","1","1","manual_action","61fff7cb-bbdd-4273-b642-c317105e8df6","匯出驗收行動第7項","draft","required_data","","","[""[\""fact\"",\""golden-v1\"",\""2026-08-02\"",\""2026-08-02\"",\""all\"",[\""DTC\"",\""MARKETPLACE\""],null,\""contribution_after_marketing\""]""]","[{""file"":""ad_spend_daily.csv"",""line"":4,""date"":""2026-08-02"",""channel"":""DTC"",""actual_filename"":""ad_spend_daily.csv""},{""file"":""ad_spend_daily.csv"",""line"":5,""date"":""2026-08-02"",""channel"":""MARKETPLACE"",""actual_filename"":""ad_spend_daily.csv""},{""file"":""channel_costs_daily.csv"",""line"":4,""date"":""2026-08-02"",""channel"":""DTC"",""actual_filename"":""channel_costs_daily.csv""},{""file"":""channel_costs_daily.csv"",""line"":5,""date"":""2026-08-02"",""channel"":""MARKETPLACE"",""actual_filename"":""channel_costs_daily.csv""},{""file"":""sales_daily.csv"",""line"":6,""date"":""2026-08-02"",""channel"":""DTC"",""sku"":""A"",""actual_filename"":""sales_daily.csv""},{""file"":""sales_daily.csv"",""line"":7,""date"":""2026-08-02"",""channel"":""DTC"",""sku"":""B"",""actual_filename"":""sales_daily.csv""},{""file"":""sales_daily.csv"",""line"":8,""date"":""2026-08-02"",""channel"":""MARKETPLACE"",""sku"":""A"",""actual_filename"":""sales_daily.csv""},{""file"":""sales_daily.csv"",""line"":9,""date"":""2026-08-02"",""channel"":""MARKETPLACE"",""sku"":""B"",""actual_filename"":""sales_daily.csv""}]","{""comparison_mode"":""same_days"",""channels"":[""DTC"",""MARKETPLACE""],""previous_period"":{""start"":""2026-08-01"",""end"":""2026-08-01""},""current_period"":{""start"":""2026-08-02"",""end"":""2026-08-02""}}","action-1-92339086dd83c9a89ae5ac754bdbad2a30c215eb81213211b953451918ebfc48-f9c7f0abe4b1ba3759249887324f30b7d2ac873e7acf82a12c6fa32e19551a3b","",""
"decision-v1","scenario-v1","contribution-v1","golden-v1","92339086dd83c9a89ae5ac754bdbad2a30c215eb81213211b953451918ebfc48","f9c7f0abe4b1ba3759249887324f30b7d2ac873e7acf82a12c6fa32e19551a3b","2026-08-03","TWD","Asia/Taipei","product_amounts_excluding_tax_and_customer_shipping_income","1","current","{""start"":""2026-08-02"",""end"":""2026-08-02""}","{""kind"":""all"",""channels"":[""DTC"",""MARKETPLACE""]}","same_days","1","1","manual_action","61fff7cb-bbdd-4273-b642-c317105e8df6","匯出驗收行動第7項","draft","origin","manual","","[""[\""fact\"",\""golden-v1\"",\""2026-08-02\"",\""2026-08-02\"",\""all\"",[\""DTC\"",\""MARKETPLACE\""],null,\""contribution_after_marketing\""]""]","[{""file"":""ad_spend_daily.csv"",""line"":4,""date"":""2026-08-02"",""channel"":""DTC"",""actual_filename"":""ad_spend_daily.csv""},{""file"":""ad_spend_daily.csv"",""line"":5,""date"":""2026-08-02"",""channel"":""MARKETPLACE"",""actual_filename"":""ad_spend_daily.csv""},{""file"":""channel_costs_daily.csv"",""line"":4,""date"":""2026-08-02"",""channel"":""DTC"",""actual_filename"":""channel_costs_daily.csv""},{""file"":""channel_costs_daily.csv"",""line"":5,""date"":""2026-08-02"",""channel"":""MARKETPLACE"",""actual_filename"":""channel_costs_daily.csv""},{""file"":""sales_daily.csv"",""line"":6,""date"":""2026-08-02"",""channel"":""DTC"",""sku"":""A"",""actual_filename"":""sales_daily.csv""},{""file"":""sales_daily.csv"",""line"":7,""date"":""2026-08-02"",""channel"":""DTC"",""sku"":""B"",""actual_filename"":""sales_daily.csv""},{""file"":""sales_daily.csv"",""line"":8,""date"":""2026-08-02"",""channel"":""MARKETPLACE"",""sku"":""A"",""actual_filename"":""sales_daily.csv""},{""file"":""sales_daily.csv"",""line"":9,""date"":""2026-08-02"",""channel"":""MARKETPLACE"",""sku"":""B"",""actual_filename"":""sales_daily.csv""}]","{""comparison_mode"":""same_days"",""channels"":[""DTC"",""MARKETPLACE""],""previous_period"":{""start"":""2026-08-01"",""end"":""2026-08-01""},""current_period"":{""start"":""2026-08-02"",""end"":""2026-08-02""}}","action-1-92339086dd83c9a89ae5ac754bdbad2a30c215eb81213211b953451918ebfc48-f9c7f0abe4b1ba3759249887324f30b7d2ac873e7acf82a12c6fa32e19551a3b","",""
"decision-v1","scenario-v1","contribution-v1","golden-v1","92339086dd83c9a89ae5ac754bdbad2a30c215eb81213211b953451918ebfc48","f9c7f0abe4b1ba3759249887324f30b7d2ac873e7acf82a12c6fa32e19551a3b","2026-08-03","TWD","Asia/Taipei","product_amounts_excluding_tax_and_customer_shipping_income","1","current","{""start"":""2026-08-02"",""end"":""2026-08-02""}","{""kind"":""all"",""channels"":[""DTC"",""MARKETPLACE""]}","same_days","1","1","manual_action","61fff7cb-bbdd-4273-b642-c317105e8df6","匯出驗收行動第7項","draft","evidence_confirmed","false","","[""[\""fact\"",\""golden-v1\"",\""2026-08-02\"",\""2026-08-02\"",\""all\"",[\""DTC\"",\""MARKETPLACE\""],null,\""contribution_after_marketing\""]""]","[{""file"":""ad_spend_daily.csv"",""line"":4,""date"":""2026-08-02"",""channel"":""DTC"",""actual_filename"":""ad_spend_daily.csv""},{""file"":""ad_spend_daily.csv"",""line"":5,""date"":""2026-08-02"",""channel"":""MARKETPLACE"",""actual_filename"":""ad_spend_daily.csv""},{""file"":""channel_costs_daily.csv"",""line"":4,""date"":""2026-08-02"",""channel"":""DTC"",""actual_filename"":""channel_costs_daily.csv""},{""file"":""channel_costs_daily.csv"",""line"":5,""date"":""2026-08-02"",""channel"":""MARKETPLACE"",""actual_filename"":""channel_costs_daily.csv""},{""file"":""sales_daily.csv"",""line"":6,""date"":""2026-08-02"",""channel"":""DTC"",""sku"":""A"",""actual_filename"":""sales_daily.csv""},{""file"":""sales_daily.csv"",""line"":7,""date"":""2026-08-02"",""channel"":""DTC"",""sku"":""B"",""actual_filename"":""sales_daily.csv""},{""file"":""sales_daily.csv"",""line"":8,""date"":""2026-08-02"",""channel"":""MARKETPLACE"",""sku"":""A"",""actual_filename"":""sales_daily.csv""},{""file"":""sales_daily.csv"",""line"":9,""date"":""2026-08-02"",""channel"":""MARKETPLACE"",""sku"":""B"",""actual_filename"":""sales_daily.csv""}]","{""comparison_mode"":""same_days"",""channels"":[""DTC"",""MARKETPLACE""],""previous_period"":{""start"":""2026-08-01"",""end"":""2026-08-01""},""current_period"":{""start"":""2026-08-02"",""end"":""2026-08-02""}}","action-1-92339086dd83c9a89ae5ac754bdbad2a30c215eb81213211b953451918ebfc48-f9c7f0abe4b1ba3759249887324f30b7d2ac873e7acf82a12c6fa32e19551a3b","",""
"decision-v1","scenario-v1","contribution-v1","golden-v1","92339086dd83c9a89ae5ac754bdbad2a30c215eb81213211b953451918ebfc48","f9c7f0abe4b1ba3759249887324f30b7d2ac873e7acf82a12c6fa32e19551a3b","2026-08-03","TWD","Asia/Taipei","product_amounts_excluding_tax_and_customer_shipping_income","1","current","{""start"":""2026-08-02"",""end"":""2026-08-02""}","{""kind"":""all"",""channels"":[""DTC"",""MARKETPLACE""]}","same_days","1","1","manual_action","61fff7cb-bbdd-4273-b642-c317105e8df6","匯出驗收行動第7項","draft","priority","7","","[""[\""fact\"",\""golden-v1\"",\""2026-08-02\"",\""2026-08-02\"",\""all\"",[\""DTC\"",\""MARKETPLACE\""],null,\""contribution_after_marketing\""]""]","[{""file"":""ad_spend_daily.csv"",""line"":4,""date"":""2026-08-02"",""channel"":""DTC"",""actual_filename"":""ad_spend_daily.csv""},{""file"":""ad_spend_daily.csv"",""line"":5,""date"":""2026-08-02"",""channel"":""MARKETPLACE"",""actual_filename"":""ad_spend_daily.csv""},{""file"":""channel_costs_daily.csv"",""line"":4,""date"":""2026-08-02"",""channel"":""DTC"",""actual_filename"":""channel_costs_daily.csv""},{""file"":""channel_costs_daily.csv"",""line"":5,""date"":""2026-08-02"",""channel"":""MARKETPLACE"",""actual_filename"":""channel_costs_daily.csv""},{""file"":""sales_daily.csv"",""line"":6,""date"":""2026-08-02"",""channel"":""DTC"",""sku"":""A"",""actual_filename"":""sales_daily.csv""},{""file"":""sales_daily.csv"",""line"":7,""date"":""2026-08-02"",""channel"":""DTC"",""sku"":""B"",""actual_filename"":""sales_daily.csv""},{""file"":""sales_daily.csv"",""line"":8,""date"":""2026-08-02"",""channel"":""MARKETPLACE"",""sku"":""A"",""actual_filename"":""sales_daily.csv""},{""file"":""sales_daily.csv"",""line"":9,""date"":""2026-08-02"",""channel"":""MARKETPLACE"",""sku"":""B"",""actual_filename"":""sales_daily.csv""}]","{""comparison_mode"":""same_days"",""channels"":[""DTC"",""MARKETPLACE""],""previous_period"":{""start"":""2026-08-01"",""end"":""2026-08-01""},""current_period"":{""start"":""2026-08-02"",""end"":""2026-08-02""}}","action-1-92339086dd83c9a89ae5ac754bdbad2a30c215eb81213211b953451918ebfc48-f9c7f0abe4b1ba3759249887324f30b7d2ac873e7acf82a12c6fa32e19551a3b","",""
"decision-v1","scenario-v1","contribution-v1","golden-v1","92339086dd83c9a89ae5ac754bdbad2a30c215eb81213211b953451918ebfc48","f9c7f0abe4b1ba3759249887324f30b7d2ac873e7acf82a12c6fa32e19551a3b","2026-08-03","TWD","Asia/Taipei","product_amounts_excluding_tax_and_customer_shipping_income","1","current","{""start"":""2026-08-02"",""end"":""2026-08-02""}","{""kind"":""all"",""channels"":[""DTC"",""MARKETPLACE""]}","same_days","1","1","manual_action","61fff7cb-bbdd-4273-b642-c317105e8df6","匯出驗收行動第7項","draft","pinned","false","","[""[\""fact\"",\""golden-v1\"",\""2026-08-02\"",\""2026-08-02\"",\""all\"",[\""DTC\"",\""MARKETPLACE\""],null,\""contribution_after_marketing\""]""]","[{""file"":""ad_spend_daily.csv"",""line"":4,""date"":""2026-08-02"",""channel"":""DTC"",""actual_filename"":""ad_spend_daily.csv""},{""file"":""ad_spend_daily.csv"",""line"":5,""date"":""2026-08-02"",""channel"":""MARKETPLACE"",""actual_filename"":""ad_spend_daily.csv""},{""file"":""channel_costs_daily.csv"",""line"":4,""date"":""2026-08-02"",""channel"":""DTC"",""actual_filename"":""channel_costs_daily.csv""},{""file"":""channel_costs_daily.csv"",""line"":5,""date"":""2026-08-02"",""channel"":""MARKETPLACE"",""actual_filename"":""channel_costs_daily.csv""},{""file"":""sales_daily.csv"",""line"":6,""date"":""2026-08-02"",""channel"":""DTC"",""sku"":""A"",""actual_filename"":""sales_daily.csv""},{""file"":""sales_daily.csv"",""line"":7,""date"":""2026-08-02"",""channel"":""DTC"",""sku"":""B"",""actual_filename"":""sales_daily.csv""},{""file"":""sales_daily.csv"",""line"":8,""date"":""2026-08-02"",""channel"":""MARKETPLACE"",""sku"":""A"",""actual_filename"":""sales_daily.csv""},{""file"":""sales_daily.csv"",""line"":9,""date"":""2026-08-02"",""channel"":""MARKETPLACE"",""sku"":""B"",""actual_filename"":""sales_daily.csv""}]","{""comparison_mode"":""same_days"",""channels"":[""DTC"",""MARKETPLACE""],""previous_period"":{""start"":""2026-08-01"",""end"":""2026-08-01""},""current_period"":{""start"":""2026-08-02"",""end"":""2026-08-02""}}","action-1-92339086dd83c9a89ae5ac754bdbad2a30c215eb81213211b953451918ebfc48-f9c7f0abe4b1ba3759249887324f30b7d2ac873e7acf82a12c6fa32e19551a3b","",""
"decision-v1","scenario-v1","contribution-v1","golden-v1","92339086dd83c9a89ae5ac754bdbad2a30c215eb81213211b953451918ebfc48","f9c7f0abe4b1ba3759249887324f30b7d2ac873e7acf82a12c6fa32e19551a3b","2026-08-03","TWD","Asia/Taipei","product_amounts_excluding_tax_and_customer_shipping_income","1","current","{""start"":""2026-08-02"",""end"":""2026-08-02""}","{""kind"":""all"",""channels"":[""DTC"",""MARKETPLACE""]}","same_days","1","1","manual_action","61fff7cb-bbdd-4273-b642-c317105e8df6","匯出驗收行動第7項","draft","status","draft","","[""[\""fact\"",\""golden-v1\"",\""2026-08-02\"",\""2026-08-02\"",\""all\"",[\""DTC\"",\""MARKETPLACE\""],null,\""contribution_after_marketing\""]""]","[{""file"":""ad_spend_daily.csv"",""line"":4,""date"":""2026-08-02"",""channel"":""DTC"",""actual_filename"":""ad_spend_daily.csv""},{""file"":""ad_spend_daily.csv"",""line"":5,""date"":""2026-08-02"",""channel"":""MARKETPLACE"",""actual_filename"":""ad_spend_daily.csv""},{""file"":""channel_costs_daily.csv"",""line"":4,""date"":""2026-08-02"",""channel"":""DTC"",""actual_filename"":""channel_costs_daily.csv""},{""file"":""channel_costs_daily.csv"",""line"":5,""date"":""2026-08-02"",""channel"":""MARKETPLACE"",""actual_filename"":""channel_costs_daily.csv""},{""file"":""sales_daily.csv"",""line"":6,""date"":""2026-08-02"",""channel"":""DTC"",""sku"":""A"",""actual_filename"":""sales_daily.csv""},{""file"":""sales_daily.csv"",""line"":7,""date"":""2026-08-02"",""channel"":""DTC"",""sku"":""B"",""actual_filename"":""sales_daily.csv""},{""file"":""sales_daily.csv"",""line"":8,""date"":""2026-08-02"",""channel"":""MARKETPLACE"",""sku"":""A"",""actual_filename"":""sales_daily.csv""},{""file"":""sales_daily.csv"",""line"":9,""date"":""2026-08-02"",""channel"":""MARKETPLACE"",""sku"":""B"",""actual_filename"":""sales_daily.csv""}]","{""comparison_mode"":""same_days"",""channels"":[""DTC"",""MARKETPLACE""],""previous_period"":{""start"":""2026-08-01"",""end"":""2026-08-01""},""current_period"":{""start"":""2026-08-02"",""end"":""2026-08-02""}}","action-1-92339086dd83c9a89ae5ac754bdbad2a30c215eb81213211b953451918ebfc48-f9c7f0abe4b1ba3759249887324f30b7d2ac873e7acf82a12c6fa32e19551a3b","",""
"decision-v1","scenario-v1","contribution-v1","golden-v1","92339086dd83c9a89ae5ac754bdbad2a30c215eb81213211b953451918ebfc48","f9c7f0abe4b1ba3759249887324f30b7d2ac873e7acf82a12c6fa32e19551a3b","2026-08-03","TWD","Asia/Taipei","product_amounts_excluding_tax_and_customer_shipping_income","1","current","{""start"":""2026-08-02"",""end"":""2026-08-02""}","{""kind"":""all"",""channels"":[""DTC"",""MARKETPLACE""]}","same_days","1","1","manual_action","61fff7cb-bbdd-4273-b642-c317105e8df6","匯出驗收行動第7項","draft","execution_status","not_started","","[""[\""fact\"",\""golden-v1\"",\""2026-08-02\"",\""2026-08-02\"",\""all\"",[\""DTC\"",\""MARKETPLACE\""],null,\""contribution_after_marketing\""]""]","[{""file"":""ad_spend_daily.csv"",""line"":4,""date"":""2026-08-02"",""channel"":""DTC"",""actual_filename"":""ad_spend_daily.csv""},{""file"":""ad_spend_daily.csv"",""line"":5,""date"":""2026-08-02"",""channel"":""MARKETPLACE"",""actual_filename"":""ad_spend_daily.csv""},{""file"":""channel_costs_daily.csv"",""line"":4,""date"":""2026-08-02"",""channel"":""DTC"",""actual_filename"":""channel_costs_daily.csv""},{""file"":""channel_costs_daily.csv"",""line"":5,""date"":""2026-08-02"",""channel"":""MARKETPLACE"",""actual_filename"":""channel_costs_daily.csv""},{""file"":""sales_daily.csv"",""line"":6,""date"":""2026-08-02"",""channel"":""DTC"",""sku"":""A"",""actual_filename"":""sales_daily.csv""},{""file"":""sales_daily.csv"",""line"":7,""date"":""2026-08-02"",""channel"":""DTC"",""sku"":""B"",""actual_filename"":""sales_daily.csv""},{""file"":""sales_daily.csv"",""line"":8,""date"":""2026-08-02"",""channel"":""MARKETPLACE"",""sku"":""A"",""actual_filename"":""sales_daily.csv""},{""file"":""sales_daily.csv"",""line"":9,""date"":""2026-08-02"",""channel"":""MARKETPLACE"",""sku"":""B"",""actual_filename"":""sales_daily.csv""}]","{""comparison_mode"":""same_days"",""channels"":[""DTC"",""MARKETPLACE""],""previous_period"":{""start"":""2026-08-01"",""end"":""2026-08-01""},""current_period"":{""start"":""2026-08-02"",""end"":""2026-08-02""}}","action-1-92339086dd83c9a89ae5ac754bdbad2a30c215eb81213211b953451918ebfc48-f9c7f0abe4b1ba3759249887324f30b7d2ac873e7acf82a12c6fa32e19551a3b","",""
"decision-v1","scenario-v1","contribution-v1","golden-v1","92339086dd83c9a89ae5ac754bdbad2a30c215eb81213211b953451918ebfc48","f9c7f0abe4b1ba3759249887324f30b7d2ac873e7acf82a12c6fa32e19551a3b","2026-08-03","TWD","Asia/Taipei","product_amounts_excluding_tax_and_customer_shipping_income","1","current","{""start"":""2026-08-02"",""end"":""2026-08-02""}","{""kind"":""all"",""channels"":[""DTC"",""MARKETPLACE""]}","same_days","1","1","manual_action","61fff7cb-bbdd-4273-b642-c317105e8df6","匯出驗收行動第7項","draft","progress_notes","","","[""[\""fact\"",\""golden-v1\"",\""2026-08-02\"",\""2026-08-02\"",\""all\"",[\""DTC\"",\""MARKETPLACE\""],null,\""contribution_after_marketing\""]""]","[{""file"":""ad_spend_daily.csv"",""line"":4,""date"":""2026-08-02"",""channel"":""DTC"",""actual_filename"":""ad_spend_daily.csv""},{""file"":""ad_spend_daily.csv"",""line"":5,""date"":""2026-08-02"",""channel"":""MARKETPLACE"",""actual_filename"":""ad_spend_daily.csv""},{""file"":""channel_costs_daily.csv"",""line"":4,""date"":""2026-08-02"",""channel"":""DTC"",""actual_filename"":""channel_costs_daily.csv""},{""file"":""channel_costs_daily.csv"",""line"":5,""date"":""2026-08-02"",""channel"":""MARKETPLACE"",""actual_filename"":""channel_costs_daily.csv""},{""file"":""sales_daily.csv"",""line"":6,""date"":""2026-08-02"",""channel"":""DTC"",""sku"":""A"",""actual_filename"":""sales_daily.csv""},{""file"":""sales_daily.csv"",""line"":7,""date"":""2026-08-02"",""channel"":""DTC"",""sku"":""B"",""actual_filename"":""sales_daily.csv""},{""file"":""sales_daily.csv"",""line"":8,""date"":""2026-08-02"",""channel"":""MARKETPLACE"",""sku"":""A"",""actual_filename"":""sales_daily.csv""},{""file"":""sales_daily.csv"",""line"":9,""date"":""2026-08-02"",""channel"":""MARKETPLACE"",""sku"":""B"",""actual_filename"":""sales_daily.csv""}]","{""comparison_mode"":""same_days"",""channels"":[""DTC"",""MARKETPLACE""],""previous_period"":{""start"":""2026-08-01"",""end"":""2026-08-01""},""current_period"":{""start"":""2026-08-02"",""end"":""2026-08-02""}}","action-1-92339086dd83c9a89ae5ac754bdbad2a30c215eb81213211b953451918ebfc48-f9c7f0abe4b1ba3759249887324f30b7d2ac873e7acf82a12c6fa32e19551a3b","",""
"decision-v1","scenario-v1","contribution-v1","golden-v1","92339086dd83c9a89ae5ac754bdbad2a30c215eb81213211b953451918ebfc48","f9c7f0abe4b1ba3759249887324f30b7d2ac873e7acf82a12c6fa32e19551a3b","2026-08-03","TWD","Asia/Taipei","product_amounts_excluding_tax_and_customer_shipping_income","1","current","{""start"":""2026-08-02"",""end"":""2026-08-02""}","{""kind"":""all"",""channels"":[""DTC"",""MARKETPLACE""]}","same_days","1","1","manual_action","61fff7cb-bbdd-4273-b642-c317105e8df6","匯出驗收行動第7項","draft","evidence_review_required","false","","[""[\""fact\"",\""golden-v1\"",\""2026-08-02\"",\""2026-08-02\"",\""all\"",[\""DTC\"",\""MARKETPLACE\""],null,\""contribution_after_marketing\""]""]","[{""file"":""ad_spend_daily.csv"",""line"":4,""date"":""2026-08-02"",""channel"":""DTC"",""actual_filename"":""ad_spend_daily.csv""},{""file"":""ad_spend_daily.csv"",""line"":5,""date"":""2026-08-02"",""channel"":""MARKETPLACE"",""actual_filename"":""ad_spend_daily.csv""},{""file"":""channel_costs_daily.csv"",""line"":4,""date"":""2026-08-02"",""channel"":""DTC"",""actual_filename"":""channel_costs_daily.csv""},{""file"":""channel_costs_daily.csv"",""line"":5,""date"":""2026-08-02"",""channel"":""MARKETPLACE"",""actual_filename"":""channel_costs_daily.csv""},{""file"":""sales_daily.csv"",""line"":6,""date"":""2026-08-02"",""channel"":""DTC"",""sku"":""A"",""actual_filename"":""sales_daily.csv""},{""file"":""sales_daily.csv"",""line"":7,""date"":""2026-08-02"",""channel"":""DTC"",""sku"":""B"",""actual_filename"":""sales_daily.csv""},{""file"":""sales_daily.csv"",""line"":8,""date"":""2026-08-02"",""channel"":""MARKETPLACE"",""sku"":""A"",""actual_filename"":""sales_daily.csv""},{""file"":""sales_daily.csv"",""line"":9,""date"":""2026-08-02"",""channel"":""MARKETPLACE"",""sku"":""B"",""actual_filename"":""sales_daily.csv""}]","{""comparison_mode"":""same_days"",""channels"":[""DTC"",""MARKETPLACE""],""previous_period"":{""start"":""2026-08-01"",""end"":""2026-08-01""},""current_period"":{""start"":""2026-08-02"",""end"":""2026-08-02""}}","action-1-92339086dd83c9a89ae5ac754bdbad2a30c215eb81213211b953451918ebfc48-f9c7f0abe4b1ba3759249887324f30b7d2ac873e7acf82a12c6fa32e19551a3b","",""
"decision-v1","scenario-v1","contribution-v1","golden-v1","92339086dd83c9a89ae5ac754bdbad2a30c215eb81213211b953451918ebfc48","f9c7f0abe4b1ba3759249887324f30b7d2ac873e7acf82a12c6fa32e19551a3b","2026-08-03","TWD","Asia/Taipei","product_amounts_excluding_tax_and_customer_shipping_income","1","current","{""start"":""2026-08-02"",""end"":""2026-08-02""}","{""kind"":""all"",""channels"":[""DTC"",""MARKETPLACE""]}","same_days","1","1","manual_action","61fff7cb-bbdd-4273-b642-c317105e8df6","匯出驗收行動第7項","draft","evidence_relation","current","","[""[\""fact\"",\""golden-v1\"",\""2026-08-02\"",\""2026-08-02\"",\""all\"",[\""DTC\"",\""MARKETPLACE\""],null,\""contribution_after_marketing\""]""]","[{""file"":""ad_spend_daily.csv"",""line"":4,""date"":""2026-08-02"",""channel"":""DTC"",""actual_filename"":""ad_spend_daily.csv""},{""file"":""ad_spend_daily.csv"",""line"":5,""date"":""2026-08-02"",""channel"":""MARKETPLACE"",""actual_filename"":""ad_spend_daily.csv""},{""file"":""channel_costs_daily.csv"",""line"":4,""date"":""2026-08-02"",""channel"":""DTC"",""actual_filename"":""channel_costs_daily.csv""},{""file"":""channel_costs_daily.csv"",""line"":5,""date"":""2026-08-02"",""channel"":""MARKETPLACE"",""actual_filename"":""channel_costs_daily.csv""},{""file"":""sales_daily.csv"",""line"":6,""date"":""2026-08-02"",""channel"":""DTC"",""sku"":""A"",""actual_filename"":""sales_daily.csv""},{""file"":""sales_daily.csv"",""line"":7,""date"":""2026-08-02"",""channel"":""DTC"",""sku"":""B"",""actual_filename"":""sales_daily.csv""},{""file"":""sales_daily.csv"",""line"":8,""date"":""2026-08-02"",""channel"":""MARKETPLACE"",""sku"":""A"",""actual_filename"":""sales_daily.csv""},{""file"":""sales_daily.csv"",""line"":9,""date"":""2026-08-02"",""channel"":""MARKETPLACE"",""sku"":""B"",""actual_filename"":""sales_daily.csv""}]","{""comparison_mode"":""same_days"",""channels"":[""DTC"",""MARKETPLACE""],""previous_period"":{""start"":""2026-08-01"",""end"":""2026-08-01""},""current_period"":{""start"":""2026-08-02"",""end"":""2026-08-02""}}","action-1-92339086dd83c9a89ae5ac754bdbad2a30c215eb81213211b953451918ebfc48-f9c7f0abe4b1ba3759249887324f30b7d2ac873e7acf82a12c6fa32e19551a3b","",""
"decision-v1","scenario-v1","contribution-v1","golden-v1","92339086dd83c9a89ae5ac754bdbad2a30c215eb81213211b953451918ebfc48","f9c7f0abe4b1ba3759249887324f30b7d2ac873e7acf82a12c6fa32e19551a3b","2026-08-03","TWD","Asia/Taipei","product_amounts_excluding_tax_and_customer_shipping_income","1","current","{""start"":""2026-08-02"",""end"":""2026-08-02""}","{""kind"":""all"",""channels"":[""DTC"",""MARKETPLACE""]}","same_days","1","1","manual_action","61fff7cb-bbdd-4273-b642-c317105e8df6","匯出驗收行動第7項","draft","data_limitations","[]","","[""[\""fact\"",\""golden-v1\"",\""2026-08-02\"",\""2026-08-02\"",\""all\"",[\""DTC\"",\""MARKETPLACE\""],null,\""contribution_after_marketing\""]""]","[{""file"":""ad_spend_daily.csv"",""line"":4,""date"":""2026-08-02"",""channel"":""DTC"",""actual_filename"":""ad_spend_daily.csv""},{""file"":""ad_spend_daily.csv"",""line"":5,""date"":""2026-08-02"",""channel"":""MARKETPLACE"",""actual_filename"":""ad_spend_daily.csv""},{""file"":""channel_costs_daily.csv"",""line"":4,""date"":""2026-08-02"",""channel"":""DTC"",""actual_filename"":""channel_costs_daily.csv""},{""file"":""channel_costs_daily.csv"",""line"":5,""date"":""2026-08-02"",""channel"":""MARKETPLACE"",""actual_filename"":""channel_costs_daily.csv""},{""file"":""sales_daily.csv"",""line"":6,""date"":""2026-08-02"",""channel"":""DTC"",""sku"":""A"",""actual_filename"":""sales_daily.csv""},{""file"":""sales_daily.csv"",""line"":7,""date"":""2026-08-02"",""channel"":""DTC"",""sku"":""B"",""actual_filename"":""sales_daily.csv""},{""file"":""sales_daily.csv"",""line"":8,""date"":""2026-08-02"",""channel"":""MARKETPLACE"",""sku"":""A"",""actual_filename"":""sales_daily.csv""},{""file"":""sales_daily.csv"",""line"":9,""date"":""2026-08-02"",""channel"":""MARKETPLACE"",""sku"":""B"",""actual_filename"":""sales_daily.csv""}]","{""comparison_mode"":""same_days"",""channels"":[""DTC"",""MARKETPLACE""],""previous_period"":{""start"":""2026-08-01"",""end"":""2026-08-01""},""current_period"":{""start"":""2026-08-02"",""end"":""2026-08-02""}}","action-1-92339086dd83c9a89ae5ac754bdbad2a30c215eb81213211b953451918ebfc48-f9c7f0abe4b1ba3759249887324f30b7d2ac873e7acf82a12c6fa32e19551a3b","",""
"decision-v1","scenario-v1","contribution-v1","golden-v1","92339086dd83c9a89ae5ac754bdbad2a30c215eb81213211b953451918ebfc48","f9c7f0abe4b1ba3759249887324f30b7d2ac873e7acf82a12c6fa32e19551a3b","2026-08-03","TWD","Asia/Taipei","product_amounts_excluding_tax_and_customer_shipping_income","1","current","{""start"":""2026-08-02"",""end"":""2026-08-02""}","{""kind"":""all"",""channels"":[""DTC"",""MARKETPLACE""]}","same_days","1","1","manual_action","61fff7cb-bbdd-4273-b642-c317105e8df6","匯出驗收行動第7項","draft","diagnostic_id","null","","[""[\""fact\"",\""golden-v1\"",\""2026-08-02\"",\""2026-08-02\"",\""all\"",[\""DTC\"",\""MARKETPLACE\""],null,\""contribution_after_marketing\""]""]","[{""file"":""ad_spend_daily.csv"",""line"":4,""date"":""2026-08-02"",""channel"":""DTC"",""actual_filename"":""ad_spend_daily.csv""},{""file"":""ad_spend_daily.csv"",""line"":5,""date"":""2026-08-02"",""channel"":""MARKETPLACE"",""actual_filename"":""ad_spend_daily.csv""},{""file"":""channel_costs_daily.csv"",""line"":4,""date"":""2026-08-02"",""channel"":""DTC"",""actual_filename"":""channel_costs_daily.csv""},{""file"":""channel_costs_daily.csv"",""line"":5,""date"":""2026-08-02"",""channel"":""MARKETPLACE"",""actual_filename"":""channel_costs_daily.csv""},{""file"":""sales_daily.csv"",""line"":6,""date"":""2026-08-02"",""channel"":""DTC"",""sku"":""A"",""actual_filename"":""sales_daily.csv""},{""file"":""sales_daily.csv"",""line"":7,""date"":""2026-08-02"",""channel"":""DTC"",""sku"":""B"",""actual_filename"":""sales_daily.csv""},{""file"":""sales_daily.csv"",""line"":8,""date"":""2026-08-02"",""channel"":""MARKETPLACE"",""sku"":""A"",""actual_filename"":""sales_daily.csv""},{""file"":""sales_daily.csv"",""line"":9,""date"":""2026-08-02"",""channel"":""MARKETPLACE"",""sku"":""B"",""actual_filename"":""sales_daily.csv""}]","{""comparison_mode"":""same_days"",""channels"":[""DTC"",""MARKETPLACE""],""previous_period"":{""start"":""2026-08-01"",""end"":""2026-08-01""},""current_period"":{""start"":""2026-08-02"",""end"":""2026-08-02""}}","action-1-92339086dd83c9a89ae5ac754bdbad2a30c215eb81213211b953451918ebfc48-f9c7f0abe4b1ba3759249887324f30b7d2ac873e7acf82a12c6fa32e19551a3b","",""
"decision-v1","scenario-v1","contribution-v1","golden-v1","92339086dd83c9a89ae5ac754bdbad2a30c215eb81213211b953451918ebfc48","f9c7f0abe4b1ba3759249887324f30b7d2ac873e7acf82a12c6fa32e19551a3b","2026-08-03","TWD","Asia/Taipei","product_amounts_excluding_tax_and_customer_shipping_income","1","current","{""start"":""2026-08-02"",""end"":""2026-08-02""}","{""kind"":""all"",""channels"":[""DTC"",""MARKETPLACE""]}","same_days","1","1","manual_action","61fff7cb-bbdd-4273-b642-c317105e8df6","匯出驗收行動第7項","draft","binding_revision","2","","[""[\""fact\"",\""golden-v1\"",\""2026-08-02\"",\""2026-08-02\"",\""all\"",[\""DTC\"",\""MARKETPLACE\""],null,\""contribution_after_marketing\""]""]","[{""file"":""ad_spend_daily.csv"",""line"":4,""date"":""2026-08-02"",""channel"":""DTC"",""actual_filename"":""ad_spend_daily.csv""},{""file"":""ad_spend_daily.csv"",""line"":5,""date"":""2026-08-02"",""channel"":""MARKETPLACE"",""actual_filename"":""ad_spend_daily.csv""},{""file"":""channel_costs_daily.csv"",""line"":4,""date"":""2026-08-02"",""channel"":""DTC"",""actual_filename"":""channel_costs_daily.csv""},{""file"":""channel_costs_daily.csv"",""line"":5,""date"":""2026-08-02"",""channel"":""MARKETPLACE"",""actual_filename"":""channel_costs_daily.csv""},{""file"":""sales_daily.csv"",""line"":6,""date"":""2026-08-02"",""channel"":""DTC"",""sku"":""A"",""actual_filename"":""sales_daily.csv""},{""file"":""sales_daily.csv"",""line"":7,""date"":""2026-08-02"",""channel"":""DTC"",""sku"":""B"",""actual_filename"":""sales_daily.csv""},{""file"":""sales_daily.csv"",""line"":8,""date"":""2026-08-02"",""channel"":""MARKETPLACE"",""sku"":""A"",""actual_filename"":""sales_daily.csv""},{""file"":""sales_daily.csv"",""line"":9,""date"":""2026-08-02"",""channel"":""MARKETPLACE"",""sku"":""B"",""actual_filename"":""sales_daily.csv""}]","{""comparison_mode"":""same_days"",""channels"":[""DTC"",""MARKETPLACE""],""previous_period"":{""start"":""2026-08-01"",""end"":""2026-08-01""},""current_period"":{""start"":""2026-08-02"",""end"":""2026-08-02""}}","action-1-92339086dd83c9a89ae5ac754bdbad2a30c215eb81213211b953451918ebfc48-f9c7f0abe4b1ba3759249887324f30b7d2ac873e7acf82a12c6fa32e19551a3b","",""
"decision-v1","scenario-v1","contribution-v1","golden-v1","92339086dd83c9a89ae5ac754bdbad2a30c215eb81213211b953451918ebfc48","f9c7f0abe4b1ba3759249887324f30b7d2ac873e7acf82a12c6fa32e19551a3b","2026-08-03","TWD","Asia/Taipei","product_amounts_excluding_tax_and_customer_shipping_income","1","current","{""start"":""2026-08-02"",""end"":""2026-08-02""}","{""kind"":""all"",""channels"":[""DTC"",""MARKETPLACE""]}","same_days","1","1","manual_action","61fff7cb-bbdd-4273-b642-c317105e8df6","匯出驗收行動第7項","draft","binding_history","[{""revision"":1,""context_id"":""action-1-92339086dd83c9a89ae5ac754bdbad2a30c215eb81213211b953451918ebfc48-f9c7f0abe4b1ba3759249887324f30b7d2ac873e7acf82a12c6fa32e19551a3b"",""scope"":{""kind"":""all"",""channels"":[""DTC"",""MARKETPLACE""]},""fact_ids"":[],""evidence_confirmed"":false,""legacy_review_required"":false,""evidence"":[],""dataset_id"":""golden-v1"",""dataset_hash"":""92339086dd83c9a89ae5ac754bdbad2a30c215eb81213211b953451918ebfc48"",""filter_hash"":""f9c7f0abe4b1ba3759249887324f30b7d2ac873e7acf82a12c6fa32e19551a3b"",""metric_version"":""contribution-v1"",""data_as_of"":""2026-08-03"",""period"":{""start"":""2026-08-02"",""end"":""2026-08-02""},""analysis_scope"":{""comparison_mode"":""same_days"",""channels"":[""DTC"",""MARKETPLACE""],""previous_period"":{""start"":""2026-08-01"",""end"":""2026-08-01""},""current_period"":{""start"":""2026-08-02"",""end"":""2026-08-02""}},""filenames"":{}}]","","[""[\""fact\"",\""golden-v1\"",\""2026-08-02\"",\""2026-08-02\"",\""all\"",[\""DTC\"",\""MARKETPLACE\""],null,\""contribution_after_marketing\""]""]","[{""file"":""ad_spend_daily.csv"",""line"":4,""date"":""2026-08-02"",""channel"":""DTC"",""actual_filename"":""ad_spend_daily.csv""},{""file"":""ad_spend_daily.csv"",""line"":5,""date"":""2026-08-02"",""channel"":""MARKETPLACE"",""actual_filename"":""ad_spend_daily.csv""},{""file"":""channel_costs_daily.csv"",""line"":4,""date"":""2026-08-02"",""channel"":""DTC"",""actual_filename"":""channel_costs_daily.csv""},{""file"":""channel_costs_daily.csv"",""line"":5,""date"":""2026-08-02"",""channel"":""MARKETPLACE"",""actual_filename"":""channel_costs_daily.csv""},{""file"":""sales_daily.csv"",""line"":6,""date"":""2026-08-02"",""channel"":""DTC"",""sku"":""A"",""actual_filename"":""sales_daily.csv""},{""file"":""sales_daily.csv"",""line"":7,""date"":""2026-08-02"",""channel"":""DTC"",""sku"":""B"",""actual_filename"":""sales_daily.csv""},{""file"":""sales_daily.csv"",""line"":8,""date"":""2026-08-02"",""channel"":""MARKETPLACE"",""sku"":""A"",""actual_filename"":""sales_daily.csv""},{""file"":""sales_daily.csv"",""line"":9,""date"":""2026-08-02"",""channel"":""MARKETPLACE"",""sku"":""B"",""actual_filename"":""sales_daily.csv""}]","{""comparison_mode"":""same_days"",""channels"":[""DTC"",""MARKETPLACE""],""previous_period"":{""start"":""2026-08-01"",""end"":""2026-08-01""},""current_period"":{""start"":""2026-08-02"",""end"":""2026-08-02""}}","action-1-92339086dd83c9a89ae5ac754bdbad2a30c215eb81213211b953451918ebfc48-f9c7f0abe4b1ba3759249887324f30b7d2ac873e7acf82a12c6fa32e19551a3b","",""
"decision-v1","scenario-v1","contribution-v1","golden-v1","92339086dd83c9a89ae5ac754bdbad2a30c215eb81213211b953451918ebfc48","f9c7f0abe4b1ba3759249887324f30b7d2ac873e7acf82a12c6fa32e19551a3b","2026-08-03","TWD","Asia/Taipei","product_amounts_excluding_tax_and_customer_shipping_income","1","current","{""start"":""2026-08-02"",""end"":""2026-08-02""}","{""kind"":""all"",""channels"":[""DTC"",""MARKETPLACE""]}","same_days","1","1","manual_action","61fff7cb-bbdd-4273-b642-c317105e8df6","匯出驗收行動第7項","draft","binding","{""context_id"":""action-1-92339086dd83c9a89ae5ac754bdbad2a30c215eb81213211b953451918ebfc48-f9c7f0abe4b1ba3759249887324f30b7d2ac873e7acf82a12c6fa32e19551a3b"",""status"":""current"",""dataset_id"":""golden-v1"",""dataset_hash"":""92339086dd83c9a89ae5ac754bdbad2a30c215eb81213211b953451918ebfc48"",""filter_hash"":""f9c7f0abe4b1ba3759249887324f30b7d2ac873e7acf82a12c6fa32e19551a3b"",""metric_version"":""contribution-v1"",""data_as_of"":""2026-08-03"",""revision"":1,""period"":{""start"":""2026-08-02"",""end"":""2026-08-02""},""scope"":{""kind"":""all"",""channels"":[""DTC"",""MARKETPLACE""]},""analysis_scope"":{""comparison_mode"":""same_days"",""channels"":[""DTC"",""MARKETPLACE""],""previous_period"":{""start"":""2026-08-01"",""end"":""2026-08-01""},""current_period"":{""start"":""2026-08-02"",""end"":""2026-08-02""}},""comparison"":{""mode"":""same_days"",""previous_days"":1,""current_days"":1,""previous_daily_average"":{""gross_sales"":{""value"":""2500.00"",""reason_codes"":[]},""discounts"":{""value"":""200.00"",""reason_codes"":[]},""refunds"":{""value"":""50.00"",""reason_codes"":[]},""cogs_net"":{""value"":""1050.00"",""reason_codes"":[]},""platform_fees"":{""value"":""90.00"",""reason_codes"":[]},""payment_fees"":{""value"":""60.00"",""reason_codes"":[]},""fulfillment_costs"":{""value"":""160.00"",""reason_codes"":[]},""other_variable_costs"":{""value"":""20.00"",""reason_codes"":[]},""ad_spend"":{""value"":""300.00"",""reason_codes"":[]},""net_revenue"":{""value"":""2250.00"",""reason_codes"":[]},""gross_profit"":{""value"":""1200.00"",""reason_codes"":[]},""contribution_before_marketing"":{""value"":""870.00"",""reason_codes"":[]},""contribution_after_marketing"":{""value"":""570.00"",""reason_codes"":[]}},""current_daily_average"":{""gross_sales"":{""value"":""3100.00"",""reason_codes"":[]},""discounts"":{""value"":""450.00"",""reason_codes"":[]},""refunds"":{""value"":""180.00"",""reason_codes"":[]},""cogs_net"":{""value"":""1325.00"",""reason_codes"":[]},""platform_fees"":{""value"":""120.00"",""reason_codes"":[]},""payment_fees"":{""value"":""66.00"",""reason_codes"":[]},""fulfillment_costs"":{""value"":""225.00"",""reason_codes"":[]},""other_variable_costs"":{""value"":""29.00"",""reason_codes"":[]},""ad_spend"":{""value"":""450.00"",""reason_codes"":[]},""net_revenue"":{""value"":""2470.00"",""reason_codes"":[]},""gross_profit"":{""value"":""1145.00"",""reason_codes"":[]},""contribution_before_marketing"":{""value"":""705.00"",""reason_codes"":[]},""contribution_after_marketing"":{""value"":""255.00"",""reason_codes"":[]}},""daily_average_changes"":{""gross_sales"":{""value"":""600.00"",""reason_codes"":[]},""discounts"":{""value"":""250.00"",""reason_codes"":[]},""refunds"":{""value"":""130.00"",""reason_codes"":[]},""cogs_net"":{""value"":""275.00"",""reason_codes"":[]},""platform_fees"":{""value"":""30.00"",""reason_codes"":[]},""payment_fees"":{""value"":""6.00"",""reason_codes"":[]},""fulfillment_costs"":{""value"":""65.00"",""reason_codes"":[]},""other_variable_costs"":{""value"":""9.00"",""reason_codes"":[]},""ad_spend"":{""value"":""150.00"",""reason_codes"":[]},""net_revenue"":{""value"":""220.00"",""reason_codes"":[]},""gross_profit"":{""value"":""-55.00"",""reason_codes"":[]},""contribution_before_marketing"":{""value"":""-165.00"",""reason_codes"":[]},""contribution_after_marketing"":{""value"":""-315.00"",""reason_codes"":[]}}},""filenames"":{},""stale_reasons"":[]}","","[""[\""fact\"",\""golden-v1\"",\""2026-08-02\"",\""2026-08-02\"",\""all\"",[\""DTC\"",\""MARKETPLACE\""],null,\""contribution_after_marketing\""]""]","[{""file"":""ad_spend_daily.csv"",""line"":4,""date"":""2026-08-02"",""channel"":""DTC"",""actual_filename"":""ad_spend_daily.csv""},{""file"":""ad_spend_daily.csv"",""line"":5,""date"":""2026-08-02"",""channel"":""MARKETPLACE"",""actual_filename"":""ad_spend_daily.csv""},{""file"":""channel_costs_daily.csv"",""line"":4,""date"":""2026-08-02"",""channel"":""DTC"",""actual_filename"":""channel_costs_daily.csv""},{""file"":""channel_costs_daily.csv"",""line"":5,""date"":""2026-08-02"",""channel"":""MARKETPLACE"",""actual_filename"":""channel_costs_daily.csv""},{""file"":""sales_daily.csv"",""line"":6,""date"":""2026-08-02"",""channel"":""DTC"",""sku"":""A"",""actual_filename"":""sales_daily.csv""},{""file"":""sales_daily.csv"",""line"":7,""date"":""2026-08-02"",""channel"":""DTC"",""sku"":""B"",""actual_filename"":""sales_daily.csv""},{""file"":""sales_daily.csv"",""line"":8,""date"":""2026-08-02"",""channel"":""MARKETPLACE"",""sku"":""A"",""actual_filename"":""sales_daily.csv""},{""file"":""sales_daily.csv"",""line"":9,""date"":""2026-08-02"",""channel"":""MARKETPLACE"",""sku"":""B"",""actual_filename"":""sales_daily.csv""}]","{""comparison_mode"":""same_days"",""channels"":[""DTC"",""MARKETPLACE""],""previous_period"":{""start"":""2026-08-01"",""end"":""2026-08-01""},""current_period"":{""start"":""2026-08-02"",""end"":""2026-08-02""}}","action-1-92339086dd83c9a89ae5ac754bdbad2a30c215eb81213211b953451918ebfc48-f9c7f0abe4b1ba3759249887324f30b7d2ac873e7acf82a12c6fa32e19551a3b","",""
"decision-v1","scenario-v1","contribution-v1","golden-v1","92339086dd83c9a89ae5ac754bdbad2a30c215eb81213211b953451918ebfc48","f9c7f0abe4b1ba3759249887324f30b7d2ac873e7acf82a12c6fa32e19551a3b","2026-08-03","TWD","Asia/Taipei","product_amounts_excluding_tax_and_customer_shipping_income","1","current","{""start"":""2026-08-02"",""end"":""2026-08-02""}","{""kind"":""all"",""channels"":[""DTC"",""MARKETPLACE""]}","same_days","1","1","action_fact","61fff7cb-bbdd-4273-b642-c317105e8df6","匯出驗收行動第7項","draft","contribution_after_marketing","255.00","[]","[""[\""fact\"",\""golden-v1\"",\""2026-08-02\"",\""2026-08-02\"",\""all\"",[\""DTC\"",\""MARKETPLACE\""],null,\""contribution_after_marketing\""]""]","[{""file"":""ad_spend_daily.csv"",""line"":4,""date"":""2026-08-02"",""channel"":""DTC"",""actual_filename"":""ad_spend_daily.csv""},{""file"":""ad_spend_daily.csv"",""line"":5,""date"":""2026-08-02"",""channel"":""MARKETPLACE"",""actual_filename"":""ad_spend_daily.csv""},{""file"":""channel_costs_daily.csv"",""line"":4,""date"":""2026-08-02"",""channel"":""DTC"",""actual_filename"":""channel_costs_daily.csv""},{""file"":""channel_costs_daily.csv"",""line"":5,""date"":""2026-08-02"",""channel"":""MARKETPLACE"",""actual_filename"":""channel_costs_daily.csv""},{""file"":""sales_daily.csv"",""line"":6,""date"":""2026-08-02"",""channel"":""DTC"",""sku"":""A"",""actual_filename"":""sales_daily.csv""},{""file"":""sales_daily.csv"",""line"":7,""date"":""2026-08-02"",""channel"":""DTC"",""sku"":""B"",""actual_filename"":""sales_daily.csv""},{""file"":""sales_daily.csv"",""line"":8,""date"":""2026-08-02"",""channel"":""MARKETPLACE"",""sku"":""A"",""actual_filename"":""sales_daily.csv""},{""file"":""sales_daily.csv"",""line"":9,""date"":""2026-08-02"",""channel"":""MARKETPLACE"",""sku"":""B"",""actual_filename"":""sales_daily.csv""}]","{""comparison_mode"":""same_days"",""channels"":[""DTC"",""MARKETPLACE""],""previous_period"":{""start"":""2026-08-01"",""end"":""2026-08-01""},""current_period"":{""start"":""2026-08-02"",""end"":""2026-08-02""}}","action-1-92339086dd83c9a89ae5ac754bdbad2a30c215eb81213211b953451918ebfc48-f9c7f0abe4b1ba3759249887324f30b7d2ac873e7acf82a12c6fa32e19551a3b","",""
"decision-v1","scenario-v1","contribution-v1","golden-v1","92339086dd83c9a89ae5ac754bdbad2a30c215eb81213211b953451918ebfc48","f9c7f0abe4b1ba3759249887324f30b7d2ac873e7acf82a12c6fa32e19551a3b","2026-08-03","TWD","Asia/Taipei","product_amounts_excluding_tax_and_customer_shipping_income","1","current","{""start"":""2026-08-02"",""end"":""2026-08-02""}","{""kind"":""all"",""channels"":[""DTC"",""MARKETPLACE""]}","same_days","1","1","manual_action","8acb2363-594a-4a7d-98a4-37c61a2a596b","匯出驗收行動第8項","draft","id","8acb2363-594a-4a7d-98a4-37c61a2a596b","","[""[\""fact\"",\""golden-v1\"",\""2026-08-02\"",\""2026-08-02\"",\""all\"",[\""DTC\"",\""MARKETPLACE\""],null,\""contribution_after_marketing\""]""]","[{""file"":""ad_spend_daily.csv"",""line"":4,""date"":""2026-08-02"",""channel"":""DTC"",""actual_filename"":""ad_spend_daily.csv""},{""file"":""ad_spend_daily.csv"",""line"":5,""date"":""2026-08-02"",""channel"":""MARKETPLACE"",""actual_filename"":""ad_spend_daily.csv""},{""file"":""channel_costs_daily.csv"",""line"":4,""date"":""2026-08-02"",""channel"":""DTC"",""actual_filename"":""channel_costs_daily.csv""},{""file"":""channel_costs_daily.csv"",""line"":5,""date"":""2026-08-02"",""channel"":""MARKETPLACE"",""actual_filename"":""channel_costs_daily.csv""},{""file"":""sales_daily.csv"",""line"":6,""date"":""2026-08-02"",""channel"":""DTC"",""sku"":""A"",""actual_filename"":""sales_daily.csv""},{""file"":""sales_daily.csv"",""line"":7,""date"":""2026-08-02"",""channel"":""DTC"",""sku"":""B"",""actual_filename"":""sales_daily.csv""},{""file"":""sales_daily.csv"",""line"":8,""date"":""2026-08-02"",""channel"":""MARKETPLACE"",""sku"":""A"",""actual_filename"":""sales_daily.csv""},{""file"":""sales_daily.csv"",""line"":9,""date"":""2026-08-02"",""channel"":""MARKETPLACE"",""sku"":""B"",""actual_filename"":""sales_daily.csv""}]","{""comparison_mode"":""same_days"",""channels"":[""DTC"",""MARKETPLACE""],""previous_period"":{""start"":""2026-08-01"",""end"":""2026-08-01""},""current_period"":{""start"":""2026-08-02"",""end"":""2026-08-02""}}","action-1-92339086dd83c9a89ae5ac754bdbad2a30c215eb81213211b953451918ebfc48-f9c7f0abe4b1ba3759249887324f30b7d2ac873e7acf82a12c6fa32e19551a3b","",""
"decision-v1","scenario-v1","contribution-v1","golden-v1","92339086dd83c9a89ae5ac754bdbad2a30c215eb81213211b953451918ebfc48","f9c7f0abe4b1ba3759249887324f30b7d2ac873e7acf82a12c6fa32e19551a3b","2026-08-03","TWD","Asia/Taipei","product_amounts_excluding_tax_and_customer_shipping_income","1","current","{""start"":""2026-08-02"",""end"":""2026-08-02""}","{""kind"":""all"",""channels"":[""DTC"",""MARKETPLACE""]}","same_days","1","1","manual_action","8acb2363-594a-4a7d-98a4-37c61a2a596b","匯出驗收行動第8項","draft","problem","匯出驗收行動第8項","","[""[\""fact\"",\""golden-v1\"",\""2026-08-02\"",\""2026-08-02\"",\""all\"",[\""DTC\"",\""MARKETPLACE\""],null,\""contribution_after_marketing\""]""]","[{""file"":""ad_spend_daily.csv"",""line"":4,""date"":""2026-08-02"",""channel"":""DTC"",""actual_filename"":""ad_spend_daily.csv""},{""file"":""ad_spend_daily.csv"",""line"":5,""date"":""2026-08-02"",""channel"":""MARKETPLACE"",""actual_filename"":""ad_spend_daily.csv""},{""file"":""channel_costs_daily.csv"",""line"":4,""date"":""2026-08-02"",""channel"":""DTC"",""actual_filename"":""channel_costs_daily.csv""},{""file"":""channel_costs_daily.csv"",""line"":5,""date"":""2026-08-02"",""channel"":""MARKETPLACE"",""actual_filename"":""channel_costs_daily.csv""},{""file"":""sales_daily.csv"",""line"":6,""date"":""2026-08-02"",""channel"":""DTC"",""sku"":""A"",""actual_filename"":""sales_daily.csv""},{""file"":""sales_daily.csv"",""line"":7,""date"":""2026-08-02"",""channel"":""DTC"",""sku"":""B"",""actual_filename"":""sales_daily.csv""},{""file"":""sales_daily.csv"",""line"":8,""date"":""2026-08-02"",""channel"":""MARKETPLACE"",""sku"":""A"",""actual_filename"":""sales_daily.csv""},{""file"":""sales_daily.csv"",""line"":9,""date"":""2026-08-02"",""channel"":""MARKETPLACE"",""sku"":""B"",""actual_filename"":""sales_daily.csv""}]","{""comparison_mode"":""same_days"",""channels"":[""DTC"",""MARKETPLACE""],""previous_period"":{""start"":""2026-08-01"",""end"":""2026-08-01""},""current_period"":{""start"":""2026-08-02"",""end"":""2026-08-02""}}","action-1-92339086dd83c9a89ae5ac754bdbad2a30c215eb81213211b953451918ebfc48-f9c7f0abe4b1ba3759249887324f30b7d2ac873e7acf82a12c6fa32e19551a3b","",""
"decision-v1","scenario-v1","contribution-v1","golden-v1","92339086dd83c9a89ae5ac754bdbad2a30c215eb81213211b953451918ebfc48","f9c7f0abe4b1ba3759249887324f30b7d2ac873e7acf82a12c6fa32e19551a3b","2026-08-03","TWD","Asia/Taipei","product_amounts_excluding_tax_and_customer_shipping_income","1","current","{""start"":""2026-08-02"",""end"":""2026-08-02""}","{""kind"":""all"",""channels"":[""DTC"",""MARKETPLACE""]}","same_days","1","1","manual_action","8acb2363-594a-4a7d-98a4-37c61a2a596b","匯出驗收行動第8項","draft","action","核對已入帳費用與來源","","[""[\""fact\"",\""golden-v1\"",\""2026-08-02\"",\""2026-08-02\"",\""all\"",[\""DTC\"",\""MARKETPLACE\""],null,\""contribution_after_marketing\""]""]","[{""file"":""ad_spend_daily.csv"",""line"":4,""date"":""2026-08-02"",""channel"":""DTC"",""actual_filename"":""ad_spend_daily.csv""},{""file"":""ad_spend_daily.csv"",""line"":5,""date"":""2026-08-02"",""channel"":""MARKETPLACE"",""actual_filename"":""ad_spend_daily.csv""},{""file"":""channel_costs_daily.csv"",""line"":4,""date"":""2026-08-02"",""channel"":""DTC"",""actual_filename"":""channel_costs_daily.csv""},{""file"":""channel_costs_daily.csv"",""line"":5,""date"":""2026-08-02"",""channel"":""MARKETPLACE"",""actual_filename"":""channel_costs_daily.csv""},{""file"":""sales_daily.csv"",""line"":6,""date"":""2026-08-02"",""channel"":""DTC"",""sku"":""A"",""actual_filename"":""sales_daily.csv""},{""file"":""sales_daily.csv"",""line"":7,""date"":""2026-08-02"",""channel"":""DTC"",""sku"":""B"",""actual_filename"":""sales_daily.csv""},{""file"":""sales_daily.csv"",""line"":8,""date"":""2026-08-02"",""channel"":""MARKETPLACE"",""sku"":""A"",""actual_filename"":""sales_daily.csv""},{""file"":""sales_daily.csv"",""line"":9,""date"":""2026-08-02"",""channel"":""MARKETPLACE"",""sku"":""B"",""actual_filename"":""sales_daily.csv""}]","{""comparison_mode"":""same_days"",""channels"":[""DTC"",""MARKETPLACE""],""previous_period"":{""start"":""2026-08-01"",""end"":""2026-08-01""},""current_period"":{""start"":""2026-08-02"",""end"":""2026-08-02""}}","action-1-92339086dd83c9a89ae5ac754bdbad2a30c215eb81213211b953451918ebfc48-f9c7f0abe4b1ba3759249887324f30b7d2ac873e7acf82a12c6fa32e19551a3b","",""
"decision-v1","scenario-v1","contribution-v1","golden-v1","92339086dd83c9a89ae5ac754bdbad2a30c215eb81213211b953451918ebfc48","f9c7f0abe4b1ba3759249887324f30b7d2ac873e7acf82a12c6fa32e19551a3b","2026-08-03","TWD","Asia/Taipei","product_amounts_excluding_tax_and_customer_shipping_income","1","current","{""start"":""2026-08-02"",""end"":""2026-08-02""}","{""kind"":""all"",""channels"":[""DTC"",""MARKETPLACE""]}","same_days","1","1","manual_action","8acb2363-594a-4a7d-98a4-37c61a2a596b","匯出驗收行動第8項","draft","fact_ids","[""[\""fact\"",\""golden-v1\"",\""2026-08-02\"",\""2026-08-02\"",\""all\"",[\""DTC\"",\""MARKETPLACE\""],null,\""contribution_after_marketing\""]""]","","[""[\""fact\"",\""golden-v1\"",\""2026-08-02\"",\""2026-08-02\"",\""all\"",[\""DTC\"",\""MARKETPLACE\""],null,\""contribution_after_marketing\""]""]","[{""file"":""ad_spend_daily.csv"",""line"":4,""date"":""2026-08-02"",""channel"":""DTC"",""actual_filename"":""ad_spend_daily.csv""},{""file"":""ad_spend_daily.csv"",""line"":5,""date"":""2026-08-02"",""channel"":""MARKETPLACE"",""actual_filename"":""ad_spend_daily.csv""},{""file"":""channel_costs_daily.csv"",""line"":4,""date"":""2026-08-02"",""channel"":""DTC"",""actual_filename"":""channel_costs_daily.csv""},{""file"":""channel_costs_daily.csv"",""line"":5,""date"":""2026-08-02"",""channel"":""MARKETPLACE"",""actual_filename"":""channel_costs_daily.csv""},{""file"":""sales_daily.csv"",""line"":6,""date"":""2026-08-02"",""channel"":""DTC"",""sku"":""A"",""actual_filename"":""sales_daily.csv""},{""file"":""sales_daily.csv"",""line"":7,""date"":""2026-08-02"",""channel"":""DTC"",""sku"":""B"",""actual_filename"":""sales_daily.csv""},{""file"":""sales_daily.csv"",""line"":8,""date"":""2026-08-02"",""channel"":""MARKETPLACE"",""sku"":""A"",""actual_filename"":""sales_daily.csv""},{""file"":""sales_daily.csv"",""line"":9,""date"":""2026-08-02"",""channel"":""MARKETPLACE"",""sku"":""B"",""actual_filename"":""sales_daily.csv""}]","{""comparison_mode"":""same_days"",""channels"":[""DTC"",""MARKETPLACE""],""previous_period"":{""start"":""2026-08-01"",""end"":""2026-08-01""},""current_period"":{""start"":""2026-08-02"",""end"":""2026-08-02""}}","action-1-92339086dd83c9a89ae5ac754bdbad2a30c215eb81213211b953451918ebfc48-f9c7f0abe4b1ba3759249887324f30b7d2ac873e7acf82a12c6fa32e19551a3b","",""
"decision-v1","scenario-v1","contribution-v1","golden-v1","92339086dd83c9a89ae5ac754bdbad2a30c215eb81213211b953451918ebfc48","f9c7f0abe4b1ba3759249887324f30b7d2ac873e7acf82a12c6fa32e19551a3b","2026-08-03","TWD","Asia/Taipei","product_amounts_excluding_tax_and_customer_shipping_income","1","current","{""start"":""2026-08-02"",""end"":""2026-08-02""}","{""kind"":""all"",""channels"":[""DTC"",""MARKETPLACE""]}","same_days","1","1","manual_action","8acb2363-594a-4a7d-98a4-37c61a2a596b","匯出驗收行動第8項","draft","owner_role","營運主管","","[""[\""fact\"",\""golden-v1\"",\""2026-08-02\"",\""2026-08-02\"",\""all\"",[\""DTC\"",\""MARKETPLACE\""],null,\""contribution_after_marketing\""]""]","[{""file"":""ad_spend_daily.csv"",""line"":4,""date"":""2026-08-02"",""channel"":""DTC"",""actual_filename"":""ad_spend_daily.csv""},{""file"":""ad_spend_daily.csv"",""line"":5,""date"":""2026-08-02"",""channel"":""MARKETPLACE"",""actual_filename"":""ad_spend_daily.csv""},{""file"":""channel_costs_daily.csv"",""line"":4,""date"":""2026-08-02"",""channel"":""DTC"",""actual_filename"":""channel_costs_daily.csv""},{""file"":""channel_costs_daily.csv"",""line"":5,""date"":""2026-08-02"",""channel"":""MARKETPLACE"",""actual_filename"":""channel_costs_daily.csv""},{""file"":""sales_daily.csv"",""line"":6,""date"":""2026-08-02"",""channel"":""DTC"",""sku"":""A"",""actual_filename"":""sales_daily.csv""},{""file"":""sales_daily.csv"",""line"":7,""date"":""2026-08-02"",""channel"":""DTC"",""sku"":""B"",""actual_filename"":""sales_daily.csv""},{""file"":""sales_daily.csv"",""line"":8,""date"":""2026-08-02"",""channel"":""MARKETPLACE"",""sku"":""A"",""actual_filename"":""sales_daily.csv""},{""file"":""sales_daily.csv"",""line"":9,""date"":""2026-08-02"",""channel"":""MARKETPLACE"",""sku"":""B"",""actual_filename"":""sales_daily.csv""}]","{""comparison_mode"":""same_days"",""channels"":[""DTC"",""MARKETPLACE""],""previous_period"":{""start"":""2026-08-01"",""end"":""2026-08-01""},""current_period"":{""start"":""2026-08-02"",""end"":""2026-08-02""}}","action-1-92339086dd83c9a89ae5ac754bdbad2a30c215eb81213211b953451918ebfc48-f9c7f0abe4b1ba3759249887324f30b7d2ac873e7acf82a12c6fa32e19551a3b","",""
"decision-v1","scenario-v1","contribution-v1","golden-v1","92339086dd83c9a89ae5ac754bdbad2a30c215eb81213211b953451918ebfc48","f9c7f0abe4b1ba3759249887324f30b7d2ac873e7acf82a12c6fa32e19551a3b","2026-08-03","TWD","Asia/Taipei","product_amounts_excluding_tax_and_customer_shipping_income","1","current","{""start"":""2026-08-02"",""end"":""2026-08-02""}","{""kind"":""all"",""channels"":[""DTC"",""MARKETPLACE""]}","same_days","1","1","manual_action","8acb2363-594a-4a7d-98a4-37c61a2a596b","匯出驗收行動第8項","draft","validation_metric","","","[""[\""fact\"",\""golden-v1\"",\""2026-08-02\"",\""2026-08-02\"",\""all\"",[\""DTC\"",\""MARKETPLACE\""],null,\""contribution_after_marketing\""]""]","[{""file"":""ad_spend_daily.csv"",""line"":4,""date"":""2026-08-02"",""channel"":""DTC"",""actual_filename"":""ad_spend_daily.csv""},{""file"":""ad_spend_daily.csv"",""line"":5,""date"":""2026-08-02"",""channel"":""MARKETPLACE"",""actual_filename"":""ad_spend_daily.csv""},{""file"":""channel_costs_daily.csv"",""line"":4,""date"":""2026-08-02"",""channel"":""DTC"",""actual_filename"":""channel_costs_daily.csv""},{""file"":""channel_costs_daily.csv"",""line"":5,""date"":""2026-08-02"",""channel"":""MARKETPLACE"",""actual_filename"":""channel_costs_daily.csv""},{""file"":""sales_daily.csv"",""line"":6,""date"":""2026-08-02"",""channel"":""DTC"",""sku"":""A"",""actual_filename"":""sales_daily.csv""},{""file"":""sales_daily.csv"",""line"":7,""date"":""2026-08-02"",""channel"":""DTC"",""sku"":""B"",""actual_filename"":""sales_daily.csv""},{""file"":""sales_daily.csv"",""line"":8,""date"":""2026-08-02"",""channel"":""MARKETPLACE"",""sku"":""A"",""actual_filename"":""sales_daily.csv""},{""file"":""sales_daily.csv"",""line"":9,""date"":""2026-08-02"",""channel"":""MARKETPLACE"",""sku"":""B"",""actual_filename"":""sales_daily.csv""}]","{""comparison_mode"":""same_days"",""channels"":[""DTC"",""MARKETPLACE""],""previous_period"":{""start"":""2026-08-01"",""end"":""2026-08-01""},""current_period"":{""start"":""2026-08-02"",""end"":""2026-08-02""}}","action-1-92339086dd83c9a89ae5ac754bdbad2a30c215eb81213211b953451918ebfc48-f9c7f0abe4b1ba3759249887324f30b7d2ac873e7acf82a12c6fa32e19551a3b","",""
"decision-v1","scenario-v1","contribution-v1","golden-v1","92339086dd83c9a89ae5ac754bdbad2a30c215eb81213211b953451918ebfc48","f9c7f0abe4b1ba3759249887324f30b7d2ac873e7acf82a12c6fa32e19551a3b","2026-08-03","TWD","Asia/Taipei","product_amounts_excluding_tax_and_customer_shipping_income","1","current","{""start"":""2026-08-02"",""end"":""2026-08-02""}","{""kind"":""all"",""channels"":[""DTC"",""MARKETPLACE""]}","same_days","1","1","manual_action","8acb2363-594a-4a7d-98a4-37c61a2a596b","匯出驗收行動第8項","draft","deadline","","","[""[\""fact\"",\""golden-v1\"",\""2026-08-02\"",\""2026-08-02\"",\""all\"",[\""DTC\"",\""MARKETPLACE\""],null,\""contribution_after_marketing\""]""]","[{""file"":""ad_spend_daily.csv"",""line"":4,""date"":""2026-08-02"",""channel"":""DTC"",""actual_filename"":""ad_spend_daily.csv""},{""file"":""ad_spend_daily.csv"",""line"":5,""date"":""2026-08-02"",""channel"":""MARKETPLACE"",""actual_filename"":""ad_spend_daily.csv""},{""file"":""channel_costs_daily.csv"",""line"":4,""date"":""2026-08-02"",""channel"":""DTC"",""actual_filename"":""channel_costs_daily.csv""},{""file"":""channel_costs_daily.csv"",""line"":5,""date"":""2026-08-02"",""channel"":""MARKETPLACE"",""actual_filename"":""channel_costs_daily.csv""},{""file"":""sales_daily.csv"",""line"":6,""date"":""2026-08-02"",""channel"":""DTC"",""sku"":""A"",""actual_filename"":""sales_daily.csv""},{""file"":""sales_daily.csv"",""line"":7,""date"":""2026-08-02"",""channel"":""DTC"",""sku"":""B"",""actual_filename"":""sales_daily.csv""},{""file"":""sales_daily.csv"",""line"":8,""date"":""2026-08-02"",""channel"":""MARKETPLACE"",""sku"":""A"",""actual_filename"":""sales_daily.csv""},{""file"":""sales_daily.csv"",""line"":9,""date"":""2026-08-02"",""channel"":""MARKETPLACE"",""sku"":""B"",""actual_filename"":""sales_daily.csv""}]","{""comparison_mode"":""same_days"",""channels"":[""DTC"",""MARKETPLACE""],""previous_period"":{""start"":""2026-08-01"",""end"":""2026-08-01""},""current_period"":{""start"":""2026-08-02"",""end"":""2026-08-02""}}","action-1-92339086dd83c9a89ae5ac754bdbad2a30c215eb81213211b953451918ebfc48-f9c7f0abe4b1ba3759249887324f30b7d2ac873e7acf82a12c6fa32e19551a3b","",""
"decision-v1","scenario-v1","contribution-v1","golden-v1","92339086dd83c9a89ae5ac754bdbad2a30c215eb81213211b953451918ebfc48","f9c7f0abe4b1ba3759249887324f30b7d2ac873e7acf82a12c6fa32e19551a3b","2026-08-03","TWD","Asia/Taipei","product_amounts_excluding_tax_and_customer_shipping_income","1","current","{""start"":""2026-08-02"",""end"":""2026-08-02""}","{""kind"":""all"",""channels"":[""DTC"",""MARKETPLACE""]}","same_days","1","1","manual_action","8acb2363-594a-4a7d-98a4-37c61a2a596b","匯出驗收行動第8項","draft","stop_condition","","","[""[\""fact\"",\""golden-v1\"",\""2026-08-02\"",\""2026-08-02\"",\""all\"",[\""DTC\"",\""MARKETPLACE\""],null,\""contribution_after_marketing\""]""]","[{""file"":""ad_spend_daily.csv"",""line"":4,""date"":""2026-08-02"",""channel"":""DTC"",""actual_filename"":""ad_spend_daily.csv""},{""file"":""ad_spend_daily.csv"",""line"":5,""date"":""2026-08-02"",""channel"":""MARKETPLACE"",""actual_filename"":""ad_spend_daily.csv""},{""file"":""channel_costs_daily.csv"",""line"":4,""date"":""2026-08-02"",""channel"":""DTC"",""actual_filename"":""channel_costs_daily.csv""},{""file"":""channel_costs_daily.csv"",""line"":5,""date"":""2026-08-02"",""channel"":""MARKETPLACE"",""actual_filename"":""channel_costs_daily.csv""},{""file"":""sales_daily.csv"",""line"":6,""date"":""2026-08-02"",""channel"":""DTC"",""sku"":""A"",""actual_filename"":""sales_daily.csv""},{""file"":""sales_daily.csv"",""line"":7,""date"":""2026-08-02"",""channel"":""DTC"",""sku"":""B"",""actual_filename"":""sales_daily.csv""},{""file"":""sales_daily.csv"",""line"":8,""date"":""2026-08-02"",""channel"":""MARKETPLACE"",""sku"":""A"",""actual_filename"":""sales_daily.csv""},{""file"":""sales_daily.csv"",""line"":9,""date"":""2026-08-02"",""channel"":""MARKETPLACE"",""sku"":""B"",""actual_filename"":""sales_daily.csv""}]","{""comparison_mode"":""same_days"",""channels"":[""DTC"",""MARKETPLACE""],""previous_period"":{""start"":""2026-08-01"",""end"":""2026-08-01""},""current_period"":{""start"":""2026-08-02"",""end"":""2026-08-02""}}","action-1-92339086dd83c9a89ae5ac754bdbad2a30c215eb81213211b953451918ebfc48-f9c7f0abe4b1ba3759249887324f30b7d2ac873e7acf82a12c6fa32e19551a3b","",""
"decision-v1","scenario-v1","contribution-v1","golden-v1","92339086dd83c9a89ae5ac754bdbad2a30c215eb81213211b953451918ebfc48","f9c7f0abe4b1ba3759249887324f30b7d2ac873e7acf82a12c6fa32e19551a3b","2026-08-03","TWD","Asia/Taipei","product_amounts_excluding_tax_and_customer_shipping_income","1","current","{""start"":""2026-08-02"",""end"":""2026-08-02""}","{""kind"":""all"",""channels"":[""DTC"",""MARKETPLACE""]}","same_days","1","1","manual_action","8acb2363-594a-4a7d-98a4-37c61a2a596b","匯出驗收行動第8項","draft","required_data","","","[""[\""fact\"",\""golden-v1\"",\""2026-08-02\"",\""2026-08-02\"",\""all\"",[\""DTC\"",\""MARKETPLACE\""],null,\""contribution_after_marketing\""]""]","[{""file"":""ad_spend_daily.csv"",""line"":4,""date"":""2026-08-02"",""channel"":""DTC"",""actual_filename"":""ad_spend_daily.csv""},{""file"":""ad_spend_daily.csv"",""line"":5,""date"":""2026-08-02"",""channel"":""MARKETPLACE"",""actual_filename"":""ad_spend_daily.csv""},{""file"":""channel_costs_daily.csv"",""line"":4,""date"":""2026-08-02"",""channel"":""DTC"",""actual_filename"":""channel_costs_daily.csv""},{""file"":""channel_costs_daily.csv"",""line"":5,""date"":""2026-08-02"",""channel"":""MARKETPLACE"",""actual_filename"":""channel_costs_daily.csv""},{""file"":""sales_daily.csv"",""line"":6,""date"":""2026-08-02"",""channel"":""DTC"",""sku"":""A"",""actual_filename"":""sales_daily.csv""},{""file"":""sales_daily.csv"",""line"":7,""date"":""2026-08-02"",""channel"":""DTC"",""sku"":""B"",""actual_filename"":""sales_daily.csv""},{""file"":""sales_daily.csv"",""line"":8,""date"":""2026-08-02"",""channel"":""MARKETPLACE"",""sku"":""A"",""actual_filename"":""sales_daily.csv""},{""file"":""sales_daily.csv"",""line"":9,""date"":""2026-08-02"",""channel"":""MARKETPLACE"",""sku"":""B"",""actual_filename"":""sales_daily.csv""}]","{""comparison_mode"":""same_days"",""channels"":[""DTC"",""MARKETPLACE""],""previous_period"":{""start"":""2026-08-01"",""end"":""2026-08-01""},""current_period"":{""start"":""2026-08-02"",""end"":""2026-08-02""}}","action-1-92339086dd83c9a89ae5ac754bdbad2a30c215eb81213211b953451918ebfc48-f9c7f0abe4b1ba3759249887324f30b7d2ac873e7acf82a12c6fa32e19551a3b","",""
"decision-v1","scenario-v1","contribution-v1","golden-v1","92339086dd83c9a89ae5ac754bdbad2a30c215eb81213211b953451918ebfc48","f9c7f0abe4b1ba3759249887324f30b7d2ac873e7acf82a12c6fa32e19551a3b","2026-08-03","TWD","Asia/Taipei","product_amounts_excluding_tax_and_customer_shipping_income","1","current","{""start"":""2026-08-02"",""end"":""2026-08-02""}","{""kind"":""all"",""channels"":[""DTC"",""MARKETPLACE""]}","same_days","1","1","manual_action","8acb2363-594a-4a7d-98a4-37c61a2a596b","匯出驗收行動第8項","draft","origin","manual","","[""[\""fact\"",\""golden-v1\"",\""2026-08-02\"",\""2026-08-02\"",\""all\"",[\""DTC\"",\""MARKETPLACE\""],null,\""contribution_after_marketing\""]""]","[{""file"":""ad_spend_daily.csv"",""line"":4,""date"":""2026-08-02"",""channel"":""DTC"",""actual_filename"":""ad_spend_daily.csv""},{""file"":""ad_spend_daily.csv"",""line"":5,""date"":""2026-08-02"",""channel"":""MARKETPLACE"",""actual_filename"":""ad_spend_daily.csv""},{""file"":""channel_costs_daily.csv"",""line"":4,""date"":""2026-08-02"",""channel"":""DTC"",""actual_filename"":""channel_costs_daily.csv""},{""file"":""channel_costs_daily.csv"",""line"":5,""date"":""2026-08-02"",""channel"":""MARKETPLACE"",""actual_filename"":""channel_costs_daily.csv""},{""file"":""sales_daily.csv"",""line"":6,""date"":""2026-08-02"",""channel"":""DTC"",""sku"":""A"",""actual_filename"":""sales_daily.csv""},{""file"":""sales_daily.csv"",""line"":7,""date"":""2026-08-02"",""channel"":""DTC"",""sku"":""B"",""actual_filename"":""sales_daily.csv""},{""file"":""sales_daily.csv"",""line"":8,""date"":""2026-08-02"",""channel"":""MARKETPLACE"",""sku"":""A"",""actual_filename"":""sales_daily.csv""},{""file"":""sales_daily.csv"",""line"":9,""date"":""2026-08-02"",""channel"":""MARKETPLACE"",""sku"":""B"",""actual_filename"":""sales_daily.csv""}]","{""comparison_mode"":""same_days"",""channels"":[""DTC"",""MARKETPLACE""],""previous_period"":{""start"":""2026-08-01"",""end"":""2026-08-01""},""current_period"":{""start"":""2026-08-02"",""end"":""2026-08-02""}}","action-1-92339086dd83c9a89ae5ac754bdbad2a30c215eb81213211b953451918ebfc48-f9c7f0abe4b1ba3759249887324f30b7d2ac873e7acf82a12c6fa32e19551a3b","",""
"decision-v1","scenario-v1","contribution-v1","golden-v1","92339086dd83c9a89ae5ac754bdbad2a30c215eb81213211b953451918ebfc48","f9c7f0abe4b1ba3759249887324f30b7d2ac873e7acf82a12c6fa32e19551a3b","2026-08-03","TWD","Asia/Taipei","product_amounts_excluding_tax_and_customer_shipping_income","1","current","{""start"":""2026-08-02"",""end"":""2026-08-02""}","{""kind"":""all"",""channels"":[""DTC"",""MARKETPLACE""]}","same_days","1","1","manual_action","8acb2363-594a-4a7d-98a4-37c61a2a596b","匯出驗收行動第8項","draft","evidence_confirmed","false","","[""[\""fact\"",\""golden-v1\"",\""2026-08-02\"",\""2026-08-02\"",\""all\"",[\""DTC\"",\""MARKETPLACE\""],null,\""contribution_after_marketing\""]""]","[{""file"":""ad_spend_daily.csv"",""line"":4,""date"":""2026-08-02"",""channel"":""DTC"",""actual_filename"":""ad_spend_daily.csv""},{""file"":""ad_spend_daily.csv"",""line"":5,""date"":""2026-08-02"",""channel"":""MARKETPLACE"",""actual_filename"":""ad_spend_daily.csv""},{""file"":""channel_costs_daily.csv"",""line"":4,""date"":""2026-08-02"",""channel"":""DTC"",""actual_filename"":""channel_costs_daily.csv""},{""file"":""channel_costs_daily.csv"",""line"":5,""date"":""2026-08-02"",""channel"":""MARKETPLACE"",""actual_filename"":""channel_costs_daily.csv""},{""file"":""sales_daily.csv"",""line"":6,""date"":""2026-08-02"",""channel"":""DTC"",""sku"":""A"",""actual_filename"":""sales_daily.csv""},{""file"":""sales_daily.csv"",""line"":7,""date"":""2026-08-02"",""channel"":""DTC"",""sku"":""B"",""actual_filename"":""sales_daily.csv""},{""file"":""sales_daily.csv"",""line"":8,""date"":""2026-08-02"",""channel"":""MARKETPLACE"",""sku"":""A"",""actual_filename"":""sales_daily.csv""},{""file"":""sales_daily.csv"",""line"":9,""date"":""2026-08-02"",""channel"":""MARKETPLACE"",""sku"":""B"",""actual_filename"":""sales_daily.csv""}]","{""comparison_mode"":""same_days"",""channels"":[""DTC"",""MARKETPLACE""],""previous_period"":{""start"":""2026-08-01"",""end"":""2026-08-01""},""current_period"":{""start"":""2026-08-02"",""end"":""2026-08-02""}}","action-1-92339086dd83c9a89ae5ac754bdbad2a30c215eb81213211b953451918ebfc48-f9c7f0abe4b1ba3759249887324f30b7d2ac873e7acf82a12c6fa32e19551a3b","",""
"decision-v1","scenario-v1","contribution-v1","golden-v1","92339086dd83c9a89ae5ac754bdbad2a30c215eb81213211b953451918ebfc48","f9c7f0abe4b1ba3759249887324f30b7d2ac873e7acf82a12c6fa32e19551a3b","2026-08-03","TWD","Asia/Taipei","product_amounts_excluding_tax_and_customer_shipping_income","1","current","{""start"":""2026-08-02"",""end"":""2026-08-02""}","{""kind"":""all"",""channels"":[""DTC"",""MARKETPLACE""]}","same_days","1","1","manual_action","8acb2363-594a-4a7d-98a4-37c61a2a596b","匯出驗收行動第8項","draft","priority","8","","[""[\""fact\"",\""golden-v1\"",\""2026-08-02\"",\""2026-08-02\"",\""all\"",[\""DTC\"",\""MARKETPLACE\""],null,\""contribution_after_marketing\""]""]","[{""file"":""ad_spend_daily.csv"",""line"":4,""date"":""2026-08-02"",""channel"":""DTC"",""actual_filename"":""ad_spend_daily.csv""},{""file"":""ad_spend_daily.csv"",""line"":5,""date"":""2026-08-02"",""channel"":""MARKETPLACE"",""actual_filename"":""ad_spend_daily.csv""},{""file"":""channel_costs_daily.csv"",""line"":4,""date"":""2026-08-02"",""channel"":""DTC"",""actual_filename"":""channel_costs_daily.csv""},{""file"":""channel_costs_daily.csv"",""line"":5,""date"":""2026-08-02"",""channel"":""MARKETPLACE"",""actual_filename"":""channel_costs_daily.csv""},{""file"":""sales_daily.csv"",""line"":6,""date"":""2026-08-02"",""channel"":""DTC"",""sku"":""A"",""actual_filename"":""sales_daily.csv""},{""file"":""sales_daily.csv"",""line"":7,""date"":""2026-08-02"",""channel"":""DTC"",""sku"":""B"",""actual_filename"":""sales_daily.csv""},{""file"":""sales_daily.csv"",""line"":8,""date"":""2026-08-02"",""channel"":""MARKETPLACE"",""sku"":""A"",""actual_filename"":""sales_daily.csv""},{""file"":""sales_daily.csv"",""line"":9,""date"":""2026-08-02"",""channel"":""MARKETPLACE"",""sku"":""B"",""actual_filename"":""sales_daily.csv""}]","{""comparison_mode"":""same_days"",""channels"":[""DTC"",""MARKETPLACE""],""previous_period"":{""start"":""2026-08-01"",""end"":""2026-08-01""},""current_period"":{""start"":""2026-08-02"",""end"":""2026-08-02""}}","action-1-92339086dd83c9a89ae5ac754bdbad2a30c215eb81213211b953451918ebfc48-f9c7f0abe4b1ba3759249887324f30b7d2ac873e7acf82a12c6fa32e19551a3b","",""
"decision-v1","scenario-v1","contribution-v1","golden-v1","92339086dd83c9a89ae5ac754bdbad2a30c215eb81213211b953451918ebfc48","f9c7f0abe4b1ba3759249887324f30b7d2ac873e7acf82a12c6fa32e19551a3b","2026-08-03","TWD","Asia/Taipei","product_amounts_excluding_tax_and_customer_shipping_income","1","current","{""start"":""2026-08-02"",""end"":""2026-08-02""}","{""kind"":""all"",""channels"":[""DTC"",""MARKETPLACE""]}","same_days","1","1","manual_action","8acb2363-594a-4a7d-98a4-37c61a2a596b","匯出驗收行動第8項","draft","pinned","false","","[""[\""fact\"",\""golden-v1\"",\""2026-08-02\"",\""2026-08-02\"",\""all\"",[\""DTC\"",\""MARKETPLACE\""],null,\""contribution_after_marketing\""]""]","[{""file"":""ad_spend_daily.csv"",""line"":4,""date"":""2026-08-02"",""channel"":""DTC"",""actual_filename"":""ad_spend_daily.csv""},{""file"":""ad_spend_daily.csv"",""line"":5,""date"":""2026-08-02"",""channel"":""MARKETPLACE"",""actual_filename"":""ad_spend_daily.csv""},{""file"":""channel_costs_daily.csv"",""line"":4,""date"":""2026-08-02"",""channel"":""DTC"",""actual_filename"":""channel_costs_daily.csv""},{""file"":""channel_costs_daily.csv"",""line"":5,""date"":""2026-08-02"",""channel"":""MARKETPLACE"",""actual_filename"":""channel_costs_daily.csv""},{""file"":""sales_daily.csv"",""line"":6,""date"":""2026-08-02"",""channel"":""DTC"",""sku"":""A"",""actual_filename"":""sales_daily.csv""},{""file"":""sales_daily.csv"",""line"":7,""date"":""2026-08-02"",""channel"":""DTC"",""sku"":""B"",""actual_filename"":""sales_daily.csv""},{""file"":""sales_daily.csv"",""line"":8,""date"":""2026-08-02"",""channel"":""MARKETPLACE"",""sku"":""A"",""actual_filename"":""sales_daily.csv""},{""file"":""sales_daily.csv"",""line"":9,""date"":""2026-08-02"",""channel"":""MARKETPLACE"",""sku"":""B"",""actual_filename"":""sales_daily.csv""}]","{""comparison_mode"":""same_days"",""channels"":[""DTC"",""MARKETPLACE""],""previous_period"":{""start"":""2026-08-01"",""end"":""2026-08-01""},""current_period"":{""start"":""2026-08-02"",""end"":""2026-08-02""}}","action-1-92339086dd83c9a89ae5ac754bdbad2a30c215eb81213211b953451918ebfc48-f9c7f0abe4b1ba3759249887324f30b7d2ac873e7acf82a12c6fa32e19551a3b","",""
"decision-v1","scenario-v1","contribution-v1","golden-v1","92339086dd83c9a89ae5ac754bdbad2a30c215eb81213211b953451918ebfc48","f9c7f0abe4b1ba3759249887324f30b7d2ac873e7acf82a12c6fa32e19551a3b","2026-08-03","TWD","Asia/Taipei","product_amounts_excluding_tax_and_customer_shipping_income","1","current","{""start"":""2026-08-02"",""end"":""2026-08-02""}","{""kind"":""all"",""channels"":[""DTC"",""MARKETPLACE""]}","same_days","1","1","manual_action","8acb2363-594a-4a7d-98a4-37c61a2a596b","匯出驗收行動第8項","draft","status","draft","","[""[\""fact\"",\""golden-v1\"",\""2026-08-02\"",\""2026-08-02\"",\""all\"",[\""DTC\"",\""MARKETPLACE\""],null,\""contribution_after_marketing\""]""]","[{""file"":""ad_spend_daily.csv"",""line"":4,""date"":""2026-08-02"",""channel"":""DTC"",""actual_filename"":""ad_spend_daily.csv""},{""file"":""ad_spend_daily.csv"",""line"":5,""date"":""2026-08-02"",""channel"":""MARKETPLACE"",""actual_filename"":""ad_spend_daily.csv""},{""file"":""channel_costs_daily.csv"",""line"":4,""date"":""2026-08-02"",""channel"":""DTC"",""actual_filename"":""channel_costs_daily.csv""},{""file"":""channel_costs_daily.csv"",""line"":5,""date"":""2026-08-02"",""channel"":""MARKETPLACE"",""actual_filename"":""channel_costs_daily.csv""},{""file"":""sales_daily.csv"",""line"":6,""date"":""2026-08-02"",""channel"":""DTC"",""sku"":""A"",""actual_filename"":""sales_daily.csv""},{""file"":""sales_daily.csv"",""line"":7,""date"":""2026-08-02"",""channel"":""DTC"",""sku"":""B"",""actual_filename"":""sales_daily.csv""},{""file"":""sales_daily.csv"",""line"":8,""date"":""2026-08-02"",""channel"":""MARKETPLACE"",""sku"":""A"",""actual_filename"":""sales_daily.csv""},{""file"":""sales_daily.csv"",""line"":9,""date"":""2026-08-02"",""channel"":""MARKETPLACE"",""sku"":""B"",""actual_filename"":""sales_daily.csv""}]","{""comparison_mode"":""same_days"",""channels"":[""DTC"",""MARKETPLACE""],""previous_period"":{""start"":""2026-08-01"",""end"":""2026-08-01""},""current_period"":{""start"":""2026-08-02"",""end"":""2026-08-02""}}","action-1-92339086dd83c9a89ae5ac754bdbad2a30c215eb81213211b953451918ebfc48-f9c7f0abe4b1ba3759249887324f30b7d2ac873e7acf82a12c6fa32e19551a3b","",""
"decision-v1","scenario-v1","contribution-v1","golden-v1","92339086dd83c9a89ae5ac754bdbad2a30c215eb81213211b953451918ebfc48","f9c7f0abe4b1ba3759249887324f30b7d2ac873e7acf82a12c6fa32e19551a3b","2026-08-03","TWD","Asia/Taipei","product_amounts_excluding_tax_and_customer_shipping_income","1","current","{""start"":""2026-08-02"",""end"":""2026-08-02""}","{""kind"":""all"",""channels"":[""DTC"",""MARKETPLACE""]}","same_days","1","1","manual_action","8acb2363-594a-4a7d-98a4-37c61a2a596b","匯出驗收行動第8項","draft","execution_status","not_started","","[""[\""fact\"",\""golden-v1\"",\""2026-08-02\"",\""2026-08-02\"",\""all\"",[\""DTC\"",\""MARKETPLACE\""],null,\""contribution_after_marketing\""]""]","[{""file"":""ad_spend_daily.csv"",""line"":4,""date"":""2026-08-02"",""channel"":""DTC"",""actual_filename"":""ad_spend_daily.csv""},{""file"":""ad_spend_daily.csv"",""line"":5,""date"":""2026-08-02"",""channel"":""MARKETPLACE"",""actual_filename"":""ad_spend_daily.csv""},{""file"":""channel_costs_daily.csv"",""line"":4,""date"":""2026-08-02"",""channel"":""DTC"",""actual_filename"":""channel_costs_daily.csv""},{""file"":""channel_costs_daily.csv"",""line"":5,""date"":""2026-08-02"",""channel"":""MARKETPLACE"",""actual_filename"":""channel_costs_daily.csv""},{""file"":""sales_daily.csv"",""line"":6,""date"":""2026-08-02"",""channel"":""DTC"",""sku"":""A"",""actual_filename"":""sales_daily.csv""},{""file"":""sales_daily.csv"",""line"":7,""date"":""2026-08-02"",""channel"":""DTC"",""sku"":""B"",""actual_filename"":""sales_daily.csv""},{""file"":""sales_daily.csv"",""line"":8,""date"":""2026-08-02"",""channel"":""MARKETPLACE"",""sku"":""A"",""actual_filename"":""sales_daily.csv""},{""file"":""sales_daily.csv"",""line"":9,""date"":""2026-08-02"",""channel"":""MARKETPLACE"",""sku"":""B"",""actual_filename"":""sales_daily.csv""}]","{""comparison_mode"":""same_days"",""channels"":[""DTC"",""MARKETPLACE""],""previous_period"":{""start"":""2026-08-01"",""end"":""2026-08-01""},""current_period"":{""start"":""2026-08-02"",""end"":""2026-08-02""}}","action-1-92339086dd83c9a89ae5ac754bdbad2a30c215eb81213211b953451918ebfc48-f9c7f0abe4b1ba3759249887324f30b7d2ac873e7acf82a12c6fa32e19551a3b","",""
"decision-v1","scenario-v1","contribution-v1","golden-v1","92339086dd83c9a89ae5ac754bdbad2a30c215eb81213211b953451918ebfc48","f9c7f0abe4b1ba3759249887324f30b7d2ac873e7acf82a12c6fa32e19551a3b","2026-08-03","TWD","Asia/Taipei","product_amounts_excluding_tax_and_customer_shipping_income","1","current","{""start"":""2026-08-02"",""end"":""2026-08-02""}","{""kind"":""all"",""channels"":[""DTC"",""MARKETPLACE""]}","same_days","1","1","manual_action","8acb2363-594a-4a7d-98a4-37c61a2a596b","匯出驗收行動第8項","draft","progress_notes","","","[""[\""fact\"",\""golden-v1\"",\""2026-08-02\"",\""2026-08-02\"",\""all\"",[\""DTC\"",\""MARKETPLACE\""],null,\""contribution_after_marketing\""]""]","[{""file"":""ad_spend_daily.csv"",""line"":4,""date"":""2026-08-02"",""channel"":""DTC"",""actual_filename"":""ad_spend_daily.csv""},{""file"":""ad_spend_daily.csv"",""line"":5,""date"":""2026-08-02"",""channel"":""MARKETPLACE"",""actual_filename"":""ad_spend_daily.csv""},{""file"":""channel_costs_daily.csv"",""line"":4,""date"":""2026-08-02"",""channel"":""DTC"",""actual_filename"":""channel_costs_daily.csv""},{""file"":""channel_costs_daily.csv"",""line"":5,""date"":""2026-08-02"",""channel"":""MARKETPLACE"",""actual_filename"":""channel_costs_daily.csv""},{""file"":""sales_daily.csv"",""line"":6,""date"":""2026-08-02"",""channel"":""DTC"",""sku"":""A"",""actual_filename"":""sales_daily.csv""},{""file"":""sales_daily.csv"",""line"":7,""date"":""2026-08-02"",""channel"":""DTC"",""sku"":""B"",""actual_filename"":""sales_daily.csv""},{""file"":""sales_daily.csv"",""line"":8,""date"":""2026-08-02"",""channel"":""MARKETPLACE"",""sku"":""A"",""actual_filename"":""sales_daily.csv""},{""file"":""sales_daily.csv"",""line"":9,""date"":""2026-08-02"",""channel"":""MARKETPLACE"",""sku"":""B"",""actual_filename"":""sales_daily.csv""}]","{""comparison_mode"":""same_days"",""channels"":[""DTC"",""MARKETPLACE""],""previous_period"":{""start"":""2026-08-01"",""end"":""2026-08-01""},""current_period"":{""start"":""2026-08-02"",""end"":""2026-08-02""}}","action-1-92339086dd83c9a89ae5ac754bdbad2a30c215eb81213211b953451918ebfc48-f9c7f0abe4b1ba3759249887324f30b7d2ac873e7acf82a12c6fa32e19551a3b","",""
"decision-v1","scenario-v1","contribution-v1","golden-v1","92339086dd83c9a89ae5ac754bdbad2a30c215eb81213211b953451918ebfc48","f9c7f0abe4b1ba3759249887324f30b7d2ac873e7acf82a12c6fa32e19551a3b","2026-08-03","TWD","Asia/Taipei","product_amounts_excluding_tax_and_customer_shipping_income","1","current","{""start"":""2026-08-02"",""end"":""2026-08-02""}","{""kind"":""all"",""channels"":[""DTC"",""MARKETPLACE""]}","same_days","1","1","manual_action","8acb2363-594a-4a7d-98a4-37c61a2a596b","匯出驗收行動第8項","draft","evidence_review_required","false","","[""[\""fact\"",\""golden-v1\"",\""2026-08-02\"",\""2026-08-02\"",\""all\"",[\""DTC\"",\""MARKETPLACE\""],null,\""contribution_after_marketing\""]""]","[{""file"":""ad_spend_daily.csv"",""line"":4,""date"":""2026-08-02"",""channel"":""DTC"",""actual_filename"":""ad_spend_daily.csv""},{""file"":""ad_spend_daily.csv"",""line"":5,""date"":""2026-08-02"",""channel"":""MARKETPLACE"",""actual_filename"":""ad_spend_daily.csv""},{""file"":""channel_costs_daily.csv"",""line"":4,""date"":""2026-08-02"",""channel"":""DTC"",""actual_filename"":""channel_costs_daily.csv""},{""file"":""channel_costs_daily.csv"",""line"":5,""date"":""2026-08-02"",""channel"":""MARKETPLACE"",""actual_filename"":""channel_costs_daily.csv""},{""file"":""sales_daily.csv"",""line"":6,""date"":""2026-08-02"",""channel"":""DTC"",""sku"":""A"",""actual_filename"":""sales_daily.csv""},{""file"":""sales_daily.csv"",""line"":7,""date"":""2026-08-02"",""channel"":""DTC"",""sku"":""B"",""actual_filename"":""sales_daily.csv""},{""file"":""sales_daily.csv"",""line"":8,""date"":""2026-08-02"",""channel"":""MARKETPLACE"",""sku"":""A"",""actual_filename"":""sales_daily.csv""},{""file"":""sales_daily.csv"",""line"":9,""date"":""2026-08-02"",""channel"":""MARKETPLACE"",""sku"":""B"",""actual_filename"":""sales_daily.csv""}]","{""comparison_mode"":""same_days"",""channels"":[""DTC"",""MARKETPLACE""],""previous_period"":{""start"":""2026-08-01"",""end"":""2026-08-01""},""current_period"":{""start"":""2026-08-02"",""end"":""2026-08-02""}}","action-1-92339086dd83c9a89ae5ac754bdbad2a30c215eb81213211b953451918ebfc48-f9c7f0abe4b1ba3759249887324f30b7d2ac873e7acf82a12c6fa32e19551a3b","",""
"decision-v1","scenario-v1","contribution-v1","golden-v1","92339086dd83c9a89ae5ac754bdbad2a30c215eb81213211b953451918ebfc48","f9c7f0abe4b1ba3759249887324f30b7d2ac873e7acf82a12c6fa32e19551a3b","2026-08-03","TWD","Asia/Taipei","product_amounts_excluding_tax_and_customer_shipping_income","1","current","{""start"":""2026-08-02"",""end"":""2026-08-02""}","{""kind"":""all"",""channels"":[""DTC"",""MARKETPLACE""]}","same_days","1","1","manual_action","8acb2363-594a-4a7d-98a4-37c61a2a596b","匯出驗收行動第8項","draft","evidence_relation","current","","[""[\""fact\"",\""golden-v1\"",\""2026-08-02\"",\""2026-08-02\"",\""all\"",[\""DTC\"",\""MARKETPLACE\""],null,\""contribution_after_marketing\""]""]","[{""file"":""ad_spend_daily.csv"",""line"":4,""date"":""2026-08-02"",""channel"":""DTC"",""actual_filename"":""ad_spend_daily.csv""},{""file"":""ad_spend_daily.csv"",""line"":5,""date"":""2026-08-02"",""channel"":""MARKETPLACE"",""actual_filename"":""ad_spend_daily.csv""},{""file"":""channel_costs_daily.csv"",""line"":4,""date"":""2026-08-02"",""channel"":""DTC"",""actual_filename"":""channel_costs_daily.csv""},{""file"":""channel_costs_daily.csv"",""line"":5,""date"":""2026-08-02"",""channel"":""MARKETPLACE"",""actual_filename"":""channel_costs_daily.csv""},{""file"":""sales_daily.csv"",""line"":6,""date"":""2026-08-02"",""channel"":""DTC"",""sku"":""A"",""actual_filename"":""sales_daily.csv""},{""file"":""sales_daily.csv"",""line"":7,""date"":""2026-08-02"",""channel"":""DTC"",""sku"":""B"",""actual_filename"":""sales_daily.csv""},{""file"":""sales_daily.csv"",""line"":8,""date"":""2026-08-02"",""channel"":""MARKETPLACE"",""sku"":""A"",""actual_filename"":""sales_daily.csv""},{""file"":""sales_daily.csv"",""line"":9,""date"":""2026-08-02"",""channel"":""MARKETPLACE"",""sku"":""B"",""actual_filename"":""sales_daily.csv""}]","{""comparison_mode"":""same_days"",""channels"":[""DTC"",""MARKETPLACE""],""previous_period"":{""start"":""2026-08-01"",""end"":""2026-08-01""},""current_period"":{""start"":""2026-08-02"",""end"":""2026-08-02""}}","action-1-92339086dd83c9a89ae5ac754bdbad2a30c215eb81213211b953451918ebfc48-f9c7f0abe4b1ba3759249887324f30b7d2ac873e7acf82a12c6fa32e19551a3b","",""
"decision-v1","scenario-v1","contribution-v1","golden-v1","92339086dd83c9a89ae5ac754bdbad2a30c215eb81213211b953451918ebfc48","f9c7f0abe4b1ba3759249887324f30b7d2ac873e7acf82a12c6fa32e19551a3b","2026-08-03","TWD","Asia/Taipei","product_amounts_excluding_tax_and_customer_shipping_income","1","current","{""start"":""2026-08-02"",""end"":""2026-08-02""}","{""kind"":""all"",""channels"":[""DTC"",""MARKETPLACE""]}","same_days","1","1","manual_action","8acb2363-594a-4a7d-98a4-37c61a2a596b","匯出驗收行動第8項","draft","data_limitations","[]","","[""[\""fact\"",\""golden-v1\"",\""2026-08-02\"",\""2026-08-02\"",\""all\"",[\""DTC\"",\""MARKETPLACE\""],null,\""contribution_after_marketing\""]""]","[{""file"":""ad_spend_daily.csv"",""line"":4,""date"":""2026-08-02"",""channel"":""DTC"",""actual_filename"":""ad_spend_daily.csv""},{""file"":""ad_spend_daily.csv"",""line"":5,""date"":""2026-08-02"",""channel"":""MARKETPLACE"",""actual_filename"":""ad_spend_daily.csv""},{""file"":""channel_costs_daily.csv"",""line"":4,""date"":""2026-08-02"",""channel"":""DTC"",""actual_filename"":""channel_costs_daily.csv""},{""file"":""channel_costs_daily.csv"",""line"":5,""date"":""2026-08-02"",""channel"":""MARKETPLACE"",""actual_filename"":""channel_costs_daily.csv""},{""file"":""sales_daily.csv"",""line"":6,""date"":""2026-08-02"",""channel"":""DTC"",""sku"":""A"",""actual_filename"":""sales_daily.csv""},{""file"":""sales_daily.csv"",""line"":7,""date"":""2026-08-02"",""channel"":""DTC"",""sku"":""B"",""actual_filename"":""sales_daily.csv""},{""file"":""sales_daily.csv"",""line"":8,""date"":""2026-08-02"",""channel"":""MARKETPLACE"",""sku"":""A"",""actual_filename"":""sales_daily.csv""},{""file"":""sales_daily.csv"",""line"":9,""date"":""2026-08-02"",""channel"":""MARKETPLACE"",""sku"":""B"",""actual_filename"":""sales_daily.csv""}]","{""comparison_mode"":""same_days"",""channels"":[""DTC"",""MARKETPLACE""],""previous_period"":{""start"":""2026-08-01"",""end"":""2026-08-01""},""current_period"":{""start"":""2026-08-02"",""end"":""2026-08-02""}}","action-1-92339086dd83c9a89ae5ac754bdbad2a30c215eb81213211b953451918ebfc48-f9c7f0abe4b1ba3759249887324f30b7d2ac873e7acf82a12c6fa32e19551a3b","",""
"decision-v1","scenario-v1","contribution-v1","golden-v1","92339086dd83c9a89ae5ac754bdbad2a30c215eb81213211b953451918ebfc48","f9c7f0abe4b1ba3759249887324f30b7d2ac873e7acf82a12c6fa32e19551a3b","2026-08-03","TWD","Asia/Taipei","product_amounts_excluding_tax_and_customer_shipping_income","1","current","{""start"":""2026-08-02"",""end"":""2026-08-02""}","{""kind"":""all"",""channels"":[""DTC"",""MARKETPLACE""]}","same_days","1","1","manual_action","8acb2363-594a-4a7d-98a4-37c61a2a596b","匯出驗收行動第8項","draft","diagnostic_id","null","","[""[\""fact\"",\""golden-v1\"",\""2026-08-02\"",\""2026-08-02\"",\""all\"",[\""DTC\"",\""MARKETPLACE\""],null,\""contribution_after_marketing\""]""]","[{""file"":""ad_spend_daily.csv"",""line"":4,""date"":""2026-08-02"",""channel"":""DTC"",""actual_filename"":""ad_spend_daily.csv""},{""file"":""ad_spend_daily.csv"",""line"":5,""date"":""2026-08-02"",""channel"":""MARKETPLACE"",""actual_filename"":""ad_spend_daily.csv""},{""file"":""channel_costs_daily.csv"",""line"":4,""date"":""2026-08-02"",""channel"":""DTC"",""actual_filename"":""channel_costs_daily.csv""},{""file"":""channel_costs_daily.csv"",""line"":5,""date"":""2026-08-02"",""channel"":""MARKETPLACE"",""actual_filename"":""channel_costs_daily.csv""},{""file"":""sales_daily.csv"",""line"":6,""date"":""2026-08-02"",""channel"":""DTC"",""sku"":""A"",""actual_filename"":""sales_daily.csv""},{""file"":""sales_daily.csv"",""line"":7,""date"":""2026-08-02"",""channel"":""DTC"",""sku"":""B"",""actual_filename"":""sales_daily.csv""},{""file"":""sales_daily.csv"",""line"":8,""date"":""2026-08-02"",""channel"":""MARKETPLACE"",""sku"":""A"",""actual_filename"":""sales_daily.csv""},{""file"":""sales_daily.csv"",""line"":9,""date"":""2026-08-02"",""channel"":""MARKETPLACE"",""sku"":""B"",""actual_filename"":""sales_daily.csv""}]","{""comparison_mode"":""same_days"",""channels"":[""DTC"",""MARKETPLACE""],""previous_period"":{""start"":""2026-08-01"",""end"":""2026-08-01""},""current_period"":{""start"":""2026-08-02"",""end"":""2026-08-02""}}","action-1-92339086dd83c9a89ae5ac754bdbad2a30c215eb81213211b953451918ebfc48-f9c7f0abe4b1ba3759249887324f30b7d2ac873e7acf82a12c6fa32e19551a3b","",""
"decision-v1","scenario-v1","contribution-v1","golden-v1","92339086dd83c9a89ae5ac754bdbad2a30c215eb81213211b953451918ebfc48","f9c7f0abe4b1ba3759249887324f30b7d2ac873e7acf82a12c6fa32e19551a3b","2026-08-03","TWD","Asia/Taipei","product_amounts_excluding_tax_and_customer_shipping_income","1","current","{""start"":""2026-08-02"",""end"":""2026-08-02""}","{""kind"":""all"",""channels"":[""DTC"",""MARKETPLACE""]}","same_days","1","1","manual_action","8acb2363-594a-4a7d-98a4-37c61a2a596b","匯出驗收行動第8項","draft","binding_revision","2","","[""[\""fact\"",\""golden-v1\"",\""2026-08-02\"",\""2026-08-02\"",\""all\"",[\""DTC\"",\""MARKETPLACE\""],null,\""contribution_after_marketing\""]""]","[{""file"":""ad_spend_daily.csv"",""line"":4,""date"":""2026-08-02"",""channel"":""DTC"",""actual_filename"":""ad_spend_daily.csv""},{""file"":""ad_spend_daily.csv"",""line"":5,""date"":""2026-08-02"",""channel"":""MARKETPLACE"",""actual_filename"":""ad_spend_daily.csv""},{""file"":""channel_costs_daily.csv"",""line"":4,""date"":""2026-08-02"",""channel"":""DTC"",""actual_filename"":""channel_costs_daily.csv""},{""file"":""channel_costs_daily.csv"",""line"":5,""date"":""2026-08-02"",""channel"":""MARKETPLACE"",""actual_filename"":""channel_costs_daily.csv""},{""file"":""sales_daily.csv"",""line"":6,""date"":""2026-08-02"",""channel"":""DTC"",""sku"":""A"",""actual_filename"":""sales_daily.csv""},{""file"":""sales_daily.csv"",""line"":7,""date"":""2026-08-02"",""channel"":""DTC"",""sku"":""B"",""actual_filename"":""sales_daily.csv""},{""file"":""sales_daily.csv"",""line"":8,""date"":""2026-08-02"",""channel"":""MARKETPLACE"",""sku"":""A"",""actual_filename"":""sales_daily.csv""},{""file"":""sales_daily.csv"",""line"":9,""date"":""2026-08-02"",""channel"":""MARKETPLACE"",""sku"":""B"",""actual_filename"":""sales_daily.csv""}]","{""comparison_mode"":""same_days"",""channels"":[""DTC"",""MARKETPLACE""],""previous_period"":{""start"":""2026-08-01"",""end"":""2026-08-01""},""current_period"":{""start"":""2026-08-02"",""end"":""2026-08-02""}}","action-1-92339086dd83c9a89ae5ac754bdbad2a30c215eb81213211b953451918ebfc48-f9c7f0abe4b1ba3759249887324f30b7d2ac873e7acf82a12c6fa32e19551a3b","",""
"decision-v1","scenario-v1","contribution-v1","golden-v1","92339086dd83c9a89ae5ac754bdbad2a30c215eb81213211b953451918ebfc48","f9c7f0abe4b1ba3759249887324f30b7d2ac873e7acf82a12c6fa32e19551a3b","2026-08-03","TWD","Asia/Taipei","product_amounts_excluding_tax_and_customer_shipping_income","1","current","{""start"":""2026-08-02"",""end"":""2026-08-02""}","{""kind"":""all"",""channels"":[""DTC"",""MARKETPLACE""]}","same_days","1","1","manual_action","8acb2363-594a-4a7d-98a4-37c61a2a596b","匯出驗收行動第8項","draft","binding_history","[{""revision"":1,""context_id"":""action-1-92339086dd83c9a89ae5ac754bdbad2a30c215eb81213211b953451918ebfc48-f9c7f0abe4b1ba3759249887324f30b7d2ac873e7acf82a12c6fa32e19551a3b"",""scope"":{""kind"":""all"",""channels"":[""DTC"",""MARKETPLACE""]},""fact_ids"":[],""evidence_confirmed"":false,""legacy_review_required"":false,""evidence"":[],""dataset_id"":""golden-v1"",""dataset_hash"":""92339086dd83c9a89ae5ac754bdbad2a30c215eb81213211b953451918ebfc48"",""filter_hash"":""f9c7f0abe4b1ba3759249887324f30b7d2ac873e7acf82a12c6fa32e19551a3b"",""metric_version"":""contribution-v1"",""data_as_of"":""2026-08-03"",""period"":{""start"":""2026-08-02"",""end"":""2026-08-02""},""analysis_scope"":{""comparison_mode"":""same_days"",""channels"":[""DTC"",""MARKETPLACE""],""previous_period"":{""start"":""2026-08-01"",""end"":""2026-08-01""},""current_period"":{""start"":""2026-08-02"",""end"":""2026-08-02""}},""filenames"":{}}]","","[""[\""fact\"",\""golden-v1\"",\""2026-08-02\"",\""2026-08-02\"",\""all\"",[\""DTC\"",\""MARKETPLACE\""],null,\""contribution_after_marketing\""]""]","[{""file"":""ad_spend_daily.csv"",""line"":4,""date"":""2026-08-02"",""channel"":""DTC"",""actual_filename"":""ad_spend_daily.csv""},{""file"":""ad_spend_daily.csv"",""line"":5,""date"":""2026-08-02"",""channel"":""MARKETPLACE"",""actual_filename"":""ad_spend_daily.csv""},{""file"":""channel_costs_daily.csv"",""line"":4,""date"":""2026-08-02"",""channel"":""DTC"",""actual_filename"":""channel_costs_daily.csv""},{""file"":""channel_costs_daily.csv"",""line"":5,""date"":""2026-08-02"",""channel"":""MARKETPLACE"",""actual_filename"":""channel_costs_daily.csv""},{""file"":""sales_daily.csv"",""line"":6,""date"":""2026-08-02"",""channel"":""DTC"",""sku"":""A"",""actual_filename"":""sales_daily.csv""},{""file"":""sales_daily.csv"",""line"":7,""date"":""2026-08-02"",""channel"":""DTC"",""sku"":""B"",""actual_filename"":""sales_daily.csv""},{""file"":""sales_daily.csv"",""line"":8,""date"":""2026-08-02"",""channel"":""MARKETPLACE"",""sku"":""A"",""actual_filename"":""sales_daily.csv""},{""file"":""sales_daily.csv"",""line"":9,""date"":""2026-08-02"",""channel"":""MARKETPLACE"",""sku"":""B"",""actual_filename"":""sales_daily.csv""}]","{""comparison_mode"":""same_days"",""channels"":[""DTC"",""MARKETPLACE""],""previous_period"":{""start"":""2026-08-01"",""end"":""2026-08-01""},""current_period"":{""start"":""2026-08-02"",""end"":""2026-08-02""}}","action-1-92339086dd83c9a89ae5ac754bdbad2a30c215eb81213211b953451918ebfc48-f9c7f0abe4b1ba3759249887324f30b7d2ac873e7acf82a12c6fa32e19551a3b","",""
"decision-v1","scenario-v1","contribution-v1","golden-v1","92339086dd83c9a89ae5ac754bdbad2a30c215eb81213211b953451918ebfc48","f9c7f0abe4b1ba3759249887324f30b7d2ac873e7acf82a12c6fa32e19551a3b","2026-08-03","TWD","Asia/Taipei","product_amounts_excluding_tax_and_customer_shipping_income","1","current","{""start"":""2026-08-02"",""end"":""2026-08-02""}","{""kind"":""all"",""channels"":[""DTC"",""MARKETPLACE""]}","same_days","1","1","manual_action","8acb2363-594a-4a7d-98a4-37c61a2a596b","匯出驗收行動第8項","draft","binding","{""context_id"":""action-1-92339086dd83c9a89ae5ac754bdbad2a30c215eb81213211b953451918ebfc48-f9c7f0abe4b1ba3759249887324f30b7d2ac873e7acf82a12c6fa32e19551a3b"",""status"":""current"",""dataset_id"":""golden-v1"",""dataset_hash"":""92339086dd83c9a89ae5ac754bdbad2a30c215eb81213211b953451918ebfc48"",""filter_hash"":""f9c7f0abe4b1ba3759249887324f30b7d2ac873e7acf82a12c6fa32e19551a3b"",""metric_version"":""contribution-v1"",""data_as_of"":""2026-08-03"",""revision"":1,""period"":{""start"":""2026-08-02"",""end"":""2026-08-02""},""scope"":{""kind"":""all"",""channels"":[""DTC"",""MARKETPLACE""]},""analysis_scope"":{""comparison_mode"":""same_days"",""channels"":[""DTC"",""MARKETPLACE""],""previous_period"":{""start"":""2026-08-01"",""end"":""2026-08-01""},""current_period"":{""start"":""2026-08-02"",""end"":""2026-08-02""}},""comparison"":{""mode"":""same_days"",""previous_days"":1,""current_days"":1,""previous_daily_average"":{""gross_sales"":{""value"":""2500.00"",""reason_codes"":[]},""discounts"":{""value"":""200.00"",""reason_codes"":[]},""refunds"":{""value"":""50.00"",""reason_codes"":[]},""cogs_net"":{""value"":""1050.00"",""reason_codes"":[]},""platform_fees"":{""value"":""90.00"",""reason_codes"":[]},""payment_fees"":{""value"":""60.00"",""reason_codes"":[]},""fulfillment_costs"":{""value"":""160.00"",""reason_codes"":[]},""other_variable_costs"":{""value"":""20.00"",""reason_codes"":[]},""ad_spend"":{""value"":""300.00"",""reason_codes"":[]},""net_revenue"":{""value"":""2250.00"",""reason_codes"":[]},""gross_profit"":{""value"":""1200.00"",""reason_codes"":[]},""contribution_before_marketing"":{""value"":""870.00"",""reason_codes"":[]},""contribution_after_marketing"":{""value"":""570.00"",""reason_codes"":[]}},""current_daily_average"":{""gross_sales"":{""value"":""3100.00"",""reason_codes"":[]},""discounts"":{""value"":""450.00"",""reason_codes"":[]},""refunds"":{""value"":""180.00"",""reason_codes"":[]},""cogs_net"":{""value"":""1325.00"",""reason_codes"":[]},""platform_fees"":{""value"":""120.00"",""reason_codes"":[]},""payment_fees"":{""value"":""66.00"",""reason_codes"":[]},""fulfillment_costs"":{""value"":""225.00"",""reason_codes"":[]},""other_variable_costs"":{""value"":""29.00"",""reason_codes"":[]},""ad_spend"":{""value"":""450.00"",""reason_codes"":[]},""net_revenue"":{""value"":""2470.00"",""reason_codes"":[]},""gross_profit"":{""value"":""1145.00"",""reason_codes"":[]},""contribution_before_marketing"":{""value"":""705.00"",""reason_codes"":[]},""contribution_after_marketing"":{""value"":""255.00"",""reason_codes"":[]}},""daily_average_changes"":{""gross_sales"":{""value"":""600.00"",""reason_codes"":[]},""discounts"":{""value"":""250.00"",""reason_codes"":[]},""refunds"":{""value"":""130.00"",""reason_codes"":[]},""cogs_net"":{""value"":""275.00"",""reason_codes"":[]},""platform_fees"":{""value"":""30.00"",""reason_codes"":[]},""payment_fees"":{""value"":""6.00"",""reason_codes"":[]},""fulfillment_costs"":{""value"":""65.00"",""reason_codes"":[]},""other_variable_costs"":{""value"":""9.00"",""reason_codes"":[]},""ad_spend"":{""value"":""150.00"",""reason_codes"":[]},""net_revenue"":{""value"":""220.00"",""reason_codes"":[]},""gross_profit"":{""value"":""-55.00"",""reason_codes"":[]},""contribution_before_marketing"":{""value"":""-165.00"",""reason_codes"":[]},""contribution_after_marketing"":{""value"":""-315.00"",""reason_codes"":[]}}},""filenames"":{},""stale_reasons"":[]}","","[""[\""fact\"",\""golden-v1\"",\""2026-08-02\"",\""2026-08-02\"",\""all\"",[\""DTC\"",\""MARKETPLACE\""],null,\""contribution_after_marketing\""]""]","[{""file"":""ad_spend_daily.csv"",""line"":4,""date"":""2026-08-02"",""channel"":""DTC"",""actual_filename"":""ad_spend_daily.csv""},{""file"":""ad_spend_daily.csv"",""line"":5,""date"":""2026-08-02"",""channel"":""MARKETPLACE"",""actual_filename"":""ad_spend_daily.csv""},{""file"":""channel_costs_daily.csv"",""line"":4,""date"":""2026-08-02"",""channel"":""DTC"",""actual_filename"":""channel_costs_daily.csv""},{""file"":""channel_costs_daily.csv"",""line"":5,""date"":""2026-08-02"",""channel"":""MARKETPLACE"",""actual_filename"":""channel_costs_daily.csv""},{""file"":""sales_daily.csv"",""line"":6,""date"":""2026-08-02"",""channel"":""DTC"",""sku"":""A"",""actual_filename"":""sales_daily.csv""},{""file"":""sales_daily.csv"",""line"":7,""date"":""2026-08-02"",""channel"":""DTC"",""sku"":""B"",""actual_filename"":""sales_daily.csv""},{""file"":""sales_daily.csv"",""line"":8,""date"":""2026-08-02"",""channel"":""MARKETPLACE"",""sku"":""A"",""actual_filename"":""sales_daily.csv""},{""file"":""sales_daily.csv"",""line"":9,""date"":""2026-08-02"",""channel"":""MARKETPLACE"",""sku"":""B"",""actual_filename"":""sales_daily.csv""}]","{""comparison_mode"":""same_days"",""channels"":[""DTC"",""MARKETPLACE""],""previous_period"":{""start"":""2026-08-01"",""end"":""2026-08-01""},""current_period"":{""start"":""2026-08-02"",""end"":""2026-08-02""}}","action-1-92339086dd83c9a89ae5ac754bdbad2a30c215eb81213211b953451918ebfc48-f9c7f0abe4b1ba3759249887324f30b7d2ac873e7acf82a12c6fa32e19551a3b","",""
"decision-v1","scenario-v1","contribution-v1","golden-v1","92339086dd83c9a89ae5ac754bdbad2a30c215eb81213211b953451918ebfc48","f9c7f0abe4b1ba3759249887324f30b7d2ac873e7acf82a12c6fa32e19551a3b","2026-08-03","TWD","Asia/Taipei","product_amounts_excluding_tax_and_customer_shipping_income","1","current","{""start"":""2026-08-02"",""end"":""2026-08-02""}","{""kind"":""all"",""channels"":[""DTC"",""MARKETPLACE""]}","same_days","1","1","action_fact","8acb2363-594a-4a7d-98a4-37c61a2a596b","匯出驗收行動第8項","draft","contribution_after_marketing","255.00","[]","[""[\""fact\"",\""golden-v1\"",\""2026-08-02\"",\""2026-08-02\"",\""all\"",[\""DTC\"",\""MARKETPLACE\""],null,\""contribution_after_marketing\""]""]","[{""file"":""ad_spend_daily.csv"",""line"":4,""date"":""2026-08-02"",""channel"":""DTC"",""actual_filename"":""ad_spend_daily.csv""},{""file"":""ad_spend_daily.csv"",""line"":5,""date"":""2026-08-02"",""channel"":""MARKETPLACE"",""actual_filename"":""ad_spend_daily.csv""},{""file"":""channel_costs_daily.csv"",""line"":4,""date"":""2026-08-02"",""channel"":""DTC"",""actual_filename"":""channel_costs_daily.csv""},{""file"":""channel_costs_daily.csv"",""line"":5,""date"":""2026-08-02"",""channel"":""MARKETPLACE"",""actual_filename"":""channel_costs_daily.csv""},{""file"":""sales_daily.csv"",""line"":6,""date"":""2026-08-02"",""channel"":""DTC"",""sku"":""A"",""actual_filename"":""sales_daily.csv""},{""file"":""sales_daily.csv"",""line"":7,""date"":""2026-08-02"",""channel"":""DTC"",""sku"":""B"",""actual_filename"":""sales_daily.csv""},{""file"":""sales_daily.csv"",""line"":8,""date"":""2026-08-02"",""channel"":""MARKETPLACE"",""sku"":""A"",""actual_filename"":""sales_daily.csv""},{""file"":""sales_daily.csv"",""line"":9,""date"":""2026-08-02"",""channel"":""MARKETPLACE"",""sku"":""B"",""actual_filename"":""sales_daily.csv""}]","{""comparison_mode"":""same_days"",""channels"":[""DTC"",""MARKETPLACE""],""previous_period"":{""start"":""2026-08-01"",""end"":""2026-08-01""},""current_period"":{""start"":""2026-08-02"",""end"":""2026-08-02""}}","action-1-92339086dd83c9a89ae5ac754bdbad2a30c215eb81213211b953451918ebfc48-f9c7f0abe4b1ba3759249887324f30b7d2ac873e7acf82a12c6fa32e19551a3b","",""
"decision-v1","scenario-v1","contribution-v1","golden-v1","92339086dd83c9a89ae5ac754bdbad2a30c215eb81213211b953451918ebfc48","f9c7f0abe4b1ba3759249887324f30b7d2ac873e7acf82a12c6fa32e19551a3b","2026-08-03","TWD","Asia/Taipei","product_amounts_excluding_tax_and_customer_shipping_income","1","current","{""start"":""2026-08-01"",""end"":""2026-08-01""}","{""kind"":""all"",""channels"":[""DTC"",""MARKETPLACE""]}","same_days","1","1","fact","[""fact"",""golden-v1"",""2026-08-01"",""2026-08-01"",""all"",[""DTC"",""MARKETPLACE""],null,""gross_sales""]","","","gross_sales","2500.00","[]","[""[\""fact\"",\""golden-v1\"",\""2026-08-01\"",\""2026-08-01\"",\""all\"",[\""DTC\"",\""MARKETPLACE\""],null,\""gross_sales\""]""]","[{""file"":""ad_spend_daily.csv"",""line"":2,""date"":""2026-08-01"",""channel"":""DTC"",""actual_filename"":""ad_spend_daily.csv""},{""file"":""ad_spend_daily.csv"",""line"":3,""date"":""2026-08-01"",""channel"":""MARKETPLACE"",""actual_filename"":""ad_spend_daily.csv""},{""file"":""channel_costs_daily.csv"",""line"":2,""date"":""2026-08-01"",""channel"":""DTC"",""actual_filename"":""channel_costs_daily.csv""},{""file"":""channel_costs_daily.csv"",""line"":3,""date"":""2026-08-01"",""channel"":""MARKETPLACE"",""actual_filename"":""channel_costs_daily.csv""},{""file"":""sales_daily.csv"",""line"":2,""date"":""2026-08-01"",""channel"":""DTC"",""sku"":""A"",""actual_filename"":""sales_daily.csv""},{""file"":""sales_daily.csv"",""line"":3,""date"":""2026-08-01"",""channel"":""DTC"",""sku"":""B"",""actual_filename"":""sales_daily.csv""},{""file"":""sales_daily.csv"",""line"":4,""date"":""2026-08-01"",""channel"":""MARKETPLACE"",""sku"":""A"",""actual_filename"":""sales_daily.csv""},{""file"":""sales_daily.csv"",""line"":5,""date"":""2026-08-01"",""channel"":""MARKETPLACE"",""sku"":""B"",""actual_filename"":""sales_daily.csv""}]","","","",""
"decision-v1","scenario-v1","contribution-v1","golden-v1","92339086dd83c9a89ae5ac754bdbad2a30c215eb81213211b953451918ebfc48","f9c7f0abe4b1ba3759249887324f30b7d2ac873e7acf82a12c6fa32e19551a3b","2026-08-03","TWD","Asia/Taipei","product_amounts_excluding_tax_and_customer_shipping_income","1","current","{""start"":""2026-08-01"",""end"":""2026-08-01""}","{""kind"":""all"",""channels"":[""DTC"",""MARKETPLACE""]}","same_days","1","1","fact","[""fact"",""golden-v1"",""2026-08-01"",""2026-08-01"",""all"",[""DTC"",""MARKETPLACE""],null,""discounts""]","","","discounts","200.00","[]","[""[\""fact\"",\""golden-v1\"",\""2026-08-01\"",\""2026-08-01\"",\""all\"",[\""DTC\"",\""MARKETPLACE\""],null,\""discounts\""]""]","[{""file"":""ad_spend_daily.csv"",""line"":2,""date"":""2026-08-01"",""channel"":""DTC"",""actual_filename"":""ad_spend_daily.csv""},{""file"":""ad_spend_daily.csv"",""line"":3,""date"":""2026-08-01"",""channel"":""MARKETPLACE"",""actual_filename"":""ad_spend_daily.csv""},{""file"":""channel_costs_daily.csv"",""line"":2,""date"":""2026-08-01"",""channel"":""DTC"",""actual_filename"":""channel_costs_daily.csv""},{""file"":""channel_costs_daily.csv"",""line"":3,""date"":""2026-08-01"",""channel"":""MARKETPLACE"",""actual_filename"":""channel_costs_daily.csv""},{""file"":""sales_daily.csv"",""line"":2,""date"":""2026-08-01"",""channel"":""DTC"",""sku"":""A"",""actual_filename"":""sales_daily.csv""},{""file"":""sales_daily.csv"",""line"":3,""date"":""2026-08-01"",""channel"":""DTC"",""sku"":""B"",""actual_filename"":""sales_daily.csv""},{""file"":""sales_daily.csv"",""line"":4,""date"":""2026-08-01"",""channel"":""MARKETPLACE"",""sku"":""A"",""actual_filename"":""sales_daily.csv""},{""file"":""sales_daily.csv"",""line"":5,""date"":""2026-08-01"",""channel"":""MARKETPLACE"",""sku"":""B"",""actual_filename"":""sales_daily.csv""}]","","","",""
"decision-v1","scenario-v1","contribution-v1","golden-v1","92339086dd83c9a89ae5ac754bdbad2a30c215eb81213211b953451918ebfc48","f9c7f0abe4b1ba3759249887324f30b7d2ac873e7acf82a12c6fa32e19551a3b","2026-08-03","TWD","Asia/Taipei","product_amounts_excluding_tax_and_customer_shipping_income","1","current","{""start"":""2026-08-01"",""end"":""2026-08-01""}","{""kind"":""all"",""channels"":[""DTC"",""MARKETPLACE""]}","same_days","1","1","fact","[""fact"",""golden-v1"",""2026-08-01"",""2026-08-01"",""all"",[""DTC"",""MARKETPLACE""],null,""refunds""]","","","refunds","50.00","[]","[""[\""fact\"",\""golden-v1\"",\""2026-08-01\"",\""2026-08-01\"",\""all\"",[\""DTC\"",\""MARKETPLACE\""],null,\""refunds\""]""]","[{""file"":""ad_spend_daily.csv"",""line"":2,""date"":""2026-08-01"",""channel"":""DTC"",""actual_filename"":""ad_spend_daily.csv""},{""file"":""ad_spend_daily.csv"",""line"":3,""date"":""2026-08-01"",""channel"":""MARKETPLACE"",""actual_filename"":""ad_spend_daily.csv""},{""file"":""channel_costs_daily.csv"",""line"":2,""date"":""2026-08-01"",""channel"":""DTC"",""actual_filename"":""channel_costs_daily.csv""},{""file"":""channel_costs_daily.csv"",""line"":3,""date"":""2026-08-01"",""channel"":""MARKETPLACE"",""actual_filename"":""channel_costs_daily.csv""},{""file"":""sales_daily.csv"",""line"":2,""date"":""2026-08-01"",""channel"":""DTC"",""sku"":""A"",""actual_filename"":""sales_daily.csv""},{""file"":""sales_daily.csv"",""line"":3,""date"":""2026-08-01"",""channel"":""DTC"",""sku"":""B"",""actual_filename"":""sales_daily.csv""},{""file"":""sales_daily.csv"",""line"":4,""date"":""2026-08-01"",""channel"":""MARKETPLACE"",""sku"":""A"",""actual_filename"":""sales_daily.csv""},{""file"":""sales_daily.csv"",""line"":5,""date"":""2026-08-01"",""channel"":""MARKETPLACE"",""sku"":""B"",""actual_filename"":""sales_daily.csv""}]","","","",""
"decision-v1","scenario-v1","contribution-v1","golden-v1","92339086dd83c9a89ae5ac754bdbad2a30c215eb81213211b953451918ebfc48","f9c7f0abe4b1ba3759249887324f30b7d2ac873e7acf82a12c6fa32e19551a3b","2026-08-03","TWD","Asia/Taipei","product_amounts_excluding_tax_and_customer_shipping_income","1","current","{""start"":""2026-08-01"",""end"":""2026-08-01""}","{""kind"":""all"",""channels"":[""DTC"",""MARKETPLACE""]}","same_days","1","1","fact","[""fact"",""golden-v1"",""2026-08-01"",""2026-08-01"",""all"",[""DTC"",""MARKETPLACE""],null,""cogs_net""]","","","cogs_net","1050.00","[]","[""[\""fact\"",\""golden-v1\"",\""2026-08-01\"",\""2026-08-01\"",\""all\"",[\""DTC\"",\""MARKETPLACE\""],null,\""cogs_net\""]""]","[{""file"":""ad_spend_daily.csv"",""line"":2,""date"":""2026-08-01"",""channel"":""DTC"",""actual_filename"":""ad_spend_daily.csv""},{""file"":""ad_spend_daily.csv"",""line"":3,""date"":""2026-08-01"",""channel"":""MARKETPLACE"",""actual_filename"":""ad_spend_daily.csv""},{""file"":""channel_costs_daily.csv"",""line"":2,""date"":""2026-08-01"",""channel"":""DTC"",""actual_filename"":""channel_costs_daily.csv""},{""file"":""channel_costs_daily.csv"",""line"":3,""date"":""2026-08-01"",""channel"":""MARKETPLACE"",""actual_filename"":""channel_costs_daily.csv""},{""file"":""sales_daily.csv"",""line"":2,""date"":""2026-08-01"",""channel"":""DTC"",""sku"":""A"",""actual_filename"":""sales_daily.csv""},{""file"":""sales_daily.csv"",""line"":3,""date"":""2026-08-01"",""channel"":""DTC"",""sku"":""B"",""actual_filename"":""sales_daily.csv""},{""file"":""sales_daily.csv"",""line"":4,""date"":""2026-08-01"",""channel"":""MARKETPLACE"",""sku"":""A"",""actual_filename"":""sales_daily.csv""},{""file"":""sales_daily.csv"",""line"":5,""date"":""2026-08-01"",""channel"":""MARKETPLACE"",""sku"":""B"",""actual_filename"":""sales_daily.csv""}]","","","",""
"decision-v1","scenario-v1","contribution-v1","golden-v1","92339086dd83c9a89ae5ac754bdbad2a30c215eb81213211b953451918ebfc48","f9c7f0abe4b1ba3759249887324f30b7d2ac873e7acf82a12c6fa32e19551a3b","2026-08-03","TWD","Asia/Taipei","product_amounts_excluding_tax_and_customer_shipping_income","1","current","{""start"":""2026-08-01"",""end"":""2026-08-01""}","{""kind"":""all"",""channels"":[""DTC"",""MARKETPLACE""]}","same_days","1","1","fact","[""fact"",""golden-v1"",""2026-08-01"",""2026-08-01"",""all"",[""DTC"",""MARKETPLACE""],null,""platform_fees""]","","","platform_fees","90.00","[]","[""[\""fact\"",\""golden-v1\"",\""2026-08-01\"",\""2026-08-01\"",\""all\"",[\""DTC\"",\""MARKETPLACE\""],null,\""platform_fees\""]""]","[{""file"":""ad_spend_daily.csv"",""line"":2,""date"":""2026-08-01"",""channel"":""DTC"",""actual_filename"":""ad_spend_daily.csv""},{""file"":""ad_spend_daily.csv"",""line"":3,""date"":""2026-08-01"",""channel"":""MARKETPLACE"",""actual_filename"":""ad_spend_daily.csv""},{""file"":""channel_costs_daily.csv"",""line"":2,""date"":""2026-08-01"",""channel"":""DTC"",""actual_filename"":""channel_costs_daily.csv""},{""file"":""channel_costs_daily.csv"",""line"":3,""date"":""2026-08-01"",""channel"":""MARKETPLACE"",""actual_filename"":""channel_costs_daily.csv""},{""file"":""sales_daily.csv"",""line"":2,""date"":""2026-08-01"",""channel"":""DTC"",""sku"":""A"",""actual_filename"":""sales_daily.csv""},{""file"":""sales_daily.csv"",""line"":3,""date"":""2026-08-01"",""channel"":""DTC"",""sku"":""B"",""actual_filename"":""sales_daily.csv""},{""file"":""sales_daily.csv"",""line"":4,""date"":""2026-08-01"",""channel"":""MARKETPLACE"",""sku"":""A"",""actual_filename"":""sales_daily.csv""},{""file"":""sales_daily.csv"",""line"":5,""date"":""2026-08-01"",""channel"":""MARKETPLACE"",""sku"":""B"",""actual_filename"":""sales_daily.csv""}]","","","",""
"decision-v1","scenario-v1","contribution-v1","golden-v1","92339086dd83c9a89ae5ac754bdbad2a30c215eb81213211b953451918ebfc48","f9c7f0abe4b1ba3759249887324f30b7d2ac873e7acf82a12c6fa32e19551a3b","2026-08-03","TWD","Asia/Taipei","product_amounts_excluding_tax_and_customer_shipping_income","1","current","{""start"":""2026-08-01"",""end"":""2026-08-01""}","{""kind"":""all"",""channels"":[""DTC"",""MARKETPLACE""]}","same_days","1","1","fact","[""fact"",""golden-v1"",""2026-08-01"",""2026-08-01"",""all"",[""DTC"",""MARKETPLACE""],null,""payment_fees""]","","","payment_fees","60.00","[]","[""[\""fact\"",\""golden-v1\"",\""2026-08-01\"",\""2026-08-01\"",\""all\"",[\""DTC\"",\""MARKETPLACE\""],null,\""payment_fees\""]""]","[{""file"":""ad_spend_daily.csv"",""line"":2,""date"":""2026-08-01"",""channel"":""DTC"",""actual_filename"":""ad_spend_daily.csv""},{""file"":""ad_spend_daily.csv"",""line"":3,""date"":""2026-08-01"",""channel"":""MARKETPLACE"",""actual_filename"":""ad_spend_daily.csv""},{""file"":""channel_costs_daily.csv"",""line"":2,""date"":""2026-08-01"",""channel"":""DTC"",""actual_filename"":""channel_costs_daily.csv""},{""file"":""channel_costs_daily.csv"",""line"":3,""date"":""2026-08-01"",""channel"":""MARKETPLACE"",""actual_filename"":""channel_costs_daily.csv""},{""file"":""sales_daily.csv"",""line"":2,""date"":""2026-08-01"",""channel"":""DTC"",""sku"":""A"",""actual_filename"":""sales_daily.csv""},{""file"":""sales_daily.csv"",""line"":3,""date"":""2026-08-01"",""channel"":""DTC"",""sku"":""B"",""actual_filename"":""sales_daily.csv""},{""file"":""sales_daily.csv"",""line"":4,""date"":""2026-08-01"",""channel"":""MARKETPLACE"",""sku"":""A"",""actual_filename"":""sales_daily.csv""},{""file"":""sales_daily.csv"",""line"":5,""date"":""2026-08-01"",""channel"":""MARKETPLACE"",""sku"":""B"",""actual_filename"":""sales_daily.csv""}]","","","",""
"decision-v1","scenario-v1","contribution-v1","golden-v1","92339086dd83c9a89ae5ac754bdbad2a30c215eb81213211b953451918ebfc48","f9c7f0abe4b1ba3759249887324f30b7d2ac873e7acf82a12c6fa32e19551a3b","2026-08-03","TWD","Asia/Taipei","product_amounts_excluding_tax_and_customer_shipping_income","1","current","{""start"":""2026-08-01"",""end"":""2026-08-01""}","{""kind"":""all"",""channels"":[""DTC"",""MARKETPLACE""]}","same_days","1","1","fact","[""fact"",""golden-v1"",""2026-08-01"",""2026-08-01"",""all"",[""DTC"",""MARKETPLACE""],null,""fulfillment_costs""]","","","fulfillment_costs","160.00","[]","[""[\""fact\"",\""golden-v1\"",\""2026-08-01\"",\""2026-08-01\"",\""all\"",[\""DTC\"",\""MARKETPLACE\""],null,\""fulfillment_costs\""]""]","[{""file"":""ad_spend_daily.csv"",""line"":2,""date"":""2026-08-01"",""channel"":""DTC"",""actual_filename"":""ad_spend_daily.csv""},{""file"":""ad_spend_daily.csv"",""line"":3,""date"":""2026-08-01"",""channel"":""MARKETPLACE"",""actual_filename"":""ad_spend_daily.csv""},{""file"":""channel_costs_daily.csv"",""line"":2,""date"":""2026-08-01"",""channel"":""DTC"",""actual_filename"":""channel_costs_daily.csv""},{""file"":""channel_costs_daily.csv"",""line"":3,""date"":""2026-08-01"",""channel"":""MARKETPLACE"",""actual_filename"":""channel_costs_daily.csv""},{""file"":""sales_daily.csv"",""line"":2,""date"":""2026-08-01"",""channel"":""DTC"",""sku"":""A"",""actual_filename"":""sales_daily.csv""},{""file"":""sales_daily.csv"",""line"":3,""date"":""2026-08-01"",""channel"":""DTC"",""sku"":""B"",""actual_filename"":""sales_daily.csv""},{""file"":""sales_daily.csv"",""line"":4,""date"":""2026-08-01"",""channel"":""MARKETPLACE"",""sku"":""A"",""actual_filename"":""sales_daily.csv""},{""file"":""sales_daily.csv"",""line"":5,""date"":""2026-08-01"",""channel"":""MARKETPLACE"",""sku"":""B"",""actual_filename"":""sales_daily.csv""}]","","","",""
"decision-v1","scenario-v1","contribution-v1","golden-v1","92339086dd83c9a89ae5ac754bdbad2a30c215eb81213211b953451918ebfc48","f9c7f0abe4b1ba3759249887324f30b7d2ac873e7acf82a12c6fa32e19551a3b","2026-08-03","TWD","Asia/Taipei","product_amounts_excluding_tax_and_customer_shipping_income","1","current","{""start"":""2026-08-01"",""end"":""2026-08-01""}","{""kind"":""all"",""channels"":[""DTC"",""MARKETPLACE""]}","same_days","1","1","fact","[""fact"",""golden-v1"",""2026-08-01"",""2026-08-01"",""all"",[""DTC"",""MARKETPLACE""],null,""other_variable_costs""]","","","other_variable_costs","20.00","[]","[""[\""fact\"",\""golden-v1\"",\""2026-08-01\"",\""2026-08-01\"",\""all\"",[\""DTC\"",\""MARKETPLACE\""],null,\""other_variable_costs\""]""]","[{""file"":""ad_spend_daily.csv"",""line"":2,""date"":""2026-08-01"",""channel"":""DTC"",""actual_filename"":""ad_spend_daily.csv""},{""file"":""ad_spend_daily.csv"",""line"":3,""date"":""2026-08-01"",""channel"":""MARKETPLACE"",""actual_filename"":""ad_spend_daily.csv""},{""file"":""channel_costs_daily.csv"",""line"":2,""date"":""2026-08-01"",""channel"":""DTC"",""actual_filename"":""channel_costs_daily.csv""},{""file"":""channel_costs_daily.csv"",""line"":3,""date"":""2026-08-01"",""channel"":""MARKETPLACE"",""actual_filename"":""channel_costs_daily.csv""},{""file"":""sales_daily.csv"",""line"":2,""date"":""2026-08-01"",""channel"":""DTC"",""sku"":""A"",""actual_filename"":""sales_daily.csv""},{""file"":""sales_daily.csv"",""line"":3,""date"":""2026-08-01"",""channel"":""DTC"",""sku"":""B"",""actual_filename"":""sales_daily.csv""},{""file"":""sales_daily.csv"",""line"":4,""date"":""2026-08-01"",""channel"":""MARKETPLACE"",""sku"":""A"",""actual_filename"":""sales_daily.csv""},{""file"":""sales_daily.csv"",""line"":5,""date"":""2026-08-01"",""channel"":""MARKETPLACE"",""sku"":""B"",""actual_filename"":""sales_daily.csv""}]","","","",""
"decision-v1","scenario-v1","contribution-v1","golden-v1","92339086dd83c9a89ae5ac754bdbad2a30c215eb81213211b953451918ebfc48","f9c7f0abe4b1ba3759249887324f30b7d2ac873e7acf82a12c6fa32e19551a3b","2026-08-03","TWD","Asia/Taipei","product_amounts_excluding_tax_and_customer_shipping_income","1","current","{""start"":""2026-08-01"",""end"":""2026-08-01""}","{""kind"":""all"",""channels"":[""DTC"",""MARKETPLACE""]}","same_days","1","1","fact","[""fact"",""golden-v1"",""2026-08-01"",""2026-08-01"",""all"",[""DTC"",""MARKETPLACE""],null,""ad_spend""]","","","ad_spend","300.00","[]","[""[\""fact\"",\""golden-v1\"",\""2026-08-01\"",\""2026-08-01\"",\""all\"",[\""DTC\"",\""MARKETPLACE\""],null,\""ad_spend\""]""]","[{""file"":""ad_spend_daily.csv"",""line"":2,""date"":""2026-08-01"",""channel"":""DTC"",""actual_filename"":""ad_spend_daily.csv""},{""file"":""ad_spend_daily.csv"",""line"":3,""date"":""2026-08-01"",""channel"":""MARKETPLACE"",""actual_filename"":""ad_spend_daily.csv""},{""file"":""channel_costs_daily.csv"",""line"":2,""date"":""2026-08-01"",""channel"":""DTC"",""actual_filename"":""channel_costs_daily.csv""},{""file"":""channel_costs_daily.csv"",""line"":3,""date"":""2026-08-01"",""channel"":""MARKETPLACE"",""actual_filename"":""channel_costs_daily.csv""},{""file"":""sales_daily.csv"",""line"":2,""date"":""2026-08-01"",""channel"":""DTC"",""sku"":""A"",""actual_filename"":""sales_daily.csv""},{""file"":""sales_daily.csv"",""line"":3,""date"":""2026-08-01"",""channel"":""DTC"",""sku"":""B"",""actual_filename"":""sales_daily.csv""},{""file"":""sales_daily.csv"",""line"":4,""date"":""2026-08-01"",""channel"":""MARKETPLACE"",""sku"":""A"",""actual_filename"":""sales_daily.csv""},{""file"":""sales_daily.csv"",""line"":5,""date"":""2026-08-01"",""channel"":""MARKETPLACE"",""sku"":""B"",""actual_filename"":""sales_daily.csv""}]","","","",""
"decision-v1","scenario-v1","contribution-v1","golden-v1","92339086dd83c9a89ae5ac754bdbad2a30c215eb81213211b953451918ebfc48","f9c7f0abe4b1ba3759249887324f30b7d2ac873e7acf82a12c6fa32e19551a3b","2026-08-03","TWD","Asia/Taipei","product_amounts_excluding_tax_and_customer_shipping_income","1","current","{""start"":""2026-08-01"",""end"":""2026-08-01""}","{""kind"":""all"",""channels"":[""DTC"",""MARKETPLACE""]}","same_days","1","1","fact","[""fact"",""golden-v1"",""2026-08-01"",""2026-08-01"",""all"",[""DTC"",""MARKETPLACE""],null,""net_revenue""]","","","net_revenue","2250.00","[]","[""[\""fact\"",\""golden-v1\"",\""2026-08-01\"",\""2026-08-01\"",\""all\"",[\""DTC\"",\""MARKETPLACE\""],null,\""net_revenue\""]""]","[{""file"":""ad_spend_daily.csv"",""line"":2,""date"":""2026-08-01"",""channel"":""DTC"",""actual_filename"":""ad_spend_daily.csv""},{""file"":""ad_spend_daily.csv"",""line"":3,""date"":""2026-08-01"",""channel"":""MARKETPLACE"",""actual_filename"":""ad_spend_daily.csv""},{""file"":""channel_costs_daily.csv"",""line"":2,""date"":""2026-08-01"",""channel"":""DTC"",""actual_filename"":""channel_costs_daily.csv""},{""file"":""channel_costs_daily.csv"",""line"":3,""date"":""2026-08-01"",""channel"":""MARKETPLACE"",""actual_filename"":""channel_costs_daily.csv""},{""file"":""sales_daily.csv"",""line"":2,""date"":""2026-08-01"",""channel"":""DTC"",""sku"":""A"",""actual_filename"":""sales_daily.csv""},{""file"":""sales_daily.csv"",""line"":3,""date"":""2026-08-01"",""channel"":""DTC"",""sku"":""B"",""actual_filename"":""sales_daily.csv""},{""file"":""sales_daily.csv"",""line"":4,""date"":""2026-08-01"",""channel"":""MARKETPLACE"",""sku"":""A"",""actual_filename"":""sales_daily.csv""},{""file"":""sales_daily.csv"",""line"":5,""date"":""2026-08-01"",""channel"":""MARKETPLACE"",""sku"":""B"",""actual_filename"":""sales_daily.csv""}]","","","",""
"decision-v1","scenario-v1","contribution-v1","golden-v1","92339086dd83c9a89ae5ac754bdbad2a30c215eb81213211b953451918ebfc48","f9c7f0abe4b1ba3759249887324f30b7d2ac873e7acf82a12c6fa32e19551a3b","2026-08-03","TWD","Asia/Taipei","product_amounts_excluding_tax_and_customer_shipping_income","1","current","{""start"":""2026-08-01"",""end"":""2026-08-01""}","{""kind"":""all"",""channels"":[""DTC"",""MARKETPLACE""]}","same_days","1","1","fact","[""fact"",""golden-v1"",""2026-08-01"",""2026-08-01"",""all"",[""DTC"",""MARKETPLACE""],null,""gross_profit""]","","","gross_profit","1200.00","[]","[""[\""fact\"",\""golden-v1\"",\""2026-08-01\"",\""2026-08-01\"",\""all\"",[\""DTC\"",\""MARKETPLACE\""],null,\""gross_profit\""]""]","[{""file"":""ad_spend_daily.csv"",""line"":2,""date"":""2026-08-01"",""channel"":""DTC"",""actual_filename"":""ad_spend_daily.csv""},{""file"":""ad_spend_daily.csv"",""line"":3,""date"":""2026-08-01"",""channel"":""MARKETPLACE"",""actual_filename"":""ad_spend_daily.csv""},{""file"":""channel_costs_daily.csv"",""line"":2,""date"":""2026-08-01"",""channel"":""DTC"",""actual_filename"":""channel_costs_daily.csv""},{""file"":""channel_costs_daily.csv"",""line"":3,""date"":""2026-08-01"",""channel"":""MARKETPLACE"",""actual_filename"":""channel_costs_daily.csv""},{""file"":""sales_daily.csv"",""line"":2,""date"":""2026-08-01"",""channel"":""DTC"",""sku"":""A"",""actual_filename"":""sales_daily.csv""},{""file"":""sales_daily.csv"",""line"":3,""date"":""2026-08-01"",""channel"":""DTC"",""sku"":""B"",""actual_filename"":""sales_daily.csv""},{""file"":""sales_daily.csv"",""line"":4,""date"":""2026-08-01"",""channel"":""MARKETPLACE"",""sku"":""A"",""actual_filename"":""sales_daily.csv""},{""file"":""sales_daily.csv"",""line"":5,""date"":""2026-08-01"",""channel"":""MARKETPLACE"",""sku"":""B"",""actual_filename"":""sales_daily.csv""}]","","","",""
"decision-v1","scenario-v1","contribution-v1","golden-v1","92339086dd83c9a89ae5ac754bdbad2a30c215eb81213211b953451918ebfc48","f9c7f0abe4b1ba3759249887324f30b7d2ac873e7acf82a12c6fa32e19551a3b","2026-08-03","TWD","Asia/Taipei","product_amounts_excluding_tax_and_customer_shipping_income","1","current","{""start"":""2026-08-01"",""end"":""2026-08-01""}","{""kind"":""all"",""channels"":[""DTC"",""MARKETPLACE""]}","same_days","1","1","fact","[""fact"",""golden-v1"",""2026-08-01"",""2026-08-01"",""all"",[""DTC"",""MARKETPLACE""],null,""contribution_before_marketing""]","","","contribution_before_marketing","870.00","[]","[""[\""fact\"",\""golden-v1\"",\""2026-08-01\"",\""2026-08-01\"",\""all\"",[\""DTC\"",\""MARKETPLACE\""],null,\""contribution_before_marketing\""]""]","[{""file"":""ad_spend_daily.csv"",""line"":2,""date"":""2026-08-01"",""channel"":""DTC"",""actual_filename"":""ad_spend_daily.csv""},{""file"":""ad_spend_daily.csv"",""line"":3,""date"":""2026-08-01"",""channel"":""MARKETPLACE"",""actual_filename"":""ad_spend_daily.csv""},{""file"":""channel_costs_daily.csv"",""line"":2,""date"":""2026-08-01"",""channel"":""DTC"",""actual_filename"":""channel_costs_daily.csv""},{""file"":""channel_costs_daily.csv"",""line"":3,""date"":""2026-08-01"",""channel"":""MARKETPLACE"",""actual_filename"":""channel_costs_daily.csv""},{""file"":""sales_daily.csv"",""line"":2,""date"":""2026-08-01"",""channel"":""DTC"",""sku"":""A"",""actual_filename"":""sales_daily.csv""},{""file"":""sales_daily.csv"",""line"":3,""date"":""2026-08-01"",""channel"":""DTC"",""sku"":""B"",""actual_filename"":""sales_daily.csv""},{""file"":""sales_daily.csv"",""line"":4,""date"":""2026-08-01"",""channel"":""MARKETPLACE"",""sku"":""A"",""actual_filename"":""sales_daily.csv""},{""file"":""sales_daily.csv"",""line"":5,""date"":""2026-08-01"",""channel"":""MARKETPLACE"",""sku"":""B"",""actual_filename"":""sales_daily.csv""}]","","","",""
"decision-v1","scenario-v1","contribution-v1","golden-v1","92339086dd83c9a89ae5ac754bdbad2a30c215eb81213211b953451918ebfc48","f9c7f0abe4b1ba3759249887324f30b7d2ac873e7acf82a12c6fa32e19551a3b","2026-08-03","TWD","Asia/Taipei","product_amounts_excluding_tax_and_customer_shipping_income","1","current","{""start"":""2026-08-01"",""end"":""2026-08-01""}","{""kind"":""all"",""channels"":[""DTC"",""MARKETPLACE""]}","same_days","1","1","fact","[""fact"",""golden-v1"",""2026-08-01"",""2026-08-01"",""all"",[""DTC"",""MARKETPLACE""],null,""contribution_after_marketing""]","","","contribution_after_marketing","570.00","[]","[""[\""fact\"",\""golden-v1\"",\""2026-08-01\"",\""2026-08-01\"",\""all\"",[\""DTC\"",\""MARKETPLACE\""],null,\""contribution_after_marketing\""]""]","[{""file"":""ad_spend_daily.csv"",""line"":2,""date"":""2026-08-01"",""channel"":""DTC"",""actual_filename"":""ad_spend_daily.csv""},{""file"":""ad_spend_daily.csv"",""line"":3,""date"":""2026-08-01"",""channel"":""MARKETPLACE"",""actual_filename"":""ad_spend_daily.csv""},{""file"":""channel_costs_daily.csv"",""line"":2,""date"":""2026-08-01"",""channel"":""DTC"",""actual_filename"":""channel_costs_daily.csv""},{""file"":""channel_costs_daily.csv"",""line"":3,""date"":""2026-08-01"",""channel"":""MARKETPLACE"",""actual_filename"":""channel_costs_daily.csv""},{""file"":""sales_daily.csv"",""line"":2,""date"":""2026-08-01"",""channel"":""DTC"",""sku"":""A"",""actual_filename"":""sales_daily.csv""},{""file"":""sales_daily.csv"",""line"":3,""date"":""2026-08-01"",""channel"":""DTC"",""sku"":""B"",""actual_filename"":""sales_daily.csv""},{""file"":""sales_daily.csv"",""line"":4,""date"":""2026-08-01"",""channel"":""MARKETPLACE"",""sku"":""A"",""actual_filename"":""sales_daily.csv""},{""file"":""sales_daily.csv"",""line"":5,""date"":""2026-08-01"",""channel"":""MARKETPLACE"",""sku"":""B"",""actual_filename"":""sales_daily.csv""}]","","","",""
"decision-v1","scenario-v1","contribution-v1","golden-v1","92339086dd83c9a89ae5ac754bdbad2a30c215eb81213211b953451918ebfc48","f9c7f0abe4b1ba3759249887324f30b7d2ac873e7acf82a12c6fa32e19551a3b","2026-08-03","TWD","Asia/Taipei","product_amounts_excluding_tax_and_customer_shipping_income","1","current","{""start"":""2026-08-01"",""end"":""2026-08-01""}","{""kind"":""all"",""channels"":[""DTC"",""MARKETPLACE""]}","same_days","1","1","fact","[""fact"",""golden-v1"",""2026-08-01"",""2026-08-01"",""all"",[""DTC"",""MARKETPLACE""],null,""gross_margin""]","","","gross_margin","0.533333333333","[]","[""[\""fact\"",\""golden-v1\"",\""2026-08-01\"",\""2026-08-01\"",\""all\"",[\""DTC\"",\""MARKETPLACE\""],null,\""gross_margin\""]""]","[{""file"":""ad_spend_daily.csv"",""line"":2,""date"":""2026-08-01"",""channel"":""DTC"",""actual_filename"":""ad_spend_daily.csv""},{""file"":""ad_spend_daily.csv"",""line"":3,""date"":""2026-08-01"",""channel"":""MARKETPLACE"",""actual_filename"":""ad_spend_daily.csv""},{""file"":""channel_costs_daily.csv"",""line"":2,""date"":""2026-08-01"",""channel"":""DTC"",""actual_filename"":""channel_costs_daily.csv""},{""file"":""channel_costs_daily.csv"",""line"":3,""date"":""2026-08-01"",""channel"":""MARKETPLACE"",""actual_filename"":""channel_costs_daily.csv""},{""file"":""sales_daily.csv"",""line"":2,""date"":""2026-08-01"",""channel"":""DTC"",""sku"":""A"",""actual_filename"":""sales_daily.csv""},{""file"":""sales_daily.csv"",""line"":3,""date"":""2026-08-01"",""channel"":""DTC"",""sku"":""B"",""actual_filename"":""sales_daily.csv""},{""file"":""sales_daily.csv"",""line"":4,""date"":""2026-08-01"",""channel"":""MARKETPLACE"",""sku"":""A"",""actual_filename"":""sales_daily.csv""},{""file"":""sales_daily.csv"",""line"":5,""date"":""2026-08-01"",""channel"":""MARKETPLACE"",""sku"":""B"",""actual_filename"":""sales_daily.csv""}]","","","",""
"decision-v1","scenario-v1","contribution-v1","golden-v1","92339086dd83c9a89ae5ac754bdbad2a30c215eb81213211b953451918ebfc48","f9c7f0abe4b1ba3759249887324f30b7d2ac873e7acf82a12c6fa32e19551a3b","2026-08-03","TWD","Asia/Taipei","product_amounts_excluding_tax_and_customer_shipping_income","1","current","{""start"":""2026-08-01"",""end"":""2026-08-01""}","{""kind"":""all"",""channels"":[""DTC"",""MARKETPLACE""]}","same_days","1","1","fact","[""fact"",""golden-v1"",""2026-08-01"",""2026-08-01"",""all"",[""DTC"",""MARKETPLACE""],null,""contribution_margin""]","","","contribution_margin","0.253333333333","[]","[""[\""fact\"",\""golden-v1\"",\""2026-08-01\"",\""2026-08-01\"",\""all\"",[\""DTC\"",\""MARKETPLACE\""],null,\""contribution_margin\""]""]","[{""file"":""ad_spend_daily.csv"",""line"":2,""date"":""2026-08-01"",""channel"":""DTC"",""actual_filename"":""ad_spend_daily.csv""},{""file"":""ad_spend_daily.csv"",""line"":3,""date"":""2026-08-01"",""channel"":""MARKETPLACE"",""actual_filename"":""ad_spend_daily.csv""},{""file"":""channel_costs_daily.csv"",""line"":2,""date"":""2026-08-01"",""channel"":""DTC"",""actual_filename"":""channel_costs_daily.csv""},{""file"":""channel_costs_daily.csv"",""line"":3,""date"":""2026-08-01"",""channel"":""MARKETPLACE"",""actual_filename"":""channel_costs_daily.csv""},{""file"":""sales_daily.csv"",""line"":2,""date"":""2026-08-01"",""channel"":""DTC"",""sku"":""A"",""actual_filename"":""sales_daily.csv""},{""file"":""sales_daily.csv"",""line"":3,""date"":""2026-08-01"",""channel"":""DTC"",""sku"":""B"",""actual_filename"":""sales_daily.csv""},{""file"":""sales_daily.csv"",""line"":4,""date"":""2026-08-01"",""channel"":""MARKETPLACE"",""sku"":""A"",""actual_filename"":""sales_daily.csv""},{""file"":""sales_daily.csv"",""line"":5,""date"":""2026-08-01"",""channel"":""MARKETPLACE"",""sku"":""B"",""actual_filename"":""sales_daily.csv""}]","","","",""
"decision-v1","scenario-v1","contribution-v1","golden-v1","92339086dd83c9a89ae5ac754bdbad2a30c215eb81213211b953451918ebfc48","f9c7f0abe4b1ba3759249887324f30b7d2ac873e7acf82a12c6fa32e19551a3b","2026-08-03","TWD","Asia/Taipei","product_amounts_excluding_tax_and_customer_shipping_income","1","current","{""start"":""2026-08-01"",""end"":""2026-08-01""}","{""kind"":""all"",""channels"":[""DTC"",""MARKETPLACE""]}","same_days","1","1","fact","[""fact"",""golden-v1"",""2026-08-01"",""2026-08-01"",""all"",[""DTC"",""MARKETPLACE""],null,""discount_rate""]","","","discount_rate","0.080000000000","[]","[""[\""fact\"",\""golden-v1\"",\""2026-08-01\"",\""2026-08-01\"",\""all\"",[\""DTC\"",\""MARKETPLACE\""],null,\""discount_rate\""]""]","[{""file"":""ad_spend_daily.csv"",""line"":2,""date"":""2026-08-01"",""channel"":""DTC"",""actual_filename"":""ad_spend_daily.csv""},{""file"":""ad_spend_daily.csv"",""line"":3,""date"":""2026-08-01"",""channel"":""MARKETPLACE"",""actual_filename"":""ad_spend_daily.csv""},{""file"":""channel_costs_daily.csv"",""line"":2,""date"":""2026-08-01"",""channel"":""DTC"",""actual_filename"":""channel_costs_daily.csv""},{""file"":""channel_costs_daily.csv"",""line"":3,""date"":""2026-08-01"",""channel"":""MARKETPLACE"",""actual_filename"":""channel_costs_daily.csv""},{""file"":""sales_daily.csv"",""line"":2,""date"":""2026-08-01"",""channel"":""DTC"",""sku"":""A"",""actual_filename"":""sales_daily.csv""},{""file"":""sales_daily.csv"",""line"":3,""date"":""2026-08-01"",""channel"":""DTC"",""sku"":""B"",""actual_filename"":""sales_daily.csv""},{""file"":""sales_daily.csv"",""line"":4,""date"":""2026-08-01"",""channel"":""MARKETPLACE"",""sku"":""A"",""actual_filename"":""sales_daily.csv""},{""file"":""sales_daily.csv"",""line"":5,""date"":""2026-08-01"",""channel"":""MARKETPLACE"",""sku"":""B"",""actual_filename"":""sales_daily.csv""}]","","","",""
"decision-v1","scenario-v1","contribution-v1","golden-v1","92339086dd83c9a89ae5ac754bdbad2a30c215eb81213211b953451918ebfc48","f9c7f0abe4b1ba3759249887324f30b7d2ac873e7acf82a12c6fa32e19551a3b","2026-08-03","TWD","Asia/Taipei","product_amounts_excluding_tax_and_customer_shipping_income","1","current","{""start"":""2026-08-01"",""end"":""2026-08-01""}","{""kind"":""all"",""channels"":[""DTC"",""MARKETPLACE""]}","same_days","1","1","fact","[""fact"",""golden-v1"",""2026-08-01"",""2026-08-01"",""all"",[""DTC"",""MARKETPLACE""],null,""refund_ratio""]","","","refund_ratio","0.021739130435","[]","[""[\""fact\"",\""golden-v1\"",\""2026-08-01\"",\""2026-08-01\"",\""all\"",[\""DTC\"",\""MARKETPLACE\""],null,\""refund_ratio\""]""]","[{""file"":""ad_spend_daily.csv"",""line"":2,""date"":""2026-08-01"",""channel"":""DTC"",""actual_filename"":""ad_spend_daily.csv""},{""file"":""ad_spend_daily.csv"",""line"":3,""date"":""2026-08-01"",""channel"":""MARKETPLACE"",""actual_filename"":""ad_spend_daily.csv""},{""file"":""channel_costs_daily.csv"",""line"":2,""date"":""2026-08-01"",""channel"":""DTC"",""actual_filename"":""channel_costs_daily.csv""},{""file"":""channel_costs_daily.csv"",""line"":3,""date"":""2026-08-01"",""channel"":""MARKETPLACE"",""actual_filename"":""channel_costs_daily.csv""},{""file"":""sales_daily.csv"",""line"":2,""date"":""2026-08-01"",""channel"":""DTC"",""sku"":""A"",""actual_filename"":""sales_daily.csv""},{""file"":""sales_daily.csv"",""line"":3,""date"":""2026-08-01"",""channel"":""DTC"",""sku"":""B"",""actual_filename"":""sales_daily.csv""},{""file"":""sales_daily.csv"",""line"":4,""date"":""2026-08-01"",""channel"":""MARKETPLACE"",""sku"":""A"",""actual_filename"":""sales_daily.csv""},{""file"":""sales_daily.csv"",""line"":5,""date"":""2026-08-01"",""channel"":""MARKETPLACE"",""sku"":""B"",""actual_filename"":""sales_daily.csv""}]","","","",""
"decision-v1","scenario-v1","contribution-v1","golden-v1","92339086dd83c9a89ae5ac754bdbad2a30c215eb81213211b953451918ebfc48","f9c7f0abe4b1ba3759249887324f30b7d2ac873e7acf82a12c6fa32e19551a3b","2026-08-03","TWD","Asia/Taipei","product_amounts_excluding_tax_and_customer_shipping_income","1","current","{""start"":""2026-08-01"",""end"":""2026-08-01""}","{""kind"":""all"",""channels"":[""DTC"",""MARKETPLACE""]}","same_days","1","1","fact","[""fact"",""golden-v1"",""2026-08-01"",""2026-08-01"",""all"",[""DTC"",""MARKETPLACE""],null,""mer""]","","","mer","7.500000000000","[]","[""[\""fact\"",\""golden-v1\"",\""2026-08-01\"",\""2026-08-01\"",\""all\"",[\""DTC\"",\""MARKETPLACE\""],null,\""mer\""]""]","[{""file"":""ad_spend_daily.csv"",""line"":2,""date"":""2026-08-01"",""channel"":""DTC"",""actual_filename"":""ad_spend_daily.csv""},{""file"":""ad_spend_daily.csv"",""line"":3,""date"":""2026-08-01"",""channel"":""MARKETPLACE"",""actual_filename"":""ad_spend_daily.csv""},{""file"":""channel_costs_daily.csv"",""line"":2,""date"":""2026-08-01"",""channel"":""DTC"",""actual_filename"":""channel_costs_daily.csv""},{""file"":""channel_costs_daily.csv"",""line"":3,""date"":""2026-08-01"",""channel"":""MARKETPLACE"",""actual_filename"":""channel_costs_daily.csv""},{""file"":""sales_daily.csv"",""line"":2,""date"":""2026-08-01"",""channel"":""DTC"",""sku"":""A"",""actual_filename"":""sales_daily.csv""},{""file"":""sales_daily.csv"",""line"":3,""date"":""2026-08-01"",""channel"":""DTC"",""sku"":""B"",""actual_filename"":""sales_daily.csv""},{""file"":""sales_daily.csv"",""line"":4,""date"":""2026-08-01"",""channel"":""MARKETPLACE"",""sku"":""A"",""actual_filename"":""sales_daily.csv""},{""file"":""sales_daily.csv"",""line"":5,""date"":""2026-08-01"",""channel"":""MARKETPLACE"",""sku"":""B"",""actual_filename"":""sales_daily.csv""}]","","","",""
"decision-v1","scenario-v1","contribution-v1","golden-v1","92339086dd83c9a89ae5ac754bdbad2a30c215eb81213211b953451918ebfc48","f9c7f0abe4b1ba3759249887324f30b7d2ac873e7acf82a12c6fa32e19551a3b","2026-08-03","TWD","Asia/Taipei","product_amounts_excluding_tax_and_customer_shipping_income","1","current","{""start"":""2026-08-01"",""end"":""2026-08-01""}","{""kind"":""all"",""channels"":[""DTC"",""MARKETPLACE""]}","same_days","1","1","fact","[""fact"",""golden-v1"",""2026-08-01"",""2026-08-01"",""all"",[""DTC"",""MARKETPLACE""],null,""fulfillment_burden""]","","","fulfillment_burden","0.071111111111","[]","[""[\""fact\"",\""golden-v1\"",\""2026-08-01\"",\""2026-08-01\"",\""all\"",[\""DTC\"",\""MARKETPLACE\""],null,\""fulfillment_burden\""]""]","[{""file"":""ad_spend_daily.csv"",""line"":2,""date"":""2026-08-01"",""channel"":""DTC"",""actual_filename"":""ad_spend_daily.csv""},{""file"":""ad_spend_daily.csv"",""line"":3,""date"":""2026-08-01"",""channel"":""MARKETPLACE"",""actual_filename"":""ad_spend_daily.csv""},{""file"":""channel_costs_daily.csv"",""line"":2,""date"":""2026-08-01"",""channel"":""DTC"",""actual_filename"":""channel_costs_daily.csv""},{""file"":""channel_costs_daily.csv"",""line"":3,""date"":""2026-08-01"",""channel"":""MARKETPLACE"",""actual_filename"":""channel_costs_daily.csv""},{""file"":""sales_daily.csv"",""line"":2,""date"":""2026-08-01"",""channel"":""DTC"",""sku"":""A"",""actual_filename"":""sales_daily.csv""},{""file"":""sales_daily.csv"",""line"":3,""date"":""2026-08-01"",""channel"":""DTC"",""sku"":""B"",""actual_filename"":""sales_daily.csv""},{""file"":""sales_daily.csv"",""line"":4,""date"":""2026-08-01"",""channel"":""MARKETPLACE"",""sku"":""A"",""actual_filename"":""sales_daily.csv""},{""file"":""sales_daily.csv"",""line"":5,""date"":""2026-08-01"",""channel"":""MARKETPLACE"",""sku"":""B"",""actual_filename"":""sales_daily.csv""}]","","","",""
"decision-v1","scenario-v1","contribution-v1","golden-v1","92339086dd83c9a89ae5ac754bdbad2a30c215eb81213211b953451918ebfc48","f9c7f0abe4b1ba3759249887324f30b7d2ac873e7acf82a12c6fa32e19551a3b","2026-08-03","TWD","Asia/Taipei","product_amounts_excluding_tax_and_customer_shipping_income","1","current","{""start"":""2026-08-01"",""end"":""2026-08-01""}","{""kind"":""all"",""channels"":[""DTC"",""MARKETPLACE""]}","same_days","1","1","fact","[""fact"",""golden-v1"",""2026-08-01"",""2026-08-01"",""all"",[""DTC"",""MARKETPLACE""],null,""marketing_burden""]","","","marketing_burden","0.133333333333","[]","[""[\""fact\"",\""golden-v1\"",\""2026-08-01\"",\""2026-08-01\"",\""all\"",[\""DTC\"",\""MARKETPLACE\""],null,\""marketing_burden\""]""]","[{""file"":""ad_spend_daily.csv"",""line"":2,""date"":""2026-08-01"",""channel"":""DTC"",""actual_filename"":""ad_spend_daily.csv""},{""file"":""ad_spend_daily.csv"",""line"":3,""date"":""2026-08-01"",""channel"":""MARKETPLACE"",""actual_filename"":""ad_spend_daily.csv""},{""file"":""channel_costs_daily.csv"",""line"":2,""date"":""2026-08-01"",""channel"":""DTC"",""actual_filename"":""channel_costs_daily.csv""},{""file"":""channel_costs_daily.csv"",""line"":3,""date"":""2026-08-01"",""channel"":""MARKETPLACE"",""actual_filename"":""channel_costs_daily.csv""},{""file"":""sales_daily.csv"",""line"":2,""date"":""2026-08-01"",""channel"":""DTC"",""sku"":""A"",""actual_filename"":""sales_daily.csv""},{""file"":""sales_daily.csv"",""line"":3,""date"":""2026-08-01"",""channel"":""DTC"",""sku"":""B"",""actual_filename"":""sales_daily.csv""},{""file"":""sales_daily.csv"",""line"":4,""date"":""2026-08-01"",""channel"":""MARKETPLACE"",""sku"":""A"",""actual_filename"":""sales_daily.csv""},{""file"":""sales_daily.csv"",""line"":5,""date"":""2026-08-01"",""channel"":""MARKETPLACE"",""sku"":""B"",""actual_filename"":""sales_daily.csv""}]","","","",""
"decision-v1","scenario-v1","contribution-v1","golden-v1","92339086dd83c9a89ae5ac754bdbad2a30c215eb81213211b953451918ebfc48","f9c7f0abe4b1ba3759249887324f30b7d2ac873e7acf82a12c6fa32e19551a3b","2026-08-03","TWD","Asia/Taipei","product_amounts_excluding_tax_and_customer_shipping_income","1","current","{""start"":""2026-08-02"",""end"":""2026-08-02""}","{""kind"":""all"",""channels"":[""DTC"",""MARKETPLACE""]}","same_days","1","1","fact","[""fact"",""golden-v1"",""2026-08-02"",""2026-08-02"",""all"",[""DTC"",""MARKETPLACE""],null,""gross_sales""]","","","gross_sales","3100.00","[]","[""[\""fact\"",\""golden-v1\"",\""2026-08-02\"",\""2026-08-02\"",\""all\"",[\""DTC\"",\""MARKETPLACE\""],null,\""gross_sales\""]""]","[{""file"":""ad_spend_daily.csv"",""line"":4,""date"":""2026-08-02"",""channel"":""DTC"",""actual_filename"":""ad_spend_daily.csv""},{""file"":""ad_spend_daily.csv"",""line"":5,""date"":""2026-08-02"",""channel"":""MARKETPLACE"",""actual_filename"":""ad_spend_daily.csv""},{""file"":""channel_costs_daily.csv"",""line"":4,""date"":""2026-08-02"",""channel"":""DTC"",""actual_filename"":""channel_costs_daily.csv""},{""file"":""channel_costs_daily.csv"",""line"":5,""date"":""2026-08-02"",""channel"":""MARKETPLACE"",""actual_filename"":""channel_costs_daily.csv""},{""file"":""sales_daily.csv"",""line"":6,""date"":""2026-08-02"",""channel"":""DTC"",""sku"":""A"",""actual_filename"":""sales_daily.csv""},{""file"":""sales_daily.csv"",""line"":7,""date"":""2026-08-02"",""channel"":""DTC"",""sku"":""B"",""actual_filename"":""sales_daily.csv""},{""file"":""sales_daily.csv"",""line"":8,""date"":""2026-08-02"",""channel"":""MARKETPLACE"",""sku"":""A"",""actual_filename"":""sales_daily.csv""},{""file"":""sales_daily.csv"",""line"":9,""date"":""2026-08-02"",""channel"":""MARKETPLACE"",""sku"":""B"",""actual_filename"":""sales_daily.csv""}]","","","",""
"decision-v1","scenario-v1","contribution-v1","golden-v1","92339086dd83c9a89ae5ac754bdbad2a30c215eb81213211b953451918ebfc48","f9c7f0abe4b1ba3759249887324f30b7d2ac873e7acf82a12c6fa32e19551a3b","2026-08-03","TWD","Asia/Taipei","product_amounts_excluding_tax_and_customer_shipping_income","1","current","{""start"":""2026-08-02"",""end"":""2026-08-02""}","{""kind"":""all"",""channels"":[""DTC"",""MARKETPLACE""]}","same_days","1","1","fact","[""fact"",""golden-v1"",""2026-08-02"",""2026-08-02"",""all"",[""DTC"",""MARKETPLACE""],null,""discounts""]","","","discounts","450.00","[]","[""[\""fact\"",\""golden-v1\"",\""2026-08-02\"",\""2026-08-02\"",\""all\"",[\""DTC\"",\""MARKETPLACE\""],null,\""discounts\""]""]","[{""file"":""ad_spend_daily.csv"",""line"":4,""date"":""2026-08-02"",""channel"":""DTC"",""actual_filename"":""ad_spend_daily.csv""},{""file"":""ad_spend_daily.csv"",""line"":5,""date"":""2026-08-02"",""channel"":""MARKETPLACE"",""actual_filename"":""ad_spend_daily.csv""},{""file"":""channel_costs_daily.csv"",""line"":4,""date"":""2026-08-02"",""channel"":""DTC"",""actual_filename"":""channel_costs_daily.csv""},{""file"":""channel_costs_daily.csv"",""line"":5,""date"":""2026-08-02"",""channel"":""MARKETPLACE"",""actual_filename"":""channel_costs_daily.csv""},{""file"":""sales_daily.csv"",""line"":6,""date"":""2026-08-02"",""channel"":""DTC"",""sku"":""A"",""actual_filename"":""sales_daily.csv""},{""file"":""sales_daily.csv"",""line"":7,""date"":""2026-08-02"",""channel"":""DTC"",""sku"":""B"",""actual_filename"":""sales_daily.csv""},{""file"":""sales_daily.csv"",""line"":8,""date"":""2026-08-02"",""channel"":""MARKETPLACE"",""sku"":""A"",""actual_filename"":""sales_daily.csv""},{""file"":""sales_daily.csv"",""line"":9,""date"":""2026-08-02"",""channel"":""MARKETPLACE"",""sku"":""B"",""actual_filename"":""sales_daily.csv""}]","","","",""
"decision-v1","scenario-v1","contribution-v1","golden-v1","92339086dd83c9a89ae5ac754bdbad2a30c215eb81213211b953451918ebfc48","f9c7f0abe4b1ba3759249887324f30b7d2ac873e7acf82a12c6fa32e19551a3b","2026-08-03","TWD","Asia/Taipei","product_amounts_excluding_tax_and_customer_shipping_income","1","current","{""start"":""2026-08-02"",""end"":""2026-08-02""}","{""kind"":""all"",""channels"":[""DTC"",""MARKETPLACE""]}","same_days","1","1","fact","[""fact"",""golden-v1"",""2026-08-02"",""2026-08-02"",""all"",[""DTC"",""MARKETPLACE""],null,""refunds""]","","","refunds","180.00","[]","[""[\""fact\"",\""golden-v1\"",\""2026-08-02\"",\""2026-08-02\"",\""all\"",[\""DTC\"",\""MARKETPLACE\""],null,\""refunds\""]""]","[{""file"":""ad_spend_daily.csv"",""line"":4,""date"":""2026-08-02"",""channel"":""DTC"",""actual_filename"":""ad_spend_daily.csv""},{""file"":""ad_spend_daily.csv"",""line"":5,""date"":""2026-08-02"",""channel"":""MARKETPLACE"",""actual_filename"":""ad_spend_daily.csv""},{""file"":""channel_costs_daily.csv"",""line"":4,""date"":""2026-08-02"",""channel"":""DTC"",""actual_filename"":""channel_costs_daily.csv""},{""file"":""channel_costs_daily.csv"",""line"":5,""date"":""2026-08-02"",""channel"":""MARKETPLACE"",""actual_filename"":""channel_costs_daily.csv""},{""file"":""sales_daily.csv"",""line"":6,""date"":""2026-08-02"",""channel"":""DTC"",""sku"":""A"",""actual_filename"":""sales_daily.csv""},{""file"":""sales_daily.csv"",""line"":7,""date"":""2026-08-02"",""channel"":""DTC"",""sku"":""B"",""actual_filename"":""sales_daily.csv""},{""file"":""sales_daily.csv"",""line"":8,""date"":""2026-08-02"",""channel"":""MARKETPLACE"",""sku"":""A"",""actual_filename"":""sales_daily.csv""},{""file"":""sales_daily.csv"",""line"":9,""date"":""2026-08-02"",""channel"":""MARKETPLACE"",""sku"":""B"",""actual_filename"":""sales_daily.csv""}]","","","",""
"decision-v1","scenario-v1","contribution-v1","golden-v1","92339086dd83c9a89ae5ac754bdbad2a30c215eb81213211b953451918ebfc48","f9c7f0abe4b1ba3759249887324f30b7d2ac873e7acf82a12c6fa32e19551a3b","2026-08-03","TWD","Asia/Taipei","product_amounts_excluding_tax_and_customer_shipping_income","1","current","{""start"":""2026-08-02"",""end"":""2026-08-02""}","{""kind"":""all"",""channels"":[""DTC"",""MARKETPLACE""]}","same_days","1","1","fact","[""fact"",""golden-v1"",""2026-08-02"",""2026-08-02"",""all"",[""DTC"",""MARKETPLACE""],null,""cogs_net""]","","","cogs_net","1325.00","[]","[""[\""fact\"",\""golden-v1\"",\""2026-08-02\"",\""2026-08-02\"",\""all\"",[\""DTC\"",\""MARKETPLACE\""],null,\""cogs_net\""]""]","[{""file"":""ad_spend_daily.csv"",""line"":4,""date"":""2026-08-02"",""channel"":""DTC"",""actual_filename"":""ad_spend_daily.csv""},{""file"":""ad_spend_daily.csv"",""line"":5,""date"":""2026-08-02"",""channel"":""MARKETPLACE"",""actual_filename"":""ad_spend_daily.csv""},{""file"":""channel_costs_daily.csv"",""line"":4,""date"":""2026-08-02"",""channel"":""DTC"",""actual_filename"":""channel_costs_daily.csv""},{""file"":""channel_costs_daily.csv"",""line"":5,""date"":""2026-08-02"",""channel"":""MARKETPLACE"",""actual_filename"":""channel_costs_daily.csv""},{""file"":""sales_daily.csv"",""line"":6,""date"":""2026-08-02"",""channel"":""DTC"",""sku"":""A"",""actual_filename"":""sales_daily.csv""},{""file"":""sales_daily.csv"",""line"":7,""date"":""2026-08-02"",""channel"":""DTC"",""sku"":""B"",""actual_filename"":""sales_daily.csv""},{""file"":""sales_daily.csv"",""line"":8,""date"":""2026-08-02"",""channel"":""MARKETPLACE"",""sku"":""A"",""actual_filename"":""sales_daily.csv""},{""file"":""sales_daily.csv"",""line"":9,""date"":""2026-08-02"",""channel"":""MARKETPLACE"",""sku"":""B"",""actual_filename"":""sales_daily.csv""}]","","","",""
"decision-v1","scenario-v1","contribution-v1","golden-v1","92339086dd83c9a89ae5ac754bdbad2a30c215eb81213211b953451918ebfc48","f9c7f0abe4b1ba3759249887324f30b7d2ac873e7acf82a12c6fa32e19551a3b","2026-08-03","TWD","Asia/Taipei","product_amounts_excluding_tax_and_customer_shipping_income","1","current","{""start"":""2026-08-02"",""end"":""2026-08-02""}","{""kind"":""all"",""channels"":[""DTC"",""MARKETPLACE""]}","same_days","1","1","fact","[""fact"",""golden-v1"",""2026-08-02"",""2026-08-02"",""all"",[""DTC"",""MARKETPLACE""],null,""platform_fees""]","","","platform_fees","120.00","[]","[""[\""fact\"",\""golden-v1\"",\""2026-08-02\"",\""2026-08-02\"",\""all\"",[\""DTC\"",\""MARKETPLACE\""],null,\""platform_fees\""]""]","[{""file"":""ad_spend_daily.csv"",""line"":4,""date"":""2026-08-02"",""channel"":""DTC"",""actual_filename"":""ad_spend_daily.csv""},{""file"":""ad_spend_daily.csv"",""line"":5,""date"":""2026-08-02"",""channel"":""MARKETPLACE"",""actual_filename"":""ad_spend_daily.csv""},{""file"":""channel_costs_daily.csv"",""line"":4,""date"":""2026-08-02"",""channel"":""DTC"",""actual_filename"":""channel_costs_daily.csv""},{""file"":""channel_costs_daily.csv"",""line"":5,""date"":""2026-08-02"",""channel"":""MARKETPLACE"",""actual_filename"":""channel_costs_daily.csv""},{""file"":""sales_daily.csv"",""line"":6,""date"":""2026-08-02"",""channel"":""DTC"",""sku"":""A"",""actual_filename"":""sales_daily.csv""},{""file"":""sales_daily.csv"",""line"":7,""date"":""2026-08-02"",""channel"":""DTC"",""sku"":""B"",""actual_filename"":""sales_daily.csv""},{""file"":""sales_daily.csv"",""line"":8,""date"":""2026-08-02"",""channel"":""MARKETPLACE"",""sku"":""A"",""actual_filename"":""sales_daily.csv""},{""file"":""sales_daily.csv"",""line"":9,""date"":""2026-08-02"",""channel"":""MARKETPLACE"",""sku"":""B"",""actual_filename"":""sales_daily.csv""}]","","","",""
"decision-v1","scenario-v1","contribution-v1","golden-v1","92339086dd83c9a89ae5ac754bdbad2a30c215eb81213211b953451918ebfc48","f9c7f0abe4b1ba3759249887324f30b7d2ac873e7acf82a12c6fa32e19551a3b","2026-08-03","TWD","Asia/Taipei","product_amounts_excluding_tax_and_customer_shipping_income","1","current","{""start"":""2026-08-02"",""end"":""2026-08-02""}","{""kind"":""all"",""channels"":[""DTC"",""MARKETPLACE""]}","same_days","1","1","fact","[""fact"",""golden-v1"",""2026-08-02"",""2026-08-02"",""all"",[""DTC"",""MARKETPLACE""],null,""payment_fees""]","","","payment_fees","66.00","[]","[""[\""fact\"",\""golden-v1\"",\""2026-08-02\"",\""2026-08-02\"",\""all\"",[\""DTC\"",\""MARKETPLACE\""],null,\""payment_fees\""]""]","[{""file"":""ad_spend_daily.csv"",""line"":4,""date"":""2026-08-02"",""channel"":""DTC"",""actual_filename"":""ad_spend_daily.csv""},{""file"":""ad_spend_daily.csv"",""line"":5,""date"":""2026-08-02"",""channel"":""MARKETPLACE"",""actual_filename"":""ad_spend_daily.csv""},{""file"":""channel_costs_daily.csv"",""line"":4,""date"":""2026-08-02"",""channel"":""DTC"",""actual_filename"":""channel_costs_daily.csv""},{""file"":""channel_costs_daily.csv"",""line"":5,""date"":""2026-08-02"",""channel"":""MARKETPLACE"",""actual_filename"":""channel_costs_daily.csv""},{""file"":""sales_daily.csv"",""line"":6,""date"":""2026-08-02"",""channel"":""DTC"",""sku"":""A"",""actual_filename"":""sales_daily.csv""},{""file"":""sales_daily.csv"",""line"":7,""date"":""2026-08-02"",""channel"":""DTC"",""sku"":""B"",""actual_filename"":""sales_daily.csv""},{""file"":""sales_daily.csv"",""line"":8,""date"":""2026-08-02"",""channel"":""MARKETPLACE"",""sku"":""A"",""actual_filename"":""sales_daily.csv""},{""file"":""sales_daily.csv"",""line"":9,""date"":""2026-08-02"",""channel"":""MARKETPLACE"",""sku"":""B"",""actual_filename"":""sales_daily.csv""}]","","","",""
"decision-v1","scenario-v1","contribution-v1","golden-v1","92339086dd83c9a89ae5ac754bdbad2a30c215eb81213211b953451918ebfc48","f9c7f0abe4b1ba3759249887324f30b7d2ac873e7acf82a12c6fa32e19551a3b","2026-08-03","TWD","Asia/Taipei","product_amounts_excluding_tax_and_customer_shipping_income","1","current","{""start"":""2026-08-02"",""end"":""2026-08-02""}","{""kind"":""all"",""channels"":[""DTC"",""MARKETPLACE""]}","same_days","1","1","fact","[""fact"",""golden-v1"",""2026-08-02"",""2026-08-02"",""all"",[""DTC"",""MARKETPLACE""],null,""fulfillment_costs""]","","","fulfillment_costs","225.00","[]","[""[\""fact\"",\""golden-v1\"",\""2026-08-02\"",\""2026-08-02\"",\""all\"",[\""DTC\"",\""MARKETPLACE\""],null,\""fulfillment_costs\""]""]","[{""file"":""ad_spend_daily.csv"",""line"":4,""date"":""2026-08-02"",""channel"":""DTC"",""actual_filename"":""ad_spend_daily.csv""},{""file"":""ad_spend_daily.csv"",""line"":5,""date"":""2026-08-02"",""channel"":""MARKETPLACE"",""actual_filename"":""ad_spend_daily.csv""},{""file"":""channel_costs_daily.csv"",""line"":4,""date"":""2026-08-02"",""channel"":""DTC"",""actual_filename"":""channel_costs_daily.csv""},{""file"":""channel_costs_daily.csv"",""line"":5,""date"":""2026-08-02"",""channel"":""MARKETPLACE"",""actual_filename"":""channel_costs_daily.csv""},{""file"":""sales_daily.csv"",""line"":6,""date"":""2026-08-02"",""channel"":""DTC"",""sku"":""A"",""actual_filename"":""sales_daily.csv""},{""file"":""sales_daily.csv"",""line"":7,""date"":""2026-08-02"",""channel"":""DTC"",""sku"":""B"",""actual_filename"":""sales_daily.csv""},{""file"":""sales_daily.csv"",""line"":8,""date"":""2026-08-02"",""channel"":""MARKETPLACE"",""sku"":""A"",""actual_filename"":""sales_daily.csv""},{""file"":""sales_daily.csv"",""line"":9,""date"":""2026-08-02"",""channel"":""MARKETPLACE"",""sku"":""B"",""actual_filename"":""sales_daily.csv""}]","","","",""
"decision-v1","scenario-v1","contribution-v1","golden-v1","92339086dd83c9a89ae5ac754bdbad2a30c215eb81213211b953451918ebfc48","f9c7f0abe4b1ba3759249887324f30b7d2ac873e7acf82a12c6fa32e19551a3b","2026-08-03","TWD","Asia/Taipei","product_amounts_excluding_tax_and_customer_shipping_income","1","current","{""start"":""2026-08-02"",""end"":""2026-08-02""}","{""kind"":""all"",""channels"":[""DTC"",""MARKETPLACE""]}","same_days","1","1","fact","[""fact"",""golden-v1"",""2026-08-02"",""2026-08-02"",""all"",[""DTC"",""MARKETPLACE""],null,""other_variable_costs""]","","","other_variable_costs","29.00","[]","[""[\""fact\"",\""golden-v1\"",\""2026-08-02\"",\""2026-08-02\"",\""all\"",[\""DTC\"",\""MARKETPLACE\""],null,\""other_variable_costs\""]""]","[{""file"":""ad_spend_daily.csv"",""line"":4,""date"":""2026-08-02"",""channel"":""DTC"",""actual_filename"":""ad_spend_daily.csv""},{""file"":""ad_spend_daily.csv"",""line"":5,""date"":""2026-08-02"",""channel"":""MARKETPLACE"",""actual_filename"":""ad_spend_daily.csv""},{""file"":""channel_costs_daily.csv"",""line"":4,""date"":""2026-08-02"",""channel"":""DTC"",""actual_filename"":""channel_costs_daily.csv""},{""file"":""channel_costs_daily.csv"",""line"":5,""date"":""2026-08-02"",""channel"":""MARKETPLACE"",""actual_filename"":""channel_costs_daily.csv""},{""file"":""sales_daily.csv"",""line"":6,""date"":""2026-08-02"",""channel"":""DTC"",""sku"":""A"",""actual_filename"":""sales_daily.csv""},{""file"":""sales_daily.csv"",""line"":7,""date"":""2026-08-02"",""channel"":""DTC"",""sku"":""B"",""actual_filename"":""sales_daily.csv""},{""file"":""sales_daily.csv"",""line"":8,""date"":""2026-08-02"",""channel"":""MARKETPLACE"",""sku"":""A"",""actual_filename"":""sales_daily.csv""},{""file"":""sales_daily.csv"",""line"":9,""date"":""2026-08-02"",""channel"":""MARKETPLACE"",""sku"":""B"",""actual_filename"":""sales_daily.csv""}]","","","",""
"decision-v1","scenario-v1","contribution-v1","golden-v1","92339086dd83c9a89ae5ac754bdbad2a30c215eb81213211b953451918ebfc48","f9c7f0abe4b1ba3759249887324f30b7d2ac873e7acf82a12c6fa32e19551a3b","2026-08-03","TWD","Asia/Taipei","product_amounts_excluding_tax_and_customer_shipping_income","1","current","{""start"":""2026-08-02"",""end"":""2026-08-02""}","{""kind"":""all"",""channels"":[""DTC"",""MARKETPLACE""]}","same_days","1","1","fact","[""fact"",""golden-v1"",""2026-08-02"",""2026-08-02"",""all"",[""DTC"",""MARKETPLACE""],null,""ad_spend""]","","","ad_spend","450.00","[]","[""[\""fact\"",\""golden-v1\"",\""2026-08-02\"",\""2026-08-02\"",\""all\"",[\""DTC\"",\""MARKETPLACE\""],null,\""ad_spend\""]""]","[{""file"":""ad_spend_daily.csv"",""line"":4,""date"":""2026-08-02"",""channel"":""DTC"",""actual_filename"":""ad_spend_daily.csv""},{""file"":""ad_spend_daily.csv"",""line"":5,""date"":""2026-08-02"",""channel"":""MARKETPLACE"",""actual_filename"":""ad_spend_daily.csv""},{""file"":""channel_costs_daily.csv"",""line"":4,""date"":""2026-08-02"",""channel"":""DTC"",""actual_filename"":""channel_costs_daily.csv""},{""file"":""channel_costs_daily.csv"",""line"":5,""date"":""2026-08-02"",""channel"":""MARKETPLACE"",""actual_filename"":""channel_costs_daily.csv""},{""file"":""sales_daily.csv"",""line"":6,""date"":""2026-08-02"",""channel"":""DTC"",""sku"":""A"",""actual_filename"":""sales_daily.csv""},{""file"":""sales_daily.csv"",""line"":7,""date"":""2026-08-02"",""channel"":""DTC"",""sku"":""B"",""actual_filename"":""sales_daily.csv""},{""file"":""sales_daily.csv"",""line"":8,""date"":""2026-08-02"",""channel"":""MARKETPLACE"",""sku"":""A"",""actual_filename"":""sales_daily.csv""},{""file"":""sales_daily.csv"",""line"":9,""date"":""2026-08-02"",""channel"":""MARKETPLACE"",""sku"":""B"",""actual_filename"":""sales_daily.csv""}]","","","",""
"decision-v1","scenario-v1","contribution-v1","golden-v1","92339086dd83c9a89ae5ac754bdbad2a30c215eb81213211b953451918ebfc48","f9c7f0abe4b1ba3759249887324f30b7d2ac873e7acf82a12c6fa32e19551a3b","2026-08-03","TWD","Asia/Taipei","product_amounts_excluding_tax_and_customer_shipping_income","1","current","{""start"":""2026-08-02"",""end"":""2026-08-02""}","{""kind"":""all"",""channels"":[""DTC"",""MARKETPLACE""]}","same_days","1","1","fact","[""fact"",""golden-v1"",""2026-08-02"",""2026-08-02"",""all"",[""DTC"",""MARKETPLACE""],null,""net_revenue""]","","","net_revenue","2470.00","[]","[""[\""fact\"",\""golden-v1\"",\""2026-08-02\"",\""2026-08-02\"",\""all\"",[\""DTC\"",\""MARKETPLACE\""],null,\""net_revenue\""]""]","[{""file"":""ad_spend_daily.csv"",""line"":4,""date"":""2026-08-02"",""channel"":""DTC"",""actual_filename"":""ad_spend_daily.csv""},{""file"":""ad_spend_daily.csv"",""line"":5,""date"":""2026-08-02"",""channel"":""MARKETPLACE"",""actual_filename"":""ad_spend_daily.csv""},{""file"":""channel_costs_daily.csv"",""line"":4,""date"":""2026-08-02"",""channel"":""DTC"",""actual_filename"":""channel_costs_daily.csv""},{""file"":""channel_costs_daily.csv"",""line"":5,""date"":""2026-08-02"",""channel"":""MARKETPLACE"",""actual_filename"":""channel_costs_daily.csv""},{""file"":""sales_daily.csv"",""line"":6,""date"":""2026-08-02"",""channel"":""DTC"",""sku"":""A"",""actual_filename"":""sales_daily.csv""},{""file"":""sales_daily.csv"",""line"":7,""date"":""2026-08-02"",""channel"":""DTC"",""sku"":""B"",""actual_filename"":""sales_daily.csv""},{""file"":""sales_daily.csv"",""line"":8,""date"":""2026-08-02"",""channel"":""MARKETPLACE"",""sku"":""A"",""actual_filename"":""sales_daily.csv""},{""file"":""sales_daily.csv"",""line"":9,""date"":""2026-08-02"",""channel"":""MARKETPLACE"",""sku"":""B"",""actual_filename"":""sales_daily.csv""}]","","","",""
"decision-v1","scenario-v1","contribution-v1","golden-v1","92339086dd83c9a89ae5ac754bdbad2a30c215eb81213211b953451918ebfc48","f9c7f0abe4b1ba3759249887324f30b7d2ac873e7acf82a12c6fa32e19551a3b","2026-08-03","TWD","Asia/Taipei","product_amounts_excluding_tax_and_customer_shipping_income","1","current","{""start"":""2026-08-02"",""end"":""2026-08-02""}","{""kind"":""all"",""channels"":[""DTC"",""MARKETPLACE""]}","same_days","1","1","fact","[""fact"",""golden-v1"",""2026-08-02"",""2026-08-02"",""all"",[""DTC"",""MARKETPLACE""],null,""gross_profit""]","","","gross_profit","1145.00","[]","[""[\""fact\"",\""golden-v1\"",\""2026-08-02\"",\""2026-08-02\"",\""all\"",[\""DTC\"",\""MARKETPLACE\""],null,\""gross_profit\""]""]","[{""file"":""ad_spend_daily.csv"",""line"":4,""date"":""2026-08-02"",""channel"":""DTC"",""actual_filename"":""ad_spend_daily.csv""},{""file"":""ad_spend_daily.csv"",""line"":5,""date"":""2026-08-02"",""channel"":""MARKETPLACE"",""actual_filename"":""ad_spend_daily.csv""},{""file"":""channel_costs_daily.csv"",""line"":4,""date"":""2026-08-02"",""channel"":""DTC"",""actual_filename"":""channel_costs_daily.csv""},{""file"":""channel_costs_daily.csv"",""line"":5,""date"":""2026-08-02"",""channel"":""MARKETPLACE"",""actual_filename"":""channel_costs_daily.csv""},{""file"":""sales_daily.csv"",""line"":6,""date"":""2026-08-02"",""channel"":""DTC"",""sku"":""A"",""actual_filename"":""sales_daily.csv""},{""file"":""sales_daily.csv"",""line"":7,""date"":""2026-08-02"",""channel"":""DTC"",""sku"":""B"",""actual_filename"":""sales_daily.csv""},{""file"":""sales_daily.csv"",""line"":8,""date"":""2026-08-02"",""channel"":""MARKETPLACE"",""sku"":""A"",""actual_filename"":""sales_daily.csv""},{""file"":""sales_daily.csv"",""line"":9,""date"":""2026-08-02"",""channel"":""MARKETPLACE"",""sku"":""B"",""actual_filename"":""sales_daily.csv""}]","","","",""
"decision-v1","scenario-v1","contribution-v1","golden-v1","92339086dd83c9a89ae5ac754bdbad2a30c215eb81213211b953451918ebfc48","f9c7f0abe4b1ba3759249887324f30b7d2ac873e7acf82a12c6fa32e19551a3b","2026-08-03","TWD","Asia/Taipei","product_amounts_excluding_tax_and_customer_shipping_income","1","current","{""start"":""2026-08-02"",""end"":""2026-08-02""}","{""kind"":""all"",""channels"":[""DTC"",""MARKETPLACE""]}","same_days","1","1","fact","[""fact"",""golden-v1"",""2026-08-02"",""2026-08-02"",""all"",[""DTC"",""MARKETPLACE""],null,""contribution_before_marketing""]","","","contribution_before_marketing","705.00","[]","[""[\""fact\"",\""golden-v1\"",\""2026-08-02\"",\""2026-08-02\"",\""all\"",[\""DTC\"",\""MARKETPLACE\""],null,\""contribution_before_marketing\""]""]","[{""file"":""ad_spend_daily.csv"",""line"":4,""date"":""2026-08-02"",""channel"":""DTC"",""actual_filename"":""ad_spend_daily.csv""},{""file"":""ad_spend_daily.csv"",""line"":5,""date"":""2026-08-02"",""channel"":""MARKETPLACE"",""actual_filename"":""ad_spend_daily.csv""},{""file"":""channel_costs_daily.csv"",""line"":4,""date"":""2026-08-02"",""channel"":""DTC"",""actual_filename"":""channel_costs_daily.csv""},{""file"":""channel_costs_daily.csv"",""line"":5,""date"":""2026-08-02"",""channel"":""MARKETPLACE"",""actual_filename"":""channel_costs_daily.csv""},{""file"":""sales_daily.csv"",""line"":6,""date"":""2026-08-02"",""channel"":""DTC"",""sku"":""A"",""actual_filename"":""sales_daily.csv""},{""file"":""sales_daily.csv"",""line"":7,""date"":""2026-08-02"",""channel"":""DTC"",""sku"":""B"",""actual_filename"":""sales_daily.csv""},{""file"":""sales_daily.csv"",""line"":8,""date"":""2026-08-02"",""channel"":""MARKETPLACE"",""sku"":""A"",""actual_filename"":""sales_daily.csv""},{""file"":""sales_daily.csv"",""line"":9,""date"":""2026-08-02"",""channel"":""MARKETPLACE"",""sku"":""B"",""actual_filename"":""sales_daily.csv""}]","","","",""
"decision-v1","scenario-v1","contribution-v1","golden-v1","92339086dd83c9a89ae5ac754bdbad2a30c215eb81213211b953451918ebfc48","f9c7f0abe4b1ba3759249887324f30b7d2ac873e7acf82a12c6fa32e19551a3b","2026-08-03","TWD","Asia/Taipei","product_amounts_excluding_tax_and_customer_shipping_income","1","current","{""start"":""2026-08-02"",""end"":""2026-08-02""}","{""kind"":""all"",""channels"":[""DTC"",""MARKETPLACE""]}","same_days","1","1","fact","[""fact"",""golden-v1"",""2026-08-02"",""2026-08-02"",""all"",[""DTC"",""MARKETPLACE""],null,""contribution_after_marketing""]","","","contribution_after_marketing","255.00","[]","[""[\""fact\"",\""golden-v1\"",\""2026-08-02\"",\""2026-08-02\"",\""all\"",[\""DTC\"",\""MARKETPLACE\""],null,\""contribution_after_marketing\""]""]","[{""file"":""ad_spend_daily.csv"",""line"":4,""date"":""2026-08-02"",""channel"":""DTC"",""actual_filename"":""ad_spend_daily.csv""},{""file"":""ad_spend_daily.csv"",""line"":5,""date"":""2026-08-02"",""channel"":""MARKETPLACE"",""actual_filename"":""ad_spend_daily.csv""},{""file"":""channel_costs_daily.csv"",""line"":4,""date"":""2026-08-02"",""channel"":""DTC"",""actual_filename"":""channel_costs_daily.csv""},{""file"":""channel_costs_daily.csv"",""line"":5,""date"":""2026-08-02"",""channel"":""MARKETPLACE"",""actual_filename"":""channel_costs_daily.csv""},{""file"":""sales_daily.csv"",""line"":6,""date"":""2026-08-02"",""channel"":""DTC"",""sku"":""A"",""actual_filename"":""sales_daily.csv""},{""file"":""sales_daily.csv"",""line"":7,""date"":""2026-08-02"",""channel"":""DTC"",""sku"":""B"",""actual_filename"":""sales_daily.csv""},{""file"":""sales_daily.csv"",""line"":8,""date"":""2026-08-02"",""channel"":""MARKETPLACE"",""sku"":""A"",""actual_filename"":""sales_daily.csv""},{""file"":""sales_daily.csv"",""line"":9,""date"":""2026-08-02"",""channel"":""MARKETPLACE"",""sku"":""B"",""actual_filename"":""sales_daily.csv""}]","","","",""
"decision-v1","scenario-v1","contribution-v1","golden-v1","92339086dd83c9a89ae5ac754bdbad2a30c215eb81213211b953451918ebfc48","f9c7f0abe4b1ba3759249887324f30b7d2ac873e7acf82a12c6fa32e19551a3b","2026-08-03","TWD","Asia/Taipei","product_amounts_excluding_tax_and_customer_shipping_income","1","current","{""start"":""2026-08-02"",""end"":""2026-08-02""}","{""kind"":""all"",""channels"":[""DTC"",""MARKETPLACE""]}","same_days","1","1","fact","[""fact"",""golden-v1"",""2026-08-02"",""2026-08-02"",""all"",[""DTC"",""MARKETPLACE""],null,""gross_margin""]","","","gross_margin","0.463562753036","[]","[""[\""fact\"",\""golden-v1\"",\""2026-08-02\"",\""2026-08-02\"",\""all\"",[\""DTC\"",\""MARKETPLACE\""],null,\""gross_margin\""]""]","[{""file"":""ad_spend_daily.csv"",""line"":4,""date"":""2026-08-02"",""channel"":""DTC"",""actual_filename"":""ad_spend_daily.csv""},{""file"":""ad_spend_daily.csv"",""line"":5,""date"":""2026-08-02"",""channel"":""MARKETPLACE"",""actual_filename"":""ad_spend_daily.csv""},{""file"":""channel_costs_daily.csv"",""line"":4,""date"":""2026-08-02"",""channel"":""DTC"",""actual_filename"":""channel_costs_daily.csv""},{""file"":""channel_costs_daily.csv"",""line"":5,""date"":""2026-08-02"",""channel"":""MARKETPLACE"",""actual_filename"":""channel_costs_daily.csv""},{""file"":""sales_daily.csv"",""line"":6,""date"":""2026-08-02"",""channel"":""DTC"",""sku"":""A"",""actual_filename"":""sales_daily.csv""},{""file"":""sales_daily.csv"",""line"":7,""date"":""2026-08-02"",""channel"":""DTC"",""sku"":""B"",""actual_filename"":""sales_daily.csv""},{""file"":""sales_daily.csv"",""line"":8,""date"":""2026-08-02"",""channel"":""MARKETPLACE"",""sku"":""A"",""actual_filename"":""sales_daily.csv""},{""file"":""sales_daily.csv"",""line"":9,""date"":""2026-08-02"",""channel"":""MARKETPLACE"",""sku"":""B"",""actual_filename"":""sales_daily.csv""}]","","","",""
"decision-v1","scenario-v1","contribution-v1","golden-v1","92339086dd83c9a89ae5ac754bdbad2a30c215eb81213211b953451918ebfc48","f9c7f0abe4b1ba3759249887324f30b7d2ac873e7acf82a12c6fa32e19551a3b","2026-08-03","TWD","Asia/Taipei","product_amounts_excluding_tax_and_customer_shipping_income","1","current","{""start"":""2026-08-02"",""end"":""2026-08-02""}","{""kind"":""all"",""channels"":[""DTC"",""MARKETPLACE""]}","same_days","1","1","fact","[""fact"",""golden-v1"",""2026-08-02"",""2026-08-02"",""all"",[""DTC"",""MARKETPLACE""],null,""contribution_margin""]","","","contribution_margin","0.103238866397","[]","[""[\""fact\"",\""golden-v1\"",\""2026-08-02\"",\""2026-08-02\"",\""all\"",[\""DTC\"",\""MARKETPLACE\""],null,\""contribution_margin\""]""]","[{""file"":""ad_spend_daily.csv"",""line"":4,""date"":""2026-08-02"",""channel"":""DTC"",""actual_filename"":""ad_spend_daily.csv""},{""file"":""ad_spend_daily.csv"",""line"":5,""date"":""2026-08-02"",""channel"":""MARKETPLACE"",""actual_filename"":""ad_spend_daily.csv""},{""file"":""channel_costs_daily.csv"",""line"":4,""date"":""2026-08-02"",""channel"":""DTC"",""actual_filename"":""channel_costs_daily.csv""},{""file"":""channel_costs_daily.csv"",""line"":5,""date"":""2026-08-02"",""channel"":""MARKETPLACE"",""actual_filename"":""channel_costs_daily.csv""},{""file"":""sales_daily.csv"",""line"":6,""date"":""2026-08-02"",""channel"":""DTC"",""sku"":""A"",""actual_filename"":""sales_daily.csv""},{""file"":""sales_daily.csv"",""line"":7,""date"":""2026-08-02"",""channel"":""DTC"",""sku"":""B"",""actual_filename"":""sales_daily.csv""},{""file"":""sales_daily.csv"",""line"":8,""date"":""2026-08-02"",""channel"":""MARKETPLACE"",""sku"":""A"",""actual_filename"":""sales_daily.csv""},{""file"":""sales_daily.csv"",""line"":9,""date"":""2026-08-02"",""channel"":""MARKETPLACE"",""sku"":""B"",""actual_filename"":""sales_daily.csv""}]","","","",""
"decision-v1","scenario-v1","contribution-v1","golden-v1","92339086dd83c9a89ae5ac754bdbad2a30c215eb81213211b953451918ebfc48","f9c7f0abe4b1ba3759249887324f30b7d2ac873e7acf82a12c6fa32e19551a3b","2026-08-03","TWD","Asia/Taipei","product_amounts_excluding_tax_and_customer_shipping_income","1","current","{""start"":""2026-08-02"",""end"":""2026-08-02""}","{""kind"":""all"",""channels"":[""DTC"",""MARKETPLACE""]}","same_days","1","1","fact","[""fact"",""golden-v1"",""2026-08-02"",""2026-08-02"",""all"",[""DTC"",""MARKETPLACE""],null,""discount_rate""]","","","discount_rate","0.145161290323","[]","[""[\""fact\"",\""golden-v1\"",\""2026-08-02\"",\""2026-08-02\"",\""all\"",[\""DTC\"",\""MARKETPLACE\""],null,\""discount_rate\""]""]","[{""file"":""ad_spend_daily.csv"",""line"":4,""date"":""2026-08-02"",""channel"":""DTC"",""actual_filename"":""ad_spend_daily.csv""},{""file"":""ad_spend_daily.csv"",""line"":5,""date"":""2026-08-02"",""channel"":""MARKETPLACE"",""actual_filename"":""ad_spend_daily.csv""},{""file"":""channel_costs_daily.csv"",""line"":4,""date"":""2026-08-02"",""channel"":""DTC"",""actual_filename"":""channel_costs_daily.csv""},{""file"":""channel_costs_daily.csv"",""line"":5,""date"":""2026-08-02"",""channel"":""MARKETPLACE"",""actual_filename"":""channel_costs_daily.csv""},{""file"":""sales_daily.csv"",""line"":6,""date"":""2026-08-02"",""channel"":""DTC"",""sku"":""A"",""actual_filename"":""sales_daily.csv""},{""file"":""sales_daily.csv"",""line"":7,""date"":""2026-08-02"",""channel"":""DTC"",""sku"":""B"",""actual_filename"":""sales_daily.csv""},{""file"":""sales_daily.csv"",""line"":8,""date"":""2026-08-02"",""channel"":""MARKETPLACE"",""sku"":""A"",""actual_filename"":""sales_daily.csv""},{""file"":""sales_daily.csv"",""line"":9,""date"":""2026-08-02"",""channel"":""MARKETPLACE"",""sku"":""B"",""actual_filename"":""sales_daily.csv""}]","","","",""
"decision-v1","scenario-v1","contribution-v1","golden-v1","92339086dd83c9a89ae5ac754bdbad2a30c215eb81213211b953451918ebfc48","f9c7f0abe4b1ba3759249887324f30b7d2ac873e7acf82a12c6fa32e19551a3b","2026-08-03","TWD","Asia/Taipei","product_amounts_excluding_tax_and_customer_shipping_income","1","current","{""start"":""2026-08-02"",""end"":""2026-08-02""}","{""kind"":""all"",""channels"":[""DTC"",""MARKETPLACE""]}","same_days","1","1","fact","[""fact"",""golden-v1"",""2026-08-02"",""2026-08-02"",""all"",[""DTC"",""MARKETPLACE""],null,""refund_ratio""]","","","refund_ratio","0.067924528302","[]","[""[\""fact\"",\""golden-v1\"",\""2026-08-02\"",\""2026-08-02\"",\""all\"",[\""DTC\"",\""MARKETPLACE\""],null,\""refund_ratio\""]""]","[{""file"":""ad_spend_daily.csv"",""line"":4,""date"":""2026-08-02"",""channel"":""DTC"",""actual_filename"":""ad_spend_daily.csv""},{""file"":""ad_spend_daily.csv"",""line"":5,""date"":""2026-08-02"",""channel"":""MARKETPLACE"",""actual_filename"":""ad_spend_daily.csv""},{""file"":""channel_costs_daily.csv"",""line"":4,""date"":""2026-08-02"",""channel"":""DTC"",""actual_filename"":""channel_costs_daily.csv""},{""file"":""channel_costs_daily.csv"",""line"":5,""date"":""2026-08-02"",""channel"":""MARKETPLACE"",""actual_filename"":""channel_costs_daily.csv""},{""file"":""sales_daily.csv"",""line"":6,""date"":""2026-08-02"",""channel"":""DTC"",""sku"":""A"",""actual_filename"":""sales_daily.csv""},{""file"":""sales_daily.csv"",""line"":7,""date"":""2026-08-02"",""channel"":""DTC"",""sku"":""B"",""actual_filename"":""sales_daily.csv""},{""file"":""sales_daily.csv"",""line"":8,""date"":""2026-08-02"",""channel"":""MARKETPLACE"",""sku"":""A"",""actual_filename"":""sales_daily.csv""},{""file"":""sales_daily.csv"",""line"":9,""date"":""2026-08-02"",""channel"":""MARKETPLACE"",""sku"":""B"",""actual_filename"":""sales_daily.csv""}]","","","",""
"decision-v1","scenario-v1","contribution-v1","golden-v1","92339086dd83c9a89ae5ac754bdbad2a30c215eb81213211b953451918ebfc48","f9c7f0abe4b1ba3759249887324f30b7d2ac873e7acf82a12c6fa32e19551a3b","2026-08-03","TWD","Asia/Taipei","product_amounts_excluding_tax_and_customer_shipping_income","1","current","{""start"":""2026-08-02"",""end"":""2026-08-02""}","{""kind"":""all"",""channels"":[""DTC"",""MARKETPLACE""]}","same_days","1","1","fact","[""fact"",""golden-v1"",""2026-08-02"",""2026-08-02"",""all"",[""DTC"",""MARKETPLACE""],null,""mer""]","","","mer","5.488888888889","[]","[""[\""fact\"",\""golden-v1\"",\""2026-08-02\"",\""2026-08-02\"",\""all\"",[\""DTC\"",\""MARKETPLACE\""],null,\""mer\""]""]","[{""file"":""ad_spend_daily.csv"",""line"":4,""date"":""2026-08-02"",""channel"":""DTC"",""actual_filename"":""ad_spend_daily.csv""},{""file"":""ad_spend_daily.csv"",""line"":5,""date"":""2026-08-02"",""channel"":""MARKETPLACE"",""actual_filename"":""ad_spend_daily.csv""},{""file"":""channel_costs_daily.csv"",""line"":4,""date"":""2026-08-02"",""channel"":""DTC"",""actual_filename"":""channel_costs_daily.csv""},{""file"":""channel_costs_daily.csv"",""line"":5,""date"":""2026-08-02"",""channel"":""MARKETPLACE"",""actual_filename"":""channel_costs_daily.csv""},{""file"":""sales_daily.csv"",""line"":6,""date"":""2026-08-02"",""channel"":""DTC"",""sku"":""A"",""actual_filename"":""sales_daily.csv""},{""file"":""sales_daily.csv"",""line"":7,""date"":""2026-08-02"",""channel"":""DTC"",""sku"":""B"",""actual_filename"":""sales_daily.csv""},{""file"":""sales_daily.csv"",""line"":8,""date"":""2026-08-02"",""channel"":""MARKETPLACE"",""sku"":""A"",""actual_filename"":""sales_daily.csv""},{""file"":""sales_daily.csv"",""line"":9,""date"":""2026-08-02"",""channel"":""MARKETPLACE"",""sku"":""B"",""actual_filename"":""sales_daily.csv""}]","","","",""
"decision-v1","scenario-v1","contribution-v1","golden-v1","92339086dd83c9a89ae5ac754bdbad2a30c215eb81213211b953451918ebfc48","f9c7f0abe4b1ba3759249887324f30b7d2ac873e7acf82a12c6fa32e19551a3b","2026-08-03","TWD","Asia/Taipei","product_amounts_excluding_tax_and_customer_shipping_income","1","current","{""start"":""2026-08-02"",""end"":""2026-08-02""}","{""kind"":""all"",""channels"":[""DTC"",""MARKETPLACE""]}","same_days","1","1","fact","[""fact"",""golden-v1"",""2026-08-02"",""2026-08-02"",""all"",[""DTC"",""MARKETPLACE""],null,""fulfillment_burden""]","","","fulfillment_burden","0.091093117409","[]","[""[\""fact\"",\""golden-v1\"",\""2026-08-02\"",\""2026-08-02\"",\""all\"",[\""DTC\"",\""MARKETPLACE\""],null,\""fulfillment_burden\""]""]","[{""file"":""ad_spend_daily.csv"",""line"":4,""date"":""2026-08-02"",""channel"":""DTC"",""actual_filename"":""ad_spend_daily.csv""},{""file"":""ad_spend_daily.csv"",""line"":5,""date"":""2026-08-02"",""channel"":""MARKETPLACE"",""actual_filename"":""ad_spend_daily.csv""},{""file"":""channel_costs_daily.csv"",""line"":4,""date"":""2026-08-02"",""channel"":""DTC"",""actual_filename"":""channel_costs_daily.csv""},{""file"":""channel_costs_daily.csv"",""line"":5,""date"":""2026-08-02"",""channel"":""MARKETPLACE"",""actual_filename"":""channel_costs_daily.csv""},{""file"":""sales_daily.csv"",""line"":6,""date"":""2026-08-02"",""channel"":""DTC"",""sku"":""A"",""actual_filename"":""sales_daily.csv""},{""file"":""sales_daily.csv"",""line"":7,""date"":""2026-08-02"",""channel"":""DTC"",""sku"":""B"",""actual_filename"":""sales_daily.csv""},{""file"":""sales_daily.csv"",""line"":8,""date"":""2026-08-02"",""channel"":""MARKETPLACE"",""sku"":""A"",""actual_filename"":""sales_daily.csv""},{""file"":""sales_daily.csv"",""line"":9,""date"":""2026-08-02"",""channel"":""MARKETPLACE"",""sku"":""B"",""actual_filename"":""sales_daily.csv""}]","","","",""
"decision-v1","scenario-v1","contribution-v1","golden-v1","92339086dd83c9a89ae5ac754bdbad2a30c215eb81213211b953451918ebfc48","f9c7f0abe4b1ba3759249887324f30b7d2ac873e7acf82a12c6fa32e19551a3b","2026-08-03","TWD","Asia/Taipei","product_amounts_excluding_tax_and_customer_shipping_income","1","current","{""start"":""2026-08-02"",""end"":""2026-08-02""}","{""kind"":""all"",""channels"":[""DTC"",""MARKETPLACE""]}","same_days","1","1","fact","[""fact"",""golden-v1"",""2026-08-02"",""2026-08-02"",""all"",[""DTC"",""MARKETPLACE""],null,""marketing_burden""]","","","marketing_burden","0.182186234818","[]","[""[\""fact\"",\""golden-v1\"",\""2026-08-02\"",\""2026-08-02\"",\""all\"",[\""DTC\"",\""MARKETPLACE\""],null,\""marketing_burden\""]""]","[{""file"":""ad_spend_daily.csv"",""line"":4,""date"":""2026-08-02"",""channel"":""DTC"",""actual_filename"":""ad_spend_daily.csv""},{""file"":""ad_spend_daily.csv"",""line"":5,""date"":""2026-08-02"",""channel"":""MARKETPLACE"",""actual_filename"":""ad_spend_daily.csv""},{""file"":""channel_costs_daily.csv"",""line"":4,""date"":""2026-08-02"",""channel"":""DTC"",""actual_filename"":""channel_costs_daily.csv""},{""file"":""channel_costs_daily.csv"",""line"":5,""date"":""2026-08-02"",""channel"":""MARKETPLACE"",""actual_filename"":""channel_costs_daily.csv""},{""file"":""sales_daily.csv"",""line"":6,""date"":""2026-08-02"",""channel"":""DTC"",""sku"":""A"",""actual_filename"":""sales_daily.csv""},{""file"":""sales_daily.csv"",""line"":7,""date"":""2026-08-02"",""channel"":""DTC"",""sku"":""B"",""actual_filename"":""sales_daily.csv""},{""file"":""sales_daily.csv"",""line"":8,""date"":""2026-08-02"",""channel"":""MARKETPLACE"",""sku"":""A"",""actual_filename"":""sales_daily.csv""},{""file"":""sales_daily.csv"",""line"":9,""date"":""2026-08-02"",""channel"":""MARKETPLACE"",""sku"":""B"",""actual_filename"":""sales_daily.csv""}]","","","",""
"decision-v1","scenario-v1","contribution-v1","golden-v1","92339086dd83c9a89ae5ac754bdbad2a30c215eb81213211b953451918ebfc48","f9c7f0abe4b1ba3759249887324f30b7d2ac873e7acf82a12c6fa32e19551a3b","2026-08-03","TWD","Asia/Taipei","product_amounts_excluding_tax_and_customer_shipping_income","1","current","{""start"":""2026-08-01"",""end"":""2026-08-01""}","{""kind"":""channel"",""channels"":[""DTC""]}","same_days","1","1","fact","[""fact"",""golden-v1"",""2026-08-01"",""2026-08-01"",""channel"",[""DTC""],null,""gross_sales""]","","","gross_sales","1500.00","[]","[""[\""fact\"",\""golden-v1\"",\""2026-08-01\"",\""2026-08-01\"",\""channel\"",[\""DTC\""],null,\""gross_sales\""]""]","[{""file"":""ad_spend_daily.csv"",""line"":2,""date"":""2026-08-01"",""channel"":""DTC"",""actual_filename"":""ad_spend_daily.csv""},{""file"":""channel_costs_daily.csv"",""line"":2,""date"":""2026-08-01"",""channel"":""DTC"",""actual_filename"":""channel_costs_daily.csv""},{""file"":""sales_daily.csv"",""line"":2,""date"":""2026-08-01"",""channel"":""DTC"",""sku"":""A"",""actual_filename"":""sales_daily.csv""},{""file"":""sales_daily.csv"",""line"":3,""date"":""2026-08-01"",""channel"":""DTC"",""sku"":""B"",""actual_filename"":""sales_daily.csv""}]","","","",""
"decision-v1","scenario-v1","contribution-v1","golden-v1","92339086dd83c9a89ae5ac754bdbad2a30c215eb81213211b953451918ebfc48","f9c7f0abe4b1ba3759249887324f30b7d2ac873e7acf82a12c6fa32e19551a3b","2026-08-03","TWD","Asia/Taipei","product_amounts_excluding_tax_and_customer_shipping_income","1","current","{""start"":""2026-08-01"",""end"":""2026-08-01""}","{""kind"":""channel"",""channels"":[""DTC""]}","same_days","1","1","fact","[""fact"",""golden-v1"",""2026-08-01"",""2026-08-01"",""channel"",[""DTC""],null,""discounts""]","","","discounts","100.00","[]","[""[\""fact\"",\""golden-v1\"",\""2026-08-01\"",\""2026-08-01\"",\""channel\"",[\""DTC\""],null,\""discounts\""]""]","[{""file"":""ad_spend_daily.csv"",""line"":2,""date"":""2026-08-01"",""channel"":""DTC"",""actual_filename"":""ad_spend_daily.csv""},{""file"":""channel_costs_daily.csv"",""line"":2,""date"":""2026-08-01"",""channel"":""DTC"",""actual_filename"":""channel_costs_daily.csv""},{""file"":""sales_daily.csv"",""line"":2,""date"":""2026-08-01"",""channel"":""DTC"",""sku"":""A"",""actual_filename"":""sales_daily.csv""},{""file"":""sales_daily.csv"",""line"":3,""date"":""2026-08-01"",""channel"":""DTC"",""sku"":""B"",""actual_filename"":""sales_daily.csv""}]","","","",""
"decision-v1","scenario-v1","contribution-v1","golden-v1","92339086dd83c9a89ae5ac754bdbad2a30c215eb81213211b953451918ebfc48","f9c7f0abe4b1ba3759249887324f30b7d2ac873e7acf82a12c6fa32e19551a3b","2026-08-03","TWD","Asia/Taipei","product_amounts_excluding_tax_and_customer_shipping_income","1","current","{""start"":""2026-08-01"",""end"":""2026-08-01""}","{""kind"":""channel"",""channels"":[""DTC""]}","same_days","1","1","fact","[""fact"",""golden-v1"",""2026-08-01"",""2026-08-01"",""channel"",[""DTC""],null,""refunds""]","","","refunds","50.00","[]","[""[\""fact\"",\""golden-v1\"",\""2026-08-01\"",\""2026-08-01\"",\""channel\"",[\""DTC\""],null,\""refunds\""]""]","[{""file"":""ad_spend_daily.csv"",""line"":2,""date"":""2026-08-01"",""channel"":""DTC"",""actual_filename"":""ad_spend_daily.csv""},{""file"":""channel_costs_daily.csv"",""line"":2,""date"":""2026-08-01"",""channel"":""DTC"",""actual_filename"":""channel_costs_daily.csv""},{""file"":""sales_daily.csv"",""line"":2,""date"":""2026-08-01"",""channel"":""DTC"",""sku"":""A"",""actual_filename"":""sales_daily.csv""},{""file"":""sales_daily.csv"",""line"":3,""date"":""2026-08-01"",""channel"":""DTC"",""sku"":""B"",""actual_filename"":""sales_daily.csv""}]","","","",""
"decision-v1","scenario-v1","contribution-v1","golden-v1","92339086dd83c9a89ae5ac754bdbad2a30c215eb81213211b953451918ebfc48","f9c7f0abe4b1ba3759249887324f30b7d2ac873e7acf82a12c6fa32e19551a3b","2026-08-03","TWD","Asia/Taipei","product_amounts_excluding_tax_and_customer_shipping_income","1","current","{""start"":""2026-08-01"",""end"":""2026-08-01""}","{""kind"":""channel"",""channels"":[""DTC""]}","same_days","1","1","fact","[""fact"",""golden-v1"",""2026-08-01"",""2026-08-01"",""channel"",[""DTC""],null,""cogs_net""]","","","cogs_net","600.00","[]","[""[\""fact\"",\""golden-v1\"",\""2026-08-01\"",\""2026-08-01\"",\""channel\"",[\""DTC\""],null,\""cogs_net\""]""]","[{""file"":""ad_spend_daily.csv"",""line"":2,""date"":""2026-08-01"",""channel"":""DTC"",""actual_filename"":""ad_spend_daily.csv""},{""file"":""channel_costs_daily.csv"",""line"":2,""date"":""2026-08-01"",""channel"":""DTC"",""actual_filename"":""channel_costs_daily.csv""},{""file"":""sales_daily.csv"",""line"":2,""date"":""2026-08-01"",""channel"":""DTC"",""sku"":""A"",""actual_filename"":""sales_daily.csv""},{""file"":""sales_daily.csv"",""line"":3,""date"":""2026-08-01"",""channel"":""DTC"",""sku"":""B"",""actual_filename"":""sales_daily.csv""}]","","","",""
"decision-v1","scenario-v1","contribution-v1","golden-v1","92339086dd83c9a89ae5ac754bdbad2a30c215eb81213211b953451918ebfc48","f9c7f0abe4b1ba3759249887324f30b7d2ac873e7acf82a12c6fa32e19551a3b","2026-08-03","TWD","Asia/Taipei","product_amounts_excluding_tax_and_customer_shipping_income","1","current","{""start"":""2026-08-01"",""end"":""2026-08-01""}","{""kind"":""channel"",""channels"":[""DTC""]}","same_days","1","1","fact","[""fact"",""golden-v1"",""2026-08-01"",""2026-08-01"",""channel"",[""DTC""],null,""platform_fees""]","","","platform_fees","0.00","[]","[""[\""fact\"",\""golden-v1\"",\""2026-08-01\"",\""2026-08-01\"",\""channel\"",[\""DTC\""],null,\""platform_fees\""]""]","[{""file"":""ad_spend_daily.csv"",""line"":2,""date"":""2026-08-01"",""channel"":""DTC"",""actual_filename"":""ad_spend_daily.csv""},{""file"":""channel_costs_daily.csv"",""line"":2,""date"":""2026-08-01"",""channel"":""DTC"",""actual_filename"":""channel_costs_daily.csv""},{""file"":""sales_daily.csv"",""line"":2,""date"":""2026-08-01"",""channel"":""DTC"",""sku"":""A"",""actual_filename"":""sales_daily.csv""},{""file"":""sales_daily.csv"",""line"":3,""date"":""2026-08-01"",""channel"":""DTC"",""sku"":""B"",""actual_filename"":""sales_daily.csv""}]","","","",""
"decision-v1","scenario-v1","contribution-v1","golden-v1","92339086dd83c9a89ae5ac754bdbad2a30c215eb81213211b953451918ebfc48","f9c7f0abe4b1ba3759249887324f30b7d2ac873e7acf82a12c6fa32e19551a3b","2026-08-03","TWD","Asia/Taipei","product_amounts_excluding_tax_and_customer_shipping_income","1","current","{""start"":""2026-08-01"",""end"":""2026-08-01""}","{""kind"":""channel"",""channels"":[""DTC""]}","same_days","1","1","fact","[""fact"",""golden-v1"",""2026-08-01"",""2026-08-01"",""channel"",[""DTC""],null,""payment_fees""]","","","payment_fees","40.00","[]","[""[\""fact\"",\""golden-v1\"",\""2026-08-01\"",\""2026-08-01\"",\""channel\"",[\""DTC\""],null,\""payment_fees\""]""]","[{""file"":""ad_spend_daily.csv"",""line"":2,""date"":""2026-08-01"",""channel"":""DTC"",""actual_filename"":""ad_spend_daily.csv""},{""file"":""channel_costs_daily.csv"",""line"":2,""date"":""2026-08-01"",""channel"":""DTC"",""actual_filename"":""channel_costs_daily.csv""},{""file"":""sales_daily.csv"",""line"":2,""date"":""2026-08-01"",""channel"":""DTC"",""sku"":""A"",""actual_filename"":""sales_daily.csv""},{""file"":""sales_daily.csv"",""line"":3,""date"":""2026-08-01"",""channel"":""DTC"",""sku"":""B"",""actual_filename"":""sales_daily.csv""}]","","","",""
"decision-v1","scenario-v1","contribution-v1","golden-v1","92339086dd83c9a89ae5ac754bdbad2a30c215eb81213211b953451918ebfc48","f9c7f0abe4b1ba3759249887324f30b7d2ac873e7acf82a12c6fa32e19551a3b","2026-08-03","TWD","Asia/Taipei","product_amounts_excluding_tax_and_customer_shipping_income","1","current","{""start"":""2026-08-01"",""end"":""2026-08-01""}","{""kind"":""channel"",""channels"":[""DTC""]}","same_days","1","1","fact","[""fact"",""golden-v1"",""2026-08-01"",""2026-08-01"",""channel"",[""DTC""],null,""fulfillment_costs""]","","","fulfillment_costs","100.00","[]","[""[\""fact\"",\""golden-v1\"",\""2026-08-01\"",\""2026-08-01\"",\""channel\"",[\""DTC\""],null,\""fulfillment_costs\""]""]","[{""file"":""ad_spend_daily.csv"",""line"":2,""date"":""2026-08-01"",""channel"":""DTC"",""actual_filename"":""ad_spend_daily.csv""},{""file"":""channel_costs_daily.csv"",""line"":2,""date"":""2026-08-01"",""channel"":""DTC"",""actual_filename"":""channel_costs_daily.csv""},{""file"":""sales_daily.csv"",""line"":2,""date"":""2026-08-01"",""channel"":""DTC"",""sku"":""A"",""actual_filename"":""sales_daily.csv""},{""file"":""sales_daily.csv"",""line"":3,""date"":""2026-08-01"",""channel"":""DTC"",""sku"":""B"",""actual_filename"":""sales_daily.csv""}]","","","",""
"decision-v1","scenario-v1","contribution-v1","golden-v1","92339086dd83c9a89ae5ac754bdbad2a30c215eb81213211b953451918ebfc48","f9c7f0abe4b1ba3759249887324f30b7d2ac873e7acf82a12c6fa32e19551a3b","2026-08-03","TWD","Asia/Taipei","product_amounts_excluding_tax_and_customer_shipping_income","1","current","{""start"":""2026-08-01"",""end"":""2026-08-01""}","{""kind"":""channel"",""channels"":[""DTC""]}","same_days","1","1","fact","[""fact"",""golden-v1"",""2026-08-01"",""2026-08-01"",""channel"",[""DTC""],null,""other_variable_costs""]","","","other_variable_costs","10.00","[]","[""[\""fact\"",\""golden-v1\"",\""2026-08-01\"",\""2026-08-01\"",\""channel\"",[\""DTC\""],null,\""other_variable_costs\""]""]","[{""file"":""ad_spend_daily.csv"",""line"":2,""date"":""2026-08-01"",""channel"":""DTC"",""actual_filename"":""ad_spend_daily.csv""},{""file"":""channel_costs_daily.csv"",""line"":2,""date"":""2026-08-01"",""channel"":""DTC"",""actual_filename"":""channel_costs_daily.csv""},{""file"":""sales_daily.csv"",""line"":2,""date"":""2026-08-01"",""channel"":""DTC"",""sku"":""A"",""actual_filename"":""sales_daily.csv""},{""file"":""sales_daily.csv"",""line"":3,""date"":""2026-08-01"",""channel"":""DTC"",""sku"":""B"",""actual_filename"":""sales_daily.csv""}]","","","",""
"decision-v1","scenario-v1","contribution-v1","golden-v1","92339086dd83c9a89ae5ac754bdbad2a30c215eb81213211b953451918ebfc48","f9c7f0abe4b1ba3759249887324f30b7d2ac873e7acf82a12c6fa32e19551a3b","2026-08-03","TWD","Asia/Taipei","product_amounts_excluding_tax_and_customer_shipping_income","1","current","{""start"":""2026-08-01"",""end"":""2026-08-01""}","{""kind"":""channel"",""channels"":[""DTC""]}","same_days","1","1","fact","[""fact"",""golden-v1"",""2026-08-01"",""2026-08-01"",""channel"",[""DTC""],null,""ad_spend""]","","","ad_spend","200.00","[]","[""[\""fact\"",\""golden-v1\"",\""2026-08-01\"",\""2026-08-01\"",\""channel\"",[\""DTC\""],null,\""ad_spend\""]""]","[{""file"":""ad_spend_daily.csv"",""line"":2,""date"":""2026-08-01"",""channel"":""DTC"",""actual_filename"":""ad_spend_daily.csv""},{""file"":""channel_costs_daily.csv"",""line"":2,""date"":""2026-08-01"",""channel"":""DTC"",""actual_filename"":""channel_costs_daily.csv""},{""file"":""sales_daily.csv"",""line"":2,""date"":""2026-08-01"",""channel"":""DTC"",""sku"":""A"",""actual_filename"":""sales_daily.csv""},{""file"":""sales_daily.csv"",""line"":3,""date"":""2026-08-01"",""channel"":""DTC"",""sku"":""B"",""actual_filename"":""sales_daily.csv""}]","","","",""
"decision-v1","scenario-v1","contribution-v1","golden-v1","92339086dd83c9a89ae5ac754bdbad2a30c215eb81213211b953451918ebfc48","f9c7f0abe4b1ba3759249887324f30b7d2ac873e7acf82a12c6fa32e19551a3b","2026-08-03","TWD","Asia/Taipei","product_amounts_excluding_tax_and_customer_shipping_income","1","current","{""start"":""2026-08-01"",""end"":""2026-08-01""}","{""kind"":""channel"",""channels"":[""DTC""]}","same_days","1","1","fact","[""fact"",""golden-v1"",""2026-08-01"",""2026-08-01"",""channel"",[""DTC""],null,""net_revenue""]","","","net_revenue","1350.00","[]","[""[\""fact\"",\""golden-v1\"",\""2026-08-01\"",\""2026-08-01\"",\""channel\"",[\""DTC\""],null,\""net_revenue\""]""]","[{""file"":""ad_spend_daily.csv"",""line"":2,""date"":""2026-08-01"",""channel"":""DTC"",""actual_filename"":""ad_spend_daily.csv""},{""file"":""channel_costs_daily.csv"",""line"":2,""date"":""2026-08-01"",""channel"":""DTC"",""actual_filename"":""channel_costs_daily.csv""},{""file"":""sales_daily.csv"",""line"":2,""date"":""2026-08-01"",""channel"":""DTC"",""sku"":""A"",""actual_filename"":""sales_daily.csv""},{""file"":""sales_daily.csv"",""line"":3,""date"":""2026-08-01"",""channel"":""DTC"",""sku"":""B"",""actual_filename"":""sales_daily.csv""}]","","","",""
"decision-v1","scenario-v1","contribution-v1","golden-v1","92339086dd83c9a89ae5ac754bdbad2a30c215eb81213211b953451918ebfc48","f9c7f0abe4b1ba3759249887324f30b7d2ac873e7acf82a12c6fa32e19551a3b","2026-08-03","TWD","Asia/Taipei","product_amounts_excluding_tax_and_customer_shipping_income","1","current","{""start"":""2026-08-01"",""end"":""2026-08-01""}","{""kind"":""channel"",""channels"":[""DTC""]}","same_days","1","1","fact","[""fact"",""golden-v1"",""2026-08-01"",""2026-08-01"",""channel"",[""DTC""],null,""gross_profit""]","","","gross_profit","750.00","[]","[""[\""fact\"",\""golden-v1\"",\""2026-08-01\"",\""2026-08-01\"",\""channel\"",[\""DTC\""],null,\""gross_profit\""]""]","[{""file"":""ad_spend_daily.csv"",""line"":2,""date"":""2026-08-01"",""channel"":""DTC"",""actual_filename"":""ad_spend_daily.csv""},{""file"":""channel_costs_daily.csv"",""line"":2,""date"":""2026-08-01"",""channel"":""DTC"",""actual_filename"":""channel_costs_daily.csv""},{""file"":""sales_daily.csv"",""line"":2,""date"":""2026-08-01"",""channel"":""DTC"",""sku"":""A"",""actual_filename"":""sales_daily.csv""},{""file"":""sales_daily.csv"",""line"":3,""date"":""2026-08-01"",""channel"":""DTC"",""sku"":""B"",""actual_filename"":""sales_daily.csv""}]","","","",""
"decision-v1","scenario-v1","contribution-v1","golden-v1","92339086dd83c9a89ae5ac754bdbad2a30c215eb81213211b953451918ebfc48","f9c7f0abe4b1ba3759249887324f30b7d2ac873e7acf82a12c6fa32e19551a3b","2026-08-03","TWD","Asia/Taipei","product_amounts_excluding_tax_and_customer_shipping_income","1","current","{""start"":""2026-08-01"",""end"":""2026-08-01""}","{""kind"":""channel"",""channels"":[""DTC""]}","same_days","1","1","fact","[""fact"",""golden-v1"",""2026-08-01"",""2026-08-01"",""channel"",[""DTC""],null,""contribution_before_marketing""]","","","contribution_before_marketing","600.00","[]","[""[\""fact\"",\""golden-v1\"",\""2026-08-01\"",\""2026-08-01\"",\""channel\"",[\""DTC\""],null,\""contribution_before_marketing\""]""]","[{""file"":""ad_spend_daily.csv"",""line"":2,""date"":""2026-08-01"",""channel"":""DTC"",""actual_filename"":""ad_spend_daily.csv""},{""file"":""channel_costs_daily.csv"",""line"":2,""date"":""2026-08-01"",""channel"":""DTC"",""actual_filename"":""channel_costs_daily.csv""},{""file"":""sales_daily.csv"",""line"":2,""date"":""2026-08-01"",""channel"":""DTC"",""sku"":""A"",""actual_filename"":""sales_daily.csv""},{""file"":""sales_daily.csv"",""line"":3,""date"":""2026-08-01"",""channel"":""DTC"",""sku"":""B"",""actual_filename"":""sales_daily.csv""}]","","","",""
"decision-v1","scenario-v1","contribution-v1","golden-v1","92339086dd83c9a89ae5ac754bdbad2a30c215eb81213211b953451918ebfc48","f9c7f0abe4b1ba3759249887324f30b7d2ac873e7acf82a12c6fa32e19551a3b","2026-08-03","TWD","Asia/Taipei","product_amounts_excluding_tax_and_customer_shipping_income","1","current","{""start"":""2026-08-01"",""end"":""2026-08-01""}","{""kind"":""channel"",""channels"":[""DTC""]}","same_days","1","1","fact","[""fact"",""golden-v1"",""2026-08-01"",""2026-08-01"",""channel"",[""DTC""],null,""contribution_after_marketing""]","","","contribution_after_marketing","400.00","[]","[""[\""fact\"",\""golden-v1\"",\""2026-08-01\"",\""2026-08-01\"",\""channel\"",[\""DTC\""],null,\""contribution_after_marketing\""]""]","[{""file"":""ad_spend_daily.csv"",""line"":2,""date"":""2026-08-01"",""channel"":""DTC"",""actual_filename"":""ad_spend_daily.csv""},{""file"":""channel_costs_daily.csv"",""line"":2,""date"":""2026-08-01"",""channel"":""DTC"",""actual_filename"":""channel_costs_daily.csv""},{""file"":""sales_daily.csv"",""line"":2,""date"":""2026-08-01"",""channel"":""DTC"",""sku"":""A"",""actual_filename"":""sales_daily.csv""},{""file"":""sales_daily.csv"",""line"":3,""date"":""2026-08-01"",""channel"":""DTC"",""sku"":""B"",""actual_filename"":""sales_daily.csv""}]","","","",""
"decision-v1","scenario-v1","contribution-v1","golden-v1","92339086dd83c9a89ae5ac754bdbad2a30c215eb81213211b953451918ebfc48","f9c7f0abe4b1ba3759249887324f30b7d2ac873e7acf82a12c6fa32e19551a3b","2026-08-03","TWD","Asia/Taipei","product_amounts_excluding_tax_and_customer_shipping_income","1","current","{""start"":""2026-08-01"",""end"":""2026-08-01""}","{""kind"":""channel"",""channels"":[""DTC""]}","same_days","1","1","fact","[""fact"",""golden-v1"",""2026-08-01"",""2026-08-01"",""channel"",[""DTC""],null,""gross_margin""]","","","gross_margin","0.555555555556","[]","[""[\""fact\"",\""golden-v1\"",\""2026-08-01\"",\""2026-08-01\"",\""channel\"",[\""DTC\""],null,\""gross_margin\""]""]","[{""file"":""ad_spend_daily.csv"",""line"":2,""date"":""2026-08-01"",""channel"":""DTC"",""actual_filename"":""ad_spend_daily.csv""},{""file"":""channel_costs_daily.csv"",""line"":2,""date"":""2026-08-01"",""channel"":""DTC"",""actual_filename"":""channel_costs_daily.csv""},{""file"":""sales_daily.csv"",""line"":2,""date"":""2026-08-01"",""channel"":""DTC"",""sku"":""A"",""actual_filename"":""sales_daily.csv""},{""file"":""sales_daily.csv"",""line"":3,""date"":""2026-08-01"",""channel"":""DTC"",""sku"":""B"",""actual_filename"":""sales_daily.csv""}]","","","",""
"decision-v1","scenario-v1","contribution-v1","golden-v1","92339086dd83c9a89ae5ac754bdbad2a30c215eb81213211b953451918ebfc48","f9c7f0abe4b1ba3759249887324f30b7d2ac873e7acf82a12c6fa32e19551a3b","2026-08-03","TWD","Asia/Taipei","product_amounts_excluding_tax_and_customer_shipping_income","1","current","{""start"":""2026-08-01"",""end"":""2026-08-01""}","{""kind"":""channel"",""channels"":[""DTC""]}","same_days","1","1","fact","[""fact"",""golden-v1"",""2026-08-01"",""2026-08-01"",""channel"",[""DTC""],null,""contribution_margin""]","","","contribution_margin","0.296296296296","[]","[""[\""fact\"",\""golden-v1\"",\""2026-08-01\"",\""2026-08-01\"",\""channel\"",[\""DTC\""],null,\""contribution_margin\""]""]","[{""file"":""ad_spend_daily.csv"",""line"":2,""date"":""2026-08-01"",""channel"":""DTC"",""actual_filename"":""ad_spend_daily.csv""},{""file"":""channel_costs_daily.csv"",""line"":2,""date"":""2026-08-01"",""channel"":""DTC"",""actual_filename"":""channel_costs_daily.csv""},{""file"":""sales_daily.csv"",""line"":2,""date"":""2026-08-01"",""channel"":""DTC"",""sku"":""A"",""actual_filename"":""sales_daily.csv""},{""file"":""sales_daily.csv"",""line"":3,""date"":""2026-08-01"",""channel"":""DTC"",""sku"":""B"",""actual_filename"":""sales_daily.csv""}]","","","",""
"decision-v1","scenario-v1","contribution-v1","golden-v1","92339086dd83c9a89ae5ac754bdbad2a30c215eb81213211b953451918ebfc48","f9c7f0abe4b1ba3759249887324f30b7d2ac873e7acf82a12c6fa32e19551a3b","2026-08-03","TWD","Asia/Taipei","product_amounts_excluding_tax_and_customer_shipping_income","1","current","{""start"":""2026-08-01"",""end"":""2026-08-01""}","{""kind"":""channel"",""channels"":[""DTC""]}","same_days","1","1","fact","[""fact"",""golden-v1"",""2026-08-01"",""2026-08-01"",""channel"",[""DTC""],null,""discount_rate""]","","","discount_rate","0.066666666667","[]","[""[\""fact\"",\""golden-v1\"",\""2026-08-01\"",\""2026-08-01\"",\""channel\"",[\""DTC\""],null,\""discount_rate\""]""]","[{""file"":""ad_spend_daily.csv"",""line"":2,""date"":""2026-08-01"",""channel"":""DTC"",""actual_filename"":""ad_spend_daily.csv""},{""file"":""channel_costs_daily.csv"",""line"":2,""date"":""2026-08-01"",""channel"":""DTC"",""actual_filename"":""channel_costs_daily.csv""},{""file"":""sales_daily.csv"",""line"":2,""date"":""2026-08-01"",""channel"":""DTC"",""sku"":""A"",""actual_filename"":""sales_daily.csv""},{""file"":""sales_daily.csv"",""line"":3,""date"":""2026-08-01"",""channel"":""DTC"",""sku"":""B"",""actual_filename"":""sales_daily.csv""}]","","","",""
"decision-v1","scenario-v1","contribution-v1","golden-v1","92339086dd83c9a89ae5ac754bdbad2a30c215eb81213211b953451918ebfc48","f9c7f0abe4b1ba3759249887324f30b7d2ac873e7acf82a12c6fa32e19551a3b","2026-08-03","TWD","Asia/Taipei","product_amounts_excluding_tax_and_customer_shipping_income","1","current","{""start"":""2026-08-01"",""end"":""2026-08-01""}","{""kind"":""channel"",""channels"":[""DTC""]}","same_days","1","1","fact","[""fact"",""golden-v1"",""2026-08-01"",""2026-08-01"",""channel"",[""DTC""],null,""refund_ratio""]","","","refund_ratio","0.035714285714","[]","[""[\""fact\"",\""golden-v1\"",\""2026-08-01\"",\""2026-08-01\"",\""channel\"",[\""DTC\""],null,\""refund_ratio\""]""]","[{""file"":""ad_spend_daily.csv"",""line"":2,""date"":""2026-08-01"",""channel"":""DTC"",""actual_filename"":""ad_spend_daily.csv""},{""file"":""channel_costs_daily.csv"",""line"":2,""date"":""2026-08-01"",""channel"":""DTC"",""actual_filename"":""channel_costs_daily.csv""},{""file"":""sales_daily.csv"",""line"":2,""date"":""2026-08-01"",""channel"":""DTC"",""sku"":""A"",""actual_filename"":""sales_daily.csv""},{""file"":""sales_daily.csv"",""line"":3,""date"":""2026-08-01"",""channel"":""DTC"",""sku"":""B"",""actual_filename"":""sales_daily.csv""}]","","","",""
"decision-v1","scenario-v1","contribution-v1","golden-v1","92339086dd83c9a89ae5ac754bdbad2a30c215eb81213211b953451918ebfc48","f9c7f0abe4b1ba3759249887324f30b7d2ac873e7acf82a12c6fa32e19551a3b","2026-08-03","TWD","Asia/Taipei","product_amounts_excluding_tax_and_customer_shipping_income","1","current","{""start"":""2026-08-01"",""end"":""2026-08-01""}","{""kind"":""channel"",""channels"":[""DTC""]}","same_days","1","1","fact","[""fact"",""golden-v1"",""2026-08-01"",""2026-08-01"",""channel"",[""DTC""],null,""mer""]","","","mer","6.750000000000","[]","[""[\""fact\"",\""golden-v1\"",\""2026-08-01\"",\""2026-08-01\"",\""channel\"",[\""DTC\""],null,\""mer\""]""]","[{""file"":""ad_spend_daily.csv"",""line"":2,""date"":""2026-08-01"",""channel"":""DTC"",""actual_filename"":""ad_spend_daily.csv""},{""file"":""channel_costs_daily.csv"",""line"":2,""date"":""2026-08-01"",""channel"":""DTC"",""actual_filename"":""channel_costs_daily.csv""},{""file"":""sales_daily.csv"",""line"":2,""date"":""2026-08-01"",""channel"":""DTC"",""sku"":""A"",""actual_filename"":""sales_daily.csv""},{""file"":""sales_daily.csv"",""line"":3,""date"":""2026-08-01"",""channel"":""DTC"",""sku"":""B"",""actual_filename"":""sales_daily.csv""}]","","","",""
"decision-v1","scenario-v1","contribution-v1","golden-v1","92339086dd83c9a89ae5ac754bdbad2a30c215eb81213211b953451918ebfc48","f9c7f0abe4b1ba3759249887324f30b7d2ac873e7acf82a12c6fa32e19551a3b","2026-08-03","TWD","Asia/Taipei","product_amounts_excluding_tax_and_customer_shipping_income","1","current","{""start"":""2026-08-01"",""end"":""2026-08-01""}","{""kind"":""channel"",""channels"":[""DTC""]}","same_days","1","1","fact","[""fact"",""golden-v1"",""2026-08-01"",""2026-08-01"",""channel"",[""DTC""],null,""fulfillment_burden""]","","","fulfillment_burden","0.074074074074","[]","[""[\""fact\"",\""golden-v1\"",\""2026-08-01\"",\""2026-08-01\"",\""channel\"",[\""DTC\""],null,\""fulfillment_burden\""]""]","[{""file"":""ad_spend_daily.csv"",""line"":2,""date"":""2026-08-01"",""channel"":""DTC"",""actual_filename"":""ad_spend_daily.csv""},{""file"":""channel_costs_daily.csv"",""line"":2,""date"":""2026-08-01"",""channel"":""DTC"",""actual_filename"":""channel_costs_daily.csv""},{""file"":""sales_daily.csv"",""line"":2,""date"":""2026-08-01"",""channel"":""DTC"",""sku"":""A"",""actual_filename"":""sales_daily.csv""},{""file"":""sales_daily.csv"",""line"":3,""date"":""2026-08-01"",""channel"":""DTC"",""sku"":""B"",""actual_filename"":""sales_daily.csv""}]","","","",""
"decision-v1","scenario-v1","contribution-v1","golden-v1","92339086dd83c9a89ae5ac754bdbad2a30c215eb81213211b953451918ebfc48","f9c7f0abe4b1ba3759249887324f30b7d2ac873e7acf82a12c6fa32e19551a3b","2026-08-03","TWD","Asia/Taipei","product_amounts_excluding_tax_and_customer_shipping_income","1","current","{""start"":""2026-08-01"",""end"":""2026-08-01""}","{""kind"":""channel"",""channels"":[""DTC""]}","same_days","1","1","fact","[""fact"",""golden-v1"",""2026-08-01"",""2026-08-01"",""channel"",[""DTC""],null,""marketing_burden""]","","","marketing_burden","0.148148148148","[]","[""[\""fact\"",\""golden-v1\"",\""2026-08-01\"",\""2026-08-01\"",\""channel\"",[\""DTC\""],null,\""marketing_burden\""]""]","[{""file"":""ad_spend_daily.csv"",""line"":2,""date"":""2026-08-01"",""channel"":""DTC"",""actual_filename"":""ad_spend_daily.csv""},{""file"":""channel_costs_daily.csv"",""line"":2,""date"":""2026-08-01"",""channel"":""DTC"",""actual_filename"":""channel_costs_daily.csv""},{""file"":""sales_daily.csv"",""line"":2,""date"":""2026-08-01"",""channel"":""DTC"",""sku"":""A"",""actual_filename"":""sales_daily.csv""},{""file"":""sales_daily.csv"",""line"":3,""date"":""2026-08-01"",""channel"":""DTC"",""sku"":""B"",""actual_filename"":""sales_daily.csv""}]","","","",""
"decision-v1","scenario-v1","contribution-v1","golden-v1","92339086dd83c9a89ae5ac754bdbad2a30c215eb81213211b953451918ebfc48","f9c7f0abe4b1ba3759249887324f30b7d2ac873e7acf82a12c6fa32e19551a3b","2026-08-03","TWD","Asia/Taipei","product_amounts_excluding_tax_and_customer_shipping_income","1","current","{""start"":""2026-08-02"",""end"":""2026-08-02""}","{""kind"":""channel"",""channels"":[""DTC""]}","same_days","1","1","fact","[""fact"",""golden-v1"",""2026-08-02"",""2026-08-02"",""channel"",[""DTC""],null,""gross_sales""]","","","gross_sales","1800.00","[]","[""[\""fact\"",\""golden-v1\"",\""2026-08-02\"",\""2026-08-02\"",\""channel\"",[\""DTC\""],null,\""gross_sales\""]""]","[{""file"":""ad_spend_daily.csv"",""line"":4,""date"":""2026-08-02"",""channel"":""DTC"",""actual_filename"":""ad_spend_daily.csv""},{""file"":""channel_costs_daily.csv"",""line"":4,""date"":""2026-08-02"",""channel"":""DTC"",""actual_filename"":""channel_costs_daily.csv""},{""file"":""sales_daily.csv"",""line"":6,""date"":""2026-08-02"",""channel"":""DTC"",""sku"":""A"",""actual_filename"":""sales_daily.csv""},{""file"":""sales_daily.csv"",""line"":7,""date"":""2026-08-02"",""channel"":""DTC"",""sku"":""B"",""actual_filename"":""sales_daily.csv""}]","","","",""
"decision-v1","scenario-v1","contribution-v1","golden-v1","92339086dd83c9a89ae5ac754bdbad2a30c215eb81213211b953451918ebfc48","f9c7f0abe4b1ba3759249887324f30b7d2ac873e7acf82a12c6fa32e19551a3b","2026-08-03","TWD","Asia/Taipei","product_amounts_excluding_tax_and_customer_shipping_income","1","current","{""start"":""2026-08-02"",""end"":""2026-08-02""}","{""kind"":""channel"",""channels"":[""DTC""]}","same_days","1","1","fact","[""fact"",""golden-v1"",""2026-08-02"",""2026-08-02"",""channel"",[""DTC""],null,""discounts""]","","","discounts","230.00","[]","[""[\""fact\"",\""golden-v1\"",\""2026-08-02\"",\""2026-08-02\"",\""channel\"",[\""DTC\""],null,\""discounts\""]""]","[{""file"":""ad_spend_daily.csv"",""line"":4,""date"":""2026-08-02"",""channel"":""DTC"",""actual_filename"":""ad_spend_daily.csv""},{""file"":""channel_costs_daily.csv"",""line"":4,""date"":""2026-08-02"",""channel"":""DTC"",""actual_filename"":""channel_costs_daily.csv""},{""file"":""sales_daily.csv"",""line"":6,""date"":""2026-08-02"",""channel"":""DTC"",""sku"":""A"",""actual_filename"":""sales_daily.csv""},{""file"":""sales_daily.csv"",""line"":7,""date"":""2026-08-02"",""channel"":""DTC"",""sku"":""B"",""actual_filename"":""sales_daily.csv""}]","","","",""
"decision-v1","scenario-v1","contribution-v1","golden-v1","92339086dd83c9a89ae5ac754bdbad2a30c215eb81213211b953451918ebfc48","f9c7f0abe4b1ba3759249887324f30b7d2ac873e7acf82a12c6fa32e19551a3b","2026-08-03","TWD","Asia/Taipei","product_amounts_excluding_tax_and_customer_shipping_income","1","current","{""start"":""2026-08-02"",""end"":""2026-08-02""}","{""kind"":""channel"",""channels"":[""DTC""]}","same_days","1","1","fact","[""fact"",""golden-v1"",""2026-08-02"",""2026-08-02"",""channel"",[""DTC""],null,""refunds""]","","","refunds","90.00","[]","[""[\""fact\"",\""golden-v1\"",\""2026-08-02\"",\""2026-08-02\"",\""channel\"",[\""DTC\""],null,\""refunds\""]""]","[{""file"":""ad_spend_daily.csv"",""line"":4,""date"":""2026-08-02"",""channel"":""DTC"",""actual_filename"":""ad_spend_daily.csv""},{""file"":""channel_costs_daily.csv"",""line"":4,""date"":""2026-08-02"",""channel"":""DTC"",""actual_filename"":""channel_costs_daily.csv""},{""file"":""sales_daily.csv"",""line"":6,""date"":""2026-08-02"",""channel"":""DTC"",""sku"":""A"",""actual_filename"":""sales_daily.csv""},{""file"":""sales_daily.csv"",""line"":7,""date"":""2026-08-02"",""channel"":""DTC"",""sku"":""B"",""actual_filename"":""sales_daily.csv""}]","","","",""
"decision-v1","scenario-v1","contribution-v1","golden-v1","92339086dd83c9a89ae5ac754bdbad2a30c215eb81213211b953451918ebfc48","f9c7f0abe4b1ba3759249887324f30b7d2ac873e7acf82a12c6fa32e19551a3b","2026-08-03","TWD","Asia/Taipei","product_amounts_excluding_tax_and_customer_shipping_income","1","current","{""start"":""2026-08-02"",""end"":""2026-08-02""}","{""kind"":""channel"",""channels"":[""DTC""]}","same_days","1","1","fact","[""fact"",""golden-v1"",""2026-08-02"",""2026-08-02"",""channel"",[""DTC""],null,""cogs_net""]","","","cogs_net","740.00","[]","[""[\""fact\"",\""golden-v1\"",\""2026-08-02\"",\""2026-08-02\"",\""channel\"",[\""DTC\""],null,\""cogs_net\""]""]","[{""file"":""ad_spend_daily.csv"",""line"":4,""date"":""2026-08-02"",""channel"":""DTC"",""actual_filename"":""ad_spend_daily.csv""},{""file"":""channel_costs_daily.csv"",""line"":4,""date"":""2026-08-02"",""channel"":""DTC"",""actual_filename"":""channel_costs_daily.csv""},{""file"":""sales_daily.csv"",""line"":6,""date"":""2026-08-02"",""channel"":""DTC"",""sku"":""A"",""actual_filename"":""sales_daily.csv""},{""file"":""sales_daily.csv"",""line"":7,""date"":""2026-08-02"",""channel"":""DTC"",""sku"":""B"",""actual_filename"":""sales_daily.csv""}]","","","",""
"decision-v1","scenario-v1","contribution-v1","golden-v1","92339086dd83c9a89ae5ac754bdbad2a30c215eb81213211b953451918ebfc48","f9c7f0abe4b1ba3759249887324f30b7d2ac873e7acf82a12c6fa32e19551a3b","2026-08-03","TWD","Asia/Taipei","product_amounts_excluding_tax_and_customer_shipping_income","1","current","{""start"":""2026-08-02"",""end"":""2026-08-02""}","{""kind"":""channel"",""channels"":[""DTC""]}","same_days","1","1","fact","[""fact"",""golden-v1"",""2026-08-02"",""2026-08-02"",""channel"",[""DTC""],null,""platform_fees""]","","","platform_fees","0.00","[]","[""[\""fact\"",\""golden-v1\"",\""2026-08-02\"",\""2026-08-02\"",\""channel\"",[\""DTC\""],null,\""platform_fees\""]""]","[{""file"":""ad_spend_daily.csv"",""line"":4,""date"":""2026-08-02"",""channel"":""DTC"",""actual_filename"":""ad_spend_daily.csv""},{""file"":""channel_costs_daily.csv"",""line"":4,""date"":""2026-08-02"",""channel"":""DTC"",""actual_filename"":""channel_costs_daily.csv""},{""file"":""sales_daily.csv"",""line"":6,""date"":""2026-08-02"",""channel"":""DTC"",""sku"":""A"",""actual_filename"":""sales_daily.csv""},{""file"":""sales_daily.csv"",""line"":7,""date"":""2026-08-02"",""channel"":""DTC"",""sku"":""B"",""actual_filename"":""sales_daily.csv""}]","","","",""
"decision-v1","scenario-v1","contribution-v1","golden-v1","92339086dd83c9a89ae5ac754bdbad2a30c215eb81213211b953451918ebfc48","f9c7f0abe4b1ba3759249887324f30b7d2ac873e7acf82a12c6fa32e19551a3b","2026-08-03","TWD","Asia/Taipei","product_amounts_excluding_tax_and_customer_shipping_income","1","current","{""start"":""2026-08-02"",""end"":""2026-08-02""}","{""kind"":""channel"",""channels"":[""DTC""]}","same_days","1","1","fact","[""fact"",""golden-v1"",""2026-08-02"",""2026-08-02"",""channel"",[""DTC""],null,""payment_fees""]","","","payment_fees","44.00","[]","[""[\""fact\"",\""golden-v1\"",\""2026-08-02\"",\""2026-08-02\"",\""channel\"",[\""DTC\""],null,\""payment_fees\""]""]","[{""file"":""ad_spend_daily.csv"",""line"":4,""date"":""2026-08-02"",""channel"":""DTC"",""actual_filename"":""ad_spend_daily.csv""},{""file"":""channel_costs_daily.csv"",""line"":4,""date"":""2026-08-02"",""channel"":""DTC"",""actual_filename"":""channel_costs_daily.csv""},{""file"":""sales_daily.csv"",""line"":6,""date"":""2026-08-02"",""channel"":""DTC"",""sku"":""A"",""actual_filename"":""sales_daily.csv""},{""file"":""sales_daily.csv"",""line"":7,""date"":""2026-08-02"",""channel"":""DTC"",""sku"":""B"",""actual_filename"":""sales_daily.csv""}]","","","",""
"decision-v1","scenario-v1","contribution-v1","golden-v1","92339086dd83c9a89ae5ac754bdbad2a30c215eb81213211b953451918ebfc48","f9c7f0abe4b1ba3759249887324f30b7d2ac873e7acf82a12c6fa32e19551a3b","2026-08-03","TWD","Asia/Taipei","product_amounts_excluding_tax_and_customer_shipping_income","1","current","{""start"":""2026-08-02"",""end"":""2026-08-02""}","{""kind"":""channel"",""channels"":[""DTC""]}","same_days","1","1","fact","[""fact"",""golden-v1"",""2026-08-02"",""2026-08-02"",""channel"",[""DTC""],null,""fulfillment_costs""]","","","fulfillment_costs","140.00","[]","[""[\""fact\"",\""golden-v1\"",\""2026-08-02\"",\""2026-08-02\"",\""channel\"",[\""DTC\""],null,\""fulfillment_costs\""]""]","[{""file"":""ad_spend_daily.csv"",""line"":4,""date"":""2026-08-02"",""channel"":""DTC"",""actual_filename"":""ad_spend_daily.csv""},{""file"":""channel_costs_daily.csv"",""line"":4,""date"":""2026-08-02"",""channel"":""DTC"",""actual_filename"":""channel_costs_daily.csv""},{""file"":""sales_daily.csv"",""line"":6,""date"":""2026-08-02"",""channel"":""DTC"",""sku"":""A"",""actual_filename"":""sales_daily.csv""},{""file"":""sales_daily.csv"",""line"":7,""date"":""2026-08-02"",""channel"":""DTC"",""sku"":""B"",""actual_filename"":""sales_daily.csv""}]","","","",""
"decision-v1","scenario-v1","contribution-v1","golden-v1","92339086dd83c9a89ae5ac754bdbad2a30c215eb81213211b953451918ebfc48","f9c7f0abe4b1ba3759249887324f30b7d2ac873e7acf82a12c6fa32e19551a3b","2026-08-03","TWD","Asia/Taipei","product_amounts_excluding_tax_and_customer_shipping_income","1","current","{""start"":""2026-08-02"",""end"":""2026-08-02""}","{""kind"":""channel"",""channels"":[""DTC""]}","same_days","1","1","fact","[""fact"",""golden-v1"",""2026-08-02"",""2026-08-02"",""channel"",[""DTC""],null,""other_variable_costs""]","","","other_variable_costs","16.00","[]","[""[\""fact\"",\""golden-v1\"",\""2026-08-02\"",\""2026-08-02\"",\""channel\"",[\""DTC\""],null,\""other_variable_costs\""]""]","[{""file"":""ad_spend_daily.csv"",""line"":4,""date"":""2026-08-02"",""channel"":""DTC"",""actual_filename"":""ad_spend_daily.csv""},{""file"":""channel_costs_daily.csv"",""line"":4,""date"":""2026-08-02"",""channel"":""DTC"",""actual_filename"":""channel_costs_daily.csv""},{""file"":""sales_daily.csv"",""line"":6,""date"":""2026-08-02"",""channel"":""DTC"",""sku"":""A"",""actual_filename"":""sales_daily.csv""},{""file"":""sales_daily.csv"",""line"":7,""date"":""2026-08-02"",""channel"":""DTC"",""sku"":""B"",""actual_filename"":""sales_daily.csv""}]","","","",""
"decision-v1","scenario-v1","contribution-v1","golden-v1","92339086dd83c9a89ae5ac754bdbad2a30c215eb81213211b953451918ebfc48","f9c7f0abe4b1ba3759249887324f30b7d2ac873e7acf82a12c6fa32e19551a3b","2026-08-03","TWD","Asia/Taipei","product_amounts_excluding_tax_and_customer_shipping_income","1","current","{""start"":""2026-08-02"",""end"":""2026-08-02""}","{""kind"":""channel"",""channels"":[""DTC""]}","same_days","1","1","fact","[""fact"",""golden-v1"",""2026-08-02"",""2026-08-02"",""channel"",[""DTC""],null,""ad_spend""]","","","ad_spend","270.00","[]","[""[\""fact\"",\""golden-v1\"",\""2026-08-02\"",\""2026-08-02\"",\""channel\"",[\""DTC\""],null,\""ad_spend\""]""]","[{""file"":""ad_spend_daily.csv"",""line"":4,""date"":""2026-08-02"",""channel"":""DTC"",""actual_filename"":""ad_spend_daily.csv""},{""file"":""channel_costs_daily.csv"",""line"":4,""date"":""2026-08-02"",""channel"":""DTC"",""actual_filename"":""channel_costs_daily.csv""},{""file"":""sales_daily.csv"",""line"":6,""date"":""2026-08-02"",""channel"":""DTC"",""sku"":""A"",""actual_filename"":""sales_daily.csv""},{""file"":""sales_daily.csv"",""line"":7,""date"":""2026-08-02"",""channel"":""DTC"",""sku"":""B"",""actual_filename"":""sales_daily.csv""}]","","","",""
"decision-v1","scenario-v1","contribution-v1","golden-v1","92339086dd83c9a89ae5ac754bdbad2a30c215eb81213211b953451918ebfc48","f9c7f0abe4b1ba3759249887324f30b7d2ac873e7acf82a12c6fa32e19551a3b","2026-08-03","TWD","Asia/Taipei","product_amounts_excluding_tax_and_customer_shipping_income","1","current","{""start"":""2026-08-02"",""end"":""2026-08-02""}","{""kind"":""channel"",""channels"":[""DTC""]}","same_days","1","1","fact","[""fact"",""golden-v1"",""2026-08-02"",""2026-08-02"",""channel"",[""DTC""],null,""net_revenue""]","","","net_revenue","1480.00","[]","[""[\""fact\"",\""golden-v1\"",\""2026-08-02\"",\""2026-08-02\"",\""channel\"",[\""DTC\""],null,\""net_revenue\""]""]","[{""file"":""ad_spend_daily.csv"",""line"":4,""date"":""2026-08-02"",""channel"":""DTC"",""actual_filename"":""ad_spend_daily.csv""},{""file"":""channel_costs_daily.csv"",""line"":4,""date"":""2026-08-02"",""channel"":""DTC"",""actual_filename"":""channel_costs_daily.csv""},{""file"":""sales_daily.csv"",""line"":6,""date"":""2026-08-02"",""channel"":""DTC"",""sku"":""A"",""actual_filename"":""sales_daily.csv""},{""file"":""sales_daily.csv"",""line"":7,""date"":""2026-08-02"",""channel"":""DTC"",""sku"":""B"",""actual_filename"":""sales_daily.csv""}]","","","",""
"decision-v1","scenario-v1","contribution-v1","golden-v1","92339086dd83c9a89ae5ac754bdbad2a30c215eb81213211b953451918ebfc48","f9c7f0abe4b1ba3759249887324f30b7d2ac873e7acf82a12c6fa32e19551a3b","2026-08-03","TWD","Asia/Taipei","product_amounts_excluding_tax_and_customer_shipping_income","1","current","{""start"":""2026-08-02"",""end"":""2026-08-02""}","{""kind"":""channel"",""channels"":[""DTC""]}","same_days","1","1","fact","[""fact"",""golden-v1"",""2026-08-02"",""2026-08-02"",""channel"",[""DTC""],null,""gross_profit""]","","","gross_profit","740.00","[]","[""[\""fact\"",\""golden-v1\"",\""2026-08-02\"",\""2026-08-02\"",\""channel\"",[\""DTC\""],null,\""gross_profit\""]""]","[{""file"":""ad_spend_daily.csv"",""line"":4,""date"":""2026-08-02"",""channel"":""DTC"",""actual_filename"":""ad_spend_daily.csv""},{""file"":""channel_costs_daily.csv"",""line"":4,""date"":""2026-08-02"",""channel"":""DTC"",""actual_filename"":""channel_costs_daily.csv""},{""file"":""sales_daily.csv"",""line"":6,""date"":""2026-08-02"",""channel"":""DTC"",""sku"":""A"",""actual_filename"":""sales_daily.csv""},{""file"":""sales_daily.csv"",""line"":7,""date"":""2026-08-02"",""channel"":""DTC"",""sku"":""B"",""actual_filename"":""sales_daily.csv""}]","","","",""
"decision-v1","scenario-v1","contribution-v1","golden-v1","92339086dd83c9a89ae5ac754bdbad2a30c215eb81213211b953451918ebfc48","f9c7f0abe4b1ba3759249887324f30b7d2ac873e7acf82a12c6fa32e19551a3b","2026-08-03","TWD","Asia/Taipei","product_amounts_excluding_tax_and_customer_shipping_income","1","current","{""start"":""2026-08-02"",""end"":""2026-08-02""}","{""kind"":""channel"",""channels"":[""DTC""]}","same_days","1","1","fact","[""fact"",""golden-v1"",""2026-08-02"",""2026-08-02"",""channel"",[""DTC""],null,""contribution_before_marketing""]","","","contribution_before_marketing","540.00","[]","[""[\""fact\"",\""golden-v1\"",\""2026-08-02\"",\""2026-08-02\"",\""channel\"",[\""DTC\""],null,\""contribution_before_marketing\""]""]","[{""file"":""ad_spend_daily.csv"",""line"":4,""date"":""2026-08-02"",""channel"":""DTC"",""actual_filename"":""ad_spend_daily.csv""},{""file"":""channel_costs_daily.csv"",""line"":4,""date"":""2026-08-02"",""channel"":""DTC"",""actual_filename"":""channel_costs_daily.csv""},{""file"":""sales_daily.csv"",""line"":6,""date"":""2026-08-02"",""channel"":""DTC"",""sku"":""A"",""actual_filename"":""sales_daily.csv""},{""file"":""sales_daily.csv"",""line"":7,""date"":""2026-08-02"",""channel"":""DTC"",""sku"":""B"",""actual_filename"":""sales_daily.csv""}]","","","",""
"decision-v1","scenario-v1","contribution-v1","golden-v1","92339086dd83c9a89ae5ac754bdbad2a30c215eb81213211b953451918ebfc48","f9c7f0abe4b1ba3759249887324f30b7d2ac873e7acf82a12c6fa32e19551a3b","2026-08-03","TWD","Asia/Taipei","product_amounts_excluding_tax_and_customer_shipping_income","1","current","{""start"":""2026-08-02"",""end"":""2026-08-02""}","{""kind"":""channel"",""channels"":[""DTC""]}","same_days","1","1","fact","[""fact"",""golden-v1"",""2026-08-02"",""2026-08-02"",""channel"",[""DTC""],null,""contribution_after_marketing""]","","","contribution_after_marketing","270.00","[]","[""[\""fact\"",\""golden-v1\"",\""2026-08-02\"",\""2026-08-02\"",\""channel\"",[\""DTC\""],null,\""contribution_after_marketing\""]""]","[{""file"":""ad_spend_daily.csv"",""line"":4,""date"":""2026-08-02"",""channel"":""DTC"",""actual_filename"":""ad_spend_daily.csv""},{""file"":""channel_costs_daily.csv"",""line"":4,""date"":""2026-08-02"",""channel"":""DTC"",""actual_filename"":""channel_costs_daily.csv""},{""file"":""sales_daily.csv"",""line"":6,""date"":""2026-08-02"",""channel"":""DTC"",""sku"":""A"",""actual_filename"":""sales_daily.csv""},{""file"":""sales_daily.csv"",""line"":7,""date"":""2026-08-02"",""channel"":""DTC"",""sku"":""B"",""actual_filename"":""sales_daily.csv""}]","","","",""
"decision-v1","scenario-v1","contribution-v1","golden-v1","92339086dd83c9a89ae5ac754bdbad2a30c215eb81213211b953451918ebfc48","f9c7f0abe4b1ba3759249887324f30b7d2ac873e7acf82a12c6fa32e19551a3b","2026-08-03","TWD","Asia/Taipei","product_amounts_excluding_tax_and_customer_shipping_income","1","current","{""start"":""2026-08-02"",""end"":""2026-08-02""}","{""kind"":""channel"",""channels"":[""DTC""]}","same_days","1","1","fact","[""fact"",""golden-v1"",""2026-08-02"",""2026-08-02"",""channel"",[""DTC""],null,""gross_margin""]","","","gross_margin","0.500000000000","[]","[""[\""fact\"",\""golden-v1\"",\""2026-08-02\"",\""2026-08-02\"",\""channel\"",[\""DTC\""],null,\""gross_margin\""]""]","[{""file"":""ad_spend_daily.csv"",""line"":4,""date"":""2026-08-02"",""channel"":""DTC"",""actual_filename"":""ad_spend_daily.csv""},{""file"":""channel_costs_daily.csv"",""line"":4,""date"":""2026-08-02"",""channel"":""DTC"",""actual_filename"":""channel_costs_daily.csv""},{""file"":""sales_daily.csv"",""line"":6,""date"":""2026-08-02"",""channel"":""DTC"",""sku"":""A"",""actual_filename"":""sales_daily.csv""},{""file"":""sales_daily.csv"",""line"":7,""date"":""2026-08-02"",""channel"":""DTC"",""sku"":""B"",""actual_filename"":""sales_daily.csv""}]","","","",""
"decision-v1","scenario-v1","contribution-v1","golden-v1","92339086dd83c9a89ae5ac754bdbad2a30c215eb81213211b953451918ebfc48","f9c7f0abe4b1ba3759249887324f30b7d2ac873e7acf82a12c6fa32e19551a3b","2026-08-03","TWD","Asia/Taipei","product_amounts_excluding_tax_and_customer_shipping_income","1","current","{""start"":""2026-08-02"",""end"":""2026-08-02""}","{""kind"":""channel"",""channels"":[""DTC""]}","same_days","1","1","fact","[""fact"",""golden-v1"",""2026-08-02"",""2026-08-02"",""channel"",[""DTC""],null,""contribution_margin""]","","","contribution_margin","0.182432432432","[]","[""[\""fact\"",\""golden-v1\"",\""2026-08-02\"",\""2026-08-02\"",\""channel\"",[\""DTC\""],null,\""contribution_margin\""]""]","[{""file"":""ad_spend_daily.csv"",""line"":4,""date"":""2026-08-02"",""channel"":""DTC"",""actual_filename"":""ad_spend_daily.csv""},{""file"":""channel_costs_daily.csv"",""line"":4,""date"":""2026-08-02"",""channel"":""DTC"",""actual_filename"":""channel_costs_daily.csv""},{""file"":""sales_daily.csv"",""line"":6,""date"":""2026-08-02"",""channel"":""DTC"",""sku"":""A"",""actual_filename"":""sales_daily.csv""},{""file"":""sales_daily.csv"",""line"":7,""date"":""2026-08-02"",""channel"":""DTC"",""sku"":""B"",""actual_filename"":""sales_daily.csv""}]","","","",""
"decision-v1","scenario-v1","contribution-v1","golden-v1","92339086dd83c9a89ae5ac754bdbad2a30c215eb81213211b953451918ebfc48","f9c7f0abe4b1ba3759249887324f30b7d2ac873e7acf82a12c6fa32e19551a3b","2026-08-03","TWD","Asia/Taipei","product_amounts_excluding_tax_and_customer_shipping_income","1","current","{""start"":""2026-08-02"",""end"":""2026-08-02""}","{""kind"":""channel"",""channels"":[""DTC""]}","same_days","1","1","fact","[""fact"",""golden-v1"",""2026-08-02"",""2026-08-02"",""channel"",[""DTC""],null,""discount_rate""]","","","discount_rate","0.127777777778","[]","[""[\""fact\"",\""golden-v1\"",\""2026-08-02\"",\""2026-08-02\"",\""channel\"",[\""DTC\""],null,\""discount_rate\""]""]","[{""file"":""ad_spend_daily.csv"",""line"":4,""date"":""2026-08-02"",""channel"":""DTC"",""actual_filename"":""ad_spend_daily.csv""},{""file"":""channel_costs_daily.csv"",""line"":4,""date"":""2026-08-02"",""channel"":""DTC"",""actual_filename"":""channel_costs_daily.csv""},{""file"":""sales_daily.csv"",""line"":6,""date"":""2026-08-02"",""channel"":""DTC"",""sku"":""A"",""actual_filename"":""sales_daily.csv""},{""file"":""sales_daily.csv"",""line"":7,""date"":""2026-08-02"",""channel"":""DTC"",""sku"":""B"",""actual_filename"":""sales_daily.csv""}]","","","",""
"decision-v1","scenario-v1","contribution-v1","golden-v1","92339086dd83c9a89ae5ac754bdbad2a30c215eb81213211b953451918ebfc48","f9c7f0abe4b1ba3759249887324f30b7d2ac873e7acf82a12c6fa32e19551a3b","2026-08-03","TWD","Asia/Taipei","product_amounts_excluding_tax_and_customer_shipping_income","1","current","{""start"":""2026-08-02"",""end"":""2026-08-02""}","{""kind"":""channel"",""channels"":[""DTC""]}","same_days","1","1","fact","[""fact"",""golden-v1"",""2026-08-02"",""2026-08-02"",""channel"",[""DTC""],null,""refund_ratio""]","","","refund_ratio","0.057324840764","[]","[""[\""fact\"",\""golden-v1\"",\""2026-08-02\"",\""2026-08-02\"",\""channel\"",[\""DTC\""],null,\""refund_ratio\""]""]","[{""file"":""ad_spend_daily.csv"",""line"":4,""date"":""2026-08-02"",""channel"":""DTC"",""actual_filename"":""ad_spend_daily.csv""},{""file"":""channel_costs_daily.csv"",""line"":4,""date"":""2026-08-02"",""channel"":""DTC"",""actual_filename"":""channel_costs_daily.csv""},{""file"":""sales_daily.csv"",""line"":6,""date"":""2026-08-02"",""channel"":""DTC"",""sku"":""A"",""actual_filename"":""sales_daily.csv""},{""file"":""sales_daily.csv"",""line"":7,""date"":""2026-08-02"",""channel"":""DTC"",""sku"":""B"",""actual_filename"":""sales_daily.csv""}]","","","",""
"decision-v1","scenario-v1","contribution-v1","golden-v1","92339086dd83c9a89ae5ac754bdbad2a30c215eb81213211b953451918ebfc48","f9c7f0abe4b1ba3759249887324f30b7d2ac873e7acf82a12c6fa32e19551a3b","2026-08-03","TWD","Asia/Taipei","product_amounts_excluding_tax_and_customer_shipping_income","1","current","{""start"":""2026-08-02"",""end"":""2026-08-02""}","{""kind"":""channel"",""channels"":[""DTC""]}","same_days","1","1","fact","[""fact"",""golden-v1"",""2026-08-02"",""2026-08-02"",""channel"",[""DTC""],null,""mer""]","","","mer","5.481481481481","[]","[""[\""fact\"",\""golden-v1\"",\""2026-08-02\"",\""2026-08-02\"",\""channel\"",[\""DTC\""],null,\""mer\""]""]","[{""file"":""ad_spend_daily.csv"",""line"":4,""date"":""2026-08-02"",""channel"":""DTC"",""actual_filename"":""ad_spend_daily.csv""},{""file"":""channel_costs_daily.csv"",""line"":4,""date"":""2026-08-02"",""channel"":""DTC"",""actual_filename"":""channel_costs_daily.csv""},{""file"":""sales_daily.csv"",""line"":6,""date"":""2026-08-02"",""channel"":""DTC"",""sku"":""A"",""actual_filename"":""sales_daily.csv""},{""file"":""sales_daily.csv"",""line"":7,""date"":""2026-08-02"",""channel"":""DTC"",""sku"":""B"",""actual_filename"":""sales_daily.csv""}]","","","",""
"decision-v1","scenario-v1","contribution-v1","golden-v1","92339086dd83c9a89ae5ac754bdbad2a30c215eb81213211b953451918ebfc48","f9c7f0abe4b1ba3759249887324f30b7d2ac873e7acf82a12c6fa32e19551a3b","2026-08-03","TWD","Asia/Taipei","product_amounts_excluding_tax_and_customer_shipping_income","1","current","{""start"":""2026-08-02"",""end"":""2026-08-02""}","{""kind"":""channel"",""channels"":[""DTC""]}","same_days","1","1","fact","[""fact"",""golden-v1"",""2026-08-02"",""2026-08-02"",""channel"",[""DTC""],null,""fulfillment_burden""]","","","fulfillment_burden","0.094594594595","[]","[""[\""fact\"",\""golden-v1\"",\""2026-08-02\"",\""2026-08-02\"",\""channel\"",[\""DTC\""],null,\""fulfillment_burden\""]""]","[{""file"":""ad_spend_daily.csv"",""line"":4,""date"":""2026-08-02"",""channel"":""DTC"",""actual_filename"":""ad_spend_daily.csv""},{""file"":""channel_costs_daily.csv"",""line"":4,""date"":""2026-08-02"",""channel"":""DTC"",""actual_filename"":""channel_costs_daily.csv""},{""file"":""sales_daily.csv"",""line"":6,""date"":""2026-08-02"",""channel"":""DTC"",""sku"":""A"",""actual_filename"":""sales_daily.csv""},{""file"":""sales_daily.csv"",""line"":7,""date"":""2026-08-02"",""channel"":""DTC"",""sku"":""B"",""actual_filename"":""sales_daily.csv""}]","","","",""
"decision-v1","scenario-v1","contribution-v1","golden-v1","92339086dd83c9a89ae5ac754bdbad2a30c215eb81213211b953451918ebfc48","f9c7f0abe4b1ba3759249887324f30b7d2ac873e7acf82a12c6fa32e19551a3b","2026-08-03","TWD","Asia/Taipei","product_amounts_excluding_tax_and_customer_shipping_income","1","current","{""start"":""2026-08-02"",""end"":""2026-08-02""}","{""kind"":""channel"",""channels"":[""DTC""]}","same_days","1","1","fact","[""fact"",""golden-v1"",""2026-08-02"",""2026-08-02"",""channel"",[""DTC""],null,""marketing_burden""]","","","marketing_burden","0.182432432432","[]","[""[\""fact\"",\""golden-v1\"",\""2026-08-02\"",\""2026-08-02\"",\""channel\"",[\""DTC\""],null,\""marketing_burden\""]""]","[{""file"":""ad_spend_daily.csv"",""line"":4,""date"":""2026-08-02"",""channel"":""DTC"",""actual_filename"":""ad_spend_daily.csv""},{""file"":""channel_costs_daily.csv"",""line"":4,""date"":""2026-08-02"",""channel"":""DTC"",""actual_filename"":""channel_costs_daily.csv""},{""file"":""sales_daily.csv"",""line"":6,""date"":""2026-08-02"",""channel"":""DTC"",""sku"":""A"",""actual_filename"":""sales_daily.csv""},{""file"":""sales_daily.csv"",""line"":7,""date"":""2026-08-02"",""channel"":""DTC"",""sku"":""B"",""actual_filename"":""sales_daily.csv""}]","","","",""
"decision-v1","scenario-v1","contribution-v1","golden-v1","92339086dd83c9a89ae5ac754bdbad2a30c215eb81213211b953451918ebfc48","f9c7f0abe4b1ba3759249887324f30b7d2ac873e7acf82a12c6fa32e19551a3b","2026-08-03","TWD","Asia/Taipei","product_amounts_excluding_tax_and_customer_shipping_income","1","current","{""start"":""2026-08-01"",""end"":""2026-08-01""}","{""kind"":""channel"",""channels"":[""MARKETPLACE""]}","same_days","1","1","fact","[""fact"",""golden-v1"",""2026-08-01"",""2026-08-01"",""channel"",[""MARKETPLACE""],null,""gross_sales""]","","","gross_sales","1000.00","[]","[""[\""fact\"",\""golden-v1\"",\""2026-08-01\"",\""2026-08-01\"",\""channel\"",[\""MARKETPLACE\""],null,\""gross_sales\""]""]","[{""file"":""ad_spend_daily.csv"",""line"":3,""date"":""2026-08-01"",""channel"":""MARKETPLACE"",""actual_filename"":""ad_spend_daily.csv""},{""file"":""channel_costs_daily.csv"",""line"":3,""date"":""2026-08-01"",""channel"":""MARKETPLACE"",""actual_filename"":""channel_costs_daily.csv""},{""file"":""sales_daily.csv"",""line"":4,""date"":""2026-08-01"",""channel"":""MARKETPLACE"",""sku"":""A"",""actual_filename"":""sales_daily.csv""},{""file"":""sales_daily.csv"",""line"":5,""date"":""2026-08-01"",""channel"":""MARKETPLACE"",""sku"":""B"",""actual_filename"":""sales_daily.csv""}]","","","",""
"decision-v1","scenario-v1","contribution-v1","golden-v1","92339086dd83c9a89ae5ac754bdbad2a30c215eb81213211b953451918ebfc48","f9c7f0abe4b1ba3759249887324f30b7d2ac873e7acf82a12c6fa32e19551a3b","2026-08-03","TWD","Asia/Taipei","product_amounts_excluding_tax_and_customer_shipping_income","1","current","{""start"":""2026-08-01"",""end"":""2026-08-01""}","{""kind"":""channel"",""channels"":[""MARKETPLACE""]}","same_days","1","1","fact","[""fact"",""golden-v1"",""2026-08-01"",""2026-08-01"",""channel"",[""MARKETPLACE""],null,""discounts""]","","","discounts","100.00","[]","[""[\""fact\"",\""golden-v1\"",\""2026-08-01\"",\""2026-08-01\"",\""channel\"",[\""MARKETPLACE\""],null,\""discounts\""]""]","[{""file"":""ad_spend_daily.csv"",""line"":3,""date"":""2026-08-01"",""channel"":""MARKETPLACE"",""actual_filename"":""ad_spend_daily.csv""},{""file"":""channel_costs_daily.csv"",""line"":3,""date"":""2026-08-01"",""channel"":""MARKETPLACE"",""actual_filename"":""channel_costs_daily.csv""},{""file"":""sales_daily.csv"",""line"":4,""date"":""2026-08-01"",""channel"":""MARKETPLACE"",""sku"":""A"",""actual_filename"":""sales_daily.csv""},{""file"":""sales_daily.csv"",""line"":5,""date"":""2026-08-01"",""channel"":""MARKETPLACE"",""sku"":""B"",""actual_filename"":""sales_daily.csv""}]","","","",""
"decision-v1","scenario-v1","contribution-v1","golden-v1","92339086dd83c9a89ae5ac754bdbad2a30c215eb81213211b953451918ebfc48","f9c7f0abe4b1ba3759249887324f30b7d2ac873e7acf82a12c6fa32e19551a3b","2026-08-03","TWD","Asia/Taipei","product_amounts_excluding_tax_and_customer_shipping_income","1","current","{""start"":""2026-08-01"",""end"":""2026-08-01""}","{""kind"":""channel"",""channels"":[""MARKETPLACE""]}","same_days","1","1","fact","[""fact"",""golden-v1"",""2026-08-01"",""2026-08-01"",""channel"",[""MARKETPLACE""],null,""refunds""]","","","refunds","0.00","[]","[""[\""fact\"",\""golden-v1\"",\""2026-08-01\"",\""2026-08-01\"",\""channel\"",[\""MARKETPLACE\""],null,\""refunds\""]""]","[{""file"":""ad_spend_daily.csv"",""line"":3,""date"":""2026-08-01"",""channel"":""MARKETPLACE"",""actual_filename"":""ad_spend_daily.csv""},{""file"":""channel_costs_daily.csv"",""line"":3,""date"":""2026-08-01"",""channel"":""MARKETPLACE"",""actual_filename"":""channel_costs_daily.csv""},{""file"":""sales_daily.csv"",""line"":4,""date"":""2026-08-01"",""channel"":""MARKETPLACE"",""sku"":""A"",""actual_filename"":""sales_daily.csv""},{""file"":""sales_daily.csv"",""line"":5,""date"":""2026-08-01"",""channel"":""MARKETPLACE"",""sku"":""B"",""actual_filename"":""sales_daily.csv""}]","","","",""
"decision-v1","scenario-v1","contribution-v1","golden-v1","92339086dd83c9a89ae5ac754bdbad2a30c215eb81213211b953451918ebfc48","f9c7f0abe4b1ba3759249887324f30b7d2ac873e7acf82a12c6fa32e19551a3b","2026-08-03","TWD","Asia/Taipei","product_amounts_excluding_tax_and_customer_shipping_income","1","current","{""start"":""2026-08-01"",""end"":""2026-08-01""}","{""kind"":""channel"",""channels"":[""MARKETPLACE""]}","same_days","1","1","fact","[""fact"",""golden-v1"",""2026-08-01"",""2026-08-01"",""channel"",[""MARKETPLACE""],null,""cogs_net""]","","","cogs_net","450.00","[]","[""[\""fact\"",\""golden-v1\"",\""2026-08-01\"",\""2026-08-01\"",\""channel\"",[\""MARKETPLACE\""],null,\""cogs_net\""]""]","[{""file"":""ad_spend_daily.csv"",""line"":3,""date"":""2026-08-01"",""channel"":""MARKETPLACE"",""actual_filename"":""ad_spend_daily.csv""},{""file"":""channel_costs_daily.csv"",""line"":3,""date"":""2026-08-01"",""channel"":""MARKETPLACE"",""actual_filename"":""channel_costs_daily.csv""},{""file"":""sales_daily.csv"",""line"":4,""date"":""2026-08-01"",""channel"":""MARKETPLACE"",""sku"":""A"",""actual_filename"":""sales_daily.csv""},{""file"":""sales_daily.csv"",""line"":5,""date"":""2026-08-01"",""channel"":""MARKETPLACE"",""sku"":""B"",""actual_filename"":""sales_daily.csv""}]","","","",""
"decision-v1","scenario-v1","contribution-v1","golden-v1","92339086dd83c9a89ae5ac754bdbad2a30c215eb81213211b953451918ebfc48","f9c7f0abe4b1ba3759249887324f30b7d2ac873e7acf82a12c6fa32e19551a3b","2026-08-03","TWD","Asia/Taipei","product_amounts_excluding_tax_and_customer_shipping_income","1","current","{""start"":""2026-08-01"",""end"":""2026-08-01""}","{""kind"":""channel"",""channels"":[""MARKETPLACE""]}","same_days","1","1","fact","[""fact"",""golden-v1"",""2026-08-01"",""2026-08-01"",""channel"",[""MARKETPLACE""],null,""platform_fees""]","","","platform_fees","90.00","[]","[""[\""fact\"",\""golden-v1\"",\""2026-08-01\"",\""2026-08-01\"",\""channel\"",[\""MARKETPLACE\""],null,\""platform_fees\""]""]","[{""file"":""ad_spend_daily.csv"",""line"":3,""date"":""2026-08-01"",""channel"":""MARKETPLACE"",""actual_filename"":""ad_spend_daily.csv""},{""file"":""channel_costs_daily.csv"",""line"":3,""date"":""2026-08-01"",""channel"":""MARKETPLACE"",""actual_filename"":""channel_costs_daily.csv""},{""file"":""sales_daily.csv"",""line"":4,""date"":""2026-08-01"",""channel"":""MARKETPLACE"",""sku"":""A"",""actual_filename"":""sales_daily.csv""},{""file"":""sales_daily.csv"",""line"":5,""date"":""2026-08-01"",""channel"":""MARKETPLACE"",""sku"":""B"",""actual_filename"":""sales_daily.csv""}]","","","",""
"decision-v1","scenario-v1","contribution-v1","golden-v1","92339086dd83c9a89ae5ac754bdbad2a30c215eb81213211b953451918ebfc48","f9c7f0abe4b1ba3759249887324f30b7d2ac873e7acf82a12c6fa32e19551a3b","2026-08-03","TWD","Asia/Taipei","product_amounts_excluding_tax_and_customer_shipping_income","1","current","{""start"":""2026-08-01"",""end"":""2026-08-01""}","{""kind"":""channel"",""channels"":[""MARKETPLACE""]}","same_days","1","1","fact","[""fact"",""golden-v1"",""2026-08-01"",""2026-08-01"",""channel"",[""MARKETPLACE""],null,""payment_fees""]","","","payment_fees","20.00","[]","[""[\""fact\"",\""golden-v1\"",\""2026-08-01\"",\""2026-08-01\"",\""channel\"",[\""MARKETPLACE\""],null,\""payment_fees\""]""]","[{""file"":""ad_spend_daily.csv"",""line"":3,""date"":""2026-08-01"",""channel"":""MARKETPLACE"",""actual_filename"":""ad_spend_daily.csv""},{""file"":""channel_costs_daily.csv"",""line"":3,""date"":""2026-08-01"",""channel"":""MARKETPLACE"",""actual_filename"":""channel_costs_daily.csv""},{""file"":""sales_daily.csv"",""line"":4,""date"":""2026-08-01"",""channel"":""MARKETPLACE"",""sku"":""A"",""actual_filename"":""sales_daily.csv""},{""file"":""sales_daily.csv"",""line"":5,""date"":""2026-08-01"",""channel"":""MARKETPLACE"",""sku"":""B"",""actual_filename"":""sales_daily.csv""}]","","","",""
"decision-v1","scenario-v1","contribution-v1","golden-v1","92339086dd83c9a89ae5ac754bdbad2a30c215eb81213211b953451918ebfc48","f9c7f0abe4b1ba3759249887324f30b7d2ac873e7acf82a12c6fa32e19551a3b","2026-08-03","TWD","Asia/Taipei","product_amounts_excluding_tax_and_customer_shipping_income","1","current","{""start"":""2026-08-01"",""end"":""2026-08-01""}","{""kind"":""channel"",""channels"":[""MARKETPLACE""]}","same_days","1","1","fact","[""fact"",""golden-v1"",""2026-08-01"",""2026-08-01"",""channel"",[""MARKETPLACE""],null,""fulfillment_costs""]","","","fulfillment_costs","60.00","[]","[""[\""fact\"",\""golden-v1\"",\""2026-08-01\"",\""2026-08-01\"",\""channel\"",[\""MARKETPLACE\""],null,\""fulfillment_costs\""]""]","[{""file"":""ad_spend_daily.csv"",""line"":3,""date"":""2026-08-01"",""channel"":""MARKETPLACE"",""actual_filename"":""ad_spend_daily.csv""},{""file"":""channel_costs_daily.csv"",""line"":3,""date"":""2026-08-01"",""channel"":""MARKETPLACE"",""actual_filename"":""channel_costs_daily.csv""},{""file"":""sales_daily.csv"",""line"":4,""date"":""2026-08-01"",""channel"":""MARKETPLACE"",""sku"":""A"",""actual_filename"":""sales_daily.csv""},{""file"":""sales_daily.csv"",""line"":5,""date"":""2026-08-01"",""channel"":""MARKETPLACE"",""sku"":""B"",""actual_filename"":""sales_daily.csv""}]","","","",""
"decision-v1","scenario-v1","contribution-v1","golden-v1","92339086dd83c9a89ae5ac754bdbad2a30c215eb81213211b953451918ebfc48","f9c7f0abe4b1ba3759249887324f30b7d2ac873e7acf82a12c6fa32e19551a3b","2026-08-03","TWD","Asia/Taipei","product_amounts_excluding_tax_and_customer_shipping_income","1","current","{""start"":""2026-08-01"",""end"":""2026-08-01""}","{""kind"":""channel"",""channels"":[""MARKETPLACE""]}","same_days","1","1","fact","[""fact"",""golden-v1"",""2026-08-01"",""2026-08-01"",""channel"",[""MARKETPLACE""],null,""other_variable_costs""]","","","other_variable_costs","10.00","[]","[""[\""fact\"",\""golden-v1\"",\""2026-08-01\"",\""2026-08-01\"",\""channel\"",[\""MARKETPLACE\""],null,\""other_variable_costs\""]""]","[{""file"":""ad_spend_daily.csv"",""line"":3,""date"":""2026-08-01"",""channel"":""MARKETPLACE"",""actual_filename"":""ad_spend_daily.csv""},{""file"":""channel_costs_daily.csv"",""line"":3,""date"":""2026-08-01"",""channel"":""MARKETPLACE"",""actual_filename"":""channel_costs_daily.csv""},{""file"":""sales_daily.csv"",""line"":4,""date"":""2026-08-01"",""channel"":""MARKETPLACE"",""sku"":""A"",""actual_filename"":""sales_daily.csv""},{""file"":""sales_daily.csv"",""line"":5,""date"":""2026-08-01"",""channel"":""MARKETPLACE"",""sku"":""B"",""actual_filename"":""sales_daily.csv""}]","","","",""
"decision-v1","scenario-v1","contribution-v1","golden-v1","92339086dd83c9a89ae5ac754bdbad2a30c215eb81213211b953451918ebfc48","f9c7f0abe4b1ba3759249887324f30b7d2ac873e7acf82a12c6fa32e19551a3b","2026-08-03","TWD","Asia/Taipei","product_amounts_excluding_tax_and_customer_shipping_income","1","current","{""start"":""2026-08-01"",""end"":""2026-08-01""}","{""kind"":""channel"",""channels"":[""MARKETPLACE""]}","same_days","1","1","fact","[""fact"",""golden-v1"",""2026-08-01"",""2026-08-01"",""channel"",[""MARKETPLACE""],null,""ad_spend""]","","","ad_spend","100.00","[]","[""[\""fact\"",\""golden-v1\"",\""2026-08-01\"",\""2026-08-01\"",\""channel\"",[\""MARKETPLACE\""],null,\""ad_spend\""]""]","[{""file"":""ad_spend_daily.csv"",""line"":3,""date"":""2026-08-01"",""channel"":""MARKETPLACE"",""actual_filename"":""ad_spend_daily.csv""},{""file"":""channel_costs_daily.csv"",""line"":3,""date"":""2026-08-01"",""channel"":""MARKETPLACE"",""actual_filename"":""channel_costs_daily.csv""},{""file"":""sales_daily.csv"",""line"":4,""date"":""2026-08-01"",""channel"":""MARKETPLACE"",""sku"":""A"",""actual_filename"":""sales_daily.csv""},{""file"":""sales_daily.csv"",""line"":5,""date"":""2026-08-01"",""channel"":""MARKETPLACE"",""sku"":""B"",""actual_filename"":""sales_daily.csv""}]","","","",""
"decision-v1","scenario-v1","contribution-v1","golden-v1","92339086dd83c9a89ae5ac754bdbad2a30c215eb81213211b953451918ebfc48","f9c7f0abe4b1ba3759249887324f30b7d2ac873e7acf82a12c6fa32e19551a3b","2026-08-03","TWD","Asia/Taipei","product_amounts_excluding_tax_and_customer_shipping_income","1","current","{""start"":""2026-08-01"",""end"":""2026-08-01""}","{""kind"":""channel"",""channels"":[""MARKETPLACE""]}","same_days","1","1","fact","[""fact"",""golden-v1"",""2026-08-01"",""2026-08-01"",""channel"",[""MARKETPLACE""],null,""net_revenue""]","","","net_revenue","900.00","[]","[""[\""fact\"",\""golden-v1\"",\""2026-08-01\"",\""2026-08-01\"",\""channel\"",[\""MARKETPLACE\""],null,\""net_revenue\""]""]","[{""file"":""ad_spend_daily.csv"",""line"":3,""date"":""2026-08-01"",""channel"":""MARKETPLACE"",""actual_filename"":""ad_spend_daily.csv""},{""file"":""channel_costs_daily.csv"",""line"":3,""date"":""2026-08-01"",""channel"":""MARKETPLACE"",""actual_filename"":""channel_costs_daily.csv""},{""file"":""sales_daily.csv"",""line"":4,""date"":""2026-08-01"",""channel"":""MARKETPLACE"",""sku"":""A"",""actual_filename"":""sales_daily.csv""},{""file"":""sales_daily.csv"",""line"":5,""date"":""2026-08-01"",""channel"":""MARKETPLACE"",""sku"":""B"",""actual_filename"":""sales_daily.csv""}]","","","",""
"decision-v1","scenario-v1","contribution-v1","golden-v1","92339086dd83c9a89ae5ac754bdbad2a30c215eb81213211b953451918ebfc48","f9c7f0abe4b1ba3759249887324f30b7d2ac873e7acf82a12c6fa32e19551a3b","2026-08-03","TWD","Asia/Taipei","product_amounts_excluding_tax_and_customer_shipping_income","1","current","{""start"":""2026-08-01"",""end"":""2026-08-01""}","{""kind"":""channel"",""channels"":[""MARKETPLACE""]}","same_days","1","1","fact","[""fact"",""golden-v1"",""2026-08-01"",""2026-08-01"",""channel"",[""MARKETPLACE""],null,""gross_profit""]","","","gross_profit","450.00","[]","[""[\""fact\"",\""golden-v1\"",\""2026-08-01\"",\""2026-08-01\"",\""channel\"",[\""MARKETPLACE\""],null,\""gross_profit\""]""]","[{""file"":""ad_spend_daily.csv"",""line"":3,""date"":""2026-08-01"",""channel"":""MARKETPLACE"",""actual_filename"":""ad_spend_daily.csv""},{""file"":""channel_costs_daily.csv"",""line"":3,""date"":""2026-08-01"",""channel"":""MARKETPLACE"",""actual_filename"":""channel_costs_daily.csv""},{""file"":""sales_daily.csv"",""line"":4,""date"":""2026-08-01"",""channel"":""MARKETPLACE"",""sku"":""A"",""actual_filename"":""sales_daily.csv""},{""file"":""sales_daily.csv"",""line"":5,""date"":""2026-08-01"",""channel"":""MARKETPLACE"",""sku"":""B"",""actual_filename"":""sales_daily.csv""}]","","","",""
"decision-v1","scenario-v1","contribution-v1","golden-v1","92339086dd83c9a89ae5ac754bdbad2a30c215eb81213211b953451918ebfc48","f9c7f0abe4b1ba3759249887324f30b7d2ac873e7acf82a12c6fa32e19551a3b","2026-08-03","TWD","Asia/Taipei","product_amounts_excluding_tax_and_customer_shipping_income","1","current","{""start"":""2026-08-01"",""end"":""2026-08-01""}","{""kind"":""channel"",""channels"":[""MARKETPLACE""]}","same_days","1","1","fact","[""fact"",""golden-v1"",""2026-08-01"",""2026-08-01"",""channel"",[""MARKETPLACE""],null,""contribution_before_marketing""]","","","contribution_before_marketing","270.00","[]","[""[\""fact\"",\""golden-v1\"",\""2026-08-01\"",\""2026-08-01\"",\""channel\"",[\""MARKETPLACE\""],null,\""contribution_before_marketing\""]""]","[{""file"":""ad_spend_daily.csv"",""line"":3,""date"":""2026-08-01"",""channel"":""MARKETPLACE"",""actual_filename"":""ad_spend_daily.csv""},{""file"":""channel_costs_daily.csv"",""line"":3,""date"":""2026-08-01"",""channel"":""MARKETPLACE"",""actual_filename"":""channel_costs_daily.csv""},{""file"":""sales_daily.csv"",""line"":4,""date"":""2026-08-01"",""channel"":""MARKETPLACE"",""sku"":""A"",""actual_filename"":""sales_daily.csv""},{""file"":""sales_daily.csv"",""line"":5,""date"":""2026-08-01"",""channel"":""MARKETPLACE"",""sku"":""B"",""actual_filename"":""sales_daily.csv""}]","","","",""
"decision-v1","scenario-v1","contribution-v1","golden-v1","92339086dd83c9a89ae5ac754bdbad2a30c215eb81213211b953451918ebfc48","f9c7f0abe4b1ba3759249887324f30b7d2ac873e7acf82a12c6fa32e19551a3b","2026-08-03","TWD","Asia/Taipei","product_amounts_excluding_tax_and_customer_shipping_income","1","current","{""start"":""2026-08-01"",""end"":""2026-08-01""}","{""kind"":""channel"",""channels"":[""MARKETPLACE""]}","same_days","1","1","fact","[""fact"",""golden-v1"",""2026-08-01"",""2026-08-01"",""channel"",[""MARKETPLACE""],null,""contribution_after_marketing""]","","","contribution_after_marketing","170.00","[]","[""[\""fact\"",\""golden-v1\"",\""2026-08-01\"",\""2026-08-01\"",\""channel\"",[\""MARKETPLACE\""],null,\""contribution_after_marketing\""]""]","[{""file"":""ad_spend_daily.csv"",""line"":3,""date"":""2026-08-01"",""channel"":""MARKETPLACE"",""actual_filename"":""ad_spend_daily.csv""},{""file"":""channel_costs_daily.csv"",""line"":3,""date"":""2026-08-01"",""channel"":""MARKETPLACE"",""actual_filename"":""channel_costs_daily.csv""},{""file"":""sales_daily.csv"",""line"":4,""date"":""2026-08-01"",""channel"":""MARKETPLACE"",""sku"":""A"",""actual_filename"":""sales_daily.csv""},{""file"":""sales_daily.csv"",""line"":5,""date"":""2026-08-01"",""channel"":""MARKETPLACE"",""sku"":""B"",""actual_filename"":""sales_daily.csv""}]","","","",""
"decision-v1","scenario-v1","contribution-v1","golden-v1","92339086dd83c9a89ae5ac754bdbad2a30c215eb81213211b953451918ebfc48","f9c7f0abe4b1ba3759249887324f30b7d2ac873e7acf82a12c6fa32e19551a3b","2026-08-03","TWD","Asia/Taipei","product_amounts_excluding_tax_and_customer_shipping_income","1","current","{""start"":""2026-08-01"",""end"":""2026-08-01""}","{""kind"":""channel"",""channels"":[""MARKETPLACE""]}","same_days","1","1","fact","[""fact"",""golden-v1"",""2026-08-01"",""2026-08-01"",""channel"",[""MARKETPLACE""],null,""gross_margin""]","","","gross_margin","0.500000000000","[]","[""[\""fact\"",\""golden-v1\"",\""2026-08-01\"",\""2026-08-01\"",\""channel\"",[\""MARKETPLACE\""],null,\""gross_margin\""]""]","[{""file"":""ad_spend_daily.csv"",""line"":3,""date"":""2026-08-01"",""channel"":""MARKETPLACE"",""actual_filename"":""ad_spend_daily.csv""},{""file"":""channel_costs_daily.csv"",""line"":3,""date"":""2026-08-01"",""channel"":""MARKETPLACE"",""actual_filename"":""channel_costs_daily.csv""},{""file"":""sales_daily.csv"",""line"":4,""date"":""2026-08-01"",""channel"":""MARKETPLACE"",""sku"":""A"",""actual_filename"":""sales_daily.csv""},{""file"":""sales_daily.csv"",""line"":5,""date"":""2026-08-01"",""channel"":""MARKETPLACE"",""sku"":""B"",""actual_filename"":""sales_daily.csv""}]","","","",""
"decision-v1","scenario-v1","contribution-v1","golden-v1","92339086dd83c9a89ae5ac754bdbad2a30c215eb81213211b953451918ebfc48","f9c7f0abe4b1ba3759249887324f30b7d2ac873e7acf82a12c6fa32e19551a3b","2026-08-03","TWD","Asia/Taipei","product_amounts_excluding_tax_and_customer_shipping_income","1","current","{""start"":""2026-08-01"",""end"":""2026-08-01""}","{""kind"":""channel"",""channels"":[""MARKETPLACE""]}","same_days","1","1","fact","[""fact"",""golden-v1"",""2026-08-01"",""2026-08-01"",""channel"",[""MARKETPLACE""],null,""contribution_margin""]","","","contribution_margin","0.188888888889","[]","[""[\""fact\"",\""golden-v1\"",\""2026-08-01\"",\""2026-08-01\"",\""channel\"",[\""MARKETPLACE\""],null,\""contribution_margin\""]""]","[{""file"":""ad_spend_daily.csv"",""line"":3,""date"":""2026-08-01"",""channel"":""MARKETPLACE"",""actual_filename"":""ad_spend_daily.csv""},{""file"":""channel_costs_daily.csv"",""line"":3,""date"":""2026-08-01"",""channel"":""MARKETPLACE"",""actual_filename"":""channel_costs_daily.csv""},{""file"":""sales_daily.csv"",""line"":4,""date"":""2026-08-01"",""channel"":""MARKETPLACE"",""sku"":""A"",""actual_filename"":""sales_daily.csv""},{""file"":""sales_daily.csv"",""line"":5,""date"":""2026-08-01"",""channel"":""MARKETPLACE"",""sku"":""B"",""actual_filename"":""sales_daily.csv""}]","","","",""
"decision-v1","scenario-v1","contribution-v1","golden-v1","92339086dd83c9a89ae5ac754bdbad2a30c215eb81213211b953451918ebfc48","f9c7f0abe4b1ba3759249887324f30b7d2ac873e7acf82a12c6fa32e19551a3b","2026-08-03","TWD","Asia/Taipei","product_amounts_excluding_tax_and_customer_shipping_income","1","current","{""start"":""2026-08-01"",""end"":""2026-08-01""}","{""kind"":""channel"",""channels"":[""MARKETPLACE""]}","same_days","1","1","fact","[""fact"",""golden-v1"",""2026-08-01"",""2026-08-01"",""channel"",[""MARKETPLACE""],null,""discount_rate""]","","","discount_rate","0.100000000000","[]","[""[\""fact\"",\""golden-v1\"",\""2026-08-01\"",\""2026-08-01\"",\""channel\"",[\""MARKETPLACE\""],null,\""discount_rate\""]""]","[{""file"":""ad_spend_daily.csv"",""line"":3,""date"":""2026-08-01"",""channel"":""MARKETPLACE"",""actual_filename"":""ad_spend_daily.csv""},{""file"":""channel_costs_daily.csv"",""line"":3,""date"":""2026-08-01"",""channel"":""MARKETPLACE"",""actual_filename"":""channel_costs_daily.csv""},{""file"":""sales_daily.csv"",""line"":4,""date"":""2026-08-01"",""channel"":""MARKETPLACE"",""sku"":""A"",""actual_filename"":""sales_daily.csv""},{""file"":""sales_daily.csv"",""line"":5,""date"":""2026-08-01"",""channel"":""MARKETPLACE"",""sku"":""B"",""actual_filename"":""sales_daily.csv""}]","","","",""
"decision-v1","scenario-v1","contribution-v1","golden-v1","92339086dd83c9a89ae5ac754bdbad2a30c215eb81213211b953451918ebfc48","f9c7f0abe4b1ba3759249887324f30b7d2ac873e7acf82a12c6fa32e19551a3b","2026-08-03","TWD","Asia/Taipei","product_amounts_excluding_tax_and_customer_shipping_income","1","current","{""start"":""2026-08-01"",""end"":""2026-08-01""}","{""kind"":""channel"",""channels"":[""MARKETPLACE""]}","same_days","1","1","fact","[""fact"",""golden-v1"",""2026-08-01"",""2026-08-01"",""channel"",[""MARKETPLACE""],null,""refund_ratio""]","","","refund_ratio","0.000000000000","[]","[""[\""fact\"",\""golden-v1\"",\""2026-08-01\"",\""2026-08-01\"",\""channel\"",[\""MARKETPLACE\""],null,\""refund_ratio\""]""]","[{""file"":""ad_spend_daily.csv"",""line"":3,""date"":""2026-08-01"",""channel"":""MARKETPLACE"",""actual_filename"":""ad_spend_daily.csv""},{""file"":""channel_costs_daily.csv"",""line"":3,""date"":""2026-08-01"",""channel"":""MARKETPLACE"",""actual_filename"":""channel_costs_daily.csv""},{""file"":""sales_daily.csv"",""line"":4,""date"":""2026-08-01"",""channel"":""MARKETPLACE"",""sku"":""A"",""actual_filename"":""sales_daily.csv""},{""file"":""sales_daily.csv"",""line"":5,""date"":""2026-08-01"",""channel"":""MARKETPLACE"",""sku"":""B"",""actual_filename"":""sales_daily.csv""}]","","","",""
"decision-v1","scenario-v1","contribution-v1","golden-v1","92339086dd83c9a89ae5ac754bdbad2a30c215eb81213211b953451918ebfc48","f9c7f0abe4b1ba3759249887324f30b7d2ac873e7acf82a12c6fa32e19551a3b","2026-08-03","TWD","Asia/Taipei","product_amounts_excluding_tax_and_customer_shipping_income","1","current","{""start"":""2026-08-01"",""end"":""2026-08-01""}","{""kind"":""channel"",""channels"":[""MARKETPLACE""]}","same_days","1","1","fact","[""fact"",""golden-v1"",""2026-08-01"",""2026-08-01"",""channel"",[""MARKETPLACE""],null,""mer""]","","","mer","9.000000000000","[]","[""[\""fact\"",\""golden-v1\"",\""2026-08-01\"",\""2026-08-01\"",\""channel\"",[\""MARKETPLACE\""],null,\""mer\""]""]","[{""file"":""ad_spend_daily.csv"",""line"":3,""date"":""2026-08-01"",""channel"":""MARKETPLACE"",""actual_filename"":""ad_spend_daily.csv""},{""file"":""channel_costs_daily.csv"",""line"":3,""date"":""2026-08-01"",""channel"":""MARKETPLACE"",""actual_filename"":""channel_costs_daily.csv""},{""file"":""sales_daily.csv"",""line"":4,""date"":""2026-08-01"",""channel"":""MARKETPLACE"",""sku"":""A"",""actual_filename"":""sales_daily.csv""},{""file"":""sales_daily.csv"",""line"":5,""date"":""2026-08-01"",""channel"":""MARKETPLACE"",""sku"":""B"",""actual_filename"":""sales_daily.csv""}]","","","",""
"decision-v1","scenario-v1","contribution-v1","golden-v1","92339086dd83c9a89ae5ac754bdbad2a30c215eb81213211b953451918ebfc48","f9c7f0abe4b1ba3759249887324f30b7d2ac873e7acf82a12c6fa32e19551a3b","2026-08-03","TWD","Asia/Taipei","product_amounts_excluding_tax_and_customer_shipping_income","1","current","{""start"":""2026-08-01"",""end"":""2026-08-01""}","{""kind"":""channel"",""channels"":[""MARKETPLACE""]}","same_days","1","1","fact","[""fact"",""golden-v1"",""2026-08-01"",""2026-08-01"",""channel"",[""MARKETPLACE""],null,""fulfillment_burden""]","","","fulfillment_burden","0.066666666667","[]","[""[\""fact\"",\""golden-v1\"",\""2026-08-01\"",\""2026-08-01\"",\""channel\"",[\""MARKETPLACE\""],null,\""fulfillment_burden\""]""]","[{""file"":""ad_spend_daily.csv"",""line"":3,""date"":""2026-08-01"",""channel"":""MARKETPLACE"",""actual_filename"":""ad_spend_daily.csv""},{""file"":""channel_costs_daily.csv"",""line"":3,""date"":""2026-08-01"",""channel"":""MARKETPLACE"",""actual_filename"":""channel_costs_daily.csv""},{""file"":""sales_daily.csv"",""line"":4,""date"":""2026-08-01"",""channel"":""MARKETPLACE"",""sku"":""A"",""actual_filename"":""sales_daily.csv""},{""file"":""sales_daily.csv"",""line"":5,""date"":""2026-08-01"",""channel"":""MARKETPLACE"",""sku"":""B"",""actual_filename"":""sales_daily.csv""}]","","","",""
"decision-v1","scenario-v1","contribution-v1","golden-v1","92339086dd83c9a89ae5ac754bdbad2a30c215eb81213211b953451918ebfc48","f9c7f0abe4b1ba3759249887324f30b7d2ac873e7acf82a12c6fa32e19551a3b","2026-08-03","TWD","Asia/Taipei","product_amounts_excluding_tax_and_customer_shipping_income","1","current","{""start"":""2026-08-01"",""end"":""2026-08-01""}","{""kind"":""channel"",""channels"":[""MARKETPLACE""]}","same_days","1","1","fact","[""fact"",""golden-v1"",""2026-08-01"",""2026-08-01"",""channel"",[""MARKETPLACE""],null,""marketing_burden""]","","","marketing_burden","0.111111111111","[]","[""[\""fact\"",\""golden-v1\"",\""2026-08-01\"",\""2026-08-01\"",\""channel\"",[\""MARKETPLACE\""],null,\""marketing_burden\""]""]","[{""file"":""ad_spend_daily.csv"",""line"":3,""date"":""2026-08-01"",""channel"":""MARKETPLACE"",""actual_filename"":""ad_spend_daily.csv""},{""file"":""channel_costs_daily.csv"",""line"":3,""date"":""2026-08-01"",""channel"":""MARKETPLACE"",""actual_filename"":""channel_costs_daily.csv""},{""file"":""sales_daily.csv"",""line"":4,""date"":""2026-08-01"",""channel"":""MARKETPLACE"",""sku"":""A"",""actual_filename"":""sales_daily.csv""},{""file"":""sales_daily.csv"",""line"":5,""date"":""2026-08-01"",""channel"":""MARKETPLACE"",""sku"":""B"",""actual_filename"":""sales_daily.csv""}]","","","",""
"decision-v1","scenario-v1","contribution-v1","golden-v1","92339086dd83c9a89ae5ac754bdbad2a30c215eb81213211b953451918ebfc48","f9c7f0abe4b1ba3759249887324f30b7d2ac873e7acf82a12c6fa32e19551a3b","2026-08-03","TWD","Asia/Taipei","product_amounts_excluding_tax_and_customer_shipping_income","1","current","{""start"":""2026-08-02"",""end"":""2026-08-02""}","{""kind"":""channel"",""channels"":[""MARKETPLACE""]}","same_days","1","1","fact","[""fact"",""golden-v1"",""2026-08-02"",""2026-08-02"",""channel"",[""MARKETPLACE""],null,""gross_sales""]","","","gross_sales","1300.00","[]","[""[\""fact\"",\""golden-v1\"",\""2026-08-02\"",\""2026-08-02\"",\""channel\"",[\""MARKETPLACE\""],null,\""gross_sales\""]""]","[{""file"":""ad_spend_daily.csv"",""line"":5,""date"":""2026-08-02"",""channel"":""MARKETPLACE"",""actual_filename"":""ad_spend_daily.csv""},{""file"":""channel_costs_daily.csv"",""line"":5,""date"":""2026-08-02"",""channel"":""MARKETPLACE"",""actual_filename"":""channel_costs_daily.csv""},{""file"":""sales_daily.csv"",""line"":8,""date"":""2026-08-02"",""channel"":""MARKETPLACE"",""sku"":""A"",""actual_filename"":""sales_daily.csv""},{""file"":""sales_daily.csv"",""line"":9,""date"":""2026-08-02"",""channel"":""MARKETPLACE"",""sku"":""B"",""actual_filename"":""sales_daily.csv""}]","","","",""
"decision-v1","scenario-v1","contribution-v1","golden-v1","92339086dd83c9a89ae5ac754bdbad2a30c215eb81213211b953451918ebfc48","f9c7f0abe4b1ba3759249887324f30b7d2ac873e7acf82a12c6fa32e19551a3b","2026-08-03","TWD","Asia/Taipei","product_amounts_excluding_tax_and_customer_shipping_income","1","current","{""start"":""2026-08-02"",""end"":""2026-08-02""}","{""kind"":""channel"",""channels"":[""MARKETPLACE""]}","same_days","1","1","fact","[""fact"",""golden-v1"",""2026-08-02"",""2026-08-02"",""channel"",[""MARKETPLACE""],null,""discounts""]","","","discounts","220.00","[]","[""[\""fact\"",\""golden-v1\"",\""2026-08-02\"",\""2026-08-02\"",\""channel\"",[\""MARKETPLACE\""],null,\""discounts\""]""]","[{""file"":""ad_spend_daily.csv"",""line"":5,""date"":""2026-08-02"",""channel"":""MARKETPLACE"",""actual_filename"":""ad_spend_daily.csv""},{""file"":""channel_costs_daily.csv"",""line"":5,""date"":""2026-08-02"",""channel"":""MARKETPLACE"",""actual_filename"":""channel_costs_daily.csv""},{""file"":""sales_daily.csv"",""line"":8,""date"":""2026-08-02"",""channel"":""MARKETPLACE"",""sku"":""A"",""actual_filename"":""sales_daily.csv""},{""file"":""sales_daily.csv"",""line"":9,""date"":""2026-08-02"",""channel"":""MARKETPLACE"",""sku"":""B"",""actual_filename"":""sales_daily.csv""}]","","","",""
"decision-v1","scenario-v1","contribution-v1","golden-v1","92339086dd83c9a89ae5ac754bdbad2a30c215eb81213211b953451918ebfc48","f9c7f0abe4b1ba3759249887324f30b7d2ac873e7acf82a12c6fa32e19551a3b","2026-08-03","TWD","Asia/Taipei","product_amounts_excluding_tax_and_customer_shipping_income","1","current","{""start"":""2026-08-02"",""end"":""2026-08-02""}","{""kind"":""channel"",""channels"":[""MARKETPLACE""]}","same_days","1","1","fact","[""fact"",""golden-v1"",""2026-08-02"",""2026-08-02"",""channel"",[""MARKETPLACE""],null,""refunds""]","","","refunds","90.00","[]","[""[\""fact\"",\""golden-v1\"",\""2026-08-02\"",\""2026-08-02\"",\""channel\"",[\""MARKETPLACE\""],null,\""refunds\""]""]","[{""file"":""ad_spend_daily.csv"",""line"":5,""date"":""2026-08-02"",""channel"":""MARKETPLACE"",""actual_filename"":""ad_spend_daily.csv""},{""file"":""channel_costs_daily.csv"",""line"":5,""date"":""2026-08-02"",""channel"":""MARKETPLACE"",""actual_filename"":""channel_costs_daily.csv""},{""file"":""sales_daily.csv"",""line"":8,""date"":""2026-08-02"",""channel"":""MARKETPLACE"",""sku"":""A"",""actual_filename"":""sales_daily.csv""},{""file"":""sales_daily.csv"",""line"":9,""date"":""2026-08-02"",""channel"":""MARKETPLACE"",""sku"":""B"",""actual_filename"":""sales_daily.csv""}]","","","",""
"decision-v1","scenario-v1","contribution-v1","golden-v1","92339086dd83c9a89ae5ac754bdbad2a30c215eb81213211b953451918ebfc48","f9c7f0abe4b1ba3759249887324f30b7d2ac873e7acf82a12c6fa32e19551a3b","2026-08-03","TWD","Asia/Taipei","product_amounts_excluding_tax_and_customer_shipping_income","1","current","{""start"":""2026-08-02"",""end"":""2026-08-02""}","{""kind"":""channel"",""channels"":[""MARKETPLACE""]}","same_days","1","1","fact","[""fact"",""golden-v1"",""2026-08-02"",""2026-08-02"",""channel"",[""MARKETPLACE""],null,""cogs_net""]","","","cogs_net","585.00","[]","[""[\""fact\"",\""golden-v1\"",\""2026-08-02\"",\""2026-08-02\"",\""channel\"",[\""MARKETPLACE\""],null,\""cogs_net\""]""]","[{""file"":""ad_spend_daily.csv"",""line"":5,""date"":""2026-08-02"",""channel"":""MARKETPLACE"",""actual_filename"":""ad_spend_daily.csv""},{""file"":""channel_costs_daily.csv"",""line"":5,""date"":""2026-08-02"",""channel"":""MARKETPLACE"",""actual_filename"":""channel_costs_daily.csv""},{""file"":""sales_daily.csv"",""line"":8,""date"":""2026-08-02"",""channel"":""MARKETPLACE"",""sku"":""A"",""actual_filename"":""sales_daily.csv""},{""file"":""sales_daily.csv"",""line"":9,""date"":""2026-08-02"",""channel"":""MARKETPLACE"",""sku"":""B"",""actual_filename"":""sales_daily.csv""}]","","","",""
"decision-v1","scenario-v1","contribution-v1","golden-v1","92339086dd83c9a89ae5ac754bdbad2a30c215eb81213211b953451918ebfc48","f9c7f0abe4b1ba3759249887324f30b7d2ac873e7acf82a12c6fa32e19551a3b","2026-08-03","TWD","Asia/Taipei","product_amounts_excluding_tax_and_customer_shipping_income","1","current","{""start"":""2026-08-02"",""end"":""2026-08-02""}","{""kind"":""channel"",""channels"":[""MARKETPLACE""]}","same_days","1","1","fact","[""fact"",""golden-v1"",""2026-08-02"",""2026-08-02"",""channel"",[""MARKETPLACE""],null,""platform_fees""]","","","platform_fees","120.00","[]","[""[\""fact\"",\""golden-v1\"",\""2026-08-02\"",\""2026-08-02\"",\""channel\"",[\""MARKETPLACE\""],null,\""platform_fees\""]""]","[{""file"":""ad_spend_daily.csv"",""line"":5,""date"":""2026-08-02"",""channel"":""MARKETPLACE"",""actual_filename"":""ad_spend_daily.csv""},{""file"":""channel_costs_daily.csv"",""line"":5,""date"":""2026-08-02"",""channel"":""MARKETPLACE"",""actual_filename"":""channel_costs_daily.csv""},{""file"":""sales_daily.csv"",""line"":8,""date"":""2026-08-02"",""channel"":""MARKETPLACE"",""sku"":""A"",""actual_filename"":""sales_daily.csv""},{""file"":""sales_daily.csv"",""line"":9,""date"":""2026-08-02"",""channel"":""MARKETPLACE"",""sku"":""B"",""actual_filename"":""sales_daily.csv""}]","","","",""
"decision-v1","scenario-v1","contribution-v1","golden-v1","92339086dd83c9a89ae5ac754bdbad2a30c215eb81213211b953451918ebfc48","f9c7f0abe4b1ba3759249887324f30b7d2ac873e7acf82a12c6fa32e19551a3b","2026-08-03","TWD","Asia/Taipei","product_amounts_excluding_tax_and_customer_shipping_income","1","current","{""start"":""2026-08-02"",""end"":""2026-08-02""}","{""kind"":""channel"",""channels"":[""MARKETPLACE""]}","same_days","1","1","fact","[""fact"",""golden-v1"",""2026-08-02"",""2026-08-02"",""channel"",[""MARKETPLACE""],null,""payment_fees""]","","","payment_fees","22.00","[]","[""[\""fact\"",\""golden-v1\"",\""2026-08-02\"",\""2026-08-02\"",\""channel\"",[\""MARKETPLACE\""],null,\""payment_fees\""]""]","[{""file"":""ad_spend_daily.csv"",""line"":5,""date"":""2026-08-02"",""channel"":""MARKETPLACE"",""actual_filename"":""ad_spend_daily.csv""},{""file"":""channel_costs_daily.csv"",""line"":5,""date"":""2026-08-02"",""channel"":""MARKETPLACE"",""actual_filename"":""channel_costs_daily.csv""},{""file"":""sales_daily.csv"",""line"":8,""date"":""2026-08-02"",""channel"":""MARKETPLACE"",""sku"":""A"",""actual_filename"":""sales_daily.csv""},{""file"":""sales_daily.csv"",""line"":9,""date"":""2026-08-02"",""channel"":""MARKETPLACE"",""sku"":""B"",""actual_filename"":""sales_daily.csv""}]","","","",""
"decision-v1","scenario-v1","contribution-v1","golden-v1","92339086dd83c9a89ae5ac754bdbad2a30c215eb81213211b953451918ebfc48","f9c7f0abe4b1ba3759249887324f30b7d2ac873e7acf82a12c6fa32e19551a3b","2026-08-03","TWD","Asia/Taipei","product_amounts_excluding_tax_and_customer_shipping_income","1","current","{""start"":""2026-08-02"",""end"":""2026-08-02""}","{""kind"":""channel"",""channels"":[""MARKETPLACE""]}","same_days","1","1","fact","[""fact"",""golden-v1"",""2026-08-02"",""2026-08-02"",""channel"",[""MARKETPLACE""],null,""fulfillment_costs""]","","","fulfillment_costs","85.00","[]","[""[\""fact\"",\""golden-v1\"",\""2026-08-02\"",\""2026-08-02\"",\""channel\"",[\""MARKETPLACE\""],null,\""fulfillment_costs\""]""]","[{""file"":""ad_spend_daily.csv"",""line"":5,""date"":""2026-08-02"",""channel"":""MARKETPLACE"",""actual_filename"":""ad_spend_daily.csv""},{""file"":""channel_costs_daily.csv"",""line"":5,""date"":""2026-08-02"",""channel"":""MARKETPLACE"",""actual_filename"":""channel_costs_daily.csv""},{""file"":""sales_daily.csv"",""line"":8,""date"":""2026-08-02"",""channel"":""MARKETPLACE"",""sku"":""A"",""actual_filename"":""sales_daily.csv""},{""file"":""sales_daily.csv"",""line"":9,""date"":""2026-08-02"",""channel"":""MARKETPLACE"",""sku"":""B"",""actual_filename"":""sales_daily.csv""}]","","","",""
"decision-v1","scenario-v1","contribution-v1","golden-v1","92339086dd83c9a89ae5ac754bdbad2a30c215eb81213211b953451918ebfc48","f9c7f0abe4b1ba3759249887324f30b7d2ac873e7acf82a12c6fa32e19551a3b","2026-08-03","TWD","Asia/Taipei","product_amounts_excluding_tax_and_customer_shipping_income","1","current","{""start"":""2026-08-02"",""end"":""2026-08-02""}","{""kind"":""channel"",""channels"":[""MARKETPLACE""]}","same_days","1","1","fact","[""fact"",""golden-v1"",""2026-08-02"",""2026-08-02"",""channel"",[""MARKETPLACE""],null,""other_variable_costs""]","","","other_variable_costs","13.00","[]","[""[\""fact\"",\""golden-v1\"",\""2026-08-02\"",\""2026-08-02\"",\""channel\"",[\""MARKETPLACE\""],null,\""other_variable_costs\""]""]","[{""file"":""ad_spend_daily.csv"",""line"":5,""date"":""2026-08-02"",""channel"":""MARKETPLACE"",""actual_filename"":""ad_spend_daily.csv""},{""file"":""channel_costs_daily.csv"",""line"":5,""date"":""2026-08-02"",""channel"":""MARKETPLACE"",""actual_filename"":""channel_costs_daily.csv""},{""file"":""sales_daily.csv"",""line"":8,""date"":""2026-08-02"",""channel"":""MARKETPLACE"",""sku"":""A"",""actual_filename"":""sales_daily.csv""},{""file"":""sales_daily.csv"",""line"":9,""date"":""2026-08-02"",""channel"":""MARKETPLACE"",""sku"":""B"",""actual_filename"":""sales_daily.csv""}]","","","",""
"decision-v1","scenario-v1","contribution-v1","golden-v1","92339086dd83c9a89ae5ac754bdbad2a30c215eb81213211b953451918ebfc48","f9c7f0abe4b1ba3759249887324f30b7d2ac873e7acf82a12c6fa32e19551a3b","2026-08-03","TWD","Asia/Taipei","product_amounts_excluding_tax_and_customer_shipping_income","1","current","{""start"":""2026-08-02"",""end"":""2026-08-02""}","{""kind"":""channel"",""channels"":[""MARKETPLACE""]}","same_days","1","1","fact","[""fact"",""golden-v1"",""2026-08-02"",""2026-08-02"",""channel"",[""MARKETPLACE""],null,""ad_spend""]","","","ad_spend","180.00","[]","[""[\""fact\"",\""golden-v1\"",\""2026-08-02\"",\""2026-08-02\"",\""channel\"",[\""MARKETPLACE\""],null,\""ad_spend\""]""]","[{""file"":""ad_spend_daily.csv"",""line"":5,""date"":""2026-08-02"",""channel"":""MARKETPLACE"",""actual_filename"":""ad_spend_daily.csv""},{""file"":""channel_costs_daily.csv"",""line"":5,""date"":""2026-08-02"",""channel"":""MARKETPLACE"",""actual_filename"":""channel_costs_daily.csv""},{""file"":""sales_daily.csv"",""line"":8,""date"":""2026-08-02"",""channel"":""MARKETPLACE"",""sku"":""A"",""actual_filename"":""sales_daily.csv""},{""file"":""sales_daily.csv"",""line"":9,""date"":""2026-08-02"",""channel"":""MARKETPLACE"",""sku"":""B"",""actual_filename"":""sales_daily.csv""}]","","","",""
"decision-v1","scenario-v1","contribution-v1","golden-v1","92339086dd83c9a89ae5ac754bdbad2a30c215eb81213211b953451918ebfc48","f9c7f0abe4b1ba3759249887324f30b7d2ac873e7acf82a12c6fa32e19551a3b","2026-08-03","TWD","Asia/Taipei","product_amounts_excluding_tax_and_customer_shipping_income","1","current","{""start"":""2026-08-02"",""end"":""2026-08-02""}","{""kind"":""channel"",""channels"":[""MARKETPLACE""]}","same_days","1","1","fact","[""fact"",""golden-v1"",""2026-08-02"",""2026-08-02"",""channel"",[""MARKETPLACE""],null,""net_revenue""]","","","net_revenue","990.00","[]","[""[\""fact\"",\""golden-v1\"",\""2026-08-02\"",\""2026-08-02\"",\""channel\"",[\""MARKETPLACE\""],null,\""net_revenue\""]""]","[{""file"":""ad_spend_daily.csv"",""line"":5,""date"":""2026-08-02"",""channel"":""MARKETPLACE"",""actual_filename"":""ad_spend_daily.csv""},{""file"":""channel_costs_daily.csv"",""line"":5,""date"":""2026-08-02"",""channel"":""MARKETPLACE"",""actual_filename"":""channel_costs_daily.csv""},{""file"":""sales_daily.csv"",""line"":8,""date"":""2026-08-02"",""channel"":""MARKETPLACE"",""sku"":""A"",""actual_filename"":""sales_daily.csv""},{""file"":""sales_daily.csv"",""line"":9,""date"":""2026-08-02"",""channel"":""MARKETPLACE"",""sku"":""B"",""actual_filename"":""sales_daily.csv""}]","","","",""
"decision-v1","scenario-v1","contribution-v1","golden-v1","92339086dd83c9a89ae5ac754bdbad2a30c215eb81213211b953451918ebfc48","f9c7f0abe4b1ba3759249887324f30b7d2ac873e7acf82a12c6fa32e19551a3b","2026-08-03","TWD","Asia/Taipei","product_amounts_excluding_tax_and_customer_shipping_income","1","current","{""start"":""2026-08-02"",""end"":""2026-08-02""}","{""kind"":""channel"",""channels"":[""MARKETPLACE""]}","same_days","1","1","fact","[""fact"",""golden-v1"",""2026-08-02"",""2026-08-02"",""channel"",[""MARKETPLACE""],null,""gross_profit""]","","","gross_profit","405.00","[]","[""[\""fact\"",\""golden-v1\"",\""2026-08-02\"",\""2026-08-02\"",\""channel\"",[\""MARKETPLACE\""],null,\""gross_profit\""]""]","[{""file"":""ad_spend_daily.csv"",""line"":5,""date"":""2026-08-02"",""channel"":""MARKETPLACE"",""actual_filename"":""ad_spend_daily.csv""},{""file"":""channel_costs_daily.csv"",""line"":5,""date"":""2026-08-02"",""channel"":""MARKETPLACE"",""actual_filename"":""channel_costs_daily.csv""},{""file"":""sales_daily.csv"",""line"":8,""date"":""2026-08-02"",""channel"":""MARKETPLACE"",""sku"":""A"",""actual_filename"":""sales_daily.csv""},{""file"":""sales_daily.csv"",""line"":9,""date"":""2026-08-02"",""channel"":""MARKETPLACE"",""sku"":""B"",""actual_filename"":""sales_daily.csv""}]","","","",""
"decision-v1","scenario-v1","contribution-v1","golden-v1","92339086dd83c9a89ae5ac754bdbad2a30c215eb81213211b953451918ebfc48","f9c7f0abe4b1ba3759249887324f30b7d2ac873e7acf82a12c6fa32e19551a3b","2026-08-03","TWD","Asia/Taipei","product_amounts_excluding_tax_and_customer_shipping_income","1","current","{""start"":""2026-08-02"",""end"":""2026-08-02""}","{""kind"":""channel"",""channels"":[""MARKETPLACE""]}","same_days","1","1","fact","[""fact"",""golden-v1"",""2026-08-02"",""2026-08-02"",""channel"",[""MARKETPLACE""],null,""contribution_before_marketing""]","","","contribution_before_marketing","165.00","[]","[""[\""fact\"",\""golden-v1\"",\""2026-08-02\"",\""2026-08-02\"",\""channel\"",[\""MARKETPLACE\""],null,\""contribution_before_marketing\""]""]","[{""file"":""ad_spend_daily.csv"",""line"":5,""date"":""2026-08-02"",""channel"":""MARKETPLACE"",""actual_filename"":""ad_spend_daily.csv""},{""file"":""channel_costs_daily.csv"",""line"":5,""date"":""2026-08-02"",""channel"":""MARKETPLACE"",""actual_filename"":""channel_costs_daily.csv""},{""file"":""sales_daily.csv"",""line"":8,""date"":""2026-08-02"",""channel"":""MARKETPLACE"",""sku"":""A"",""actual_filename"":""sales_daily.csv""},{""file"":""sales_daily.csv"",""line"":9,""date"":""2026-08-02"",""channel"":""MARKETPLACE"",""sku"":""B"",""actual_filename"":""sales_daily.csv""}]","","","",""
"decision-v1","scenario-v1","contribution-v1","golden-v1","92339086dd83c9a89ae5ac754bdbad2a30c215eb81213211b953451918ebfc48","f9c7f0abe4b1ba3759249887324f30b7d2ac873e7acf82a12c6fa32e19551a3b","2026-08-03","TWD","Asia/Taipei","product_amounts_excluding_tax_and_customer_shipping_income","1","current","{""start"":""2026-08-02"",""end"":""2026-08-02""}","{""kind"":""channel"",""channels"":[""MARKETPLACE""]}","same_days","1","1","fact","[""fact"",""golden-v1"",""2026-08-02"",""2026-08-02"",""channel"",[""MARKETPLACE""],null,""contribution_after_marketing""]","","","contribution_after_marketing","-15.00","[]","[""[\""fact\"",\""golden-v1\"",\""2026-08-02\"",\""2026-08-02\"",\""channel\"",[\""MARKETPLACE\""],null,\""contribution_after_marketing\""]""]","[{""file"":""ad_spend_daily.csv"",""line"":5,""date"":""2026-08-02"",""channel"":""MARKETPLACE"",""actual_filename"":""ad_spend_daily.csv""},{""file"":""channel_costs_daily.csv"",""line"":5,""date"":""2026-08-02"",""channel"":""MARKETPLACE"",""actual_filename"":""channel_costs_daily.csv""},{""file"":""sales_daily.csv"",""line"":8,""date"":""2026-08-02"",""channel"":""MARKETPLACE"",""sku"":""A"",""actual_filename"":""sales_daily.csv""},{""file"":""sales_daily.csv"",""line"":9,""date"":""2026-08-02"",""channel"":""MARKETPLACE"",""sku"":""B"",""actual_filename"":""sales_daily.csv""}]","","","",""
"decision-v1","scenario-v1","contribution-v1","golden-v1","92339086dd83c9a89ae5ac754bdbad2a30c215eb81213211b953451918ebfc48","f9c7f0abe4b1ba3759249887324f30b7d2ac873e7acf82a12c6fa32e19551a3b","2026-08-03","TWD","Asia/Taipei","product_amounts_excluding_tax_and_customer_shipping_income","1","current","{""start"":""2026-08-02"",""end"":""2026-08-02""}","{""kind"":""channel"",""channels"":[""MARKETPLACE""]}","same_days","1","1","fact","[""fact"",""golden-v1"",""2026-08-02"",""2026-08-02"",""channel"",[""MARKETPLACE""],null,""gross_margin""]","","","gross_margin","0.409090909091","[]","[""[\""fact\"",\""golden-v1\"",\""2026-08-02\"",\""2026-08-02\"",\""channel\"",[\""MARKETPLACE\""],null,\""gross_margin\""]""]","[{""file"":""ad_spend_daily.csv"",""line"":5,""date"":""2026-08-02"",""channel"":""MARKETPLACE"",""actual_filename"":""ad_spend_daily.csv""},{""file"":""channel_costs_daily.csv"",""line"":5,""date"":""2026-08-02"",""channel"":""MARKETPLACE"",""actual_filename"":""channel_costs_daily.csv""},{""file"":""sales_daily.csv"",""line"":8,""date"":""2026-08-02"",""channel"":""MARKETPLACE"",""sku"":""A"",""actual_filename"":""sales_daily.csv""},{""file"":""sales_daily.csv"",""line"":9,""date"":""2026-08-02"",""channel"":""MARKETPLACE"",""sku"":""B"",""actual_filename"":""sales_daily.csv""}]","","","",""
"decision-v1","scenario-v1","contribution-v1","golden-v1","92339086dd83c9a89ae5ac754bdbad2a30c215eb81213211b953451918ebfc48","f9c7f0abe4b1ba3759249887324f30b7d2ac873e7acf82a12c6fa32e19551a3b","2026-08-03","TWD","Asia/Taipei","product_amounts_excluding_tax_and_customer_shipping_income","1","current","{""start"":""2026-08-02"",""end"":""2026-08-02""}","{""kind"":""channel"",""channels"":[""MARKETPLACE""]}","same_days","1","1","fact","[""fact"",""golden-v1"",""2026-08-02"",""2026-08-02"",""channel"",[""MARKETPLACE""],null,""contribution_margin""]","","","contribution_margin","-0.015151515152","[]","[""[\""fact\"",\""golden-v1\"",\""2026-08-02\"",\""2026-08-02\"",\""channel\"",[\""MARKETPLACE\""],null,\""contribution_margin\""]""]","[{""file"":""ad_spend_daily.csv"",""line"":5,""date"":""2026-08-02"",""channel"":""MARKETPLACE"",""actual_filename"":""ad_spend_daily.csv""},{""file"":""channel_costs_daily.csv"",""line"":5,""date"":""2026-08-02"",""channel"":""MARKETPLACE"",""actual_filename"":""channel_costs_daily.csv""},{""file"":""sales_daily.csv"",""line"":8,""date"":""2026-08-02"",""channel"":""MARKETPLACE"",""sku"":""A"",""actual_filename"":""sales_daily.csv""},{""file"":""sales_daily.csv"",""line"":9,""date"":""2026-08-02"",""channel"":""MARKETPLACE"",""sku"":""B"",""actual_filename"":""sales_daily.csv""}]","","","",""
"decision-v1","scenario-v1","contribution-v1","golden-v1","92339086dd83c9a89ae5ac754bdbad2a30c215eb81213211b953451918ebfc48","f9c7f0abe4b1ba3759249887324f30b7d2ac873e7acf82a12c6fa32e19551a3b","2026-08-03","TWD","Asia/Taipei","product_amounts_excluding_tax_and_customer_shipping_income","1","current","{""start"":""2026-08-02"",""end"":""2026-08-02""}","{""kind"":""channel"",""channels"":[""MARKETPLACE""]}","same_days","1","1","fact","[""fact"",""golden-v1"",""2026-08-02"",""2026-08-02"",""channel"",[""MARKETPLACE""],null,""discount_rate""]","","","discount_rate","0.169230769231","[]","[""[\""fact\"",\""golden-v1\"",\""2026-08-02\"",\""2026-08-02\"",\""channel\"",[\""MARKETPLACE\""],null,\""discount_rate\""]""]","[{""file"":""ad_spend_daily.csv"",""line"":5,""date"":""2026-08-02"",""channel"":""MARKETPLACE"",""actual_filename"":""ad_spend_daily.csv""},{""file"":""channel_costs_daily.csv"",""line"":5,""date"":""2026-08-02"",""channel"":""MARKETPLACE"",""actual_filename"":""channel_costs_daily.csv""},{""file"":""sales_daily.csv"",""line"":8,""date"":""2026-08-02"",""channel"":""MARKETPLACE"",""sku"":""A"",""actual_filename"":""sales_daily.csv""},{""file"":""sales_daily.csv"",""line"":9,""date"":""2026-08-02"",""channel"":""MARKETPLACE"",""sku"":""B"",""actual_filename"":""sales_daily.csv""}]","","","",""
"decision-v1","scenario-v1","contribution-v1","golden-v1","92339086dd83c9a89ae5ac754bdbad2a30c215eb81213211b953451918ebfc48","f9c7f0abe4b1ba3759249887324f30b7d2ac873e7acf82a12c6fa32e19551a3b","2026-08-03","TWD","Asia/Taipei","product_amounts_excluding_tax_and_customer_shipping_income","1","current","{""start"":""2026-08-02"",""end"":""2026-08-02""}","{""kind"":""channel"",""channels"":[""MARKETPLACE""]}","same_days","1","1","fact","[""fact"",""golden-v1"",""2026-08-02"",""2026-08-02"",""channel"",[""MARKETPLACE""],null,""refund_ratio""]","","","refund_ratio","0.083333333333","[]","[""[\""fact\"",\""golden-v1\"",\""2026-08-02\"",\""2026-08-02\"",\""channel\"",[\""MARKETPLACE\""],null,\""refund_ratio\""]""]","[{""file"":""ad_spend_daily.csv"",""line"":5,""date"":""2026-08-02"",""channel"":""MARKETPLACE"",""actual_filename"":""ad_spend_daily.csv""},{""file"":""channel_costs_daily.csv"",""line"":5,""date"":""2026-08-02"",""channel"":""MARKETPLACE"",""actual_filename"":""channel_costs_daily.csv""},{""file"":""sales_daily.csv"",""line"":8,""date"":""2026-08-02"",""channel"":""MARKETPLACE"",""sku"":""A"",""actual_filename"":""sales_daily.csv""},{""file"":""sales_daily.csv"",""line"":9,""date"":""2026-08-02"",""channel"":""MARKETPLACE"",""sku"":""B"",""actual_filename"":""sales_daily.csv""}]","","","",""
"decision-v1","scenario-v1","contribution-v1","golden-v1","92339086dd83c9a89ae5ac754bdbad2a30c215eb81213211b953451918ebfc48","f9c7f0abe4b1ba3759249887324f30b7d2ac873e7acf82a12c6fa32e19551a3b","2026-08-03","TWD","Asia/Taipei","product_amounts_excluding_tax_and_customer_shipping_income","1","current","{""start"":""2026-08-02"",""end"":""2026-08-02""}","{""kind"":""channel"",""channels"":[""MARKETPLACE""]}","same_days","1","1","fact","[""fact"",""golden-v1"",""2026-08-02"",""2026-08-02"",""channel"",[""MARKETPLACE""],null,""mer""]","","","mer","5.500000000000","[]","[""[\""fact\"",\""golden-v1\"",\""2026-08-02\"",\""2026-08-02\"",\""channel\"",[\""MARKETPLACE\""],null,\""mer\""]""]","[{""file"":""ad_spend_daily.csv"",""line"":5,""date"":""2026-08-02"",""channel"":""MARKETPLACE"",""actual_filename"":""ad_spend_daily.csv""},{""file"":""channel_costs_daily.csv"",""line"":5,""date"":""2026-08-02"",""channel"":""MARKETPLACE"",""actual_filename"":""channel_costs_daily.csv""},{""file"":""sales_daily.csv"",""line"":8,""date"":""2026-08-02"",""channel"":""MARKETPLACE"",""sku"":""A"",""actual_filename"":""sales_daily.csv""},{""file"":""sales_daily.csv"",""line"":9,""date"":""2026-08-02"",""channel"":""MARKETPLACE"",""sku"":""B"",""actual_filename"":""sales_daily.csv""}]","","","",""
"decision-v1","scenario-v1","contribution-v1","golden-v1","92339086dd83c9a89ae5ac754bdbad2a30c215eb81213211b953451918ebfc48","f9c7f0abe4b1ba3759249887324f30b7d2ac873e7acf82a12c6fa32e19551a3b","2026-08-03","TWD","Asia/Taipei","product_amounts_excluding_tax_and_customer_shipping_income","1","current","{""start"":""2026-08-02"",""end"":""2026-08-02""}","{""kind"":""channel"",""channels"":[""MARKETPLACE""]}","same_days","1","1","fact","[""fact"",""golden-v1"",""2026-08-02"",""2026-08-02"",""channel"",[""MARKETPLACE""],null,""fulfillment_burden""]","","","fulfillment_burden","0.085858585859","[]","[""[\""fact\"",\""golden-v1\"",\""2026-08-02\"",\""2026-08-02\"",\""channel\"",[\""MARKETPLACE\""],null,\""fulfillment_burden\""]""]","[{""file"":""ad_spend_daily.csv"",""line"":5,""date"":""2026-08-02"",""channel"":""MARKETPLACE"",""actual_filename"":""ad_spend_daily.csv""},{""file"":""channel_costs_daily.csv"",""line"":5,""date"":""2026-08-02"",""channel"":""MARKETPLACE"",""actual_filename"":""channel_costs_daily.csv""},{""file"":""sales_daily.csv"",""line"":8,""date"":""2026-08-02"",""channel"":""MARKETPLACE"",""sku"":""A"",""actual_filename"":""sales_daily.csv""},{""file"":""sales_daily.csv"",""line"":9,""date"":""2026-08-02"",""channel"":""MARKETPLACE"",""sku"":""B"",""actual_filename"":""sales_daily.csv""}]","","","",""
"decision-v1","scenario-v1","contribution-v1","golden-v1","92339086dd83c9a89ae5ac754bdbad2a30c215eb81213211b953451918ebfc48","f9c7f0abe4b1ba3759249887324f30b7d2ac873e7acf82a12c6fa32e19551a3b","2026-08-03","TWD","Asia/Taipei","product_amounts_excluding_tax_and_customer_shipping_income","1","current","{""start"":""2026-08-02"",""end"":""2026-08-02""}","{""kind"":""channel"",""channels"":[""MARKETPLACE""]}","same_days","1","1","fact","[""fact"",""golden-v1"",""2026-08-02"",""2026-08-02"",""channel"",[""MARKETPLACE""],null,""marketing_burden""]","","","marketing_burden","0.181818181818","[]","[""[\""fact\"",\""golden-v1\"",\""2026-08-02\"",\""2026-08-02\"",\""channel\"",[\""MARKETPLACE\""],null,\""marketing_burden\""]""]","[{""file"":""ad_spend_daily.csv"",""line"":5,""date"":""2026-08-02"",""channel"":""MARKETPLACE"",""actual_filename"":""ad_spend_daily.csv""},{""file"":""channel_costs_daily.csv"",""line"":5,""date"":""2026-08-02"",""channel"":""MARKETPLACE"",""actual_filename"":""channel_costs_daily.csv""},{""file"":""sales_daily.csv"",""line"":8,""date"":""2026-08-02"",""channel"":""MARKETPLACE"",""sku"":""A"",""actual_filename"":""sales_daily.csv""},{""file"":""sales_daily.csv"",""line"":9,""date"":""2026-08-02"",""channel"":""MARKETPLACE"",""sku"":""B"",""actual_filename"":""sales_daily.csv""}]","","","",""
"decision-v1","scenario-v1","contribution-v1","golden-v1","92339086dd83c9a89ae5ac754bdbad2a30c215eb81213211b953451918ebfc48","f9c7f0abe4b1ba3759249887324f30b7d2ac873e7acf82a12c6fa32e19551a3b","2026-08-03","TWD","Asia/Taipei","product_amounts_excluding_tax_and_customer_shipping_income","1","current","{""start"":""2026-08-02"",""end"":""2026-08-02""}","{""kind"":""sku"",""channels"":[""DTC""],""sku"":""A"",""category"":""HOME""}","same_days","1","1","fact","[""fact"",""golden-v1"",""2026-08-02"",""2026-08-02"",""sku"",[""DTC""],""A"",""gross_sales""]","","","gross_sales","1400.00","[]","[""[\""fact\"",\""golden-v1\"",\""2026-08-02\"",\""2026-08-02\"",\""sku\"",[\""DTC\""],\""A\"",\""gross_sales\""]""]","[{""file"":""sales_daily.csv"",""line"":6,""date"":""2026-08-02"",""channel"":""DTC"",""sku"":""A"",""actual_filename"":""sales_daily.csv""}]","","","",""
"decision-v1","scenario-v1","contribution-v1","golden-v1","92339086dd83c9a89ae5ac754bdbad2a30c215eb81213211b953451918ebfc48","f9c7f0abe4b1ba3759249887324f30b7d2ac873e7acf82a12c6fa32e19551a3b","2026-08-03","TWD","Asia/Taipei","product_amounts_excluding_tax_and_customer_shipping_income","1","current","{""start"":""2026-08-02"",""end"":""2026-08-02""}","{""kind"":""sku"",""channels"":[""DTC""],""sku"":""A"",""category"":""HOME""}","same_days","1","1","fact","[""fact"",""golden-v1"",""2026-08-02"",""2026-08-02"",""sku"",[""DTC""],""A"",""discounts""]","","","discounts","210.00","[]","[""[\""fact\"",\""golden-v1\"",\""2026-08-02\"",\""2026-08-02\"",\""sku\"",[\""DTC\""],\""A\"",\""discounts\""]""]","[{""file"":""sales_daily.csv"",""line"":6,""date"":""2026-08-02"",""channel"":""DTC"",""sku"":""A"",""actual_filename"":""sales_daily.csv""}]","","","",""
"decision-v1","scenario-v1","contribution-v1","golden-v1","92339086dd83c9a89ae5ac754bdbad2a30c215eb81213211b953451918ebfc48","f9c7f0abe4b1ba3759249887324f30b7d2ac873e7acf82a12c6fa32e19551a3b","2026-08-03","TWD","Asia/Taipei","product_amounts_excluding_tax_and_customer_shipping_income","1","current","{""start"":""2026-08-02"",""end"":""2026-08-02""}","{""kind"":""sku"",""channels"":[""DTC""],""sku"":""A"",""category"":""HOME""}","same_days","1","1","fact","[""fact"",""golden-v1"",""2026-08-02"",""2026-08-02"",""sku"",[""DTC""],""A"",""refunds""]","","","refunds","70.00","[]","[""[\""fact\"",\""golden-v1\"",\""2026-08-02\"",\""2026-08-02\"",\""sku\"",[\""DTC\""],\""A\"",\""refunds\""]""]","[{""file"":""sales_daily.csv"",""line"":6,""date"":""2026-08-02"",""channel"":""DTC"",""sku"":""A"",""actual_filename"":""sales_daily.csv""}]","","","",""
"decision-v1","scenario-v1","contribution-v1","golden-v1","92339086dd83c9a89ae5ac754bdbad2a30c215eb81213211b953451918ebfc48","f9c7f0abe4b1ba3759249887324f30b7d2ac873e7acf82a12c6fa32e19551a3b","2026-08-03","TWD","Asia/Taipei","product_amounts_excluding_tax_and_customer_shipping_income","1","current","{""start"":""2026-08-02"",""end"":""2026-08-02""}","{""kind"":""sku"",""channels"":[""DTC""],""sku"":""A"",""category"":""HOME""}","same_days","1","1","fact","[""fact"",""golden-v1"",""2026-08-02"",""2026-08-02"",""sku"",[""DTC""],""A"",""cogs_net""]","","","cogs_net","580.00","[]","[""[\""fact\"",\""golden-v1\"",\""2026-08-02\"",\""2026-08-02\"",\""sku\"",[\""DTC\""],\""A\"",\""cogs_net\""]""]","[{""file"":""sales_daily.csv"",""line"":6,""date"":""2026-08-02"",""channel"":""DTC"",""sku"":""A"",""actual_filename"":""sales_daily.csv""}]","","","",""
"decision-v1","scenario-v1","contribution-v1","golden-v1","92339086dd83c9a89ae5ac754bdbad2a30c215eb81213211b953451918ebfc48","f9c7f0abe4b1ba3759249887324f30b7d2ac873e7acf82a12c6fa32e19551a3b","2026-08-03","TWD","Asia/Taipei","product_amounts_excluding_tax_and_customer_shipping_income","1","current","{""start"":""2026-08-02"",""end"":""2026-08-02""}","{""kind"":""sku"",""channels"":[""DTC""],""sku"":""A"",""category"":""HOME""}","same_days","1","1","fact","[""fact"",""golden-v1"",""2026-08-02"",""2026-08-02"",""sku"",[""DTC""],""A"",""net_revenue""]","","","net_revenue","1120.00","[]","[""[\""fact\"",\""golden-v1\"",\""2026-08-02\"",\""2026-08-02\"",\""sku\"",[\""DTC\""],\""A\"",\""net_revenue\""]""]","[{""file"":""sales_daily.csv"",""line"":6,""date"":""2026-08-02"",""channel"":""DTC"",""sku"":""A"",""actual_filename"":""sales_daily.csv""}]","","","",""
"decision-v1","scenario-v1","contribution-v1","golden-v1","92339086dd83c9a89ae5ac754bdbad2a30c215eb81213211b953451918ebfc48","f9c7f0abe4b1ba3759249887324f30b7d2ac873e7acf82a12c6fa32e19551a3b","2026-08-03","TWD","Asia/Taipei","product_amounts_excluding_tax_and_customer_shipping_income","1","current","{""start"":""2026-08-02"",""end"":""2026-08-02""}","{""kind"":""sku"",""channels"":[""DTC""],""sku"":""A"",""category"":""HOME""}","same_days","1","1","fact","[""fact"",""golden-v1"",""2026-08-02"",""2026-08-02"",""sku"",[""DTC""],""A"",""gross_profit""]","","","gross_profit","540.00","[]","[""[\""fact\"",\""golden-v1\"",\""2026-08-02\"",\""2026-08-02\"",\""sku\"",[\""DTC\""],\""A\"",\""gross_profit\""]""]","[{""file"":""sales_daily.csv"",""line"":6,""date"":""2026-08-02"",""channel"":""DTC"",""sku"":""A"",""actual_filename"":""sales_daily.csv""}]","","","",""
"decision-v1","scenario-v1","contribution-v1","golden-v1","92339086dd83c9a89ae5ac754bdbad2a30c215eb81213211b953451918ebfc48","f9c7f0abe4b1ba3759249887324f30b7d2ac873e7acf82a12c6fa32e19551a3b","2026-08-03","TWD","Asia/Taipei","product_amounts_excluding_tax_and_customer_shipping_income","1","current","{""start"":""2026-08-02"",""end"":""2026-08-02""}","{""kind"":""sku"",""channels"":[""DTC""],""sku"":""A"",""category"":""HOME""}","same_days","1","1","fact","[""fact"",""golden-v1"",""2026-08-02"",""2026-08-02"",""sku"",[""DTC""],""A"",""gross_margin""]","","","gross_margin","0.482142857143","[]","[""[\""fact\"",\""golden-v1\"",\""2026-08-02\"",\""2026-08-02\"",\""sku\"",[\""DTC\""],\""A\"",\""gross_margin\""]""]","[{""file"":""sales_daily.csv"",""line"":6,""date"":""2026-08-02"",""channel"":""DTC"",""sku"":""A"",""actual_filename"":""sales_daily.csv""}]","","","",""
"decision-v1","scenario-v1","contribution-v1","golden-v1","92339086dd83c9a89ae5ac754bdbad2a30c215eb81213211b953451918ebfc48","f9c7f0abe4b1ba3759249887324f30b7d2ac873e7acf82a12c6fa32e19551a3b","2026-08-03","TWD","Asia/Taipei","product_amounts_excluding_tax_and_customer_shipping_income","1","current","{""start"":""2026-08-02"",""end"":""2026-08-02""}","{""kind"":""sku"",""channels"":[""DTC""],""sku"":""A"",""category"":""HOME""}","same_days","1","1","fact","[""fact"",""golden-v1"",""2026-08-02"",""2026-08-02"",""sku"",[""DTC""],""A"",""discount_rate""]","","","discount_rate","0.150000000000","[]","[""[\""fact\"",\""golden-v1\"",\""2026-08-02\"",\""2026-08-02\"",\""sku\"",[\""DTC\""],\""A\"",\""discount_rate\""]""]","[{""file"":""sales_daily.csv"",""line"":6,""date"":""2026-08-02"",""channel"":""DTC"",""sku"":""A"",""actual_filename"":""sales_daily.csv""}]","","","",""
"decision-v1","scenario-v1","contribution-v1","golden-v1","92339086dd83c9a89ae5ac754bdbad2a30c215eb81213211b953451918ebfc48","f9c7f0abe4b1ba3759249887324f30b7d2ac873e7acf82a12c6fa32e19551a3b","2026-08-03","TWD","Asia/Taipei","product_amounts_excluding_tax_and_customer_shipping_income","1","current","{""start"":""2026-08-02"",""end"":""2026-08-02""}","{""kind"":""sku"",""channels"":[""DTC""],""sku"":""A"",""category"":""HOME""}","same_days","1","1","fact","[""fact"",""golden-v1"",""2026-08-02"",""2026-08-02"",""sku"",[""DTC""],""A"",""refund_ratio""]","","","refund_ratio","0.058823529412","[]","[""[\""fact\"",\""golden-v1\"",\""2026-08-02\"",\""2026-08-02\"",\""sku\"",[\""DTC\""],\""A\"",\""refund_ratio\""]""]","[{""file"":""sales_daily.csv"",""line"":6,""date"":""2026-08-02"",""channel"":""DTC"",""sku"":""A"",""actual_filename"":""sales_daily.csv""}]","","","",""
"decision-v1","scenario-v1","contribution-v1","golden-v1","92339086dd83c9a89ae5ac754bdbad2a30c215eb81213211b953451918ebfc48","f9c7f0abe4b1ba3759249887324f30b7d2ac873e7acf82a12c6fa32e19551a3b","2026-08-03","TWD","Asia/Taipei","product_amounts_excluding_tax_and_customer_shipping_income","1","current","{""start"":""2026-08-02"",""end"":""2026-08-02""}","{""kind"":""sku"",""channels"":[""DTC""],""sku"":""B"",""category"":""CARE""}","same_days","1","1","fact","[""fact"",""golden-v1"",""2026-08-02"",""2026-08-02"",""sku"",[""DTC""],""B"",""gross_sales""]","","","gross_sales","400.00","[]","[""[\""fact\"",\""golden-v1\"",\""2026-08-02\"",\""2026-08-02\"",\""sku\"",[\""DTC\""],\""B\"",\""gross_sales\""]""]","[{""file"":""sales_daily.csv"",""line"":7,""date"":""2026-08-02"",""channel"":""DTC"",""sku"":""B"",""actual_filename"":""sales_daily.csv""}]","","","",""
"decision-v1","scenario-v1","contribution-v1","golden-v1","92339086dd83c9a89ae5ac754bdbad2a30c215eb81213211b953451918ebfc48","f9c7f0abe4b1ba3759249887324f30b7d2ac873e7acf82a12c6fa32e19551a3b","2026-08-03","TWD","Asia/Taipei","product_amounts_excluding_tax_and_customer_shipping_income","1","current","{""start"":""2026-08-02"",""end"":""2026-08-02""}","{""kind"":""sku"",""channels"":[""DTC""],""sku"":""B"",""category"":""CARE""}","same_days","1","1","fact","[""fact"",""golden-v1"",""2026-08-02"",""2026-08-02"",""sku"",[""DTC""],""B"",""discounts""]","","","discounts","20.00","[]","[""[\""fact\"",\""golden-v1\"",\""2026-08-02\"",\""2026-08-02\"",\""sku\"",[\""DTC\""],\""B\"",\""discounts\""]""]","[{""file"":""sales_daily.csv"",""line"":7,""date"":""2026-08-02"",""channel"":""DTC"",""sku"":""B"",""actual_filename"":""sales_daily.csv""}]","","","",""
"decision-v1","scenario-v1","contribution-v1","golden-v1","92339086dd83c9a89ae5ac754bdbad2a30c215eb81213211b953451918ebfc48","f9c7f0abe4b1ba3759249887324f30b7d2ac873e7acf82a12c6fa32e19551a3b","2026-08-03","TWD","Asia/Taipei","product_amounts_excluding_tax_and_customer_shipping_income","1","current","{""start"":""2026-08-02"",""end"":""2026-08-02""}","{""kind"":""sku"",""channels"":[""DTC""],""sku"":""B"",""category"":""CARE""}","same_days","1","1","fact","[""fact"",""golden-v1"",""2026-08-02"",""2026-08-02"",""sku"",[""DTC""],""B"",""refunds""]","","","refunds","20.00","[]","[""[\""fact\"",\""golden-v1\"",\""2026-08-02\"",\""2026-08-02\"",\""sku\"",[\""DTC\""],\""B\"",\""refunds\""]""]","[{""file"":""sales_daily.csv"",""line"":7,""date"":""2026-08-02"",""channel"":""DTC"",""sku"":""B"",""actual_filename"":""sales_daily.csv""}]","","","",""
"decision-v1","scenario-v1","contribution-v1","golden-v1","92339086dd83c9a89ae5ac754bdbad2a30c215eb81213211b953451918ebfc48","f9c7f0abe4b1ba3759249887324f30b7d2ac873e7acf82a12c6fa32e19551a3b","2026-08-03","TWD","Asia/Taipei","product_amounts_excluding_tax_and_customer_shipping_income","1","current","{""start"":""2026-08-02"",""end"":""2026-08-02""}","{""kind"":""sku"",""channels"":[""DTC""],""sku"":""B"",""category"":""CARE""}","same_days","1","1","fact","[""fact"",""golden-v1"",""2026-08-02"",""2026-08-02"",""sku"",[""DTC""],""B"",""cogs_net""]","","","cogs_net","160.00","[]","[""[\""fact\"",\""golden-v1\"",\""2026-08-02\"",\""2026-08-02\"",\""sku\"",[\""DTC\""],\""B\"",\""cogs_net\""]""]","[{""file"":""sales_daily.csv"",""line"":7,""date"":""2026-08-02"",""channel"":""DTC"",""sku"":""B"",""actual_filename"":""sales_daily.csv""}]","","","",""
"decision-v1","scenario-v1","contribution-v1","golden-v1","92339086dd83c9a89ae5ac754bdbad2a30c215eb81213211b953451918ebfc48","f9c7f0abe4b1ba3759249887324f30b7d2ac873e7acf82a12c6fa32e19551a3b","2026-08-03","TWD","Asia/Taipei","product_amounts_excluding_tax_and_customer_shipping_income","1","current","{""start"":""2026-08-02"",""end"":""2026-08-02""}","{""kind"":""sku"",""channels"":[""DTC""],""sku"":""B"",""category"":""CARE""}","same_days","1","1","fact","[""fact"",""golden-v1"",""2026-08-02"",""2026-08-02"",""sku"",[""DTC""],""B"",""net_revenue""]","","","net_revenue","360.00","[]","[""[\""fact\"",\""golden-v1\"",\""2026-08-02\"",\""2026-08-02\"",\""sku\"",[\""DTC\""],\""B\"",\""net_revenue\""]""]","[{""file"":""sales_daily.csv"",""line"":7,""date"":""2026-08-02"",""channel"":""DTC"",""sku"":""B"",""actual_filename"":""sales_daily.csv""}]","","","",""
"decision-v1","scenario-v1","contribution-v1","golden-v1","92339086dd83c9a89ae5ac754bdbad2a30c215eb81213211b953451918ebfc48","f9c7f0abe4b1ba3759249887324f30b7d2ac873e7acf82a12c6fa32e19551a3b","2026-08-03","TWD","Asia/Taipei","product_amounts_excluding_tax_and_customer_shipping_income","1","current","{""start"":""2026-08-02"",""end"":""2026-08-02""}","{""kind"":""sku"",""channels"":[""DTC""],""sku"":""B"",""category"":""CARE""}","same_days","1","1","fact","[""fact"",""golden-v1"",""2026-08-02"",""2026-08-02"",""sku"",[""DTC""],""B"",""gross_profit""]","","","gross_profit","200.00","[]","[""[\""fact\"",\""golden-v1\"",\""2026-08-02\"",\""2026-08-02\"",\""sku\"",[\""DTC\""],\""B\"",\""gross_profit\""]""]","[{""file"":""sales_daily.csv"",""line"":7,""date"":""2026-08-02"",""channel"":""DTC"",""sku"":""B"",""actual_filename"":""sales_daily.csv""}]","","","",""
"decision-v1","scenario-v1","contribution-v1","golden-v1","92339086dd83c9a89ae5ac754bdbad2a30c215eb81213211b953451918ebfc48","f9c7f0abe4b1ba3759249887324f30b7d2ac873e7acf82a12c6fa32e19551a3b","2026-08-03","TWD","Asia/Taipei","product_amounts_excluding_tax_and_customer_shipping_income","1","current","{""start"":""2026-08-02"",""end"":""2026-08-02""}","{""kind"":""sku"",""channels"":[""DTC""],""sku"":""B"",""category"":""CARE""}","same_days","1","1","fact","[""fact"",""golden-v1"",""2026-08-02"",""2026-08-02"",""sku"",[""DTC""],""B"",""gross_margin""]","","","gross_margin","0.555555555556","[]","[""[\""fact\"",\""golden-v1\"",\""2026-08-02\"",\""2026-08-02\"",\""sku\"",[\""DTC\""],\""B\"",\""gross_margin\""]""]","[{""file"":""sales_daily.csv"",""line"":7,""date"":""2026-08-02"",""channel"":""DTC"",""sku"":""B"",""actual_filename"":""sales_daily.csv""}]","","","",""
"decision-v1","scenario-v1","contribution-v1","golden-v1","92339086dd83c9a89ae5ac754bdbad2a30c215eb81213211b953451918ebfc48","f9c7f0abe4b1ba3759249887324f30b7d2ac873e7acf82a12c6fa32e19551a3b","2026-08-03","TWD","Asia/Taipei","product_amounts_excluding_tax_and_customer_shipping_income","1","current","{""start"":""2026-08-02"",""end"":""2026-08-02""}","{""kind"":""sku"",""channels"":[""DTC""],""sku"":""B"",""category"":""CARE""}","same_days","1","1","fact","[""fact"",""golden-v1"",""2026-08-02"",""2026-08-02"",""sku"",[""DTC""],""B"",""discount_rate""]","","","discount_rate","0.050000000000","[]","[""[\""fact\"",\""golden-v1\"",\""2026-08-02\"",\""2026-08-02\"",\""sku\"",[\""DTC\""],\""B\"",\""discount_rate\""]""]","[{""file"":""sales_daily.csv"",""line"":7,""date"":""2026-08-02"",""channel"":""DTC"",""sku"":""B"",""actual_filename"":""sales_daily.csv""}]","","","",""
"decision-v1","scenario-v1","contribution-v1","golden-v1","92339086dd83c9a89ae5ac754bdbad2a30c215eb81213211b953451918ebfc48","f9c7f0abe4b1ba3759249887324f30b7d2ac873e7acf82a12c6fa32e19551a3b","2026-08-03","TWD","Asia/Taipei","product_amounts_excluding_tax_and_customer_shipping_income","1","current","{""start"":""2026-08-02"",""end"":""2026-08-02""}","{""kind"":""sku"",""channels"":[""DTC""],""sku"":""B"",""category"":""CARE""}","same_days","1","1","fact","[""fact"",""golden-v1"",""2026-08-02"",""2026-08-02"",""sku"",[""DTC""],""B"",""refund_ratio""]","","","refund_ratio","0.052631578947","[]","[""[\""fact\"",\""golden-v1\"",\""2026-08-02\"",\""2026-08-02\"",\""sku\"",[\""DTC\""],\""B\"",\""refund_ratio\""]""]","[{""file"":""sales_daily.csv"",""line"":7,""date"":""2026-08-02"",""channel"":""DTC"",""sku"":""B"",""actual_filename"":""sales_daily.csv""}]","","","",""
"decision-v1","scenario-v1","contribution-v1","golden-v1","92339086dd83c9a89ae5ac754bdbad2a30c215eb81213211b953451918ebfc48","f9c7f0abe4b1ba3759249887324f30b7d2ac873e7acf82a12c6fa32e19551a3b","2026-08-03","TWD","Asia/Taipei","product_amounts_excluding_tax_and_customer_shipping_income","1","current","{""start"":""2026-08-02"",""end"":""2026-08-02""}","{""kind"":""sku"",""channels"":[""MARKETPLACE""],""sku"":""A"",""category"":""HOME""}","same_days","1","1","fact","[""fact"",""golden-v1"",""2026-08-02"",""2026-08-02"",""sku"",[""MARKETPLACE""],""A"",""gross_sales""]","","","gross_sales","800.00","[]","[""[\""fact\"",\""golden-v1\"",\""2026-08-02\"",\""2026-08-02\"",\""sku\"",[\""MARKETPLACE\""],\""A\"",\""gross_sales\""]""]","[{""file"":""sales_daily.csv"",""line"":8,""date"":""2026-08-02"",""channel"":""MARKETPLACE"",""sku"":""A"",""actual_filename"":""sales_daily.csv""}]","","","",""
"decision-v1","scenario-v1","contribution-v1","golden-v1","92339086dd83c9a89ae5ac754bdbad2a30c215eb81213211b953451918ebfc48","f9c7f0abe4b1ba3759249887324f30b7d2ac873e7acf82a12c6fa32e19551a3b","2026-08-03","TWD","Asia/Taipei","product_amounts_excluding_tax_and_customer_shipping_income","1","current","{""start"":""2026-08-02"",""end"":""2026-08-02""}","{""kind"":""sku"",""channels"":[""MARKETPLACE""],""sku"":""A"",""category"":""HOME""}","same_days","1","1","fact","[""fact"",""golden-v1"",""2026-08-02"",""2026-08-02"",""sku"",[""MARKETPLACE""],""A"",""discounts""]","","","discounts","120.00","[]","[""[\""fact\"",\""golden-v1\"",\""2026-08-02\"",\""2026-08-02\"",\""sku\"",[\""MARKETPLACE\""],\""A\"",\""discounts\""]""]","[{""file"":""sales_daily.csv"",""line"":8,""date"":""2026-08-02"",""channel"":""MARKETPLACE"",""sku"":""A"",""actual_filename"":""sales_daily.csv""}]","","","",""
"decision-v1","scenario-v1","contribution-v1","golden-v1","92339086dd83c9a89ae5ac754bdbad2a30c215eb81213211b953451918ebfc48","f9c7f0abe4b1ba3759249887324f30b7d2ac873e7acf82a12c6fa32e19551a3b","2026-08-03","TWD","Asia/Taipei","product_amounts_excluding_tax_and_customer_shipping_income","1","current","{""start"":""2026-08-02"",""end"":""2026-08-02""}","{""kind"":""sku"",""channels"":[""MARKETPLACE""],""sku"":""A"",""category"":""HOME""}","same_days","1","1","fact","[""fact"",""golden-v1"",""2026-08-02"",""2026-08-02"",""sku"",[""MARKETPLACE""],""A"",""refunds""]","","","refunds","40.00","[]","[""[\""fact\"",\""golden-v1\"",\""2026-08-02\"",\""2026-08-02\"",\""sku\"",[\""MARKETPLACE\""],\""A\"",\""refunds\""]""]","[{""file"":""sales_daily.csv"",""line"":8,""date"":""2026-08-02"",""channel"":""MARKETPLACE"",""sku"":""A"",""actual_filename"":""sales_daily.csv""}]","","","",""
"decision-v1","scenario-v1","contribution-v1","golden-v1","92339086dd83c9a89ae5ac754bdbad2a30c215eb81213211b953451918ebfc48","f9c7f0abe4b1ba3759249887324f30b7d2ac873e7acf82a12c6fa32e19551a3b","2026-08-03","TWD","Asia/Taipei","product_amounts_excluding_tax_and_customer_shipping_income","1","current","{""start"":""2026-08-02"",""end"":""2026-08-02""}","{""kind"":""sku"",""channels"":[""MARKETPLACE""],""sku"":""A"",""category"":""HOME""}","same_days","1","1","fact","[""fact"",""golden-v1"",""2026-08-02"",""2026-08-02"",""sku"",[""MARKETPLACE""],""A"",""cogs_net""]","","","cogs_net","360.00","[]","[""[\""fact\"",\""golden-v1\"",\""2026-08-02\"",\""2026-08-02\"",\""sku\"",[\""MARKETPLACE\""],\""A\"",\""cogs_net\""]""]","[{""file"":""sales_daily.csv"",""line"":8,""date"":""2026-08-02"",""channel"":""MARKETPLACE"",""sku"":""A"",""actual_filename"":""sales_daily.csv""}]","","","",""
"decision-v1","scenario-v1","contribution-v1","golden-v1","92339086dd83c9a89ae5ac754bdbad2a30c215eb81213211b953451918ebfc48","f9c7f0abe4b1ba3759249887324f30b7d2ac873e7acf82a12c6fa32e19551a3b","2026-08-03","TWD","Asia/Taipei","product_amounts_excluding_tax_and_customer_shipping_income","1","current","{""start"":""2026-08-02"",""end"":""2026-08-02""}","{""kind"":""sku"",""channels"":[""MARKETPLACE""],""sku"":""A"",""category"":""HOME""}","same_days","1","1","fact","[""fact"",""golden-v1"",""2026-08-02"",""2026-08-02"",""sku"",[""MARKETPLACE""],""A"",""net_revenue""]","","","net_revenue","640.00","[]","[""[\""fact\"",\""golden-v1\"",\""2026-08-02\"",\""2026-08-02\"",\""sku\"",[\""MARKETPLACE\""],\""A\"",\""net_revenue\""]""]","[{""file"":""sales_daily.csv"",""line"":8,""date"":""2026-08-02"",""channel"":""MARKETPLACE"",""sku"":""A"",""actual_filename"":""sales_daily.csv""}]","","","",""
"decision-v1","scenario-v1","contribution-v1","golden-v1","92339086dd83c9a89ae5ac754bdbad2a30c215eb81213211b953451918ebfc48","f9c7f0abe4b1ba3759249887324f30b7d2ac873e7acf82a12c6fa32e19551a3b","2026-08-03","TWD","Asia/Taipei","product_amounts_excluding_tax_and_customer_shipping_income","1","current","{""start"":""2026-08-02"",""end"":""2026-08-02""}","{""kind"":""sku"",""channels"":[""MARKETPLACE""],""sku"":""A"",""category"":""HOME""}","same_days","1","1","fact","[""fact"",""golden-v1"",""2026-08-02"",""2026-08-02"",""sku"",[""MARKETPLACE""],""A"",""gross_profit""]","","","gross_profit","280.00","[]","[""[\""fact\"",\""golden-v1\"",\""2026-08-02\"",\""2026-08-02\"",\""sku\"",[\""MARKETPLACE\""],\""A\"",\""gross_profit\""]""]","[{""file"":""sales_daily.csv"",""line"":8,""date"":""2026-08-02"",""channel"":""MARKETPLACE"",""sku"":""A"",""actual_filename"":""sales_daily.csv""}]","","","",""
"decision-v1","scenario-v1","contribution-v1","golden-v1","92339086dd83c9a89ae5ac754bdbad2a30c215eb81213211b953451918ebfc48","f9c7f0abe4b1ba3759249887324f30b7d2ac873e7acf82a12c6fa32e19551a3b","2026-08-03","TWD","Asia/Taipei","product_amounts_excluding_tax_and_customer_shipping_income","1","current","{""start"":""2026-08-02"",""end"":""2026-08-02""}","{""kind"":""sku"",""channels"":[""MARKETPLACE""],""sku"":""A"",""category"":""HOME""}","same_days","1","1","fact","[""fact"",""golden-v1"",""2026-08-02"",""2026-08-02"",""sku"",[""MARKETPLACE""],""A"",""gross_margin""]","","","gross_margin","0.437500000000","[]","[""[\""fact\"",\""golden-v1\"",\""2026-08-02\"",\""2026-08-02\"",\""sku\"",[\""MARKETPLACE\""],\""A\"",\""gross_margin\""]""]","[{""file"":""sales_daily.csv"",""line"":8,""date"":""2026-08-02"",""channel"":""MARKETPLACE"",""sku"":""A"",""actual_filename"":""sales_daily.csv""}]","","","",""
"decision-v1","scenario-v1","contribution-v1","golden-v1","92339086dd83c9a89ae5ac754bdbad2a30c215eb81213211b953451918ebfc48","f9c7f0abe4b1ba3759249887324f30b7d2ac873e7acf82a12c6fa32e19551a3b","2026-08-03","TWD","Asia/Taipei","product_amounts_excluding_tax_and_customer_shipping_income","1","current","{""start"":""2026-08-02"",""end"":""2026-08-02""}","{""kind"":""sku"",""channels"":[""MARKETPLACE""],""sku"":""A"",""category"":""HOME""}","same_days","1","1","fact","[""fact"",""golden-v1"",""2026-08-02"",""2026-08-02"",""sku"",[""MARKETPLACE""],""A"",""discount_rate""]","","","discount_rate","0.150000000000","[]","[""[\""fact\"",\""golden-v1\"",\""2026-08-02\"",\""2026-08-02\"",\""sku\"",[\""MARKETPLACE\""],\""A\"",\""discount_rate\""]""]","[{""file"":""sales_daily.csv"",""line"":8,""date"":""2026-08-02"",""channel"":""MARKETPLACE"",""sku"":""A"",""actual_filename"":""sales_daily.csv""}]","","","",""
"decision-v1","scenario-v1","contribution-v1","golden-v1","92339086dd83c9a89ae5ac754bdbad2a30c215eb81213211b953451918ebfc48","f9c7f0abe4b1ba3759249887324f30b7d2ac873e7acf82a12c6fa32e19551a3b","2026-08-03","TWD","Asia/Taipei","product_amounts_excluding_tax_and_customer_shipping_income","1","current","{""start"":""2026-08-02"",""end"":""2026-08-02""}","{""kind"":""sku"",""channels"":[""MARKETPLACE""],""sku"":""A"",""category"":""HOME""}","same_days","1","1","fact","[""fact"",""golden-v1"",""2026-08-02"",""2026-08-02"",""sku"",[""MARKETPLACE""],""A"",""refund_ratio""]","","","refund_ratio","0.058823529412","[]","[""[\""fact\"",\""golden-v1\"",\""2026-08-02\"",\""2026-08-02\"",\""sku\"",[\""MARKETPLACE\""],\""A\"",\""refund_ratio\""]""]","[{""file"":""sales_daily.csv"",""line"":8,""date"":""2026-08-02"",""channel"":""MARKETPLACE"",""sku"":""A"",""actual_filename"":""sales_daily.csv""}]","","","",""
"decision-v1","scenario-v1","contribution-v1","golden-v1","92339086dd83c9a89ae5ac754bdbad2a30c215eb81213211b953451918ebfc48","f9c7f0abe4b1ba3759249887324f30b7d2ac873e7acf82a12c6fa32e19551a3b","2026-08-03","TWD","Asia/Taipei","product_amounts_excluding_tax_and_customer_shipping_income","1","current","{""start"":""2026-08-02"",""end"":""2026-08-02""}","{""kind"":""sku"",""channels"":[""MARKETPLACE""],""sku"":""B"",""category"":""CARE""}","same_days","1","1","fact","[""fact"",""golden-v1"",""2026-08-02"",""2026-08-02"",""sku"",[""MARKETPLACE""],""B"",""gross_sales""]","","","gross_sales","500.00","[]","[""[\""fact\"",\""golden-v1\"",\""2026-08-02\"",\""2026-08-02\"",\""sku\"",[\""MARKETPLACE\""],\""B\"",\""gross_sales\""]""]","[{""file"":""sales_daily.csv"",""line"":9,""date"":""2026-08-02"",""channel"":""MARKETPLACE"",""sku"":""B"",""actual_filename"":""sales_daily.csv""}]","","","",""
"decision-v1","scenario-v1","contribution-v1","golden-v1","92339086dd83c9a89ae5ac754bdbad2a30c215eb81213211b953451918ebfc48","f9c7f0abe4b1ba3759249887324f30b7d2ac873e7acf82a12c6fa32e19551a3b","2026-08-03","TWD","Asia/Taipei","product_amounts_excluding_tax_and_customer_shipping_income","1","current","{""start"":""2026-08-02"",""end"":""2026-08-02""}","{""kind"":""sku"",""channels"":[""MARKETPLACE""],""sku"":""B"",""category"":""CARE""}","same_days","1","1","fact","[""fact"",""golden-v1"",""2026-08-02"",""2026-08-02"",""sku"",[""MARKETPLACE""],""B"",""discounts""]","","","discounts","100.00","[]","[""[\""fact\"",\""golden-v1\"",\""2026-08-02\"",\""2026-08-02\"",\""sku\"",[\""MARKETPLACE\""],\""B\"",\""discounts\""]""]","[{""file"":""sales_daily.csv"",""line"":9,""date"":""2026-08-02"",""channel"":""MARKETPLACE"",""sku"":""B"",""actual_filename"":""sales_daily.csv""}]","","","",""
"decision-v1","scenario-v1","contribution-v1","golden-v1","92339086dd83c9a89ae5ac754bdbad2a30c215eb81213211b953451918ebfc48","f9c7f0abe4b1ba3759249887324f30b7d2ac873e7acf82a12c6fa32e19551a3b","2026-08-03","TWD","Asia/Taipei","product_amounts_excluding_tax_and_customer_shipping_income","1","current","{""start"":""2026-08-02"",""end"":""2026-08-02""}","{""kind"":""sku"",""channels"":[""MARKETPLACE""],""sku"":""B"",""category"":""CARE""}","same_days","1","1","fact","[""fact"",""golden-v1"",""2026-08-02"",""2026-08-02"",""sku"",[""MARKETPLACE""],""B"",""refunds""]","","","refunds","50.00","[]","[""[\""fact\"",\""golden-v1\"",\""2026-08-02\"",\""2026-08-02\"",\""sku\"",[\""MARKETPLACE\""],\""B\"",\""refunds\""]""]","[{""file"":""sales_daily.csv"",""line"":9,""date"":""2026-08-02"",""channel"":""MARKETPLACE"",""sku"":""B"",""actual_filename"":""sales_daily.csv""}]","","","",""
"decision-v1","scenario-v1","contribution-v1","golden-v1","92339086dd83c9a89ae5ac754bdbad2a30c215eb81213211b953451918ebfc48","f9c7f0abe4b1ba3759249887324f30b7d2ac873e7acf82a12c6fa32e19551a3b","2026-08-03","TWD","Asia/Taipei","product_amounts_excluding_tax_and_customer_shipping_income","1","current","{""start"":""2026-08-02"",""end"":""2026-08-02""}","{""kind"":""sku"",""channels"":[""MARKETPLACE""],""sku"":""B"",""category"":""CARE""}","same_days","1","1","fact","[""fact"",""golden-v1"",""2026-08-02"",""2026-08-02"",""sku"",[""MARKETPLACE""],""B"",""cogs_net""]","","","cogs_net","225.00","[]","[""[\""fact\"",\""golden-v1\"",\""2026-08-02\"",\""2026-08-02\"",\""sku\"",[\""MARKETPLACE\""],\""B\"",\""cogs_net\""]""]","[{""file"":""sales_daily.csv"",""line"":9,""date"":""2026-08-02"",""channel"":""MARKETPLACE"",""sku"":""B"",""actual_filename"":""sales_daily.csv""}]","","","",""
"decision-v1","scenario-v1","contribution-v1","golden-v1","92339086dd83c9a89ae5ac754bdbad2a30c215eb81213211b953451918ebfc48","f9c7f0abe4b1ba3759249887324f30b7d2ac873e7acf82a12c6fa32e19551a3b","2026-08-03","TWD","Asia/Taipei","product_amounts_excluding_tax_and_customer_shipping_income","1","current","{""start"":""2026-08-02"",""end"":""2026-08-02""}","{""kind"":""sku"",""channels"":[""MARKETPLACE""],""sku"":""B"",""category"":""CARE""}","same_days","1","1","fact","[""fact"",""golden-v1"",""2026-08-02"",""2026-08-02"",""sku"",[""MARKETPLACE""],""B"",""net_revenue""]","","","net_revenue","350.00","[]","[""[\""fact\"",\""golden-v1\"",\""2026-08-02\"",\""2026-08-02\"",\""sku\"",[\""MARKETPLACE\""],\""B\"",\""net_revenue\""]""]","[{""file"":""sales_daily.csv"",""line"":9,""date"":""2026-08-02"",""channel"":""MARKETPLACE"",""sku"":""B"",""actual_filename"":""sales_daily.csv""}]","","","",""
"decision-v1","scenario-v1","contribution-v1","golden-v1","92339086dd83c9a89ae5ac754bdbad2a30c215eb81213211b953451918ebfc48","f9c7f0abe4b1ba3759249887324f30b7d2ac873e7acf82a12c6fa32e19551a3b","2026-08-03","TWD","Asia/Taipei","product_amounts_excluding_tax_and_customer_shipping_income","1","current","{""start"":""2026-08-02"",""end"":""2026-08-02""}","{""kind"":""sku"",""channels"":[""MARKETPLACE""],""sku"":""B"",""category"":""CARE""}","same_days","1","1","fact","[""fact"",""golden-v1"",""2026-08-02"",""2026-08-02"",""sku"",[""MARKETPLACE""],""B"",""gross_profit""]","","","gross_profit","125.00","[]","[""[\""fact\"",\""golden-v1\"",\""2026-08-02\"",\""2026-08-02\"",\""sku\"",[\""MARKETPLACE\""],\""B\"",\""gross_profit\""]""]","[{""file"":""sales_daily.csv"",""line"":9,""date"":""2026-08-02"",""channel"":""MARKETPLACE"",""sku"":""B"",""actual_filename"":""sales_daily.csv""}]","","","",""
"decision-v1","scenario-v1","contribution-v1","golden-v1","92339086dd83c9a89ae5ac754bdbad2a30c215eb81213211b953451918ebfc48","f9c7f0abe4b1ba3759249887324f30b7d2ac873e7acf82a12c6fa32e19551a3b","2026-08-03","TWD","Asia/Taipei","product_amounts_excluding_tax_and_customer_shipping_income","1","current","{""start"":""2026-08-02"",""end"":""2026-08-02""}","{""kind"":""sku"",""channels"":[""MARKETPLACE""],""sku"":""B"",""category"":""CARE""}","same_days","1","1","fact","[""fact"",""golden-v1"",""2026-08-02"",""2026-08-02"",""sku"",[""MARKETPLACE""],""B"",""gross_margin""]","","","gross_margin","0.357142857143","[]","[""[\""fact\"",\""golden-v1\"",\""2026-08-02\"",\""2026-08-02\"",\""sku\"",[\""MARKETPLACE\""],\""B\"",\""gross_margin\""]""]","[{""file"":""sales_daily.csv"",""line"":9,""date"":""2026-08-02"",""channel"":""MARKETPLACE"",""sku"":""B"",""actual_filename"":""sales_daily.csv""}]","","","",""
"decision-v1","scenario-v1","contribution-v1","golden-v1","92339086dd83c9a89ae5ac754bdbad2a30c215eb81213211b953451918ebfc48","f9c7f0abe4b1ba3759249887324f30b7d2ac873e7acf82a12c6fa32e19551a3b","2026-08-03","TWD","Asia/Taipei","product_amounts_excluding_tax_and_customer_shipping_income","1","current","{""start"":""2026-08-02"",""end"":""2026-08-02""}","{""kind"":""sku"",""channels"":[""MARKETPLACE""],""sku"":""B"",""category"":""CARE""}","same_days","1","1","fact","[""fact"",""golden-v1"",""2026-08-02"",""2026-08-02"",""sku"",[""MARKETPLACE""],""B"",""discount_rate""]","","","discount_rate","0.200000000000","[]","[""[\""fact\"",\""golden-v1\"",\""2026-08-02\"",\""2026-08-02\"",\""sku\"",[\""MARKETPLACE\""],\""B\"",\""discount_rate\""]""]","[{""file"":""sales_daily.csv"",""line"":9,""date"":""2026-08-02"",""channel"":""MARKETPLACE"",""sku"":""B"",""actual_filename"":""sales_daily.csv""}]","","","",""
"decision-v1","scenario-v1","contribution-v1","golden-v1","92339086dd83c9a89ae5ac754bdbad2a30c215eb81213211b953451918ebfc48","f9c7f0abe4b1ba3759249887324f30b7d2ac873e7acf82a12c6fa32e19551a3b","2026-08-03","TWD","Asia/Taipei","product_amounts_excluding_tax_and_customer_shipping_income","1","current","{""start"":""2026-08-02"",""end"":""2026-08-02""}","{""kind"":""sku"",""channels"":[""MARKETPLACE""],""sku"":""B"",""category"":""CARE""}","same_days","1","1","fact","[""fact"",""golden-v1"",""2026-08-02"",""2026-08-02"",""sku"",[""MARKETPLACE""],""B"",""refund_ratio""]","","","refund_ratio","0.125000000000","[]","[""[\""fact\"",\""golden-v1\"",\""2026-08-02\"",\""2026-08-02\"",\""sku\"",[\""MARKETPLACE\""],\""B\"",\""refund_ratio\""]""]","[{""file"":""sales_daily.csv"",""line"":9,""date"":""2026-08-02"",""channel"":""MARKETPLACE"",""sku"":""B"",""actual_filename"":""sales_daily.csv""}]","","","",""
