file,line,locator_kind,snippet,likely_batch,suggested_testid,status
tests/e2e/action-workspace.spec.ts,23,getByRole,"page.getByRole('button',{name:labels.ui.dashboard.validation.loadButton,exact:true})",V3-3,,V3-3 核對：定位器未變、仍有效（2026-10-06 E2E 全套通過）
tests/e2e/action-workspace.spec.ts,23,other,"page.getByLabel(labels.ui.dashboard.validation.datasetLabel,{exact:true})",V3-3,,V3-3 核對：定位器未變、仍有效（2026-10-06 E2E 全套通過）
tests/e2e/action-workspace.spec.ts,24,getByRole,"page.getByRole('dialog',{name:labels.ui.replacementDialog.heading,exact:true})",V3-3,,V3-3 核對：定位器未變、仍有效（2026-10-06 E2E 全套通過）
tests/e2e/action-workspace.spec.ts,24,getByRole,"dialog.getByRole('button',{name:labels.ui.replacementDialog.discardAndContinue,exact:true})",V3-3,,V3-3 核對：定位器未變、仍有效（2026-10-06 E2E 全套通過）
tests/e2e/action-workspace.spec.ts,25,getByRole,"page.getByRole('button',{name:label,exact:true})",V3-6,,V3-6 核對：定位器未變、仍有效（2026-10-07 E2E 全套 628／628 通過）
tests/e2e/action-workspace.spec.ts,27,getByRole,"card.getByRole('group',{name:aw.evidencePicker,exact:true})",V3-6,,V3-6 核對：定位器未變、仍有效（2026-10-07 E2E 全套 628／628 通過）
tests/e2e/action-workspace.spec.ts,28,locator-css,…const checkedEvidence=(card:Locator)=>evidenceList(card)locator('input[type=checkbox]:checked'),V3-5,,V3-5 已改寫（原片段已不在檔中；2026-10-07 E2E 全套通過）
tests/e2e/action-workspace.spec.ts,30,getByRole,"…-row-${code}`);await expect(row.locator(':scope > summary').getByRole('heading',{name:ruleHeadline(code)})",V3-6,,V3-6 已改寫（原片段已不在檔中；2026-10-07 E2E 全套 628／628 通過）
tests/e2e/action-workspace.spec.ts,30,locator-css,row.locator(':scope > summary'),V3-6,,V3-6 核對：定位器未變、仍有效（2026-10-07 E2E 全套 628／628 通過）
tests/e2e/action-workspace.spec.ts,30,locator-css,row.locator(':scope > summary h3'),V3-6,,V3-6 核對：定位器未變、仍有效（2026-10-07 E2E 全套 628／628 通過）
tests/e2e/action-workspace.spec.ts,32,other,"plan.getByLabel(label,{exact:true})",V3-6,,V3-6 核對：定位器未變、仍有效（2026-10-07 E2E 全套 628／628 通過）
tests/e2e/action-workspace.spec.ts,35,getByRole,"page.getByRole('button',{name:labels.nav.diagnosis.label,exact:true})",V3-3,nav-group-{id}／mobile-tabbar（V3-3 新增）,V3-3 已改寫（原片段已不在檔中；2026-10-06 E2E 全套通過）
tests/e2e/action-workspace.spec.ts,37,locator-css,diagnostic.locator('details.diagnosis-technical li code'),V3-5,,V3-5 核對：定位器未變、仍有效（2026-10-07 E2E 全套通過）
tests/e2e/action-workspace.spec.ts,38,getByRole,"diagnostic.getByRole('button',{name:labels.buttons.addToActions,exact:true})",V3-6,,V3-6 核對：定位器未變、仍有效（2026-10-07 E2E 全套 628／628 通過）
tests/e2e/action-workspace.spec.ts,44,getByRole,"page.getByRole('heading',{name:labels.sections.scenarioAssumptions,exact:true})",V3-6,,V3-6 核對：定位器未變、仍有效（2026-10-07 E2E 全套 628／628 通過）
tests/e2e/action-workspace.spec.ts,46,locator-css,…expect(await evidenceList(first)locator('label.evidence-option'),V3-6,,V3-6 已改寫（原片段已不在檔中；2026-10-07 E2E 全套 628／628 通過）
tests/e2e/action-workspace.spec.ts,48,other,"page.getByLabel(labels.ui.dashboard.filter.channel,{exact:true})",V3-3,,V3-3 核對：定位器未變、仍有效（2026-10-06 E2E 全套通過）
tests/e2e/action-workspace.spec.ts,48,other,"first.getByLabel(labels.actions.owner,{exact:true})",V3-6,,V3-6 核對：定位器未變、仍有效（2026-10-07 E2E 全套 628／628 通過）
tests/e2e/action-workspace.spec.ts,49,getByRole,"first.getByRole('button',{name:evidenceButton(aw.viewEvidenceItem,'2026-08-02',cmAfter)})",V3-5,,V3-5 核對：定位器未變、仍有效（2026-10-07 E2E 全套通過）
tests/e2e/action-workspace.spec.ts,50,getByRole,page.getByRole('dialog'),V3-6,,V3-6 核對：定位器未變、仍有效（2026-10-07 E2E 全套 628／628 通過）
tests/e2e/action-workspace.spec.ts,50,getByRole,page.getByRole('dialog'),V3-6,,V3-6 核對：定位器未變、仍有效（2026-10-07 E2E 全套 628／628 通過）
tests/e2e/action-workspace.spec.ts,50,locator-css,…await expect(page.getByRole('dialog')locator('p.number'),V3-6,,V3-6 已改寫（原片段已不在檔中；2026-10-07 E2E 全套 628／628 通過）
tests/e2e/action-workspace.spec.ts,51,getByRole,"page.getByRole('button',{name:labels.buttons.addAction,exact:true})",V3-6,,V3-6 核對：定位器未變、仍有效（2026-10-07 E2E 全套 628／628 通過）
tests/e2e/action-workspace.spec.ts,52,getByRole,"page.getByTestId(`action-${n}`).getByRole('button',{name:labels.buttons.pin,exact:true})",V3-6,,V3-6 核對：定位器未變、仍有效（2026-10-07 E2E 全套 628／628 通過）
tests/e2e/action-workspace.spec.ts,53,getByRole,"page.getByTestId('action-4').getByRole('button',{name:labels.buttons.pin,exact:true})",V3-6,,V3-6 核對：定位器未變、仍有效（2026-10-07 E2E 全套 628／628 通過）
tests/e2e/action-workspace.spec.ts,55,locator-css,storage.locator(':scope > summary'),V3-3,,V3-3 已改寫（原片段已不在檔中；2026-10-06 E2E 全套通過）
tests/e2e/action-workspace.spec.ts,56,locator-css,storage.locator(':scope > summary'),V3-3,,V3-3 已改寫（原片段已不在檔中；2026-10-06 E2E 全套通過）
tests/e2e/action-workspace.spec.ts,57,other,"storage.getByLabel(ws.selectBackupFile,{exact:true})",V3-3,,V3-3 核對：定位器未變、仍有效（2026-10-06 E2E 全套通過）
tests/e2e/action-workspace.spec.ts,58,getByRole,"page.getByRole('region',{name:ws.restorePreviewAria})",V3-7,,V3-7 核對：定位器未變、仍有效（2026-10-07 E2E 全套 644／644 通過）
tests/e2e/action-workspace.spec.ts,58,getByRole,"page.getByRole('button',{name:ws.applyRestore,exact:true})",V3-6,,V3-6 核對：定位器未變、仍有效（2026-10-07 E2E 全套 628／628 通過）
tests/e2e/action-workspace.spec.ts,61,getByRole,"page.getByRole('button',{name:labels.nav.actions.label,exact:true})",V3-3,nav-group-{id}／mobile-tabbar（V3-3 新增）,V3-3 已改寫（原片段已不在檔中；2026-10-06 E2E 全套通過）
tests/e2e/action-workspace.spec.ts,61,other,"first.getByLabel(labels.actions.owner,{exact:true})",V3-6,,V3-6 核對：定位器未變、仍有效（2026-10-07 E2E 全套 628／628 通過）
tests/e2e/action-workspace.spec.ts,68,getByRole,"page.getByRole('button',{name:labels.nav.scenarios.label,exact:true})",V3-3,nav-group-{id}／mobile-tabbar（V3-3 新增）,V3-3 已改寫（原片段已不在檔中；2026-10-06 E2E 全套通過）
tests/e2e/action-workspace.spec.ts,68,other,"page.getByLabel(labels.ui.dashboard.filter.channel,{exact:true})",V3-3,,V3-3 核對：定位器未變、仍有效（2026-10-06 E2E 全套通過）
tests/e2e/action-workspace.spec.ts,69,getByRole,"plan.getByRole('button',{name:labels.buttons.calculate,exact:true})",V3-6,,V3-6 核對：定位器未變、仍有效（2026-10-07 E2E 全套 628／628 通過）
tests/e2e/action-workspace.spec.ts,69,other,"plan.getByLabel(labels.ui.decisionWorkbench.planName,{exact:true})",V3-6,,V3-6 核對：定位器未變、仍有效（2026-10-07 E2E 全套 628／628 通過）
tests/e2e/action-workspace.spec.ts,69,other,"plan.getByLabel(labels.scenario.fulfillmentUnit.label,{exact:true})",V3-6,,V3-6 核對：定位器未變、仍有效（2026-10-07 E2E 全套 628／628 通過）
tests/e2e/action-workspace.spec.ts,69,other,"plan.getByLabel(labels.scenario.acceptAssumptions,{exact:true})",V3-6,,V3-6 已改寫（原片段已不在檔中；2026-10-07 E2E 全套 628／628 通過）
tests/e2e/action-workspace.spec.ts,70,getByRole,"page.getByRole('button',{name:labels.nav.diagnosis.label,exact:true})",V3-3,nav-group-{id}／mobile-tabbar（V3-3 新增）,V3-3 已改寫（原片段已不在檔中；2026-10-06 E2E 全套通過）
tests/e2e/action-workspace.spec.ts,70,getByRole,"…('diagnosis-list').locator('details.diagnosis-row').first().getByRole('button',{name:labels.buttons.addToActions,exact:true})",V3-5,diagnosis-row-{rule},V3-5 已改寫（原片段已不在檔中；2026-10-07 E2E 全套通過）
tests/e2e/action-workspace.spec.ts,70,locator-css,page.getByTestId('diagnosis-list').locator('details.diagnosis-row'),V3-5,diagnosis-row-{rule},V3-5 核對：定位器未變、仍有效（2026-10-07 E2E 全套通過）
tests/e2e/action-workspace.spec.ts,71,other,"action.getByLabel(label,{exact:true})",V3-6,,V3-6 核對：定位器未變、仍有效（2026-10-07 E2E 全套 628／628 通過）
tests/e2e/action-workspace.spec.ts,72,getByRole,"action.getByRole('button',{name:labels.buttons.confirm,exact:true})",V3-6,,V3-6 核對：定位器未變、仍有效（2026-10-07 E2E 全套 628／628 通過）
tests/e2e/action-workspace.spec.ts,73,getByRole,"page.getByRole('button',{name:labels.nav.overview.label,exact:true})",V3-3,nav-group-{id}／mobile-tabbar（V3-3 新增）,V3-3 已改寫（原片段已不在檔中；2026-10-06 E2E 全套通過）
tests/e2e/action-workspace.spec.ts,73,locator-css,choice.locator('option'),V3-6,,V3-6 核對：定位器未變、仍有效（2026-10-07 E2E 全套 628／628 通過）
tests/e2e/action-workspace.spec.ts,73,other,"page.getByLabel(fill(labels.ui.reviewWorkbench.scenarioSelect,{channel:'DTC'}),{exact:true})",V3-7,meeting-scenario-select-{channel},V3-7 核對：定位器未變、仍有效（2026-10-07 E2E 全套 644／644 通過）
tests/e2e/action-workspace.spec.ts,77,other,"page.getByLabel(labels.ui.dashboard.filter.channel,{exact:true})",V3-3,,V3-3 核對：定位器未變、仍有效（2026-10-06 E2E 全套通過）
tests/e2e/action-workspace.spec.ts,79,getByRole,"page.getByRole('button',{name:labels.buttons.updateMeetingSource,exact:true})",V3-7,,V3-7 核對：定位器未變、仍有效（2026-10-07 E2E 全套 644／644 通過）
tests/e2e/action-workspace.spec.ts,85,other,"page.getByLabel(labels.ui.dashboard.filter.channel,{exact:true})",V3-3,,V3-3 核對：定位器未變、仍有效（2026-10-06 E2E 全套通過）
tests/e2e/action-workspace.spec.ts,86,getByRole,"page.getByRole('button',{name:labels.nav.actions.label,exact:true})",V3-3,nav-group-{id}／mobile-tabbar（V3-3 新增）,V3-3 已改寫（原片段已不在檔中；2026-10-06 E2E 全套通過）
tests/e2e/action-workspace.spec.ts,86,getByRole,"page.getByRole('button',{name:labels.buttons.addAction,exact:true})",V3-6,,V3-6 核對：定位器未變、仍有效（2026-10-07 E2E 全套 628／628 通過）
tests/e2e/action-workspace.spec.ts,87,other,"card.getByLabel(labels.actions.problem,{exact:true})",V3-6,,V3-6 核對：定位器未變、仍有效（2026-10-07 E2E 全套 628／628 通過）
tests/e2e/action-workspace.spec.ts,89,getByRole,evidence.getByRole('checkbox'),V3-5,,V3-5 核對：定位器未變、仍有效（2026-10-07 E2E 全套通過）
tests/e2e/action-workspace.spec.ts,90,getByRole,"evidence.getByRole('searchbox',{name:labels.actions.searchEvidence,exact:true})",V3-6,,V3-6 核對：定位器未變、仍有效（2026-10-07 E2E 全套 628／628 通過）
tests/e2e/action-workspace.spec.ts,91,locator-css,evidence.locator('label.evidence-option'),V3-6,,V3-6 核對：定位器未變、仍有效（2026-10-07 E2E 全套 628／628 通過）
tests/e2e/action-workspace.spec.ts,93,getByRole,"evidence.getByRole('checkbox',{name:factText('2026-08-02','2026-08-02',cmAfter,'DTC','270.00'),exact:true})",V3-5,,V3-5 已改寫（原片段已不在檔中；2026-10-07 E2E 全套通過）
tests/e2e/action-workspace.spec.ts,95,getByRole,"evidence.getByRole('searchbox',{name:labels.actions.searchEvidence,exact:true})",V3-6,,V3-6 核對：定位器未變、仍有效（2026-10-07 E2E 全套 628／628 通過）
tests/e2e/action-workspace.spec.ts,96,getByRole,"card.getByRole('button',{name:labels.buttons.confirm,exact:true})",V3-6,,V3-6 核對：定位器未變、仍有效（2026-10-07 E2E 全套 628／628 通過）
tests/e2e/action-workspace.spec.ts,103,other,"page.getByLabel(labels.ui.dashboard.filter.channel,{exact:true})",V3-3,,V3-3 核對：定位器未變、仍有效（2026-10-06 E2E 全套通過）
tests/e2e/action-workspace.spec.ts,104,other,"card.getByLabel(label,{exact:true})",V3-6,,V3-6 核對：定位器未變、仍有效（2026-10-07 E2E 全套 628／628 通過）
tests/e2e/action-workspace.spec.ts,105,other,"card.getByLabel(labels.actions.status,{exact:true})",V3-6,,V3-6 核對：定位器未變、仍有效（2026-10-07 E2E 全套 628／628 通過）
tests/e2e/action-workspace.spec.ts,106,other,"card.getByLabel(labels.actions.progress,{exact:true})",V3-6,,V3-6 核對：定位器未變、仍有效（2026-10-07 E2E 全套 628／628 通過）
tests/e2e/action-workspace.spec.ts,108,other,"page.getByLabel(labels.ui.dashboard.filter.channel,{exact:true})",V3-3,,V3-3 核對：定位器未變、仍有效（2026-10-06 E2E 全套通過）
tests/e2e/action-workspace.spec.ts,109,other,"card.getByLabel(labels.actions.status,{exact:true})",V3-6,,V3-6 核對：定位器未變、仍有效（2026-10-07 E2E 全套 628／628 通過）
tests/e2e/action-workspace.spec.ts,110,other,"card.getByLabel(labels.actions.progress,{exact:true})",V3-6,,V3-6 核對：定位器未變、仍有效（2026-10-07 E2E 全套 628／628 通過）
tests/e2e/action-workspace.spec.ts,113,other,"card.getByLabel(labels.actions.status,{exact:true})",V3-6,,V3-6 核對：定位器未變、仍有效（2026-10-07 E2E 全套 628／628 通過）
tests/e2e/action-workspace.spec.ts,136,other,"…await expect(wizard(page).getByLabel(labels.importWizard.datasetName,{exact:true})",V3-8,,V3-8 核對：定位器已依新結構遷移或確認未變（2026-10-07 E2E 全套 680／680 通過）
tests/e2e/action-workspace.spec.ts,141,getByRole,"page.getByRole('button',{name:labels.nav.actions.label,exact:true})",V3-3,nav-group-{id}／mobile-tabbar（V3-3 新增）,V3-3 已改寫（原片段已不在檔中；2026-10-06 E2E 全套通過）
tests/e2e/action-workspace.spec.ts,142,other,"card.getByLabel(labels.actions.status,{exact:true})",V3-6,,V3-6 核對：定位器未變、仍有效（2026-10-07 E2E 全套 628／628 通過）
tests/e2e/action-workspace.spec.ts,142,other,"card.getByLabel(labels.actions.progress,{exact:true})",V3-6,,V3-6 核對：定位器未變、仍有效（2026-10-07 E2E 全套 628／628 通過）
tests/e2e/action-workspace.spec.ts,143,getByRole,"card.getByRole('button',{name:labels.buttons.rebind,exact:true})",V3-6,,V3-6 核對：定位器未變、仍有效（2026-10-07 E2E 全套 628／628 通過）
tests/e2e/action-workspace.spec.ts,143,getByRole,"card.getByRole('region',{name:aw.rebindRegion,exact:true})",V3-6,,V3-6 核對：定位器未變、仍有效（2026-10-07 E2E 全套 628／628 通過）
tests/e2e/action-workspace.spec.ts,144,locator-css,preview.locator('tbody tr'),V3-7,,V3-7 核對：定位器未變、仍有效（2026-10-07 E2E 全套 644／644 通過）
tests/e2e/action-workspace.spec.ts,144,locator-css,preview.locator('tbody'),V3-7,,V3-7 已改寫（原片段已不在檔中；2026-10-07 E2E 全套 644／644 通過）
tests/e2e/action-workspace.spec.ts,144,locator-css,preview.locator('tbody'),V3-7,,V3-7 已改寫（原片段已不在檔中；2026-10-07 E2E 全套 644／644 通過）
tests/e2e/action-workspace.spec.ts,145,getByRole,"preview.getByRole('button',{name:labels.buttons.cancel,exact:true})",V3-7,,V3-7 核對：定位器未變、仍有效（2026-10-07 E2E 全套 644／644 通過）
tests/e2e/action-workspace.spec.ts,147,getByRole,"card.getByRole('button',{name:labels.buttons.rebind,exact:true})",V3-6,,V3-6 核對：定位器未變、仍有效（2026-10-07 E2E 全套 628／628 通過）
tests/e2e/action-workspace.spec.ts,147,getByRole,"preview.getByRole('button',{name:aw.rebindCommit,exact:true})",V3-7,,V3-7 核對：定位器未變、仍有效（2026-10-07 E2E 全套 644／644 通過）
tests/e2e/action-workspace.spec.ts,152,getByRole,"card.getByRole('button',{name:evidenceButton(aw.viewHistoryEvidence)})",V3-5,,V3-5 核對：定位器未變、仍有效（2026-10-07 E2E 全套通過）
tests/e2e/action-workspace.spec.ts,152,getByRole,page.getByRole('dialog'),V3-6,,V3-6 核對：定位器未變、仍有效（2026-10-07 E2E 全套 628／628 通過）
tests/e2e/action-workspace.spec.ts,152,getByText,"card.getByText(fill(aw.historySummary,{n:2}),{exact:true})",V3-6,,V3-6 核對：定位器未變、仍有效（2026-10-07 E2E 全套 628／628 通過）
tests/e2e/action-workspace.spec.ts,152,locator-css,…oryEvidence)}).click();await expect(page.getByRole('dialog')locator('p.number'),V3-5,,V3-5 已改寫（原片段已不在檔中；2026-10-07 E2E 全套通過）
tests/e2e/action-workspace.spec.ts,160,other,"page.getByLabel(labels.ui.dashboard.filter.channel,{exact:true})",V3-3,,V3-3 核對：定位器未變、仍有效（2026-10-06 E2E 全套通過）
tests/e2e/action-workspace.spec.ts,161,getByRole,"page.getByRole('button',{name:labels.nav.actions.label,exact:true})",V3-3,nav-group-{id}／mobile-tabbar（V3-3 新增）,V3-3 已改寫（原片段已不在檔中；2026-10-06 E2E 全套通過）
tests/e2e/action-workspace.spec.ts,162,getByRole,"page.getByRole('heading',{name:labels.sections.actionBoard,exact:true})",V3-6,,V3-6 已改寫（原片段已不在檔中；2026-10-07 E2E 全套 628／628 通過）
tests/e2e/action-workspace.spec.ts,163,getByRole,"page.getByRole('button',{name:labels.buttons.addAction,exact:true})",V3-6,,V3-6 核對：定位器未變、仍有效（2026-10-07 E2E 全套 628／628 通過）
tests/e2e/action-workspace.spec.ts,166,getByRole,"card.getByRole('heading',{name:'看板改狀態',exact:true})",V3-2,,V3-2 核對：定位器未變、仍有效（2026-10-06 E2E 全套通過）
tests/e2e/action-workspace.spec.ts,166,other,"card.getByLabel(labels.actions.problem,{exact:true})",V3-6,,V3-6 核對：定位器未變、仍有效（2026-10-07 E2E 全套 628／628 通過）
tests/e2e/action-workspace.spec.ts,172,getByRole,"page.getByTestId('board-column-in_progress').getByRole('heading',{level:3})",V3-6,,V3-6 核對：定位器未變、仍有效（2026-10-07 E2E 全套 628／628 通過）
tests/e2e/action-workspace.spec.ts,180,other,"page.getByTestId('action-1').getByLabel(labels.actions.status,{exact:true})",V3-6,,V3-6 核對：定位器未變、仍有效（2026-10-07 E2E 全套 628／628 通過）
tests/e2e/ai.spec.ts,67,other,"…const consent = (page: Page) => panel(page).getByLabel(ai.consentLabel, { exact: true })",V3-5,,V3-5 已改寫（原片段已不在檔中；2026-10-07 E2E 全套通過）
tests/e2e/ai.spec.ts,68,getByRole,"…const send = (page: Page) => panel(page).getByRole(""button"", { name: ai.sendButton, exact: true })",V3-5,,V3-5 已改寫（原片段已不在檔中；2026-10-07 E2E 全套通過）
tests/e2e/ai.spec.ts,70,locator-css,"page.getByTestId(`kpi-${metric}`).locator("".kpi-value"")",V3-4,kpi-{metric},V3-4b 核對：定位器未變、仍有效（2026-10-06 E2E 全套通過）
tests/e2e/ai.spec.ts,73,getByRole,"page.getByRole(""button"", { name: labels.nav.diagnosis.label, exact: true })",V3-3,nav-group-{id}／mobile-tabbar（V3-3 新增）,V3-3 已改寫（原片段已不在檔中；2026-10-06 E2E 全套通過）
tests/e2e/ai.spec.ts,78,other,"page.getByLabel(labels.ui.dashboard.validation.datasetLabel, { exact: true })",V3-3,,V3-3 核對：定位器未變、仍有效（2026-10-06 E2E 全套通過）
tests/e2e/ai.spec.ts,81,getByRole,"page.getByRole(""button"", { name: labels.ui.dashboard.validation.loadButton, exact: true })",V3-3,,V3-3 核對：定位器未變、仍有效（2026-10-06 E2E 全套通過）
tests/e2e/ai.spec.ts,84,other,"page.getByLabel(labels.ui.dashboard.filter.channel, { exact: true })",V3-3,,V3-3 核對：定位器未變、仍有效（2026-10-06 E2E 全套通過）
tests/e2e/ai.spec.ts,92,locator-css,"advanced.locator(""summary"")",V3-5,,V3-5 核對：定位器未變、仍有效（2026-10-07 E2E 全套通過）
tests/e2e/ai.spec.ts,94,getByText,"advanced.getByText(title, { exact: true })",V3-5,,V3-5 核對：定位器未變、仍有效（2026-10-07 E2E 全套通過）
tests/e2e/ai.spec.ts,95,locator-css,"summary.locator("".."")",V3-5,,V3-5 核對：定位器未變、仍有效（2026-10-07 E2E 全套通過）
tests/e2e/ai.spec.ts,136,getByRole,"page.getByRole(""button"", { name: labels.nav.overview.label, exact: true })",V3-3,nav-group-{id}／mobile-tabbar（V3-3 新增）,V3-3 已改寫（原片段已不在檔中；2026-10-06 E2E 全套通過）
tests/e2e/ai.spec.ts,210,getByRole,"page.getByRole(""button"", { name: labels.nav.scenarios.label, exact: true })",V3-3,nav-group-{id}／mobile-tabbar（V3-3 新增）,V3-3 已改寫（原片段已不在檔中；2026-10-06 E2E 全套通過）
tests/e2e/ai.spec.ts,216,other,"card.getByLabel(label, { exact: true })",V3-5,,V3-5 核對：定位器未變、仍有效（2026-10-07 E2E 全套通過）
tests/e2e/ai.spec.ts,217,other,"card.getByLabel(labels.scenario.acceptAssumptions, { exact: true })",V3-6,,V3-6 已改寫（原片段已不在檔中；2026-10-07 E2E 全套 628／628 通過）
tests/e2e/ai.spec.ts,218,getByRole,"card.getByRole(""button"", { name: labels.buttons.calculate, exact: true })",V3-5,,V3-5 核對：定位器未變、仍有效（2026-10-07 E2E 全套通過）
tests/e2e/ai.spec.ts,228,locator-css,"page.getByTestId(""ai-facts-preview"").locator(""tbody tr"")",V3-7,,V3-7 核對：定位器未變、仍有效（2026-10-07 E2E 全套 644／644 通過）
tests/e2e/ai.spec.ts,264,getByRole,"page.getByTestId(""ai-live-result"").getByRole(""button"")",V3-5,,V3-5 核對：定位器未變、仍有效（2026-10-07 E2E 全套通過）
tests/e2e/ai.spec.ts,265,getByRole,"page.getByTestId(""ai-live-result"").getByRole(""button"", { name: fill(ai.viewEvidenceLink, { label: fill(ai.evidenceLabel, { metric: cmLabel, start: ""2026-08-02"", end: ""2026-08-02"" }) }), exact: true })",V3-5,,V3-5 核對：定位器未變、仍有效（2026-10-07 E2E 全套通過）
tests/e2e/ai.spec.ts,268,getByRole,"page.getByRole(""dialog"", { name: evidenceDialogName(fill(ai.evidenceTitle, { metric: cmLabel })), exact: true })",V3-5,,V3-5 核對：定位器未變、仍有效（2026-10-07 E2E 全套通過）
tests/e2e/ai.spec.ts,270,locator-css,"dialog.locator(""p.number"")",V3-5,,V3-5 核對：定位器未變、仍有效（2026-10-07 E2E 全套通過）
tests/e2e/ai.spec.ts,280,getByRole,"page.getByRole(""button"", { name: labels.nav.actions.label, exact: true })",V3-3,nav-group-{id}／mobile-tabbar（V3-3 新增）,V3-3 已改寫（原片段已不在檔中；2026-10-06 E2E 全套通過）
tests/e2e/ai.spec.ts,346,other,"…await expect(wizard(page).getByLabel(labels.importWizard.datasetName, { exact: true })",V3-8,,V3-8 核對：定位器已依新結構遷移或確認未變（2026-10-07 E2E 全套 680／680 通過）
tests/e2e/ai.spec.ts,347,other,"…await expect(wizard(page).getByLabel(channel, { exact: true })",V3-8,,V3-8 核對：定位器已依新結構遷移或確認未變（2026-10-07 E2E 全套 680／680 通過）
tests/e2e/ai.spec.ts,348,other,"…await expect(wizard(page).getByLabel(`${rawMarker}_MARKETPLACE`, { exact: true })",V3-8,,V3-8 核對：定位器已依新結構遷移或確認未變（2026-10-07 E2E 全套 680／680 通過）
tests/e2e/ai.spec.ts,357,other,"page.getByLabel(labels.ui.dashboard.filter.channel, { exact: true })",V3-3,,V3-3 核對：定位器未變、仍有效（2026-10-06 E2E 全套通過）
tests/e2e/ai.spec.ts,405,getByRole,"…await expect(panel(page).getByRole(""button"", { name: ai.cancelButton, exact: true })",V3-5,,V3-5 已改寫（原片段已不在檔中；2026-10-07 E2E 全套通過）
tests/e2e/ai.spec.ts,408,other,"page.getByLabel(labels.ui.dashboard.filter.channel, { exact: true })",V3-3,,V3-3 核對：定位器未變、仍有效（2026-10-06 E2E 全套通過）
tests/e2e/ai.spec.ts,417,other,"page.getByLabel(label, { exact: true })",V3-5,,V3-5 已改寫（原片段已不在檔中；2026-10-07 E2E 全套通過）
tests/e2e/ai.spec.ts,418,getByRole,"page.getByRole(""button"", { name: labels.buttons.apply, exact: true })",V3-5,,V3-5 已改寫（原片段已不在檔中；2026-10-07 E2E 全套通過）
tests/e2e/ai.spec.ts,442,getByRole,"…await panel(page).getByRole(""button"", { name: ai.cancelButton, exact: true })",V3-5,,V3-5 已改寫（原片段已不在檔中；2026-10-07 E2E 全套通過）
tests/e2e/import-guidance.spec.ts,26,getByRole,"form.getByRole(""button"", { name: copy.confirmAndCheck, exact: true })",V3-8,,V3-8 核對：定位器已依新結構遷移或確認未變（2026-10-07 E2E 全套 680／680 通過）
tests/e2e/import-guidance.spec.ts,27,other,"form.getByLabel(copy.datasetName, { exact: true })",V3-8,,V3-8 核對：定位器已依新結構遷移或確認未變（2026-10-07 E2E 全套 680／680 通過）
tests/e2e/import-guidance.spec.ts,30,locator-css,"form.locator("".confirm-list"")",V3-6,,V3-6 核對：定位器未變、仍有效（2026-10-07 E2E 全套 628／628 通過）
tests/e2e/import-guidance.spec.ts,31,locator-css,"form.locator("".confirm-list"")",V3-6,,V3-6 核對：定位器未變、仍有效（2026-10-07 E2E 全套 628／628 通過）
tests/e2e/import-guidance.spec.ts,32,getByRole,"form.getByRole(""checkbox"", { name: copy.amountConfirm, exact: true })",V3-8,,V3-8 核對：定位器已依新結構遷移或確認未變（2026-10-07 E2E 全套 680／680 通過）
tests/e2e/import-guidance.spec.ts,36,locator-css,"form.locator(""details"", { has: page.locator(""summary"", { hasText: copy.noFiles }) })",V3-8,,V3-8 核對：定位器已依新結構遷移或確認未變（2026-10-07 E2E 全套 680／680 通過）
tests/e2e/import-guidance.spec.ts,36,locator-css,"page.locator(""summary"", { hasText: copy.noFiles })",V3-8,,V3-8 核對：定位器已依新結構遷移或確認未變（2026-10-07 E2E 全套 680／680 通過）
tests/e2e/import-guidance.spec.ts,37,locator-css,"templates.locator("":scope > summary"")",V3-8,,V3-8 核對：定位器已依新結構遷移或確認未變（2026-10-07 E2E 全套 680／680 通過）
tests/e2e/import-guidance.spec.ts,39,getByRole,"…ator("".template-grid > div"", { hasText: copy.files.sales }).getByRole(""button"", { name: copy.templatesBlank, exact: true })",V3-8,,V3-8 核對：定位器已依新結構遷移或確認未變（2026-10-07 E2E 全套 680／680 通過）
tests/e2e/import-guidance.spec.ts,39,locator-css,"templates.locator("".template-grid > div"", { hasText: copy.files.sales })",V3-8,,V3-8 核對：定位器已依新結構遷移或確認未變（2026-10-07 E2E 全套 680／680 通過）
tests/e2e/import-guidance.spec.ts,48,other,"form.getByLabel(copy.coverageStart, { exact: true })",V3-8,,V3-8 核對：定位器已依新結構遷移或確認未變（2026-10-07 E2E 全套 680／680 通過）
tests/e2e/import-guidance.spec.ts,49,other,"form.getByLabel(copy.coverageEnd, { exact: true })",V3-8,,V3-8 核對：定位器已依新結構遷移或確認未變（2026-10-07 E2E 全套 680／680 通過）
tests/e2e/import-guidance.spec.ts,50,other,"form.getByLabel(""DTC"", { exact: true })",V3-8,,V3-8 核對：定位器已依新結構遷移或確認未變（2026-10-07 E2E 全套 680／680 通過）
tests/e2e/import-guidance.spec.ts,51,other,"form.getByLabel(""MARKETPLACE"", { exact: true })",V3-8,,V3-8 核對：定位器已依新結構遷移或確認未變（2026-10-07 E2E 全套 680／680 通過）
tests/e2e/import-guidance.spec.ts,52,getByRole,"proposal.getByRole(""checkbox"")",V3-8,,V3-8 核對：定位器已依新結構遷移或確認未變（2026-10-07 E2E 全套 680／680 通過）
tests/e2e/import-guidance.spec.ts,54,getByRole,"form.getByRole(""button"", { name: copy.back, exact: true })",V3-8,,V3-8 核對：定位器已依新結構遷移或確認未變（2026-10-07 E2E 全套 680／680 通過）
tests/e2e/import-guidance.spec.ts,58,other,"form.getByLabel(copy.comparisonMode, { exact: true })",V3-8,,V3-8 核對：定位器已依新結構遷移或確認未變（2026-10-07 E2E 全套 680／680 通過）
tests/e2e/import-guidance.spec.ts,67,getByRole,"page.getByRole(""button"", { name: labels.nav.overview.label, exact: true })",V3-3,nav-group-{id}／mobile-tabbar（V3-3 新增）,V3-3 已改寫（原片段已不在檔中；2026-10-06 E2E 全套通過）
tests/e2e/import-guidance.spec.ts,68,locator-css,"page.getByTestId(""kpi-contribution_after_marketing"").locator("".kpi-value"")",V3-4,kpi-{metric},V3-4b 核對：定位器未變、仍有效（2026-10-06 E2E 全套通過）
tests/e2e/import-guidance.spec.ts,84,getByRole,"form.getByRole(""radio"")",V3-8,,V3-8 核對：定位器已依新結構遷移或確認未變（2026-10-07 E2E 全套 680／680 通過）
tests/e2e/import-guidance.spec.ts,85,getByRole,"form.getByRole(""combobox"", { name: copy.basis.label, exact: true })",V3-3,,V3-3 核對：定位器未變、仍有效（2026-10-06 E2E 全套通過）
tests/e2e/import-guidance.spec.ts,88,getByRole,"form.getByRole(""alert"")",V3-8,,V3-8 核對：定位器已依新結構遷移或確認未變（2026-10-07 E2E 全套 680／680 通過）
tests/e2e/import-guidance.spec.ts,89,getByRole,"form.getByRole(""button"", { name: copy.confirmAndCheck, exact: true })",V3-8,,V3-8 核對：定位器已依新結構遷移或確認未變（2026-10-07 E2E 全套 680／680 通過）
tests/e2e/import-guidance.spec.ts,100,other,"conversion.getByLabel(copy.rateLabel, { exact: true })",V3-8,,V3-8 核對：定位器已依新結構遷移或確認未變（2026-10-07 E2E 全套 680／680 通過）
tests/e2e/import-guidance.spec.ts,124,getByRole,"form.getByRole(""button"", { name: copy.back, exact: true })",V3-8,,V3-8 核對：定位器已依新結構遷移或確認未變（2026-10-07 E2E 全套 680／680 通過）
tests/e2e/import-guidance.spec.ts,128,other,"form.getByLabel(copy.files.sales, { exact: true })",V3-8,,V3-8 核對：定位器已依新結構遷移或確認未變（2026-10-07 E2E 全套 680／680 通過）
tests/e2e/import-guidance.spec.ts,135,getByRole,"form.getByRole(""button"", { name: copy.confirmAndCheck, exact: true })",V3-8,,V3-8 核對：定位器已依新結構遷移或確認未變（2026-10-07 E2E 全套 680／680 通過）
tests/e2e/import-wizard-helpers.ts,14,getByRole,"…export const commitButton = (page: Page) => wizard(page).getByRole(""button"", { name: copy.commit, exact: true })",V3-8,,V3-8 核對：定位器已依新結構遷移或確認未變（2026-10-07 E2E 全套 680／680 通過）
tests/e2e/import-wizard-helpers.ts,18,getByRole,"page.getByRole(""button"", { name: labels.buttons.importData, exact: true })",V3-8,page-import／data-status-import,V3-8 核對：定位器已依新結構遷移或確認未變（2026-10-07 E2E 全套 680／680 通過）
tests/e2e/import-wizard-helpers.ts,23,other,"…for (const role of wizardRoles) await wizard(page).getByLabel(wizardFileLabels[role], { exact: true })",V3-8,,V3-8 核對：定位器已依新結構遷移或確認未變（2026-10-07 E2E 全套 680／680 通過）
tests/e2e/import-wizard-helpers.ts,28,locator-css,"…const advanced = wizard(page)locator(""details"", { has: page.locator(""summary"", { hasText: copy.advanced }) })",V3-8,,V3-8 核對：定位器已依新結構遷移或確認未變（2026-10-07 E2E 全套 680／680 通過）
tests/e2e/import-wizard-helpers.ts,28,locator-css,"page.locator(""summary"", { hasText: copy.advanced })",V3-8,,V3-8 核對：定位器已依新結構遷移或確認未變（2026-10-07 E2E 全套 680／680 通過）
tests/e2e/import-wizard-helpers.ts,29,locator-css,"advanced.locator("":scope > summary"")",V3-8,,V3-8 核對：定位器已依新結構遷移或確認未變（2026-10-07 E2E 全套 680／680 通過）
tests/e2e/import-wizard-helpers.ts,30,other,"advanced.getByLabel(copy.manifestLabel, { exact: true })",V3-8,,V3-8 核對：定位器已依新結構遷移或確認未變（2026-10-07 E2E 全套 680／680 通過）
tests/e2e/import-wizard-helpers.ts,31,getByRole,"advanced.getByRole(""status"")",V3-8,,V3-8 核對：定位器已依新結構遷移或確認未變（2026-10-07 E2E 全套 680／680 通過）
tests/e2e/import-wizard-helpers.ts,34,getByRole,"…await wizard(page).getByRole(""button"", { name: copy.next, exact: true })",V3-8,,V3-8 核對：定位器已依新結構遷移或確認未變（2026-10-07 E2E 全套 680／680 通過）
tests/e2e/import-wizard-helpers.ts,39,getByRole,"…ge.getByTestId(""import-step-2"").count()) await wizard(page).getByRole(""button"", { name: copy.confirmMapping, exact: true })",V3-8,,V3-8 核對：定位器已依新結構遷移或確認未變（2026-10-07 E2E 全套 680／680 通過）
tests/e2e/import-wizard-helpers.ts,43,other,"…await wizard(page).getByLabel(copy.basis[basis], { exact: true })",V3-8,,V3-8 核對：定位器已依新結構遷移或確認未變（2026-10-07 E2E 全套 680／680 通過）
tests/e2e/import-wizard-helpers.ts,46,other,"…bel, value] of Object.entries(settings)) await wizard(page).getByLabel(label, { exact: true })",V3-8,,V3-8 核對：定位器已依新結構遷移或確認未變（2026-10-07 E2E 全套 680／680 通過）
tests/e2e/import-wizard-helpers.ts,49,getByRole,"…await wizard(page).getByRole(""button"", { name: copy.confirmAndCheck, exact: true })",V3-8,,V3-8 核對：定位器已依新結構遷移或確認未變（2026-10-07 E2E 全套 680／680 通過）
tests/e2e/import-wizard-helpers.ts,72,getByRole,"…""import-step-1"").count()) === 0; step++) await wizard(page).getByRole(""button"", { name: copy.back, exact: true })",V3-8,,V3-8 核對：定位器已依新結構遷移或確認未變（2026-10-07 E2E 全套 680／680 通過）
tests/e2e/import-wizard.spec.ts,12,locator-css,"page.getByTestId(`kpi-${metric}`).locator("".kpi-value"")",V3-4,kpi-{metric},V3-4b 核對：定位器未變、仍有效（2026-10-06 E2E 全套通過）
tests/e2e/import-wizard.spec.ts,13,getByRole,"page.getByRole(""dialog"", { name: new RegExp(`${labels.sections.evidence}$`) })",V3-5,,V3-5 核對：定位器未變、仍有效（2026-10-07 E2E 全套通過）
tests/e2e/import-wizard.spec.ts,20,getByRole,"page.getByRole(""button"", { name: labels.buttons.importData, exact: true })",V3-8,page-import／data-status-import,V3-8 核對：定位器已依新結構遷移或確認未變（2026-10-07 E2E 全套 680／680 通過）
tests/e2e/import-wizard.spec.ts,23,getByRole,"…await count(() => wizard(page).getByRole(""button"", { name: copy.next, exact: true })",V3-8,,V3-8 核對：定位器已依新結構遷移或確認未變（2026-10-07 E2E 全套 680／680 通過）
tests/e2e/import-wizard.spec.ts,26,locator-css,"page.getByTestId(""import-stepper"").locator(""li"")",V3-8,,V3-8 核對：定位器已依新結構遷移或確認未變（2026-10-07 E2E 全套 680／680 通過）
tests/e2e/import-wizard.spec.ts,27,other,"…await expect(wizard(page).getByLabel(copy.coverageStart, { exact: true })",V3-8,,V3-8 核對：定位器已依新結構遷移或確認未變（2026-10-07 E2E 全套 680／680 通過）
tests/e2e/import-wizard.spec.ts,28,other,"…await expect(wizard(page).getByLabel(copy.dataAsOf, { exact: true })",V3-8,,V3-8 核對：定位器已依新結構遷移或確認未變（2026-10-07 E2E 全套 680／680 通過）
tests/e2e/import-wizard.spec.ts,29,other,"…await expect(wizard(page).getByLabel(labels.csvColumns.current_end, { exact: true })",V3-8,,V3-8 核對：定位器已依新結構遷移或確認未變（2026-10-07 E2E 全套 680／680 通過）
tests/e2e/import-wizard.spec.ts,30,other,"…await expect(wizard(page).getByLabel(""DTC"", { exact: true })",V3-8,,V3-8 核對：定位器已依新結構遷移或確認未變（2026-10-07 E2E 全套 680／680 通過）
tests/e2e/import-wizard.spec.ts,31,other,"…await expect(wizard(page).getByLabel(""MARKETPLACE"", { exact: true })",V3-8,,V3-8 核對：定位器已依新結構遷移或確認未變（2026-10-07 E2E 全套 680／680 通過）
tests/e2e/import-wizard.spec.ts,32,getByRole,"…await expect(wizard(page).getByRole(""button"", { name: copy.confirmAndCheck, exact: true })",V3-8,,V3-8 核對：定位器已依新結構遷移或確認未變（2026-10-07 E2E 全套 680／680 通過）
tests/e2e/import-wizard.spec.ts,33,other,"…await count(() => wizard(page).getByLabel(copy.basis.exclusive, { exact: true })",V3-8,,V3-8 核對：定位器已依新結構遷移或確認未變（2026-10-07 E2E 全套 680／680 通過）
tests/e2e/import-wizard.spec.ts,34,getByRole,"…await count(() => wizard(page).getByRole(""button"", { name: copy.confirmAndCheck, exact: true })",V3-8,,V3-8 核對：定位器已依新結構遷移或確認未變（2026-10-07 E2E 全套 680／680 通過）
tests/e2e/import-wizard.spec.ts,53,other,"conversion.getByLabel(copy.rateLabel, { exact: true })",V3-8,,V3-8 核對：定位器已依新結構遷移或確認未變（2026-10-07 E2E 全套 680／680 通過）
tests/e2e/import-wizard.spec.ts,54,other,"conversion.getByLabel(`${copy.files.sales} ${labels.metrics.cogs_net.label}`, { exact: true })",V3-4,,V3-4b 核對：定位器未變、仍有效（2026-10-06 E2E 全套通過）
tests/e2e/import-wizard.spec.ts,55,other,"conversion.getByLabel(`${copy.files.ads} ${labels.metrics.ad_spend.label}`, { exact: true })",V3-4,,V3-4b 核對：定位器未變、仍有效（2026-10-06 E2E 全套通過）
tests/e2e/import-wizard.spec.ts,68,locator-css,"page.getByTestId(""kpi-net_revenue"").locator("".kpi-value button"")",V3-4,kpi-{metric},V3-4b 核對：定位器未變、仍有效（2026-10-06 E2E 全套通過）
tests/e2e/import-wizard.spec.ts,71,getByRole,"…const sourceTable = drawer(page).getByRole(""region"", { name: labels.ui.evidenceDrawer.sourceTableAria })",V3-5,,V3-5 已改寫（原片段已不在檔中；2026-10-07 E2E 全套通過）
tests/e2e/import-wizard.spec.ts,74,locator-css,"sourceTable.locator("".converted-value"")",V3-8,,V3-8 核對：定位器已依新結構遷移或確認未變（2026-10-07 E2E 全套 680／680 通過）
tests/e2e/import-wizard.spec.ts,76,getByRole,"page.getByRole(""button"", { name: labels.nav.data.label, exact: true })",V3-3,nav-group-{id}／mobile-tabbar（V3-3 新增）,V3-3 已改寫（原片段已不在檔中；2026-10-06 E2E 全套通過）
tests/e2e/import-wizard.spec.ts,78,getByRole,"…[page.waitForEvent(""download""), (await openDownloads(page)).getByRole(""button"", { name: labels.downloads.analysisCsv, exact: true })",V3-3,,V3-3 已改寫（原片段已不在檔中；2026-10-06 E2E 全套通過）
tests/e2e/import-wizard.spec.ts,93,locator-css,"mapping.locator(""tbody tr"")",V3-8,,V3-8 核對：定位器已依新結構遷移或確認未變（2026-10-07 E2E 全套 680／680 通過）
tests/e2e/import-wizard.spec.ts,94,other,"mapping.getByLabel(`sales_daily.csv gross_sales 對應欄位`, { exact: true })",V3-2,,V3-2 核對：定位器未變、仍有效（2026-10-06 E2E 全套通過）
tests/e2e/import-wizard.spec.ts,106,other,"mapping.getByLabel(`sales_daily.csv gross_sales 對應欄位`, { exact: true })",V3-2,,V3-2 核對：定位器未變、仍有效（2026-10-06 E2E 全套通過）
tests/e2e/import-wizard.spec.ts,107,locator-css,"mapping.locator(""tbody tr"")",V3-8,,V3-8 核對：定位器已依新結構遷移或確認未變（2026-10-07 E2E 全套 680／680 通過）
tests/e2e/import-wizard.spec.ts,114,other,"…await wizard(page).getByLabel(wizardFileLabels[""sales_daily.csv""], { exact: true })",V3-8,,V3-8 核對：定位器已依新結構遷移或確認未變（2026-10-07 E2E 全套 680／680 通過）
tests/e2e/import-wizard.spec.ts,116,getByRole,"slot.getByRole(""alert"")",V3-8,,V3-8 核對：定位器已依新結構遷移或確認未變（2026-10-07 E2E 全套 680／680 通過）
tests/e2e/import-wizard.spec.ts,117,getByRole,"…await expect(wizard(page).getByRole(""button"", { name: copy.next, exact: true })",V3-8,,V3-8 核對：定位器已依新結構遷移或確認未變（2026-10-07 E2E 全套 680／680 通過）
tests/e2e/import-wizard.spec.ts,119,other,"…await wizard(page).getByLabel(wizardFileLabels[""ad_spend_daily.csv""], { exact: true })",V3-8,,V3-8 核對：定位器已依新結構遷移或確認未變（2026-10-07 E2E 全套 680／680 通過）
tests/e2e/import-wizard.spec.ts,120,getByRole,"page.getByTestId(""import-file-ad_spend_daily.csv"").getByRole(""alert"")",V3-8,,V3-8 核對：定位器已依新結構遷移或確認未變（2026-10-07 E2E 全套 680／680 通過）
tests/e2e/import-wizard.spec.ts,121,getByRole,"…await expect(wizard(page).getByRole(""button"", { name: copy.next, exact: true })",V3-8,,V3-8 核對：定位器已依新結構遷移或確認未變（2026-10-07 E2E 全套 680／680 通過）
tests/e2e/import-wizard.spec.ts,132,getByRole,"page.getByTestId(""import-order-level"").getByRole(""link"", { name: copy.orderLevelLink })",V3-8,,V3-8 核對：定位器已依新結構遷移或確認未變（2026-10-07 E2E 全套 680／680 通過）
tests/e2e/import-wizard.spec.ts,133,getByRole,"…await expect(wizard(page).getByRole(""button"", { name: copy.confirmMapping, exact: true })",V3-8,,V3-8 核對：定位器已依新結構遷移或確認未變（2026-10-07 E2E 全套 680／680 通過）
tests/e2e/import-wizard.spec.ts,134,getByRole,"…await wizard(page).getByRole(""button"", { name: copy.back, exact: true })",V3-8,,V3-8 核對：定位器已依新結構遷移或確認未變（2026-10-07 E2E 全套 680／680 通過）
tests/e2e/import-wizard.spec.ts,139,getByRole,"…await expect(wizard(page).getByRole(""alert"")",V3-8,,V3-8 核對：定位器已依新結構遷移或確認未變（2026-10-07 E2E 全套 680／680 通過）
tests/e2e/import-wizard.spec.ts,140,getByRole,"…await expect(wizard(page).getByRole(""button"", { name: copy.confirmAndCheck, exact: true })",V3-8,,V3-8 核對：定位器已依新結構遷移或確認未變（2026-10-07 E2E 全套 680／680 通過）
tests/e2e/import-wizard.spec.ts,142,getByRole,"…await expect(wizard(page).getByRole(""button"", { name: copy.confirmAndCheck, exact: true })",V3-8,,V3-8 核對：定位器已依新結構遷移或確認未變（2026-10-07 E2E 全套 680／680 通過）
tests/e2e/import-wizard.spec.ts,149,getByRole,"templates.getByRole(""link"", { name: labels.downloads.exampleTemplate.replace(""{file}"", copy.files.sales), exact: true })",V3-8,,V3-8 核對：定位器已依新結構遷移或確認未變（2026-10-07 E2E 全套 680／680 通過）
tests/e2e/import-wizard.spec.ts,154,getByRole,"templates.getByRole(""button"", { name: labels.downloads.blankTemplate.replace(""{file}"", copy.files.costs), exact: true })",V3-8,,V3-8 核對：定位器已依新結構遷移或確認未變（2026-10-07 E2E 全套 680／680 通過）
tests/e2e/import-wizard.spec.ts,167,locator-css,"page.locator("".dropzone"")",V3-8,,V3-8 核對：定位器已依新結構遷移或確認未變（2026-10-07 E2E 全套 680／680 通過）
tests/e2e/import-wizard.spec.ts,171,getByRole,"…await expect(page.locator("".dropzone"").getByRole(""status"")",V3-8,,V3-8 核對：定位器已依新結構遷移或確認未變（2026-10-07 E2E 全套 680／680 通過）
tests/e2e/import-wizard.spec.ts,171,locator-css,"page.locator("".dropzone"")",V3-8,,V3-8 核對：定位器已依新結構遷移或確認未變（2026-10-07 E2E 全套 680／680 通過）
tests/e2e/import-wizard.spec.ts,172,getByRole,"…await expect(wizard(page).getByRole(""button"", { name: copy.next, exact: true })",V3-8,,V3-8 核對：定位器已依新結構遷移或確認未變（2026-10-07 E2E 全套 680／680 通過）
tests/e2e/import-wizard.spec.ts,174,other,"…await wizard(page).getByLabel(wizardFileLabels[""sales_daily.csv""], { exact: true })",V3-8,,V3-8 核對：定位器已依新結構遷移或確認未變（2026-10-07 E2E 全套 680／680 通過）
tests/e2e/import.spec.ts,12,other,"page.getByLabel(labels.ui.dashboard.filter.channel, { exact: true })",V3-3,,V3-3 核對：定位器未變、仍有效（2026-10-06 E2E 全套通過）
tests/e2e/import.spec.ts,13,getByRole,"page.getByRole(""button"", { name: labels.nav[item].label, exact: true })",V3-3,,V3-3 已改寫（原片段已不在檔中；2026-10-06 E2E 全套通過）
tests/e2e/import.spec.ts,20,locator-css,"page.getByTestId(`kpi-${metric}`).locator("".kpi-value"")",V3-4,kpi-{metric},V3-4b 核對：定位器未變、仍有效（2026-10-06 E2E 全套通過）
tests/e2e/import.spec.ts,21,getByRole,"…const nextButton = (page: Page) => wizard(page).getByRole(""button"", { name: copy.next, exact: true })",V3-8,,V3-8 核對：定位器已依新結構遷移或確認未變（2026-10-07 E2E 全套 680／680 通過）
tests/e2e/import.spec.ts,22,getByRole,"…const confirmButton = (page: Page) => wizard(page).getByRole(""button"", { name: copy.confirmAndCheck, exact: true })",V3-8,,V3-8 核對：定位器已依新結構遷移或確認未變（2026-10-07 E2E 全套 680／680 通過）
tests/e2e/import.spec.ts,23,getByRole,"…const confirmMappingButton = (page: Page) => wizard(page).getByRole(""button"", { name: copy.confirmMapping, exact: true })",V3-8,,V3-8 核對：定位器已依新結構遷移或確認未變（2026-10-07 E2E 全套 680／680 通過）
tests/e2e/import.spec.ts,60,other,"…(expectedDatasetId !== undefined) await expect(wizard(page).getByLabel(copy.datasetName, { exact: true })",V3-8,,V3-8 核對：定位器已依新結構遷移或確認未變（2026-10-07 E2E 全套 680／680 通過）
tests/e2e/import.spec.ts,61,other,"… ""inclusive"", ""unsure""] as const) await expect(wizard(page).getByLabel(copy.basis[basis], { exact: true })",V3-8,,V3-8 核對：定位器已依新結構遷移或確認未變（2026-10-07 E2E 全套 680／680 通過）
tests/e2e/import.spec.ts,92,getByRole,"…await wizard(page).getByRole(""button"", { name: copy.cancel, exact: true })",V3-8,,V3-8 核對：定位器已依新結構遷移或確認未變（2026-10-07 E2E 全套 680／680 通過）
tests/e2e/import.spec.ts,141,locator-css,"page.locator(""img[src='x']"")",V3-8,,V3-8 核對：定位器已依新結構遷移或確認未變（2026-10-07 E2E 全套 680／680 通過）
tests/e2e/import.spec.ts,147,locator-css,"page.getByTestId(""import-stepper"").locator(""li"")",V3-8,,V3-8 核對：定位器已依新結構遷移或確認未變（2026-10-07 E2E 全套 680／680 通過）
tests/e2e/import.spec.ts,153,locator-css,"page.locator(""details"")",V3-8,,V3-8 核對：定位器已依新結構遷移或確認未變（2026-10-07 E2E 全套 680／680 通過）
tests/e2e/import.spec.ts,153,locator-css,"page.locator(""summary"", { hasText: fill(labels.ui.overview.dataTable, { title: labels.sections.trend }) })",V3-4,,V3-4b 核對：定位器未變、仍有效（2026-10-06 E2E 全套通過）
tests/e2e/import.spec.ts,154,locator-css,"weekly.locator(""summary"")",V3-8,,V3-8 核對：定位器已依新結構遷移或確認未變（2026-10-07 E2E 全套 680／680 通過）
tests/e2e/import.spec.ts,155,locator-css,"weekly.locator(""tbody tr"")",V3-3,,V3-3 核對：定位器未變、仍有效（2026-10-06 E2E 全套通過）
tests/e2e/import.spec.ts,156,locator-css,"weekly.locator(""tbody tr"")",V3-3,,V3-3 核對：定位器未變、仍有效（2026-10-06 E2E 全套通過）
tests/e2e/import.spec.ts,157,locator-css,"weekly.locator(""tbody tr"")",V3-3,,V3-3 核對：定位器未變、仍有效（2026-10-06 E2E 全套通過）
tests/e2e/import.spec.ts,158,locator-css,"page.locator("".bridge-total"")",V3-4,bridge-table／bridge-balance-check（V3-4 新增）,V3-4b 核對：定位器未變、仍有效（2026-10-06 E2E 全套通過）
tests/e2e/import.spec.ts,161,getByRole,"page.getByRole(""heading"", { name: ruleHeadline(""REV_UP_CM_DOWN"") })",V3-8,,V3-8 核對：定位器已依新結構遷移或確認未變（2026-10-07 E2E 全套 680／680 通過）
tests/e2e/import.spec.ts,162,getByRole,"page.getByRole(""heading"", { name: ruleHeadline(""NEGATIVE_CHANNEL_CM"") })",V3-8,,V3-8 核對：定位器已依新結構遷移或確認未變（2026-10-07 E2E 全套 680／680 通過）
tests/e2e/import.spec.ts,164,locator-css,"page.getByTestId(""product-table"").locator(""tbody tr"")",V3-5,,V3-5 核對：定位器未變、仍有效（2026-10-07 E2E 全套通過）
tests/e2e/import.spec.ts,168,locator-css,"page.locator(""img[src='x']"")",V3-8,,V3-8 核對：定位器已依新結構遷移或確認未變（2026-10-07 E2E 全套 680／680 通過）
tests/e2e/import.spec.ts,178,other,"…await expect(wizard(page).getByLabel(""DTC"", { exact: true })",V3-8,,V3-8 核對：定位器已依新結構遷移或確認未變（2026-10-07 E2E 全套 680／680 通過）
tests/e2e/import.spec.ts,179,other,"…await expect(wizard(page).getByLabel(""MARKETPLACE"", { exact: true })",V3-8,,V3-8 核對：定位器已依新結構遷移或確認未變（2026-10-07 E2E 全套 680／680 通過）
tests/e2e/import.spec.ts,184,other,"…bel, value] of Object.entries(settings)) await wizard(page).getByLabel(label, { exact: true })",V3-8,,V3-8 核對：定位器已依新結構遷移或確認未變（2026-10-07 E2E 全套 680／680 通過）
tests/e2e/import.spec.ts,185,other,"…lue] of Object.entries(settings)) await expect(wizard(page).getByLabel(label, { exact: true })",V3-8,,V3-8 核對：定位器已依新結構遷移或確認未變（2026-10-07 E2E 全套 680／680 通過）
tests/e2e/import.spec.ts,187,other,"… ""inclusive"", ""unsure""] as const) await expect(wizard(page).getByLabel(copy.basis[basis], { exact: true })",V3-8,,V3-8 核對：定位器已依新結構遷移或確認未變（2026-10-07 E2E 全套 680／680 通過）
tests/e2e/import.spec.ts,194,getByRole,"….parse(await downloadText(page, (await openDownloads(page)).getByRole(""button"", { name: labels.downloads.manifestJson, exact: true })",V3-3,,V3-3 已改寫（原片段已不在檔中；2026-10-06 E2E 全套通過）
tests/e2e/import.spec.ts,209,other,"…await expect(wizard(page).getByLabel(copy.coverageStart, { exact: true })",V3-8,,V3-8 核對：定位器已依新結構遷移或確認未變（2026-10-07 E2E 全套 680／680 通過）
tests/e2e/import.spec.ts,210,other,"…await expect(wizard(page).getByLabel(copy.coverageEnd, { exact: true })",V3-8,,V3-8 核對：定位器已依新結構遷移或確認未變（2026-10-07 E2E 全套 680／680 通過）
tests/e2e/import.spec.ts,226,getByRole,"…await expect(wizard(page).getByRole(""checkbox"", { name: copy.coverageConfirm })",V3-8,,V3-8 核對：定位器已依新結構遷移或確認未變（2026-10-07 E2E 全套 680／680 通過）
tests/e2e/import.spec.ts,227,getByRole,"…await expect(wizard(page).getByRole(""checkbox"", { name: copy.amountConfirm })",V3-8,,V3-8 核對：定位器已依新結構遷移或確認未變（2026-10-07 E2E 全套 680／680 通過）
tests/e2e/import.spec.ts,228,locator-css,"…await expect(wizard(page)locator("".confirm-list"")",V3-6,,V3-6 已改寫（原片段已不在檔中；2026-10-07 E2E 全套 628／628 通過）
tests/e2e/import.spec.ts,229,locator-css,"…await expect(wizard(page)locator("".confirm-list"")",V3-6,,V3-6 已改寫（原片段已不在檔中；2026-10-07 E2E 全套 628／628 通過）
tests/e2e/import.spec.ts,233,getByRole,"….parse(await downloadText(page, (await openDownloads(page)).getByRole(""button"", { name: labels.downloads.manifestJson, exact: true })",V3-3,,V3-3 已改寫（原片段已不在檔中；2026-10-06 E2E 全套通過）
tests/e2e/import.spec.ts,251,getByRole,"…const content = await downloadText(page, wizard(page).getByRole(""button"", { name: labels.downloads.issuesCsv, exact: true })",V3-8,,V3-8 核對：定位器已依新結構遷移或確認未變（2026-10-07 E2E 全套 680／680 通過）
tests/e2e/import.spec.ts,276,getByRole,"…ecords(await downloadText(page, (await openDownloads(page)).getByRole(""button"", { name: labels.downloads.analysisCsv, exact: true })",V3-3,,V3-3 已改寫（原片段已不在檔中；2026-10-06 E2E 全套通過）
tests/e2e/import.spec.ts,302,other,"…await wizard(page).getByLabel(wizardFileLabels[""sales_daily.csv""], { exact: true })",V3-8,,V3-8 核對：定位器已依新結構遷移或確認未變（2026-10-07 E2E 全套 680／680 通過）
tests/e2e/import.spec.ts,303,getByRole,"page.getByTestId(""import-file-sales_daily.csv"").getByRole(""alert"")",V3-8,,V3-8 核對：定位器已依新結構遷移或確認未變（2026-10-07 E2E 全套 680／680 通過）
tests/e2e/import.spec.ts,326,other,"card.getByLabel(mappingAria, { exact: true })",V3-8,,V3-8 核對：定位器已依新結構遷移或確認未變（2026-10-07 E2E 全套 680／680 通過）
tests/e2e/import.spec.ts,327,locator-css,"card.locator(""tbody tr"")",V3-3,,V3-3 核對：定位器未變、仍有效（2026-10-06 E2E 全套通過）
tests/e2e/import.spec.ts,327,other,"page.getByLabel(mappingAria, { exact: true })",V3-8,,V3-8 核對：定位器已依新結構遷移或確認未變（2026-10-07 E2E 全套 680／680 通過）
tests/e2e/import.spec.ts,337,locator-css,"mappingRow.locator("".samples"")",V3-8,,V3-8 核對：定位器已依新結構遷移或確認未變（2026-10-07 E2E 全套 680／680 通過）
tests/e2e/import.spec.ts,340,other,"card.getByLabel(fill(panel.ignoreAria, { file: ""sales_daily.csv"" }), { exact: true })",V3-8,,V3-8 核對：定位器已依新結構遷移或確認未變（2026-10-07 E2E 全套 680／680 通過）
tests/e2e/import.spec.ts,344,other,"…await expect(wizard(page).getByLabel(copy.datasetName, { exact: true })",V3-8,,V3-8 核對：定位器已依新結構遷移或確認未變（2026-10-07 E2E 全套 680／680 通過）
tests/e2e/import.spec.ts,354,getByRole,"…text = await downloadText(page, (await openDownloads(page)).getByRole(""button"", { name: labels.downloads.analysisCsv, exact: true })",V3-3,,V3-3 已改寫（原片段已不在檔中；2026-10-06 E2E 全套通過）
tests/e2e/import.spec.ts,376,locator-css,"page.locator(""img[src='x']"")",V3-8,,V3-8 核對：定位器已依新結構遷移或確認未變（2026-10-07 E2E 全套 680／680 通過）
tests/e2e/import.spec.ts,396,getByRole,"…ecords(await downloadText(page, (await openDownloads(page)).getByRole(""button"", { name: labels.downloads.analysisCsv, exact: true })",V3-3,,V3-3 已改寫（原片段已不在檔中；2026-10-06 E2E 全套通過）
tests/e2e/import.spec.ts,411,getByRole,"page.getByRole(""button"", { name: labels.downloads.productsCsv, exact: true })",V3-5,,V3-5 已改寫（原片段已不在檔中；2026-10-07 E2E 全套通過）
tests/e2e/import.spec.ts,419,other,"page.getByLabel(labels.csvColumns.category, { exact: true })",V3-8,,V3-8 核對：定位器已依新結構遷移或確認未變（2026-10-07 E2E 全套 680／680 通過）
tests/e2e/import.spec.ts,420,other,"page.getByLabel(labels.ui.productComparisonPanel.searchSku, { exact: true })",V3-5,,V3-5 核對：定位器未變、仍有效（2026-10-07 E2E 全套通過）
tests/e2e/import.spec.ts,421,locator-css,"page.getByTestId(""product-table"").locator(""tbody tr"")",V3-5,,V3-5 核對：定位器未變、仍有效（2026-10-07 E2E 全套通過）
tests/e2e/import.spec.ts,445,other,"…await expect(wizard(page).getByLabel(copy.datasetName, { exact: true })",V3-8,,V3-8 核對：定位器已依新結構遷移或確認未變（2026-10-07 E2E 全套 680／680 通過）
tests/e2e/import.spec.ts,446,other,"…await expect(wizard(page).getByLabel(""all"", { exact: true })",V3-8,,V3-8 核對：定位器已依新結構遷移或確認未變（2026-10-07 E2E 全套 680／680 通過）
tests/e2e/import.spec.ts,447,other,"…await expect(wizard(page).getByLabel(""MARKETPLACE"", { exact: true })",V3-8,,V3-8 核對：定位器已依新結構遷移或確認未變（2026-10-07 E2E 全套 680／680 通過）
tests/e2e/import.spec.ts,459,locator-css,"table.locator(""tbody tr"")",V3-3,,V3-3 核對：定位器未變、仍有效（2026-10-06 E2E 全套通過）
tests/e2e/import.spec.ts,460,getByRole,"table.getByRole(""row"")",V3-8,,V3-8 核對：定位器已依新結構遷移或確認未變（2026-10-07 E2E 全套 680／680 通過）
tests/e2e/import.spec.ts,460,getByRole,"page.getByRole(""rowheader"", { name: ""+TEST()"", exact: true })",V3-3,,V3-3 核對：定位器未變、仍有效（2026-10-06 E2E 全套通過）
tests/e2e/import.spec.ts,462,locator-css,"…page.getByLabel(labels.csvColumns.category, { exact: true })locator(""option"")",V3-8,,V3-8 核對：定位器已依新結構遷移或確認未變（2026-10-07 E2E 全套 680／680 通過）
tests/e2e/import.spec.ts,462,other,"page.getByLabel(labels.csvColumns.category, { exact: true })",V3-8,,V3-8 核對：定位器已依新結構遷移或確認未變（2026-10-07 E2E 全套 680／680 通過）
tests/e2e/import.spec.ts,464,other,"page.getByLabel(labels.ui.productComparisonPanel.searchSku, { exact: true })",V3-5,,V3-5 核對：定位器未變、仍有效（2026-10-07 E2E 全套通過）
tests/e2e/import.spec.ts,465,locator-css,"table.locator(""tbody tr"")",V3-3,,V3-3 核對：定位器未變、仍有效（2026-10-06 E2E 全套通過）
tests/e2e/import.spec.ts,469,getByRole,"page.getByRole(""button"", { name: labels.downloads.productsCsv, exact: true })",V3-5,,V3-5 已改寫（原片段已不在檔中；2026-10-07 E2E 全套通過）
tests/e2e/m6-acceptance.spec.ts,15,locator-css,"page.getByTestId(`kpi-${metric}`).locator("".kpi-value"")",V3-4,kpi-{metric},V3-4b 核對：定位器未變、仍有效（2026-10-06 E2E 全套通過）
tests/e2e/m6-acceptance.spec.ts,43,other,"…await expect(wizard(page).getByLabel(wizardCopy.datasetName, { exact: true })",V3-8,,V3-8 核對：定位器已依新結構遷移或確認未變（2026-10-07 E2E 全套 680／680 通過）
tests/e2e/m6-acceptance.spec.ts,47,getByText,"step.getByText(wizardCopy.amountConfirm, { exact: true })",V3-8,,V3-8 核對：定位器已依新結構遷移或確認未變（2026-10-07 E2E 全套 680／680 通過）
tests/e2e/m6-acceptance.spec.ts,48,getByRole,"step.getByRole(""checkbox"", { name: wizardCopy.amountConfirm })",V3-8,,V3-8 核對：定位器已依新結構遷移或確認未變（2026-10-07 E2E 全套 680／680 通過）
tests/e2e/m6-acceptance.spec.ts,49,getByRole,"…const confirm = wizard(page).getByRole(""button"", { name: wizardCopy.confirmAndCheck, exact: true })",V3-8,,V3-8 核對：定位器已依新結構遷移或確認未變（2026-10-07 E2E 全套 680／680 通過）
tests/e2e/m6-acceptance.spec.ts,69,getByRole,"page.getByRole(""button"", { name: labels.nav.scenarios.label, exact: true })",V3-3,nav-group-{id}／mobile-tabbar（V3-3 新增）,V3-3 已改寫（原片段已不在檔中；2026-10-06 E2E 全套通過）
tests/e2e/m6-acceptance.spec.ts,73,other,"card.getByLabel(scenarioCopy.planName, { exact: true })",V3-6,,V3-6 核對：定位器未變、仍有效（2026-10-07 E2E 全套 628／628 通過）
tests/e2e/m6-acceptance.spec.ts,74,other,"card.getByLabel(inputLabels[index], { exact: true })",V3-4,,V3-4b 核對：定位器未變、仍有效（2026-10-06 E2E 全套通過）
tests/e2e/m6-acceptance.spec.ts,75,other,"card.getByLabel(labels.scenario.acceptAssumptions, { exact: true })",V3-6,,V3-6 已改寫（原片段已不在檔中；2026-10-07 E2E 全套 628／628 通過）
tests/e2e/m6-acceptance.spec.ts,76,getByRole,"card.getByRole(""button"", { name: labels.buttons.calculate, exact: true })",V3-4,,V3-4b 核對：定位器未變、仍有效（2026-10-06 E2E 全套通過）
tests/e2e/m6-acceptance.spec.ts,80,getByRole,"page.getByRole(""button"", { name: decisionDownloadLabels[format], exact: true })",V3-6,,V3-6 已改寫（原片段已不在檔中；2026-10-07 E2E 全套 628／628 通過）
tests/e2e/m6-acceptance.spec.ts,141,other,"page.getByLabel(labels.ui.dashboard.filter.channel, { exact: true })",V3-3,,V3-3 核對：定位器未變、仍有效（2026-10-06 E2E 全套通過）
tests/e2e/m6-acceptance.spec.ts,144,getByRole,"page.getByRole(""button"", { name: labels.nav.diagnosis.label, exact: true })",V3-3,nav-group-{id}／mobile-tabbar（V3-3 新增）,V3-3 已改寫（原片段已不在檔中；2026-10-06 E2E 全套通過）
tests/e2e/m6-acceptance.spec.ts,146,getByRole,"page.getByTestId(""diagnosis-row-REV_UP_CM_DOWN"").getByRole(""heading"", { name: ruleHeadline(""REV_UP_CM_DOWN"") })",V3-5,,V3-5 核對：定位器未變、仍有效（2026-10-07 E2E 全套通過）
tests/e2e/m6-acceptance.spec.ts,147,getByRole,"page.getByTestId(""diagnosis-row-MARKETING_BURDEN_UP"").getByRole(""heading"", { name: ruleHeadline(""MARKETING_BURDEN_UP"") })",V3-5,,V3-5 核對：定位器未變、仍有效（2026-10-07 E2E 全套通過）
tests/e2e/m6-acceptance.spec.ts,154,getByRole,"page.getByRole(""button"", { name: labels.nav.actions.label, exact: true })",V3-3,nav-group-{id}／mobile-tabbar（V3-3 新增）,V3-3 已改寫（原片段已不在檔中；2026-10-06 E2E 全套通過）
tests/e2e/m6-acceptance.spec.ts,157,getByRole,"page.getByRole(""button"", { name: labels.buttons.addAction, exact: true })",V3-6,,V3-6 核對：定位器未變、仍有效（2026-10-07 E2E 全套 628／628 通過）
tests/e2e/m6-acceptance.spec.ts,160,other,"action.getByLabel(label, { exact: true })",V3-6,,V3-6 核對：定位器未變、仍有效（2026-10-07 E2E 全套 628／628 通過）
tests/e2e/m6-acceptance.spec.ts,162,getByRole,"action.getByTestId(""evidence-checklist"").getByRole(""checkbox"", { name: fill(actionCopy.factLabel, { start: ""2026-09-03"", end: ""2026-09-04"", metric: labels.metrics.contribution_after_marketing.label, scope: ""DTC"", scopeKind: labels.csvColumns.channel, value: ""40.00"" }), exact: true })",V3-6,,V3-6 已改寫（原片段已不在檔中；2026-10-07 E2E 全套 628／628 通過）
tests/e2e/m6-acceptance.spec.ts,167,locator-css,"action.getByTestId(""evidence-checklist"").locator(""input[type=checkbox]:checked"")",V3-6,,V3-6 核對：定位器未變、仍有效（2026-10-07 E2E 全套 628／628 通過）
tests/e2e/m6-acceptance.spec.ts,168,getByRole,"action.getByRole(""button"", { name: labels.buttons.confirm, exact: true })",V3-6,,V3-6 核對：定位器未變、仍有效（2026-10-07 E2E 全套 628／628 通過）
tests/e2e/m6-acceptance.spec.ts,200,locator-css,"page.locator(""img[src='x']"")",V3-4,,V3-4b 核對：定位器未變、仍有效（2026-10-06 E2E 全套通過）
tests/e2e/m6-acceptance.spec.ts,213,other,"page.getByLabel(labels.ui.dashboard.filter.channel, { exact: true })",V3-3,,V3-3 核對：定位器未變、仍有效（2026-10-06 E2E 全套通過）
tests/e2e/m6-acceptance.spec.ts,225,other,"other.getByLabel(labels.ui.dashboard.filter.channel, { exact: true })",V3-3,,V3-3 已改寫（原片段已不在檔中；2026-10-06 E2E 全套通過）
tests/e2e/m6-acceptance.spec.ts,234,getByRole,"other.getByRole(""button"", { name: labels.buttons.clear, exact: true })",V3-3,,V3-3 已改寫（原片段已不在檔中；2026-10-06 E2E 全套通過）
tests/e2e/m6-acceptance.spec.ts,235,getByRole,"other.getByRole(""button"", { name: labels.ui.replacementDialog.discardAndContinue, exact: true })",V3-3,,V3-3 已改寫（原片段已不在檔中；2026-10-06 E2E 全套通過）
tests/e2e/m6-acceptance.spec.ts,253,other,"page.getByLabel(labels.ui.dashboard.filter.channel, { exact: true })",V3-3,,V3-3 核對：定位器未變、仍有效（2026-10-06 E2E 全套通過）
tests/e2e/m6-acceptance.spec.ts,261,getByRole,"…const back = wizard(page).getByRole(""button"", { name: wizardCopy.back, exact: true })",V3-8,,V3-8 核對：定位器已依新結構遷移或確認未變（2026-10-07 E2E 全套 680／680 通過）
tests/e2e/m6-acceptance.spec.ts,264,other,"…await wizard(page).getByLabel(wizardCopy.datasetName, { exact: true })",V3-8,,V3-8 核對：定位器已依新結構遷移或確認未變（2026-10-07 E2E 全套 680／680 通過）
tests/e2e/m6-acceptance.spec.ts,267,locator-css,"page.getByTestId(""import-stepper"").locator(""li"")",V3-8,,V3-8 核對：定位器已依新結構遷移或確認未變（2026-10-07 E2E 全套 680／680 通過）
tests/e2e/m6-acceptance.spec.ts,276,other,"…await wizard(page).getByLabel(wizardCopy.files.sales, { exact: true })",V3-8,,V3-8 核對：定位器已依新結構遷移或確認未變（2026-10-07 E2E 全套 680／680 通過）
tests/e2e/m6-acceptance.spec.ts,279,getByRole,"salesSlot.getByRole(""alert"")",V3-4,,V3-4b 核對：定位器未變、仍有效（2026-10-06 E2E 全套通過）
tests/e2e/m6-acceptance.spec.ts,280,getByRole,"salesSlot.getByRole(""alert"")",V3-4,,V3-4b 核對：定位器未變、仍有效（2026-10-06 E2E 全套通過）
tests/e2e/m6-acceptance.spec.ts,280,locator-css,"…await expect(salesSlot.getByRole(""alert"")locator(""code"")",V3-4,,V3-4b 已改寫（原片段已不在檔中；2026-10-06 E2E 全套通過）
tests/e2e/m6-acceptance.spec.ts,281,getByRole,"…await expect(wizard(page).getByRole(""button"", { name: wizardCopy.next, exact: true })",V3-8,,V3-8 核對：定位器已依新結構遷移或確認未變（2026-10-07 E2E 全套 680／680 通過）
tests/e2e/m6-acceptance.spec.ts,282,getByRole,"…await expect(wizard(page).getByRole(""button"", { name: wizardCopy.confirmAndCheck, exact: true })",V3-8,,V3-8 核對：定位器已依新結構遷移或確認未變（2026-10-07 E2E 全套 680／680 通過）
tests/e2e/m6-acceptance.spec.ts,284,getByRole,"…await wizard(page).getByRole(""button"", { name: wizardCopy.cancel, exact: true })",V3-8,,V3-8 核對：定位器已依新結構遷移或確認未變（2026-10-07 E2E 全套 680／680 通過）
tests/e2e/m6-acceptance.spec.ts,287,getByRole,"page.getByRole(""button"", { name: labels.nav.scenarios.label, exact: true })",V3-3,nav-group-{id}／mobile-tabbar（V3-3 新增）,V3-3 已改寫（原片段已不在檔中；2026-10-06 E2E 全套通過）
tests/e2e/m6-acceptance.spec.ts,291,getByRole,"page.getByRole(""button"", { name: labels.nav.scenarios.label, exact: true })",V3-3,nav-group-{id}／mobile-tabbar（V3-3 新增）,V3-3 已改寫（原片段已不在檔中；2026-10-06 E2E 全套通過）
tests/e2e/manager-presentation.spec.ts,26,other,"page.getByLabel(validation.datasetLabel, { exact: true })",V3-3,,V3-3 核對：定位器未變、仍有效（2026-10-06 E2E 全套通過）
tests/e2e/manager-presentation.spec.ts,29,getByRole,"page.getByRole(""button"", { name: validation.loadButton, exact: true })",V3-3,,V3-3 核對：定位器未變、仍有效（2026-10-06 E2E 全套通過）
tests/e2e/manager-presentation.spec.ts,39,other,"page.getByLabel(validation.datasetLabel, { exact: true })",V3-3,,V3-3 核對：定位器未變、仍有效（2026-10-06 E2E 全套通過）
tests/e2e/manager-presentation.spec.ts,40,getByRole,"page.getByRole(""button"", { name: validation.loadButton, exact: true })",V3-3,,V3-3 核對：定位器未變、仍有效（2026-10-06 E2E 全套通過）
tests/e2e/manager-presentation.spec.ts,41,getByRole,"page.getByRole(""button"", { name: labels.buttons.loadDemo, exact: true })",V3-8,,V3-8 核對：定位器已依新結構遷移或確認未變（2026-10-07 E2E 全套 680／680 通過）
tests/e2e/manager-presentation.spec.ts,42,getByRole,"page.getByRole(""button"", { name: labels.buttons.importData, exact: true })",V3-8,page-import／data-status-import,V3-8 核對：定位器已依新結構遷移或確認未變（2026-10-07 E2E 全套 680／680 通過）
tests/e2e/manager-presentation.spec.ts,43,locator-css,"page.locator(""body"")",V3-3,,V3-3 核對：定位器未變、仍有效（2026-10-06 E2E 全套通過）
tests/e2e/manager-presentation.spec.ts,45,getByRole,"page.getByRole(""button"", { name: nav.validation.label, exact: true })",V3-3,,V3-3 已改寫（原片段已不在檔中；2026-10-06 E2E 全套通過）
tests/e2e/manager-presentation.spec.ts,48,getByRole,"page.getByRole(""button"", { name: nav.overview.label, exact: true })",V3-4,,V3-4b 已改寫（原片段已不在檔中；2026-10-06 E2E 全套通過）
tests/e2e/manager-presentation.spec.ts,53,getByRole,"page.getByRole(""heading"", { name: nav.validation.label, exact: true, level: 1 })",V3-3,,V3-3 核對：定位器未變、仍有效（2026-10-06 E2E 全套通過）
tests/e2e/manager-presentation.spec.ts,54,other,"page.getByLabel(validation.datasetLabel, { exact: true })",V3-3,,V3-3 核對：定位器未變、仍有效（2026-10-06 E2E 全套通過）
tests/e2e/manager-presentation.spec.ts,56,locator-css,"datasets.locator(""option"")",V3-7,,V3-7 核對：定位器未變、仍有效（2026-10-07 E2E 全套 644／644 通過）
tests/e2e/manager-presentation.spec.ts,58,getByRole,"page.getByRole(""button"", { name: validation.loadButton, exact: true })",V3-3,,V3-3 核對：定位器未變、仍有效（2026-10-06 E2E 全套通過）
tests/e2e/manager-presentation.spec.ts,61,getByRole,"page.getByRole(""button"", { name: nav.overview.label, exact: true })",V3-4,,V3-4b 已改寫（原片段已不在檔中；2026-10-06 E2E 全套通過）
tests/e2e/manager-presentation.spec.ts,63,getByRole,"page.getByRole(""button"", { name: labels.buttons.loadDemo, exact: true })",V3-8,,V3-8 核對：定位器已依新結構遷移或確認未變（2026-10-07 E2E 全套 680／680 通過）
tests/e2e/manager-presentation.spec.ts,70,getByRole,"page.getByRole(""heading"", { name: nav.overview.label, exact: true })",V3-4,,V3-4b 核對：定位器未變、仍有效（2026-10-06 E2E 全套通過）
tests/e2e/manager-presentation.spec.ts,71,other,"page.getByLabel(validation.datasetLabel, { exact: true })",V3-3,,V3-3 核對：定位器未變、仍有效（2026-10-06 E2E 全套通過）
tests/e2e/manager-presentation.spec.ts,75,getByRole,"page.getByRole(""heading"", { name: nav.overview.label, exact: true })",V3-4,,V3-4b 核對：定位器未變、仍有效（2026-10-06 E2E 全套通過）
tests/e2e/manager-presentation.spec.ts,78,other,"page.getByLabel(channelFilter, { exact: true })",V3-3,,V3-3 核對：定位器未變、仍有效（2026-10-06 E2E 全套通過）
tests/e2e/manager-presentation.spec.ts,82,getByRole,"page.getByRole(""main"")",V3-7,,V3-7 核對：定位器未變、仍有效（2026-10-07 E2E 全套 644／644 通過）
tests/e2e/manager-presentation.spec.ts,83,getByRole,"page.getByRole(""button"", { name: labels.ui.dashboard.errorState.back, exact: true })",V3-7,,V3-7 核對：定位器未變、仍有效（2026-10-07 E2E 全套 644／644 通過）
tests/e2e/manager-presentation.spec.ts,84,getByRole,"page.getByRole(""button"", { name: nav.overview.label, exact: true })",V3-4,,V3-4b 已改寫（原片段已不在檔中；2026-10-06 E2E 全套通過）
tests/e2e/manager-presentation.spec.ts,85,other,"page.getByLabel(channelFilter, { exact: true })",V3-3,,V3-3 核對：定位器未變、仍有效（2026-10-06 E2E 全套通過）
tests/e2e/manager-presentation.spec.ts,92,other,"page.getByLabel(channelFilter, { exact: true })",V3-3,,V3-3 核對：定位器未變、仍有效（2026-10-06 E2E 全套通過）
tests/e2e/manager-presentation.spec.ts,93,getByRole,"page.getByRole(""button"", { name: nav.scenarios.label, exact: true })",V3-6,,V3-6 已改寫（原片段已不在檔中；2026-10-07 E2E 全套 628／628 通過）
tests/e2e/manager-presentation.spec.ts,97,other,"scenario.getByLabel(labels.ui.decisionWorkbench.planName, { exact: true })",V3-6,,V3-6 核對：定位器未變、仍有效（2026-10-07 E2E 全套 628／628 通過）
tests/e2e/manager-presentation.spec.ts,98,other,"scenario.getByLabel(labels.scenario.volume.label, { exact: true })",V3-6,,V3-6 核對：定位器未變、仍有效（2026-10-07 E2E 全套 628／628 通過）
tests/e2e/manager-presentation.spec.ts,99,getByRole,"page.getByRole(""button"", { name: nav.actions.label, exact: true })",V3-6,,V3-6 已改寫（原片段已不在檔中；2026-10-07 E2E 全套 628／628 通過）
tests/e2e/manager-presentation.spec.ts,102,getByRole,"page.getByRole(""button"", { name: labels.buttons.addAction, exact: true })",V3-6,,V3-6 核對：定位器未變、仍有效（2026-10-07 E2E 全套 628／628 通過）
tests/e2e/manager-presentation.spec.ts,104,other,"action.getByLabel(labels.actions.problem, { exact: true })",V3-6,,V3-6 核對：定位器未變、仍有效（2026-10-07 E2E 全套 628／628 通過）
tests/e2e/manager-presentation.spec.ts,108,other,"page.getByLabel(validation.datasetLabel, { exact: true })",V3-3,,V3-3 核對：定位器未變、仍有效（2026-10-06 E2E 全套通過）
tests/e2e/manager-presentation.spec.ts,109,getByRole,"page.getByRole(""button"", { name: nav.actions.label, exact: true })",V3-6,,V3-6 已改寫（原片段已不在檔中；2026-10-07 E2E 全套 628／628 通過）
tests/e2e/manager-presentation.spec.ts,110,other,"page.getByLabel(channelFilter, { exact: true })",V3-3,,V3-3 核對：定位器未變、仍有效（2026-10-06 E2E 全套通過）
tests/e2e/manager-presentation.spec.ts,111,other,"action.getByLabel(labels.actions.problem, { exact: true })",V3-6,,V3-6 核對：定位器未變、仍有效（2026-10-07 E2E 全套 628／628 通過）
tests/e2e/manager-presentation.spec.ts,113,getByRole,"page.getByRole(""button"", { name: nav.scenarios.label, exact: true })",V3-6,,V3-6 已改寫（原片段已不在檔中；2026-10-07 E2E 全套 628／628 通過）
tests/e2e/manager-presentation.spec.ts,114,other,"scenario.getByLabel(labels.ui.decisionWorkbench.planName, { exact: true })",V3-6,,V3-6 核對：定位器未變、仍有效（2026-10-07 E2E 全套 628／628 通過）
tests/e2e/manager-presentation.spec.ts,115,other,"scenario.getByLabel(labels.scenario.volume.label, { exact: true })",V3-6,,V3-6 核對：定位器未變、仍有效（2026-10-07 E2E 全套 628／628 通過）
tests/e2e/manager-presentation.spec.ts,116,other,"scenario.getByLabel(labels.scenario.discount.label, { exact: true })",V3-6,,V3-6 核對：定位器未變、仍有效（2026-10-07 E2E 全套 628／628 通過）
tests/e2e/manager-presentation.spec.ts,123,getByRole,"page.getByRole(""button"", { name: nav.diagnosis.label, exact: true })",V3-5,,V3-5 已改寫（原片段已不在檔中；2026-10-07 E2E 全套通過）
tests/e2e/manager-presentation.spec.ts,125,locator-css,"page.getByTestId(""diagnosis-list"").locator(""details.diagnosis-row"")",V3-5,diagnosis-row-{rule},V3-5 核對：定位器未變、仍有效（2026-10-07 E2E 全套通過）
tests/e2e/manager-presentation.spec.ts,126,locator-css,"diagnostic.locator(""details.diagnosis-technical"")",V3-5,,V3-5 核對：定位器未變、仍有效（2026-10-07 E2E 全套通過）
tests/e2e/manager-presentation.spec.ts,127,locator-css,"technical.locator(""li code"")",V3-7,,V3-7 核對：定位器未變、仍有效（2026-10-07 E2E 全套 644／644 通過）
tests/e2e/manager-presentation.spec.ts,129,getByRole,"diagnostic.getByRole(""heading"", { level: 3 })",V3-7,,V3-7 核對：定位器未變、仍有效（2026-10-07 E2E 全套 644／644 通過）
tests/e2e/manager-presentation.spec.ts,130,locator-css,"diagnostic.locator("".diagnosis-copy"")",V3-5,,V3-5 核對：定位器未變、仍有效（2026-10-07 E2E 全套通過）
tests/e2e/manager-presentation.spec.ts,133,locator-css,"page.locator(""body"")",V3-3,,V3-3 核對：定位器未變、仍有效（2026-10-06 E2E 全套通過）
tests/e2e/manager-presentation.spec.ts,134,locator-css,"technical.locator("":scope > summary"")",V3-7,,V3-7 核對：定位器未變、仍有效（2026-10-07 E2E 全套 644／644 通過）
tests/e2e/manager-presentation.spec.ts,140,locator-css,"page.locator("".subtitle, .scope-note, .diagnosis-panel .note, .main-footer, .sidebar-note, .diagnosis-panel .tag, .diagnosis-row .scope-tag, .diagnosis-copy > div"")",V3-5,period-summary（V3-3 新增）,V3-5 已改寫（原片段已不在檔中；2026-10-07 E2E 全套通過）
tests/e2e/manager-summary.spec.ts,22,getByRole,"page.getByTestId(""meeting-outputs"").getByRole(""button"", { name, exact: true })",V3-7,,V3-7 已改寫（原片段已不在檔中；2026-10-07 E2E 全套 644／644 通過）
tests/e2e/manager-summary.spec.ts,38,other,"page.getByLabel(labels.ui.dashboard.validation.datasetLabel, { exact: true })",V3-3,,V3-3 核對：定位器未變、仍有效（2026-10-06 E2E 全套通過）
tests/e2e/manager-summary.spec.ts,39,getByRole,"page.getByRole(""button"", { name: labels.ui.dashboard.validation.loadButton, exact: true })",V3-3,,V3-3 核對：定位器未變、仍有效（2026-10-06 E2E 全套通過）
tests/e2e/manager-summary.spec.ts,50,getByRole,"summary.getByRole(""button"", { name: changeTitle([""DTC"", ""MARKETPLACE""], netRevenue), exact: true })",V3-7,,V3-7 核對：定位器未變、仍有效（2026-10-07 E2E 全套 644／644 通過）
tests/e2e/manager-summary.spec.ts,51,getByRole,"summary.getByRole(""button"", { name: changeTitle([""DTC"", ""MARKETPLACE""], contribution), exact: true })",V3-7,,V3-7 核對：定位器未變、仍有效（2026-10-07 E2E 全套 644／644 通過）
tests/e2e/manager-summary.spec.ts,53,getByRole,"summary.getByRole(""row"")",V3-7,,V3-7 已改寫（原片段已不在檔中；2026-10-07 E2E 全套 644／644 通過）
tests/e2e/manager-summary.spec.ts,53,getByRole,"page.getByRole(""rowheader"", { name: /^MARKETPLACE/ })",V3-3,,V3-3 核對：定位器未變、仍有效（2026-10-06 E2E 全套通過）
tests/e2e/manager-summary.spec.ts,59,getByRole,"page.getByRole(""dialog"")",V3-7,,V3-7 核對：定位器未變、仍有效（2026-10-07 E2E 全套 644／644 通過）
tests/e2e/manager-summary.spec.ts,60,getByRole,"page.getByRole(""dialog"")",V3-7,,V3-7 核對：定位器未變、仍有效（2026-10-07 E2E 全套 644／644 通過）
tests/e2e/manager-summary.spec.ts,61,getByRole,"page.getByRole(""dialog"")",V3-7,,V3-7 核對：定位器未變、仍有效（2026-10-07 E2E 全套 644／644 通過）
tests/e2e/manager-summary.spec.ts,61,getByRole,"…await page.getByRole(""dialog"").getByRole(""button"", { name: labels.buttons.close, exact: true })",V3-7,,V3-7 已改寫（原片段已不在檔中；2026-10-07 E2E 全套 644／644 通過）
tests/e2e/manager-summary.spec.ts,62,other,summary.getByLabel(labels.meeting.threshold),V3-7,threshold-form-overview／threshold-form-meeting,V3-7 核對：定位器未變、仍有效（2026-10-07 E2E 全套 644／644 通過）
tests/e2e/manager-summary.spec.ts,63,getByRole,"summary.getByRole(""button"", { name: labels.buttons.apply, exact: true })",V3-7,,V3-7 核對：定位器未變、仍有效（2026-10-07 E2E 全套 644／644 通過）
tests/e2e/manager-summary.spec.ts,66,other,summary.getByLabel(labels.meeting.threshold),V3-7,threshold-form-overview／threshold-form-meeting,V3-7 核對：定位器未變、仍有效（2026-10-07 E2E 全套 644／644 通過）
tests/e2e/manager-summary.spec.ts,67,getByRole,"summary.getByRole(""button"", { name: labels.buttons.apply, exact: true })",V3-7,,V3-7 核對：定位器未變、仍有效（2026-10-07 E2E 全套 644／644 通過）
tests/e2e/manager-summary.spec.ts,68,getByRole,"summary.getByRole(""alert"")",V3-7,,V3-7 核對：定位器未變、仍有效（2026-10-07 E2E 全套 644／644 通過）
tests/e2e/manager-summary.spec.ts,69,other,summary.getByLabel(labels.meeting.threshold),V3-7,threshold-form-overview／threshold-form-meeting,V3-7 核對：定位器未變、仍有效（2026-10-07 E2E 全套 644／644 通過）
tests/e2e/manager-summary.spec.ts,70,getByRole,"summary.getByRole(""button"", { name: labels.buttons.apply, exact: true })",V3-7,,V3-7 核對：定位器未變、仍有效（2026-10-07 E2E 全套 644／644 通過）
tests/e2e/manager-summary.spec.ts,78,other,"page.getByLabel(labels.ui.dashboard.filter.channel, { exact: true })",V3-3,,V3-3 核對：定位器未變、仍有效（2026-10-06 E2E 全套通過）
tests/e2e/manager-summary.spec.ts,79,getByRole,"summary.getByRole(""button"", { name: changeTitle([""DTC"", ""MARKETPLACE""], contribution), exact: true })",V3-7,,V3-7 核對：定位器未變、仍有效（2026-10-07 E2E 全套 644／644 通過）
tests/e2e/manager-summary.spec.ts,80,getByRole,"page.getByRole(""button"", { name: labels.buttons.updateMeetingSource, exact: true })",V3-7,,V3-7 核對：定位器未變、仍有效（2026-10-07 E2E 全套 644／644 通過）
tests/e2e/manager-summary.spec.ts,81,getByRole,"summary.getByRole(""button"", { name: changeTitle([""DTC""], contribution), exact: true })",V3-7,,V3-7 核對：定位器未變、仍有效（2026-10-07 E2E 全套 644／644 通過）
tests/e2e/manager-summary.spec.ts,82,getByRole,"summary.getByRole(""rowheader"", { name: /MARKETPLACE/ })",V3-3,,V3-3 核對：定位器未變、仍有效（2026-10-06 E2E 全套通過）
tests/e2e/manager-summary.spec.ts,97,other,summary.getByLabel(labels.meeting.threshold),V3-7,threshold-form-overview／threshold-form-meeting,V3-7 核對：定位器未變、仍有效（2026-10-07 E2E 全套 644／644 通過）
tests/e2e/manager-summary.spec.ts,98,getByRole,"summary.getByRole(""button"", { name: labels.buttons.apply, exact: true })",V3-7,,V3-7 核對：定位器未變、仍有效（2026-10-07 E2E 全套 644／644 通過）
tests/e2e/manager-summary.spec.ts,100,getByRole,"summary.getByRole(""button"", { name: changeTitle([""DTC"", ""MARKETPLACE""], contribution), exact: true })",V3-7,,V3-7 核對：定位器未變、仍有效（2026-10-07 E2E 全套 644／644 通過）
tests/e2e/manager-summary.spec.ts,110,locator-css,"page.locator(""html"")",V3-3,,V3-3 核對：定位器未變、仍有效（2026-10-06 E2E 全套通過）
tests/e2e/manager-summary.spec.ts,119,locator-css,"print.locator(""ol > li"")",V3-7,,V3-7 核對：定位器未變、仍有效（2026-10-07 E2E 全套 644／644 通過）
tests/e2e/manager-summary.spec.ts,124,locator-css,"print.locator(""ol"")",V3-7,,V3-7 核對：定位器未變、仍有效（2026-10-07 E2E 全套 644／644 通過）
tests/e2e/manager-summary.spec.ts,132,getByRole,"page.getByRole(""button"", { name: labels.downloads.analysisCsv, exact: true })",V3-3,,V3-3 核對：定位器未變、仍有效（2026-10-06 E2E 全套通過）
tests/e2e/period-comparison.spec.ts,44,getByRole,"…const contributionRow = (page: Page) => comparison(page).getByRole(""row"")",V3-4,,V3-4b 已改寫（原片段已不在檔中；2026-10-06 E2E 全套通過）
tests/e2e/period-comparison.spec.ts,44,getByText,"page.getByText(metric(""contribution_after_marketing""), { exact: true })",V3-4,,V3-4b 核對：定位器未變、仍有效（2026-10-06 E2E 全套通過）
tests/e2e/period-comparison.spec.ts,45,getByRole,"…const revenueRow = (page: Page) => comparison(page).getByRole(""row"")",V3-4,,V3-4b 已改寫（原片段已不在檔中；2026-10-06 E2E 全套通過）
tests/e2e/period-comparison.spec.ts,45,getByText,"page.getByText(metric(""net_revenue""), { exact: true })",V3-4,,V3-4b 核對：定位器未變、仍有效（2026-10-06 E2E 全套通過）
tests/e2e/period-comparison.spec.ts,46,locator-css,"page.getByTestId(""kpi-contribution_after_marketing"").locator("".kpi-value"")",V3-4,kpi-{metric},V3-4b 核對：定位器未變、仍有效（2026-10-06 E2E 全套通過）
tests/e2e/period-comparison.spec.ts,53,other,"root.getByLabel(label, { exact: true })",V3-4,,V3-4b 核對：定位器未變、仍有效（2026-10-06 E2E 全套通過）
tests/e2e/period-comparison.spec.ts,59,locator-css,"page.getByTestId(""import-stepper"").locator(""li"")",V3-8,,V3-8 核對：定位器已依新結構遷移或確認未變（2026-10-07 E2E 全套 680／680 通過）
tests/e2e/period-comparison.spec.ts,61,other,"root.getByLabel(labels.importWizard.datasetName, { exact: true })",V3-8,,V3-8 核對：定位器已依新結構遷移或確認未變（2026-10-07 E2E 全套 680／680 通過）
tests/e2e/period-comparison.spec.ts,62,other,"root.getByLabel(labels.importWizard.comparisonMode, { exact: true })",V3-8,,V3-8 核對：定位器已依新結構遷移或確認未變（2026-10-07 E2E 全套 680／680 通過）
tests/e2e/period-comparison.spec.ts,63,other,"root.getByLabel(labels.csvColumns.previous_start, { exact: true })",V3-4,,V3-4b 核對：定位器未變、仍有效（2026-10-06 E2E 全套通過）
tests/e2e/period-comparison.spec.ts,64,other,"root.getByLabel(labels.csvColumns.previous_end, { exact: true })",V3-4,,V3-4b 核對：定位器未變、仍有效（2026-10-06 E2E 全套通過）
tests/e2e/period-comparison.spec.ts,65,other,"root.getByLabel(labels.csvColumns.current_start, { exact: true })",V3-4,,V3-4b 核對：定位器未變、仍有效（2026-10-06 E2E 全套通過）
tests/e2e/period-comparison.spec.ts,66,other,"root.getByLabel(labels.csvColumns.current_end, { exact: true })",V3-4,,V3-4b 核對：定位器未變、仍有效（2026-10-06 E2E 全套通過）
tests/e2e/period-comparison.spec.ts,67,other,"root.getByLabel(""DTC"", { exact: true })",V3-4,,V3-4b 核對：定位器未變、仍有效（2026-10-06 E2E 全套通過）
tests/e2e/period-comparison.spec.ts,76,other,"page.getByLabel(labels.ui.dashboard.filter.comparisonMode, { exact: true })",V3-3,,V3-3 核對：定位器未變、仍有效（2026-10-06 E2E 全套通過）
tests/e2e/period-comparison.spec.ts,101,getByRole,"…[page.waitForEvent(""download""), (await openDownloads(page)).getByRole(""button"", { name: labels.downloads.analysisCsv, exact: true })",V3-3,,V3-3 已改寫（原片段已不在檔中；2026-10-06 E2E 全套通過）
tests/e2e/period-comparison.spec.ts,109,locator-css,"page.getByTestId(""kpi-net_revenue"").locator("".kpi-value"")",V3-4,kpi-{metric},V3-4b 核對：定位器未變、仍有效（2026-10-06 E2E 全套通過）
tests/e2e/period-comparison.spec.ts,111,locator-css,"page.locator("".bridge-total"")",V3-4,bridge-table／bridge-balance-check（V3-4 新增）,V3-4b 核對：定位器未變、仍有效（2026-10-06 E2E 全套通過）
tests/e2e/period-comparison.spec.ts,113,getByRole,"…await expect(revenueRow(page).getByRole(""cell"")",V3-4,,V3-4b 已改寫（原片段已不在檔中；2026-10-06 E2E 全套通過）
tests/e2e/period-comparison.spec.ts,114,getByRole,"…await expect(contributionRow(page).getByRole(""cell"")",V3-4,,V3-4b 已改寫（原片段已不在檔中；2026-10-06 E2E 全套通過）
tests/e2e/period-comparison.spec.ts,115,getByRole,"…await contributionRow(page).getByRole(""cell"")",V3-4,,V3-4b 已改寫（原片段已不在檔中；2026-10-06 E2E 全套通過）
tests/e2e/period-comparison.spec.ts,115,getByRole,"…await contributionRow(page).getByRole(""cell"").nth(3).getByRole(""button"")",V3-4,,V3-4b 已改寫（原片段已不在檔中；2026-10-06 E2E 全套通過）
tests/e2e/period-comparison.spec.ts,116,getByRole,"page.getByRole(""dialog"", { name: new RegExp(`${labels.sections.evidence}$`) })",V3-5,,V3-5 核對：定位器未變、仍有效（2026-10-07 E2E 全套通過）
tests/e2e/period-comparison.spec.ts,121,getByRole,"dialog.getByRole(""button"", { name: sourceTab(""sales"", 30), exact: true })",V3-4,,V3-4b 核對：定位器未變、仍有效（2026-10-06 E2E 全套通過）
tests/e2e/period-comparison.spec.ts,122,getByRole,"dialog.getByRole(""button"", { name: sourceTab(""costs"", 30), exact: true })",V3-4,,V3-4b 核對：定位器未變、仍有效（2026-10-06 E2E 全套通過）
tests/e2e/period-comparison.spec.ts,125,getByRole,"dialog.getByRole(""button"", { name: sourceTab(""ads"", 30), exact: true })",V3-4,,V3-4b 核對：定位器未變、仍有效（2026-10-06 E2E 全套通過）
tests/e2e/period-comparison.spec.ts,128,getByRole,"dialog.getByRole(""button"", { name: labels.buttons.close, exact: true })",V3-4,,V3-4b 核對：定位器未變、仍有效（2026-10-06 E2E 全套通過）
tests/e2e/period-comparison.spec.ts,139,other,"page.getByLabel(label, { exact: true })",V3-4,,V3-4b 核對：定位器未變、仍有效（2026-10-06 E2E 全套通過）
tests/e2e/period-comparison.spec.ts,140,getByRole,"page.getByRole(""button"", { name: labels.buttons.apply, exact: true })",V3-4,,V3-4b 已改寫（原片段已不在檔中；2026-10-06 E2E 全套通過）
tests/e2e/period-comparison.spec.ts,141,getByRole,"page.getByRole(""alert"")",V3-4,,V3-4b 核對：定位器未變、仍有效（2026-10-06 E2E 全套通過）
tests/e2e/period-comparison.spec.ts,143,locator-css,"page.locator("".scope-note"")",V3-3,period-summary（V3-3 新增）,V3-3 已改寫（原片段已不在檔中；2026-10-06 E2E 全套通過）
tests/e2e/period-comparison.spec.ts,144,other,"page.getByLabel(label, { exact: true })",V3-4,,V3-4b 核對：定位器未變、仍有效（2026-10-06 E2E 全套通過）
tests/e2e/period-comparison.spec.ts,145,getByRole,"page.getByRole(""button"", { name: labels.buttons.apply, exact: true })",V3-4,,V3-4b 已改寫（原片段已不在檔中；2026-10-06 E2E 全套通過）
tests/e2e/period-comparison.spec.ts,146,getByRole,"page.getByRole(""alert"")",V3-4,,V3-4b 核對：定位器未變、仍有效（2026-10-06 E2E 全套通過）
tests/e2e/period-comparison.spec.ts,150,other,"page.getByLabel(labels.ui.dashboard.filter.comparisonMode, { exact: true })",V3-3,,V3-3 核對：定位器未變、仍有效（2026-10-06 E2E 全套通過）
tests/e2e/period-comparison.spec.ts,152,other,"page.getByLabel(periodField(""end"", ""previous""), { exact: true })",V3-4,,V3-4b 已改寫（原片段已不在檔中；2026-10-06 E2E 全套通過）
tests/e2e/period-comparison.spec.ts,153,other,"page.getByLabel(periodField(""end"", ""current""), { exact: true })",V3-4,,V3-4b 已改寫（原片段已不在檔中；2026-10-06 E2E 全套通過）
tests/e2e/period-comparison.spec.ts,154,getByRole,"page.getByRole(""button"", { name: labels.buttons.apply, exact: true })",V3-4,,V3-4b 已改寫（原片段已不在檔中；2026-10-06 E2E 全套通過）
tests/e2e/period-comparison.spec.ts,155,getByRole,"page.getByRole(""alert"")",V3-4,,V3-4b 核對：定位器未變、仍有效（2026-10-06 E2E 全套通過）
tests/e2e/period-comparison.spec.ts,157,getByRole,"…await expect(contributionRow(page).getByRole(""cell"")",V3-4,,V3-4b 已改寫（原片段已不在檔中；2026-10-06 E2E 全套通過）
tests/e2e/period-comparison.spec.ts,164,getByRole,"…await expect(revenueRow(page).getByRole(""cell"")",V3-4,,V3-4b 已改寫（原片段已不在檔中；2026-10-06 E2E 全套通過）
tests/e2e/period-comparison.spec.ts,165,getByRole,"…await expect(contributionRow(page).getByRole(""cell"")",V3-4,,V3-4b 已改寫（原片段已不在檔中；2026-10-06 E2E 全套通過）
tests/e2e/period-comparison.spec.ts,166,getByRole,"…await expect(contributionRow(page).getByRole(""cell"")",V3-4,,V3-4b 已改寫（原片段已不在檔中；2026-10-06 E2E 全套通過）
tests/e2e/product-comparison.spec.ts,31,getByRole,"dialog.getByRole(""button"", { name: new RegExp(`^${escape(labels.evidence.sourceTabs[file])}（\\d+）$`) })",V3-5,,V3-5 核對：定位器未變、仍有效（2026-10-07 E2E 全套通過）
tests/e2e/product-comparison.spec.ts,50,locator-css,"table.locator(""thead th"")",V3-5,,V3-5 核對：定位器未變、仍有效（2026-10-07 E2E 全套通過）
tests/e2e/product-comparison.spec.ts,52,locator-css,"root.locator(""tbody tr"")",V3-3,,V3-3 核對：定位器未變、仍有效（2026-10-06 E2E 全套通過）
tests/e2e/product-comparison.spec.ts,54,locator-css,"row.locator("":scope > *"")",V3-5,,V3-5 核對：定位器未變、仍有效（2026-10-07 E2E 全套通過）
tests/e2e/product-comparison.spec.ts,59,other,"page.getByLabel(validation.datasetLabel, { exact: true })",V3-3,,V3-3 核對：定位器未變、仍有效（2026-10-06 E2E 全套通過）
tests/e2e/product-comparison.spec.ts,60,getByRole,"page.getByRole(""button"", { name: validation.loadButton, exact: true })",V3-3,,V3-3 核對：定位器未變、仍有效（2026-10-06 E2E 全套通過）
tests/e2e/product-comparison.spec.ts,64,getByRole,"page.getByRole(""button"", { name: labels.nav.products.label, exact: true })",V3-3,nav-group-{id}／mobile-tabbar（V3-3 新增）,V3-3 已改寫（原片段已不在檔中；2026-10-06 E2E 全套通過）
tests/e2e/product-comparison.spec.ts,91,getByRole,"page.getByRole(""button"", { name: panel.downloadComparisonCsv, exact: true })",V3-3,,V3-3 核對：定位器未變、仍有效（2026-10-06 E2E 全套通過）
tests/e2e/product-comparison.spec.ts,110,getByRole,"worst.getByRole(""heading"", { level: 4 })",V3-5,,V3-5 核對：定位器未變、仍有效（2026-10-07 E2E 全套通過）
tests/e2e/product-comparison.spec.ts,111,getByRole,"best.getByRole(""heading"", { level: 4 })",V3-5,,V3-5 核對：定位器未變、仍有效（2026-10-07 E2E 全套通過）
tests/e2e/product-comparison.spec.ts,121,getByRole,"worst.getByRole(""region"", { name: highlight.worstAria, exact: true })",V3-5,,V3-5 核對：定位器未變、仍有效（2026-10-07 E2E 全套通過）
tests/e2e/product-comparison.spec.ts,122,getByRole,"best.getByRole(""region"", { name: highlight.bestAria, exact: true })",V3-5,,V3-5 核對：定位器未變、仍有效（2026-10-07 E2E 全套通過）
tests/e2e/product-comparison.spec.ts,126,locator-css,"table.locator(""thead th"")",V3-5,,V3-5 核對：定位器未變、仍有效（2026-10-07 E2E 全套通過）
tests/e2e/product-comparison.spec.ts,128,locator-css,"table.locator(""tbody tr"")",V3-3,,V3-3 核對：定位器未變、仍有效（2026-10-06 E2E 全套通過）
tests/e2e/product-comparison.spec.ts,128,locator-css,"…await expect(table.locator(""tbody tr"").first()locator("":scope > *"")",V3-3,,V3-3 已改寫（原片段已不在檔中；2026-10-06 E2E 全套通過）
tests/e2e/product-comparison.spec.ts,131,locator-css,"table.locator(""thead th"")",V3-5,,V3-5 核對：定位器未變、仍有效（2026-10-07 E2E 全套通過）
tests/e2e/product-comparison.spec.ts,132,locator-css,"table.locator(""tbody tr"")",V3-3,,V3-3 核對：定位器未變、仍有效（2026-10-06 E2E 全套通過）
tests/e2e/product-comparison.spec.ts,133,getByRole,"…await expect(table.locator(""tbody tr"").first().getByRole(""rowheader"")",V3-3,,V3-3 已改寫（原片段已不在檔中；2026-10-06 E2E 全套通過）
tests/e2e/product-comparison.spec.ts,133,locator-css,"table.locator(""tbody tr"")",V3-3,,V3-3 核對：定位器未變、仍有效（2026-10-06 E2E 全套通過）
tests/e2e/product-comparison.spec.ts,135,getByRole,"table.getByRole(""button"", { name: fill(panel.deltaEvidenceAria, { channel: ""MARKETPLACE"", sku: ""B"", label: grossProfitChange, value: ""-55.00"" }), exact: true })",V3-5,,V3-5 已改寫（原片段已不在檔中；2026-10-07 E2E 全套通過）
tests/e2e/product-comparison.spec.ts,138,getByRole,"page.getByRole(""dialog"", { name: evidenceDialog })",V3-5,,V3-5 核對：定位器未變、仍有效（2026-10-07 E2E 全套通過）
tests/e2e/product-comparison.spec.ts,149,other,"page.getByLabel(panel.sortDirection, { exact: true })",V3-5,,V3-5 已改寫（原片段已不在檔中；2026-10-07 E2E 全套通過）
tests/e2e/product-comparison.spec.ts,150,locator-css,"table.locator(""tbody tr"")",V3-3,,V3-3 核對：定位器未變、仍有效（2026-10-06 E2E 全套通過）
tests/e2e/product-comparison.spec.ts,151,getByRole,"…await expect(table.locator(""tbody tr"").first().getByRole(""rowheader"")",V3-3,,V3-3 已改寫（原片段已不在檔中；2026-10-06 E2E 全套通過）
tests/e2e/product-comparison.spec.ts,151,locator-css,"table.locator(""tbody tr"")",V3-3,,V3-3 核對：定位器未變、仍有效（2026-10-06 E2E 全套通過）
tests/e2e/product-comparison.spec.ts,152,other,"page.getByLabel(labels.csvColumns.category, { exact: true })",V3-5,,V3-5 核對：定位器未變、仍有效（2026-10-07 E2E 全套通過）
tests/e2e/product-comparison.spec.ts,153,other,"page.getByLabel(panel.searchSku, { exact: true })",V3-5,,V3-5 核對：定位器未變、仍有效（2026-10-07 E2E 全套通過）
tests/e2e/product-comparison.spec.ts,154,locator-css,"table.locator(""tbody tr"")",V3-3,,V3-3 核對：定位器未變、仍有效（2026-10-06 E2E 全套通過）
tests/e2e/product-comparison.spec.ts,158,getByRole,"page.getByRole(""button"", { name: panel.negativeOnly, exact: true })",V3-5,,V3-5 核對：定位器未變、仍有效（2026-10-07 E2E 全套通過）
tests/e2e/product-comparison.spec.ts,159,getByRole,"page.getByRole(""button"", { name: panel.negativeOnly, exact: true })",V3-5,,V3-5 核對：定位器未變、仍有效（2026-10-07 E2E 全套通過）
tests/e2e/product-comparison.spec.ts,160,getByText,"page.getByText(panel.empty, { exact: false })",V3-5,,V3-5 已改寫（原片段已不在檔中；2026-10-07 E2E 全套通過）
tests/e2e/product-comparison.spec.ts,161,getByRole,"page.getByRole(""button"", { name: panel.negativeOnly, exact: true })",V3-5,,V3-5 核對：定位器未變、仍有效（2026-10-07 E2E 全套通過）
tests/e2e/product-comparison.spec.ts,164,getByRole,"page.getByRole(""button"", { name: labels.nav.overview.label, exact: true })",V3-3,nav-group-{id}／mobile-tabbar（V3-3 新增）,V3-3 已改寫（原片段已不在檔中；2026-10-06 E2E 全套通過）
tests/e2e/product-comparison.spec.ts,171,locator-css,"table.locator(""tbody tr"")",V3-3,,V3-3 核對：定位器未變、仍有效（2026-10-06 E2E 全套通過）
tests/e2e/product-comparison.spec.ts,175,getByRole,"last.getByRole(""rowheader"")",V3-3,,V3-3 核對：定位器未變、仍有效（2026-10-06 E2E 全套通過）
tests/e2e/product-comparison.spec.ts,180,other,"page.getByLabel(panel.sortDirection, { exact: true })",V3-5,,V3-5 已改寫（原片段已不在檔中；2026-10-07 E2E 全套通過）
tests/e2e/product-comparison.spec.ts,182,getByRole,"last.getByRole(""button"", { name: deltaTrigger(labels.status.missing) })",V3-3,,V3-3 核對：定位器未變、仍有效（2026-10-06 E2E 全套通過）
tests/e2e/product-comparison.spec.ts,183,getByRole,"page.getByRole(""dialog"", { name: evidenceDialog })",V3-5,,V3-5 核對：定位器未變、仍有效（2026-10-07 E2E 全套通過）
tests/e2e/product-comparison.spec.ts,186,getByRole,"dialog.getByRole(""button"", { name: labels.buttons.close, exact: true })",V3-5,,V3-5 核對：定位器未變、仍有效（2026-10-07 E2E 全套通過）
tests/e2e/product-comparison.spec.ts,210,other,"…for (const file of files) await wizard(page).getByLabel(file.label, { exact: true })",V3-8,,V3-8 核對：定位器已依新結構遷移或確認未變（2026-10-07 E2E 全套 680／680 通過）
tests/e2e/product-comparison.spec.ts,216,other,"…await expect(wizard(page).getByLabel(labels.importWizard.datasetName, { exact: true })",V3-8,,V3-8 核對：定位器已依新結構遷移或確認未變（2026-10-07 E2E 全套 680／680 通過）
tests/e2e/product-comparison.spec.ts,222,getByRole,"page.getByRole(""button"", { name: labels.nav.products.label, exact: true })",V3-3,nav-group-{id}／mobile-tabbar（V3-3 新增）,V3-3 已改寫（原片段已不在檔中；2026-10-06 E2E 全套通過）
tests/e2e/product-comparison.spec.ts,224,locator-css,"table.locator(""tbody tr"")",V3-3,,V3-3 核對：定位器未變、仍有效（2026-10-06 E2E 全套通過）
tests/e2e/product-comparison.spec.ts,225,getByRole,"table.getByRole(""row"")",V3-5,,V3-5 核對：定位器未變、仍有效（2026-10-07 E2E 全套通過）
tests/e2e/product-comparison.spec.ts,225,getByRole,"page.getByRole(""rowheader"", { name: sku, exact: true })",V3-3,,V3-3 核對：定位器未變、仍有效（2026-10-06 E2E 全套通過）
tests/e2e/product-comparison.spec.ts,234,getByRole,"exit.getByRole(""button"", { name: deltaTrigger(""-5.00"") })",V3-5,,V3-5 已改寫（原片段已不在檔中；2026-10-07 E2E 全套通過）
tests/e2e/product-comparison.spec.ts,235,getByRole,"page.getByRole(""dialog"", { name: evidenceDialog })",V3-5,,V3-5 核對：定位器未變、仍有效（2026-10-07 E2E 全套通過）
tests/e2e/product-comparison.spec.ts,241,getByRole,"dialog.getByRole(""button"", { name: labels.buttons.close, exact: true })",V3-5,,V3-5 核對：定位器未變、仍有效（2026-10-07 E2E 全套通過）
tests/e2e/product-comparison.spec.ts,242,getByRole,"page.getByRole(""button"", { name: panel.negativeOnly, exact: true })",V3-5,,V3-5 核對：定位器未變、仍有效（2026-10-07 E2E 全套通過）
tests/e2e/product-comparison.spec.ts,243,locator-css,"table.locator(""tbody tr"")",V3-3,,V3-3 核對：定位器未變、仍有效（2026-10-06 E2E 全套通過）
tests/e2e/product-comparison.spec.ts,256,getByRole,"page.getByTestId(`product-${kind}`).getByRole(""region"", { name, exact: true })",V3-5,,V3-5 核對：定位器未變、仍有效（2026-10-07 E2E 全套通過）
tests/e2e/replacement-helpers.ts,6,getByRole,"page.getByRole('dialog', { name: labels.ui.replacementDialog.heading })",V3-3,,V3-3 核對：定位器未變、仍有效（2026-10-06 E2E 全套通過）
tests/e2e/replacement-helpers.ts,7,getByRole,"dialog.getByRole('button', { name: labels.ui.replacementDialog.discardAndContinue, exact: true })",V3-3,,V3-3 核對：定位器未變、仍有效（2026-10-06 E2E 全套通過）
tests/e2e/replacement-helpers.ts,27,locator-css,root.locator(':scope > summary'),V3-3,,V3-3 核對：定位器未變、仍有效（2026-10-06 E2E 全套通過）
tests/e2e/replacement-helpers.ts,31,locator-css,root.locator(':scope > summary'),V3-3,,V3-3 核對：定位器未變、仍有效（2026-10-06 E2E 全套通過）
tests/e2e/replacement-helpers.ts,35,getByRole,"page.getByRole('button', { name: labels.nav.meeting.label, exact: true })",V3-3,nav-group-{id}／mobile-tabbar（V3-3 新增）,V3-3 已改寫（原片段已不在檔中；2026-10-06 E2E 全套通過）
tests/e2e/replacement-helpers.ts,47,getByRole,"page.getByRole('button', { name: labels.nav.validation.label, exact: true })",V3-3,nav-group-{id}／mobile-tabbar（V3-3 新增）,V3-3 已改寫（原片段已不在檔中；2026-10-06 E2E 全套通過）
tests/e2e/replacement-helpers.ts,55,getByRole,"prompt.getByRole('button', { name: labels.autoSave.decline, exact: true })",V3-3,,V3-3 核對：定位器未變、仍有效（2026-10-06 E2E 全套通過）
tests/e2e/replacement-helpers.ts,60,getByRole,"prompt.getByRole('button', { name: labels.autoSave.accept, exact: true })",V3-3,,V3-3 核對：定位器未變、仍有效（2026-10-06 E2E 全套通過）
tests/e2e/revamp-r1-layout.spec.ts,13,getByRole,"page.getByRole(""button"", { name: labels.buttons.loadDemo, exact: true })",V3-8,,V3-8 核對：定位器已依新結構遷移或確認未變（2026-10-07 E2E 全套 680／680 通過）
tests/e2e/revamp-r1-layout.spec.ts,20,locator-css,page.locator(selector),V3-3,,V3-3 核對：定位器未變、仍有效（2026-10-06 E2E 全套通過）
tests/e2e/revamp-r1-layout.spec.ts,46,locator-css,"page.locator("".view-content .export-actions"")",V3-6,,V3-6 核對：定位器未變、仍有效（2026-10-07 E2E 全套 628／628 通過）
tests/e2e/revamp-r1-layout.spec.ts,47,locator-css,"page.locator("".view-content .ai-availability"")",V3-5,,V3-5 核對：定位器未變、仍有效（2026-10-07 E2E 全套通過）
tests/e2e/revamp-r1-layout.spec.ts,52,getByRole,"entry.getByRole(""button"")",V3-3,,V3-3 核對：定位器未變、仍有效（2026-10-06 E2E 全套通過）
tests/e2e/revamp-r1-layout.spec.ts,54,getByRole,"entry.getByRole(""button"", { name: labels.meetingPage.goToMeeting })",V3-7,,V3-7 核對：定位器未變、仍有效（2026-10-07 E2E 全套 644／644 通過）
tests/e2e/revamp-r1-layout.spec.ts,56,getByRole,"page.getByRole(""button"", { name: labels.nav.meeting.label, exact: true })",V3-3,nav-group-{id}／mobile-tabbar（V3-3 新增）,V3-3 已改寫（原片段已不在檔中；2026-10-06 E2E 全套通過）
tests/e2e/revamp-r1-layout.spec.ts,62,locator-css,"page.getByTestId(""top-three"").locator(""li[data-testid^='overview-priority-']"")",V3-4,,V3-4b 核對：定位器未變、仍有效（2026-10-06 E2E 全套通過）
tests/e2e/revamp-r1-layout.spec.ts,64,locator-css,"first.locator("".impact-amount"")",V3-5,,V3-5 已改寫（原片段已不在檔中；2026-10-07 E2E 全套通過）
tests/e2e/revamp-r1-layout.spec.ts,67,getByRole,"first.getByRole(""button"", { name: labels.buttons.viewEvidence, exact: true })",V3-5,,V3-5 核對：定位器未變、仍有效（2026-10-07 E2E 全套通過）
tests/e2e/revamp-r1-layout.spec.ts,68,getByRole,"first.getByRole(""button"", { name: labels.buttons.addToActions, exact: true })",V3-3,,V3-3 核對：定位器未變、仍有效（2026-10-06 E2E 全套通過）
tests/e2e/revamp-r1-layout.spec.ts,70,getByRole,"page.getByRole(""dialog"")",V3-3,,V3-3 核對：定位器未變、仍有效（2026-10-06 E2E 全套通過）
tests/e2e/revamp-r1-layout.spec.ts,71,getByRole,"page.getByRole(""dialog"")",V3-3,,V3-3 核對：定位器未變、仍有效（2026-10-06 E2E 全套通過）
tests/e2e/revamp-r1-layout.spec.ts,73,getByRole,"page.getByRole(""dialog"")",V3-3,,V3-3 核對：定位器未變、仍有效（2026-10-06 E2E 全套通過）
tests/e2e/revamp-r1-layout.spec.ts,82,getByRole,"page.getByRole(""button"", { name: labels.nav.diagnosis.label, exact: true })",V3-3,nav-group-{id}／mobile-tabbar（V3-3 新增）,V3-3 已改寫（原片段已不在檔中；2026-10-06 E2E 全套通過）
tests/e2e/revamp-r1-layout.spec.ts,83,getByRole,"page.getByRole(""heading"", { name: labels.nav.diagnosis.label, exact: true, level: 1 })",V3-3,nav-group-{id}／mobile-tabbar（V3-3 新增）,V3-3 核對：定位器未變、仍有效（2026-10-06 E2E 全套通過）
tests/e2e/revamp-r1-layout.spec.ts,87,getByRole,"page.getByRole(""region"", { name: labels.sections.channelTableAria, exact: true })",V3-5,,V3-5 核對：定位器未變、仍有效（2026-10-07 E2E 全套通過）
tests/e2e/revamp-r1-layout.spec.ts,89,locator-css,"page.getByTestId(""diagnosis-list"").locator(""details.diagnosis-row"")",V3-5,diagnosis-row-{rule},V3-5 核對：定位器未變、仍有效（2026-10-07 E2E 全套通過）
tests/e2e/revamp-r1-layout.spec.ts,91,locator-css,"firstRow.locator("":scope > summary"")",V3-3,,V3-3 核對：定位器未變、仍有效（2026-10-06 E2E 全套通過）
tests/e2e/revamp-r1-layout.spec.ts,100,getByRole,"status.getByRole(""button"")",V3-3,,V3-3 核對：定位器未變、仍有效（2026-10-06 E2E 全套通過）
tests/e2e/revamp-r1-layout.spec.ts,103,locator-css,"status.locator(""#ai-availability-detail"")",V3-5,ai-availability,V3-5 核對：定位器未變、仍有效（2026-10-07 E2E 全套通過）
tests/e2e/revamp-r1-layout.spec.ts,106,locator-css,"status.locator(""#ai-availability-detail"")",V3-5,ai-availability,V3-5 核對：定位器未變、仍有效（2026-10-07 E2E 全套通過）
tests/e2e/revamp-r1-layout.spec.ts,108,locator-css,"status.locator(""#ai-availability-detail"")",V3-5,ai-availability,V3-5 核對：定位器未變、仍有效（2026-10-07 E2E 全套通過）
tests/e2e/revamp-r1-layout.spec.ts,112,locator-css,"page.locator(""header.topbar"")",V3-3,data-status／download-menu／workspace-storage,V3-3 核對：定位器未變、仍有效（2026-10-06 E2E 全套通過）
tests/e2e/revamp-r1-layout.spec.ts,118,locator-css,"storage.locator("":scope > summary"")",V3-3,,V3-3 核對：定位器未變、仍有效（2026-10-06 E2E 全套通過）
tests/e2e/revamp-r1-layout.spec.ts,119,locator-css,"storage.locator("":scope > summary"")",V3-3,,V3-3 核對：定位器未變、仍有效（2026-10-06 E2E 全套通過）
tests/e2e/revamp-r1-layout.spec.ts,120,getByRole,"storage.getByRole(""button"", { name: labels.buttons.restorePreview, exact: true })",V3-7,,V3-7 核對：定位器未變、仍有效（2026-10-07 E2E 全套 644／644 通過）
tests/e2e/revamp-r1-layout.spec.ts,122,locator-css,"storage.locator("":scope > summary"")",V3-3,,V3-3 核對：定位器未變、仍有效（2026-10-06 E2E 全套通過）
tests/e2e/revamp-r1-layout.spec.ts,123,getByRole,"storage.getByRole(""button"", { name: labels.buttons.downloadBackup, exact: true })",V3-3,,V3-3 核對：定位器未變、仍有效（2026-10-06 E2E 全套通過）
tests/e2e/revamp-r1-layout.spec.ts,124,locator-css,"storage.locator("":scope > summary"")",V3-3,,V3-3 核對：定位器未變、仍有效（2026-10-06 E2E 全套通過）
tests/e2e/revamp-r1-layout.spec.ts,125,getByRole,"storage.getByRole(""button"", { name: labels.buttons.downloadBackup, exact: true })",V3-3,,V3-3 核對：定位器未變、仍有效（2026-10-06 E2E 全套通過）
tests/e2e/revamp-r1-layout.spec.ts,127,getByRole,"storage.getByRole(""button"", { name: labels.buttons.downloadBackup, exact: true })",V3-3,,V3-3 核對：定位器未變、仍有效（2026-10-06 E2E 全套通過）
tests/e2e/revamp-r1-layout.spec.ts,129,locator-css,"download.locator(""summary"")",V3-3,,V3-3 核對：定位器未變、仍有效（2026-10-06 E2E 全套通過）
tests/e2e/revamp-r1-layout.spec.ts,130,getByRole,"download.getByRole(""button"", { name: labels.downloads.analysisCsv })",V3-3,,V3-3 核對：定位器未變、仍有效（2026-10-06 E2E 全套通過）
tests/e2e/revamp-r1-layout.spec.ts,131,getByRole,"download.getByRole(""button"", { name: labels.downloads.analysisCsv })",V3-3,,V3-3 核對：定位器未變、仍有效（2026-10-06 E2E 全套通過）
tests/e2e/revamp-r1-layout.spec.ts,134,getByRole,"download.getByRole(""button"", { name: labels.downloads.analysisCsv })",V3-3,,V3-3 核對：定位器未變、仍有效（2026-10-06 E2E 全套通過）
tests/e2e/revamp-r1-layout.spec.ts,136,locator-css,"page.locator("".sidebar .tiny-tag"")",V3-3,data-status（V3-3 新增）,V3-3 核對：定位器未變、仍有效（2026-10-06 E2E 全套通過）
tests/e2e/revamp-r1-layout.spec.ts,142,getByRole,"page.getByRole(""group"", { name: labels.sections.presetGroup })",V3-3,,V3-3 已改寫（原片段已不在檔中；2026-10-06 E2E 全套通過）
tests/e2e/revamp-r1-layout.spec.ts,143,getByRole,"group.getByRole(""button"", { name: labels.periods.presets.monthVsPrev, exact: true })",V3-3,,V3-3 已改寫（原片段已不在檔中；2026-10-06 E2E 全套通過）
tests/e2e/revamp-r1-layout.spec.ts,147,getByRole,"group.getByRole(""button"", { name: labels.periods.presets.last12w, exact: true })",V3-3,,V3-3 已改寫（原片段已不在檔中；2026-10-06 E2E 全套通過）
tests/e2e/revamp-r1-layout.spec.ts,148,getByRole,"group.getByRole(""button"", { name: labels.periods.presets.last7, exact: true })",V3-3,,V3-3 已改寫（原片段已不在檔中；2026-10-06 E2E 全套通過）
tests/e2e/revamp-r1-layout.spec.ts,149,locator-css,"page.locator(""#previous-start"")",V3-3,period-custom（V3-3 新增；欄位 id 保留）,V3-3 核對：定位器未變、仍有效（2026-10-06 E2E 全套通過）
tests/e2e/revamp-r1-layout.spec.ts,150,locator-css,"page.locator(""#previous-end"")",V3-3,period-custom（V3-3 新增；欄位 id 保留）,V3-3 核對：定位器未變、仍有效（2026-10-06 E2E 全套通過）
tests/e2e/revamp-r1-layout.spec.ts,151,locator-css,"page.locator(""#current-start"")",V3-3,period-custom（V3-3 新增；欄位 id 保留）,V3-3 核對：定位器未變、仍有效（2026-10-06 E2E 全套通過）
tests/e2e/revamp-r1-layout.spec.ts,152,locator-css,"page.locator(""#current-end"")",V3-3,period-custom（V3-3 新增；欄位 id 保留）,V3-3 核對：定位器未變、仍有效（2026-10-06 E2E 全套通過）
tests/e2e/revamp-r1-layout.spec.ts,153,getByRole,"page.getByRole(""button"", { name: labels.buttons.apply, exact: true })",V3-3,,V3-3 核對：定位器未變、仍有效（2026-10-06 E2E 全套通過）
tests/e2e/revamp-r1-layout.spec.ts,154,locator-css,"page.locator("".scope-note"")",V3-3,period-summary（V3-3 新增）,V3-3 已改寫（原片段已不在檔中；2026-10-06 E2E 全套通過）
tests/e2e/revamp-r1-layout.spec.ts,155,getByRole,"page.getByRole(""button"", { name: labels.buttons.apply, exact: true })",V3-3,,V3-3 核對：定位器未變、仍有效（2026-10-06 E2E 全套通過）
tests/e2e/revamp-r1-layout.spec.ts,156,locator-css,"page.locator("".scope-note"")",V3-3,period-summary（V3-3 新增）,V3-3 已改寫（原片段已不在檔中；2026-10-06 E2E 全套通過）
tests/e2e/revamp-r1-layout.spec.ts,157,locator-css,"page.locator("".scope-note"")",V3-3,period-summary（V3-3 新增）,V3-3 已改寫（原片段已不在檔中；2026-10-06 E2E 全套通過）
tests/e2e/revamp-r1-layout.spec.ts,158,getByRole,"group.getByRole(""button"", { name: labels.periods.presets.last7, exact: true })",V3-3,,V3-3 已改寫（原片段已不在檔中；2026-10-06 E2E 全套通過）
tests/e2e/revamp-r2-copy.spec.ts,9,getByRole,"page.getByRole(""button"", { name: labels.buttons.loadDemo, exact: true })",V3-8,,V3-8 核對：定位器已依新結構遷移或確認未變（2026-10-07 E2E 全套 680／680 通過）
tests/e2e/revamp-r2-copy.spec.ts,17,other,"page.getByLabel(labels.ui.dashboard.validation.datasetLabel, { exact: true })",V3-3,,V3-3 核對：定位器未變、仍有效（2026-10-06 E2E 全套通過）
tests/e2e/revamp-r2-copy.spec.ts,18,getByRole,"page.getByRole(""button"", { name: labels.ui.dashboard.validation.loadButton, exact: true })",V3-3,,V3-3 核對：定位器未變、仍有效（2026-10-06 E2E 全套通過）
tests/e2e/revamp-r2-copy.spec.ts,22,getByRole,"page.getByRole(""dialog"", { name: labels.basis.title })",V3-3,,V3-3 核對：定位器未變、仍有效（2026-10-06 E2E 全套通過）
tests/e2e/revamp-r2-copy.spec.ts,23,getByRole,"page.getByRole(""dialog"", { name: new RegExp(`${labels.sections.evidence}$`) })",V3-5,,V3-5 核對：定位器未變、仍有效（2026-10-07 E2E 全套通過）
tests/e2e/revamp-r2-copy.spec.ts,28,getByRole,"…const topbar = page.locator(""header.topbar"").getByRole(""button"", { name: labels.buttons.basis, exact: true })",V3-3,data-status／download-menu／workspace-storage,V3-3 已改寫（原片段已不在檔中；2026-10-06 E2E 全套通過）
tests/e2e/revamp-r2-copy.spec.ts,28,locator-css,"page.locator(""header.topbar"")",V3-3,data-status／download-menu／workspace-storage,V3-3 已改寫（原片段已不在檔中；2026-10-06 E2E 全套通過）
tests/e2e/revamp-r2-copy.spec.ts,31,getByRole,"…await expect(basis(page).getByRole(""listitem"")",V3-3,,V3-3 已改寫（原片段已不在檔中；2026-10-06 E2E 全套通過）
tests/e2e/revamp-r2-copy.spec.ts,36,getByRole,"…const footer = page.locator(""footer.main-footer"").getByRole(""button"", { name: labels.buttons.basis, exact: true })",V3-3,analytics-note（頁尾）,V3-3 已改寫（原片段已不在檔中；2026-10-06 E2E 全套通過）
tests/e2e/revamp-r2-copy.spec.ts,36,locator-css,"page.locator(""footer.main-footer"")",V3-3,analytics-note（頁尾）,V3-3 核對：定位器未變、仍有效（2026-10-06 E2E 全套通過）
tests/e2e/revamp-r2-copy.spec.ts,37,locator-css,"page.locator(""footer.main-footer"")",V3-3,analytics-note（頁尾）,V3-3 核對：定位器未變、仍有效（2026-10-06 E2E 全套通過）
tests/e2e/revamp-r2-copy.spec.ts,40,getByRole,"…await basis(page).getByRole(""button"", { name: labels.buttons.close, exact: true })",V3-3,,V3-3 已改寫（原片段已不在檔中；2026-10-06 E2E 全套通過）
tests/e2e/revamp-r2-copy.spec.ts,43,locator-css,"page.getByTestId(""kpi-contribution_after_marketing"").locator("".kpi-value button"")",V3-4,kpi-{metric},V3-4b 核對：定位器未變、仍有效（2026-10-06 E2E 全套通過）
tests/e2e/revamp-r2-copy.spec.ts,45,getByRole,"…await drawer(page).getByRole(""button"", { name: labels.buttons.basis, exact: true })",V3-5,,V3-5 已改寫（原片段已不在檔中；2026-10-07 E2E 全套通過）
tests/e2e/revamp-r2-copy.spec.ts,56,locator-css,"page.getByTestId(""kpi-contribution_after_marketing"").locator("".kpi-value button"")",V3-4,kpi-{metric},V3-4b 核對：定位器未變、仍有效（2026-10-06 E2E 全套通過）
tests/e2e/revamp-r2-copy.spec.ts,57,locator-css,"…const rows = drawer(page)locator("".ladder-table tbody tr"")",V3-5,,V3-5 已改寫（原片段已不在檔中；2026-10-07 E2E 全套通過）
tests/e2e/revamp-r2-copy.spec.ts,62,locator-css,"…await expect(drawer(page)locator("".ladder-table tr.current"")",V3-5,,V3-5 已改寫（原片段已不在檔中；2026-10-07 E2E 全套通過）
tests/e2e/revamp-r2-copy.spec.ts,63,getByRole,"…await expect(drawer(page).getByRole(""group"", { name: labels.ui.evidenceDrawer.sourceTabsAria })",V3-5,,V3-5 已改寫（原片段已不在檔中；2026-10-07 E2E 全套通過）
tests/e2e/revamp-r2-copy.spec.ts,64,locator-css,"…await expect(drawer(page)locator(""details.evidence-technical"")",V3-5,,V3-5 已改寫（原片段已不在檔中；2026-10-07 E2E 全套通過）
tests/e2e/revamp-r2-copy.spec.ts,66,getByRole,"page.getByRole(""button"", { name: labels.nav.products.label, exact: true })",V3-3,nav-group-{id}／mobile-tabbar（V3-3 新增）,V3-3 已改寫（原片段已不在檔中；2026-10-06 E2E 全套通過）
tests/e2e/revamp-r2-copy.spec.ts,68,getByRole,"…await table.locator(""tbody tr"").first().getByRole(""button"")",V3-3,,V3-3 已改寫（原片段已不在檔中；2026-10-06 E2E 全套通過）
tests/e2e/revamp-r2-copy.spec.ts,68,locator-css,"table.locator(""tbody tr"")",V3-3,,V3-3 核對：定位器未變、仍有效（2026-10-06 E2E 全套通過）
tests/e2e/revamp-r2-copy.spec.ts,70,locator-css,"…await expect(drawer(page)locator("".ladder-table"")",V3-5,,V3-5 已改寫（原片段已不在檔中；2026-10-07 E2E 全套通過）
tests/e2e/revamp-r2-copy.spec.ts,76,locator-css,"…ByLabel(labels.ui.dashboard.filter.channel, { exact: true })locator(""option"")",V3-3,,V3-3 已改寫（原片段已不在檔中；2026-10-06 E2E 全套通過）
tests/e2e/revamp-r2-copy.spec.ts,76,other,"page.getByLabel(labels.ui.dashboard.filter.channel, { exact: true })",V3-3,,V3-3 核對：定位器未變、仍有效（2026-10-06 E2E 全套通過）
tests/e2e/revamp-r2-copy.spec.ts,77,locator-css,"page.locator("".scope-note"")",V3-3,period-summary（V3-3 新增）,V3-3 已改寫（原片段已不在檔中；2026-10-06 E2E 全套通過）
tests/e2e/revamp-r2-copy.spec.ts,79,locator-css,"page.locator("".scope-note"")",V3-3,period-summary（V3-3 新增）,V3-3 已改寫（原片段已不在檔中；2026-10-06 E2E 全套通過）
tests/e2e/revamp-r2-copy.spec.ts,80,locator-css,"page.locator("".scope-note"")",V3-3,period-summary（V3-3 新增）,V3-3 已改寫（原片段已不在檔中；2026-10-06 E2E 全套通過）
tests/e2e/revamp-r2-copy.spec.ts,85,getByRole,"page.getByRole(""button"", { name: labels.nav.diagnosis.label, exact: true })",V3-3,nav-group-{id}／mobile-tabbar（V3-3 新增）,V3-3 已改寫（原片段已不在檔中；2026-10-06 E2E 全套通過）
tests/e2e/revamp-r2-copy.spec.ts,86,getByRole,"page.getByRole(""heading"", { name: ruleHeadline(""REV_UP_CM_DOWN"") })",V3-2,,V3-2 核對：定位器未變、仍有效（2026-10-06 E2E 全套通過）
tests/e2e/revamp-r2-copy.spec.ts,88,locator-css,"page.getByTestId(""diagnosis-list"").locator(""details.diagnosis-row"")",V3-5,diagnosis-row-{rule},V3-5 核對：定位器未變、仍有效（2026-10-07 E2E 全套通過）
tests/e2e/revamp-r2-copy.spec.ts,90,getByRole,"rule.getByRole(""heading"", { level: 3, name: ruleHeadline(""REV_UP_CM_DOWN"") })",V3-2,,V3-2 核對：定位器未變、仍有效（2026-10-06 E2E 全套通過）
tests/e2e/revamp-r2-copy.spec.ts,91,locator-css,"rule.locator("".diagnosis-copy"")",V3-5,,V3-5 核對：定位器未變、仍有效（2026-10-07 E2E 全套通過）
tests/e2e/revamp-r2-copy.spec.ts,92,getByText,"ruleCopy.getByText(labels.sections.cause, { exact: true })",V3-2,,V3-2 核對：定位器未變、仍有效（2026-10-06 E2E 全套通過）
tests/e2e/revamp-r2-copy.spec.ts,93,getByText,"ruleCopy.getByText(labels.sections.caution, { exact: true })",V3-2,,V3-2 核對：定位器未變、仍有效（2026-10-06 E2E 全套通過）
tests/e2e/revamp-r2-copy.spec.ts,94,getByText,"ruleCopy.getByText(labels.rules.REV_UP_CM_DOWN.caution, { exact: true })",V3-5,,V3-5 核對：定位器未變、仍有效（2026-10-07 E2E 全套通過）
tests/e2e/revamp-r2-copy.spec.ts,95,getByRole,"…[page.waitForEvent(""download""), (await openDownloads(page)).getByRole(""button"", { name: labels.downloads.analysisCsv, exact: true })",V3-3,,V3-3 已改寫（原片段已不在檔中；2026-10-06 E2E 全套通過）
tests/e2e/revamp-r4.spec.ts,13,locator-css,"page.getByTestId(`kpi-${metric}`).locator("".kpi-value"")",V3-4,kpi-{metric},V3-4b 核對：定位器未變、仍有效（2026-10-06 E2E 全套通過）
tests/e2e/revamp-r4.spec.ts,36,getByRole,"page.getByRole(""group"", { name: labels.sections.presetGroup })",V3-3,,V3-3 已改寫（原片段已不在檔中；2026-10-06 E2E 全套通過）
tests/e2e/revamp-r4.spec.ts,36,getByRole,"…e.getByRole(""group"", { name: labels.sections.presetGroup }).getByRole(""button"", { name, exact: true })",V3-3,,V3-3 已改寫（原片段已不在檔中；2026-10-06 E2E 全套通過）
tests/e2e/revamp-r4.spec.ts,37,getByRole,"…lyPeriod = (page: Page) => page.locator(""form.period-form"").getByRole(""button"", { name: labels.buttons.apply, exact: true })",V3-4,,V3-4b 已改寫（原片段已不在檔中；2026-10-06 E2E 全套通過）
tests/e2e/revamp-r4.spec.ts,37,locator-css,"page.locator(""form.period-form"")",V3-4,,V3-4b 已改寫（原片段已不在檔中；2026-10-06 E2E 全套通過）
tests/e2e/revamp-r4.spec.ts,43,other,"page.getByLabel(labels.ui.dashboard.validation.datasetLabel, { exact: true })",V3-3,,V3-3 核對：定位器未變、仍有效（2026-10-06 E2E 全套通過）
tests/e2e/revamp-r4.spec.ts,44,getByRole,"page.getByRole(""button"", { name: labels.ui.dashboard.validation.loadButton, exact: true })",V3-3,,V3-3 核對：定位器未變、仍有效（2026-10-06 E2E 全套通過）
tests/e2e/revamp-r4.spec.ts,47,locator-css,"row.locator("".assist-card"")",V3-4,,V3-4b 已改寫（原片段已不在檔中；2026-10-06 E2E 全套通過）
tests/e2e/revamp-r4.spec.ts,52,locator-css,"page.getByTestId(""assist-net_revenue_per_unit"").locator("".assist-value button"")",V3-4,,V3-4b 已改寫（原片段已不在檔中；2026-10-06 E2E 全套通過）
tests/e2e/revamp-r4.spec.ts,53,getByRole,"page.getByRole(""dialog"", { name: new RegExp(`${labels.sections.evidence}$`) })",V3-5,,V3-5 核對：定位器未變、仍有效（2026-10-07 E2E 全套通過）
tests/e2e/revamp-r4.spec.ts,57,locator-css,"drawer.locator("".ladder-table"")",V3-5,,V3-5 核對：定位器未變、仍有效（2026-10-07 E2E 全套通過）
tests/e2e/revamp-r4.spec.ts,67,locator-css,"page.locator(""#preset-reason-yoy"")",V3-3,,V3-3 核對：定位器未變、仍有效（2026-10-06 E2E 全套通過）
tests/e2e/revamp-r4.spec.ts,75,locator-css,"page.locator(""#previous-start"")",V3-3,period-custom（V3-3 新增；欄位 id 保留）,V3-3 核對：定位器未變、仍有效（2026-10-06 E2E 全套通過）
tests/e2e/revamp-r4.spec.ts,76,locator-css,"page.locator(""#previous-end"")",V3-3,period-custom（V3-3 新增；欄位 id 保留）,V3-3 核對：定位器未變、仍有效（2026-10-06 E2E 全套通過）
tests/e2e/revamp-r4.spec.ts,77,locator-css,"page.locator(""#current-start"")",V3-3,period-custom（V3-3 新增；欄位 id 保留）,V3-3 核對：定位器未變、仍有效（2026-10-06 E2E 全套通過）
tests/e2e/revamp-r4.spec.ts,78,locator-css,"page.locator(""#current-end"")",V3-3,period-custom（V3-3 新增；欄位 id 保留）,V3-3 核對：定位器未變、仍有效（2026-10-06 E2E 全套通過）
tests/e2e/revamp-r4.spec.ts,81,locator-css,"page.getByTestId(""kpi-net_revenue"").locator("".kpi-previous"")",V3-4,,V3-4b 已改寫（原片段已不在檔中；2026-10-06 E2E 全套通過）
tests/e2e/revamp-r4.spec.ts,91,getByRole,"page.getByRole(""button"", { name: labels.nav.data.label, exact: true })",V3-3,nav-group-{id}／mobile-tabbar（V3-3 新增）,V3-3 已改寫（原片段已不在檔中；2026-10-06 E2E 全套通過）
tests/e2e/revamp-r4.spec.ts,93,other,"page.getByLabel(labels.targets.upload, { exact: true })",V3-8,,V3-8 核對：定位器已依新結構遷移或確認未變（2026-10-07 E2E 全套 680／680 通過）
tests/e2e/revamp-r4.spec.ts,94,locator-css,"page.getByTestId(""targets-table"").locator(""tbody tr"")",V3-8,,V3-8 核對：定位器已依新結構遷移或確認未變（2026-10-07 E2E 全套 680／680 通過）
tests/e2e/revamp-r4.spec.ts,96,other,"page.getByLabel(labels.targets.upload, { exact: true })",V3-8,,V3-8 核對：定位器已依新結構遷移或確認未變（2026-10-07 E2E 全套 680／680 通過）
tests/e2e/revamp-r4.spec.ts,98,locator-css,"page.getByTestId(""targets-table"").locator(""tbody tr"")",V3-8,,V3-8 核對：定位器已依新結構遷移或確認未變（2026-10-07 E2E 全套 680／680 通過）
tests/e2e/revamp-r4.spec.ts,100,other,"page.getByLabel(labels.events.upload, { exact: true })",V3-8,,V3-8 核對：定位器已依新結構遷移或確認未變（2026-10-07 E2E 全套 680／680 通過）
tests/e2e/revamp-r4.spec.ts,101,locator-css,"page.getByTestId(""events-table"").locator(""tbody tr"")",V3-8,,V3-8 核對：定位器已依新結構遷移或確認未變（2026-10-07 E2E 全套 680／680 通過）
tests/e2e/revamp-r4.spec.ts,102,getByRole,"page.getByRole(""button"", { name: labels.nav.overview.label, exact: true })",V3-3,nav-group-{id}／mobile-tabbar（V3-3 新增）,V3-3 已改寫（原片段已不在檔中；2026-10-06 E2E 全套通過）
tests/e2e/revamp-r4.spec.ts,106,getByRole,"page.getByTestId(""kpi-target-net_revenue"").getByRole(""button"")",V3-4,,V3-4b 核對：定位器未變、仍有效（2026-10-06 E2E 全套通過）
tests/e2e/revamp-r4.spec.ts,107,getByRole,"page.getByRole(""dialog"", { name: new RegExp(`${labels.sections.evidence}$`) })",V3-5,,V3-5 核對：定位器未變、仍有效（2026-10-07 E2E 全套通過）
tests/e2e/revamp-r4.spec.ts,114,locator-css,"topThree.locator("".top-three-list li"")",V3-4,overview-priority-{rule},V3-4b 已改寫（原片段已不在檔中；2026-10-06 E2E 全套通過）
tests/e2e/revamp-r4.spec.ts,114,locator-css,"topThree.locator("".top-three-list li"")",V3-4,overview-priority-{rule},V3-4b 已改寫（原片段已不在檔中；2026-10-06 E2E 全套通過）
tests/e2e/revamp-r4.spec.ts,114,locator-css,"… await expect(topThree.locator("".top-three-list li"").first()locator(""h3"")",V3-4,overview-priority-{rule},V3-4b 已改寫（原片段已不在檔中；2026-10-06 E2E 全套通過）
tests/e2e/revamp-r4.spec.ts,116,getByRole,"…[page.waitForEvent(""download""), (await openDownloads(page)).getByRole(""button"", { name: labels.downloads.analysisCsv, exact: true })",V3-3,,V3-3 已改寫（原片段已不在檔中；2026-10-06 E2E 全套通過）
tests/e2e/revamp-r4.spec.ts,124,getByRole,"storage.getByRole(""button"", { name: labels.buttons.downloadBackup, exact: true })",V3-3,,V3-3 核對：定位器未變、仍有效（2026-10-06 E2E 全套通過）
tests/e2e/revamp-r4.spec.ts,133,other,"storage.getByLabel(labels.ui.workspaceStorage.selectBackupFile, { exact: true })",V3-3,,V3-3 核對：定位器未變、仍有效（2026-10-06 E2E 全套通過）
tests/e2e/revamp-r4.spec.ts,134,getByRole,"page.getByRole(""region"", { name: labels.ui.workspaceStorage.restorePreviewAria })",V3-7,,V3-7 核對：定位器未變、仍有效（2026-10-07 E2E 全套 644／644 通過）
tests/e2e/revamp-r4.spec.ts,135,getByRole,"storage.getByRole(""button"", { name: labels.ui.workspaceStorage.applyRestore, exact: true })",V3-3,,V3-3 核對：定位器未變、仍有效（2026-10-06 E2E 全套通過）
tests/e2e/revamp-r4.spec.ts,139,getByRole,"page.getByRole(""button"", { name: labels.nav.data.label, exact: true })",V3-3,nav-group-{id}／mobile-tabbar（V3-3 新增）,V3-3 已改寫（原片段已不在檔中；2026-10-06 E2E 全套通過）
tests/e2e/revamp-r4.spec.ts,140,getByRole,"page.getByTestId(""targets-table"").getByRole(""button"", { name: `${labels.targets.removeRow} 3`, exact: true })",V3-8,,V3-8 核對：定位器已依新結構遷移或確認未變（2026-10-07 E2E 全套 680／680 通過）
tests/e2e/revamp-r4.spec.ts,141,locator-css,"page.getByTestId(""targets-table"").locator(""tbody tr"")",V3-8,,V3-8 核對：定位器已依新結構遷移或確認未變（2026-10-07 E2E 全套 680／680 通過）
tests/e2e/revamp-r4.spec.ts,146,getByRole,"page.getByRole(""button"", { name: labels.buttons.importData, exact: true })",V3-8,page-import／data-status-import,V3-8 核對：定位器已依新結構遷移或確認未變（2026-10-07 E2E 全套 680／680 通過）
tests/e2e/revamp-r4.spec.ts,148,locator-css,"page.locator(""#legacy-import"")",V3-8,,V3-8 核對：定位器已依新結構遷移或確認未變（2026-10-07 E2E 全套 680／680 通過）
tests/e2e/revamp-r5.spec.ts,40,getByRole,"page.getByRole(""button"", { name: labels.nav[id].label, exact: true })",V3-3,,V3-3 已改寫（原片段已不在檔中；2026-10-06 E2E 全套通過）
tests/e2e/revamp-r5.spec.ts,41,locator-css,"page.locator("".filter-bar"")",V3-3,,V3-3 已改寫（原片段已不在檔中；2026-10-06 E2E 全套通過）
tests/e2e/revamp-r5.spec.ts,41,other,"…globalChannel = (page: Page) => page.locator("".filter-bar"").getByLabel(dash.filter.channel, { exact: true })",V3-3,,V3-3 已改寫（原片段已不在檔中；2026-10-06 E2E 全套通過）
tests/e2e/revamp-r5.spec.ts,46,other,"page.getByLabel(dash.validation.datasetLabel, { exact: true })",V3-3,,V3-3 核對：定位器未變、仍有效（2026-10-06 E2E 全套通過）
tests/e2e/revamp-r5.spec.ts,47,getByRole,"page.getByRole(""button"", { name: dash.validation.loadButton, exact: true })",V3-3,,V3-3 核對：定位器未變、仍有效（2026-10-06 E2E 全套通過）
tests/e2e/revamp-r5.spec.ts,51,getByRole,"card.getByRole(""button"", { name: labels.buttons.calculate, exact: true })",V3-6,,V3-6 核對：定位器未變、仍有效（2026-10-07 E2E 全套 628／628 通過）
tests/e2e/revamp-r5.spec.ts,55,getByRole,"card.getByTestId(`scenario-mode-${field}`).getByRole(""button"", { name: mode === ""relative"" ? labels.scenario.modeRelative : labels.scenario.modeAbsolute, exact: true })",V3-6,,V3-6 已改寫（原片段已不在檔中；2026-10-07 E2E 全套 628／628 通過）
tests/e2e/revamp-r5.spec.ts,66,other,"card.getByLabel(label, { exact: true })",V3-6,,V3-6 核對：定位器未變、仍有效（2026-10-07 E2E 全套 628／628 通過）
tests/e2e/revamp-r5.spec.ts,71,locator-css,"page.getByTestId(""scenario-assumptions"").locator("":scope > summary"")",V3-6,,V3-6 核對：定位器未變、仍有效（2026-10-07 E2E 全套 628／628 通過）
tests/e2e/revamp-r5.spec.ts,73,other,"card.getByLabel(label, { exact: true })",V3-6,,V3-6 核對：定位器未變、仍有效（2026-10-07 E2E 全套 628／628 通過）
tests/e2e/revamp-r5.spec.ts,77,locator-css,"preset.locator(""option"")",V3-3,,V3-3 核對：定位器未變、仍有效（2026-10-06 E2E 全套通過）
tests/e2e/revamp-r5.spec.ts,82,other,"card.getByLabel(label, { exact: true })",V3-6,,V3-6 核對：定位器未變、仍有效（2026-10-07 E2E 全套 628／628 通過）
tests/e2e/revamp-r5.spec.ts,83,other,"card.getByLabel(labels.scenario.acceptAssumptions, { exact: true })",V3-6,,V3-6 核對：定位器未變、仍有效（2026-10-07 E2E 全套 628／628 通過）
tests/e2e/revamp-r5.spec.ts,88,other,"card.getByLabel(labels.scenario.acceptAssumptions, { exact: true })",V3-6,,V3-6 核對：定位器未變、仍有效（2026-10-07 E2E 全套 628／628 通過）
tests/e2e/revamp-r5.spec.ts,93,other,"card.getByLabel(fulfillment, { exact: true })",V3-6,,V3-6 核對：定位器未變、仍有效（2026-10-07 E2E 全套 628／628 通過）
tests/e2e/revamp-r5.spec.ts,102,other,"card.getByLabel(oneOff, { exact: true })",V3-6,,V3-6 核對：定位器未變、仍有效（2026-10-07 E2E 全套 628／628 通過）
tests/e2e/revamp-r5.spec.ts,110,other,"card.getByLabel(volume, { exact: true })",V3-6,,V3-6 核對：定位器未變、仍有效（2026-10-07 E2E 全套 628／628 通過）
tests/e2e/revamp-r5.spec.ts,114,other,"card.getByLabel(volume, { exact: true })",V3-6,,V3-6 核對：定位器未變、仍有效（2026-10-07 E2E 全套 628／628 通過）
tests/e2e/revamp-r5.spec.ts,117,other,"card.getByLabel(volume, { exact: true })",V3-6,,V3-6 核對：定位器未變、仍有效（2026-10-07 E2E 全套 628／628 通過）
tests/e2e/revamp-r5.spec.ts,120,other,"card.getByLabel(volume, { exact: true })",V3-6,,V3-6 核對：定位器未變、仍有效（2026-10-07 E2E 全套 628／628 通過）
tests/e2e/revamp-r5.spec.ts,124,other,"card.getByLabel(volume, { exact: true })",V3-6,,V3-6 核對：定位器未變、仍有效（2026-10-07 E2E 全套 628／628 通過）
tests/e2e/revamp-r5.spec.ts,126,other,"card.getByLabel(volume, { exact: true })",V3-6,,V3-6 核對：定位器未變、仍有效（2026-10-07 E2E 全套 628／628 通過）
tests/e2e/revamp-r5.spec.ts,128,other,"card.getByLabel(volume, { exact: true })",V3-6,,V3-6 核對：定位器未變、仍有效（2026-10-07 E2E 全套 628／628 通過）
tests/e2e/revamp-r5.spec.ts,140,locator-css,"page.getByTestId(""scenario-channel"").locator(""option"")",V3-6,,V3-6 核對：定位器未變、仍有效（2026-10-07 E2E 全套 628／628 通過）
tests/e2e/revamp-r5.spec.ts,143,other,"card.getByLabel(labels.scenario.acceptAssumptions, { exact: true })",V3-6,,V3-6 核對：定位器未變、仍有效（2026-10-07 E2E 全套 628／628 通過）
tests/e2e/revamp-r5.spec.ts,151,other,"marketplace.getByLabel(label, { exact: true })",V3-6,,V3-6 核對：定位器未變、仍有效（2026-10-07 E2E 全套 628／628 通過）
tests/e2e/revamp-r5.spec.ts,153,other,"marketplace.getByLabel(label, { exact: true })",V3-6,,V3-6 核對：定位器未變、仍有效（2026-10-07 E2E 全套 628／628 通過）
tests/e2e/revamp-r5.spec.ts,155,other,"marketplace.getByLabel(adSpend, { exact: true })",V3-6,,V3-6 核對：定位器未變、仍有效（2026-10-07 E2E 全套 628／628 通過）
tests/e2e/revamp-r5.spec.ts,157,other,"marketplace.getByLabel(labels.scenario.acceptAssumptions, { exact: true })",V3-6,,V3-6 已改寫（原片段已不在檔中；2026-10-07 E2E 全套 628／628 通過）
tests/e2e/revamp-r5.spec.ts,176,locator-css,"page.locator(""section[aria-labelledby='channel-table-heading']"")",V3-5,,V3-5 核對：定位器未變、仍有效（2026-10-07 E2E 全套通過）
tests/e2e/revamp-r5.spec.ts,179,locator-css,"page.getByTestId(""diagnosis-list"").locator("":scope > li > details.diagnosis-row"")",V3-5,diagnosis-row-{rule},V3-5 核對：定位器未變、仍有效（2026-10-07 E2E 全套通過）
tests/e2e/revamp-r5.spec.ts,184,locator-css,"rows.locator("":scope > summary .diagnosis-impact .impact-amount"")",V3-5,,V3-5 核對：定位器未變、仍有效（2026-10-07 E2E 全套通過）
tests/e2e/revamp-r5.spec.ts,185,locator-css,"page.locator("".diagnostic-card"")",V3-6,,V3-6 核對：定位器未變、仍有效（2026-10-07 E2E 全套 628／628 通過）
tests/e2e/revamp-r5.spec.ts,191,locator-css,"…await rows.nth(3)locator("":scope > summary"")",V3-6,,V3-6 已改寫（原片段已不在檔中；2026-10-07 E2E 全套 628／628 通過）
tests/e2e/revamp-r5.spec.ts,193,getByRole,"…await expect(rows.nth(3).getByRole(""button"", { name: labels.buttons.addToActions, exact: true })",V3-6,,V3-6 已改寫（原片段已不在檔中；2026-10-07 E2E 全套 628／628 通過）
tests/e2e/revamp-r5.spec.ts,196,locator-css,"first.locator("":scope > summary .scope-tag"")",V3-6,,V3-6 核對：定位器未變、仍有效（2026-10-07 E2E 全套 628／628 通過）
tests/e2e/revamp-r5.spec.ts,197,getByRole,"first.getByRole(""group"", { name: labels.diagnosisList.scopeSwitch })",V3-5,,V3-5 核對：定位器未變、仍有效（2026-10-07 E2E 全套通過）
tests/e2e/revamp-r5.spec.ts,198,getByRole,"chips.getByRole(""button"")",V3-6,,V3-6 核對：定位器未變、仍有效（2026-10-07 E2E 全套 628／628 通過）
tests/e2e/revamp-r5.spec.ts,199,getByRole,"chips.getByRole(""button"", { name: labels.sections.total, exact: true })",V3-6,,V3-6 核對：定位器未變、仍有效（2026-10-07 E2E 全套 628／628 通過）
tests/e2e/revamp-r5.spec.ts,200,locator-css,"first.locator("".impact-line .impact-amount"")",V3-5,,V3-5 核對：定位器未變、仍有效（2026-10-07 E2E 全套通過）
tests/e2e/revamp-r5.spec.ts,201,locator-css,"first.locator("".fact-list .number-link"")",V3-6,,V3-6 核對：定位器未變、仍有效（2026-10-07 E2E 全套 628／628 通過）
tests/e2e/revamp-r5.spec.ts,207,getByRole,"chips.getByRole(""button"", { name: ""MARKETPLACE"", exact: true })",V3-6,,V3-6 核對：定位器未變、仍有效（2026-10-07 E2E 全套 628／628 通過）
tests/e2e/revamp-r5.spec.ts,208,getByRole,"chips.getByRole(""button"", { name: ""MARKETPLACE"", exact: true })",V3-6,,V3-6 核對：定位器未變、仍有效（2026-10-07 E2E 全套 628／628 通過）
tests/e2e/revamp-r5.spec.ts,209,getByRole,"chips.getByRole(""button"", { name: labels.sections.total, exact: true })",V3-6,,V3-6 核對：定位器未變、仍有效（2026-10-07 E2E 全套 628／628 通過）
tests/e2e/revamp-r5.spec.ts,210,locator-css,"first.locator("".impact-line .impact-amount"")",V3-5,,V3-5 核對：定位器未變、仍有效（2026-10-07 E2E 全套通過）
tests/e2e/revamp-r5.spec.ts,211,locator-css,"first.locator("".diagnosis-body > h4"")",V3-5,,V3-5 核對：定位器未變、仍有效（2026-10-07 E2E 全套通過）
tests/e2e/revamp-r5.spec.ts,212,locator-css,"first.locator("".diagnosis-scope-headline"")",V3-5,,V3-5 核對：定位器未變、仍有效（2026-10-07 E2E 全套通過）
tests/e2e/revamp-r5.spec.ts,214,locator-css,"first.locator("":scope > summary .impact-amount"")",V3-5,,V3-5 核對：定位器未變、仍有效（2026-10-07 E2E 全套通過）
tests/e2e/revamp-r5.spec.ts,216,locator-css,"first.locator(""details.diagnosis-technical"")",V3-5,,V3-5 核對：定位器未變、仍有效（2026-10-07 E2E 全套通過）
tests/e2e/revamp-r5.spec.ts,218,locator-css,"technical.locator("":scope > summary"")",V3-6,,V3-6 核對：定位器未變、仍有效（2026-10-07 E2E 全套 628／628 通過）
tests/e2e/revamp-r5.spec.ts,227,locator-css,"page.getByTestId(""diagnosis-list"").locator("":scope > li > details.diagnosis-row"")",V3-5,diagnosis-row-{rule},V3-5 核對：定位器未變、仍有效（2026-10-07 E2E 全套通過）
tests/e2e/revamp-r5.spec.ts,231,getByRole,"first.getByRole(""button"", { name: labels.buttons.addToActions, exact: true })",V3-6,,V3-6 核對：定位器未變、仍有效（2026-10-07 E2E 全套 628／628 通過）
tests/e2e/revamp-r5.spec.ts,238,getByRole,"card.getByRole(""heading"", { level: 4 })",V3-6,,V3-6 核對：定位器未變、仍有效（2026-10-07 E2E 全套 628／628 通過）
tests/e2e/revamp-r5.spec.ts,241,locator-css,"page.getByTestId(""board-column-not_started"").locator(""h3"")",V3-6,,V3-6 已改寫（原片段已不在檔中；2026-10-07 E2E 全套 628／628 通過）
tests/e2e/revamp-r5.spec.ts,242,locator-css,"page.getByTestId(""board-column-in_progress"").locator(""h3"")",V3-6,,V3-6 已改寫（原片段已不在檔中；2026-10-07 E2E 全套 628／628 通過）
tests/e2e/revamp-r5.spec.ts,251,locator-css,"page.getByTestId(""board-column-in_progress"").locator(""h3"")",V3-6,,V3-6 已改寫（原片段已不在檔中；2026-10-07 E2E 全套 628／628 通過）
tests/e2e/revamp-r5.spec.ts,257,other,"item.getByLabel(labels.actions.status, { exact: true })",V3-6,,V3-6 核對：定位器未變、仍有效（2026-10-07 E2E 全套 628／628 通過）
tests/e2e/revamp-r5.spec.ts,259,locator-css,"checklist.locator(""input[type=checkbox]:checked"")",V3-6,,V3-6 核對：定位器未變、仍有效（2026-10-07 E2E 全套 628／628 通過）
tests/e2e/revamp-r5.spec.ts,260,other,"item.getByLabel(labels.actions.due, { exact: true })",V3-6,,V3-6 核對：定位器未變、仍有效（2026-10-07 E2E 全套 628／628 通過）
tests/e2e/revamp-r5.spec.ts,261,other,"item.getByLabel(labels.actions.owner, { exact: true })",V3-6,,V3-6 核對：定位器未變、仍有效（2026-10-07 E2E 全套 628／628 通過）
tests/e2e/revamp-r5.spec.ts,263,locator-css,"page.locator(`datalist[id=""${listId}""]`)",V3-6,,V3-6 核對：定位器未變、仍有效（2026-10-07 E2E 全套 628／628 通過）
tests/e2e/revamp-r5.spec.ts,265,other,"item.getByLabel(labels.actions.status, { exact: true })",V3-6,,V3-6 核對：定位器未變、仍有效（2026-10-07 E2E 全套 628／628 通過）
tests/e2e/revamp-r5.spec.ts,274,locator-css,"page.locator(""#product-highlights-heading"")",V3-5,,V3-5 核對：定位器未變、仍有效（2026-10-07 E2E 全套通過）
tests/e2e/revamp-r5.spec.ts,276,locator-css,"root.locator(""tbody tr th"")",V3-3,,V3-3 核對：定位器未變、仍有效（2026-10-06 E2E 全套通過）
tests/e2e/revamp-r5.spec.ts,278,locator-css,"worst.locator(""tbody tr td:nth-of-type(2)"")",V3-3,,V3-3 核對：定位器未變、仍有效（2026-10-06 E2E 全套通過）
tests/e2e/revamp-r5.spec.ts,280,locator-css,"best.locator(""tbody tr td:nth-of-type(3)"")",V3-3,,V3-3 核對：定位器未變、仍有效（2026-10-06 E2E 全套通過）
tests/e2e/revamp-r5.spec.ts,282,other,"page.getByLabel(labels.ui.productComparisonPanel.searchSku, { exact: true })",V3-5,,V3-5 核對：定位器未變、仍有效（2026-10-07 E2E 全套通過）
tests/e2e/revamp-r5.spec.ts,283,locator-css,"table.locator(""tbody tr"")",V3-3,,V3-3 核對：定位器未變、仍有效（2026-10-06 E2E 全套通過）
tests/e2e/revamp-r5.spec.ts,286,locator-css,"page.locator(""#product-full-heading"")",V3-5,,V3-5 核對：定位器未變、仍有效（2026-10-07 E2E 全套通過）
tests/e2e/revamp-r5.spec.ts,287,locator-css,"table.locator(""thead th"")",V3-6,,V3-6 核對：定位器未變、仍有效（2026-10-07 E2E 全套 628／628 通過）
tests/e2e/revamp-r5.spec.ts,288,locator-css,"table.locator(""tbody tr td:last-child"")",V3-3,,V3-3 核對：定位器未變、仍有效（2026-10-06 E2E 全套通過）
tests/e2e/revamp-r6.spec.ts,47,getByRole,"page.getByRole(""button"", { name: labels.nav[id].label, exact: true })",V3-3,,V3-3 已改寫（原片段已不在檔中；2026-10-06 E2E 全套通過）
tests/e2e/revamp-r6.spec.ts,69,other,"page.getByLabel(dash.validation.datasetLabel, { exact: true })",V3-3,,V3-3 核對：定位器未變、仍有效（2026-10-06 E2E 全套通過）
tests/e2e/revamp-r6.spec.ts,70,getByRole,"page.getByRole(""button"", { name: dash.validation.loadButton, exact: true })",V3-3,,V3-3 核對：定位器未變、仍有效（2026-10-06 E2E 全套通過）
tests/e2e/revamp-r6.spec.ts,77,getByRole,"prompt.getByRole(""button"", { name: auto.decline, exact: true })",V3-7,,V3-7 核對：定位器未變、仍有效（2026-10-07 E2E 全套 644／644 通過）
tests/e2e/revamp-r6.spec.ts,82,locator-css,"menu.locator("":scope > summary"")",V3-7,,V3-7 已改寫（原片段已不在檔中；2026-10-07 E2E 全套 644／644 通過）
tests/e2e/revamp-r6.spec.ts,88,locator-css,"menu.locator("":scope > summary"")",V3-7,,V3-7 已改寫（原片段已不在檔中；2026-10-07 E2E 全套 644／644 通過）
tests/e2e/revamp-r6.spec.ts,105,other,"card.getByLabel(labels.scenario.acceptAssumptions, { exact: true })",V3-6,,V3-6 已改寫（原片段已不在檔中；2026-10-07 E2E 全套 628／628 通過）
tests/e2e/revamp-r6.spec.ts,106,getByRole,"card.getByRole(""button"", { name: labels.buttons.calculate, exact: true })",V3-7,,V3-7 核對：定位器未變、仍有效（2026-10-07 E2E 全套 644／644 通過）
tests/e2e/revamp-r6.spec.ts,114,getByRole,"page.getByRole(""button"", { name: labels.buttons.addAction, exact: true })",V3-6,,V3-6 核對：定位器未變、仍有效（2026-10-07 E2E 全套 628／628 通過）
tests/e2e/revamp-r6.spec.ts,116,other,"card.getByLabel(labels.actions.problem, { exact: true })",V3-6,,V3-6 已改寫（原片段已不在檔中；2026-10-07 E2E 全套 628／628 通過）
tests/e2e/revamp-r6.spec.ts,117,getByRole,"card.getByRole(""button"", { name: labels.buttons.pin, exact: true })",V3-6,,V3-6 核對：定位器未變、仍有效（2026-10-07 E2E 全套 628／628 通過）
tests/e2e/revamp-r6.spec.ts,118,getByRole,"card.getByRole(""button"", { name: labels.ui.actionsWorkbench.unpin, exact: true })",V3-6,,V3-6 核對：定位器未變、仍有效（2026-10-07 E2E 全套 628／628 通過）
tests/e2e/revamp-r6.spec.ts,119,getByRole,"card.getByRole(""heading"", { level: 4 })",V3-7,,V3-7 核對：定位器未變、仍有效（2026-10-07 E2E 全套 644／644 通過）
tests/e2e/revamp-r6.spec.ts,138,locator-css,"same.getByTestId(""meeting-compare-kpis"").locator(""tbody tr"")",V3-7,,V3-7 核對：定位器未變、仍有效（2026-10-07 E2E 全套 644／644 通過）
tests/e2e/revamp-r6.spec.ts,140,locator-css,"rows.locator(""th"")",V3-7,,V3-7 核對：定位器未變、仍有效（2026-10-07 E2E 全套 644／644 通過）
tests/e2e/revamp-r6.spec.ts,141,locator-css,"…await expect(rows.nth(0)locator(""td"")",V3-7,,V3-7 已改寫（原片段已不在檔中；2026-10-07 E2E 全套 644／644 通過）
tests/e2e/revamp-r6.spec.ts,142,locator-css,"…await expect(rows.nth(1)locator(""td"")",V3-7,,V3-7 已改寫（原片段已不在檔中；2026-10-07 E2E 全套 644／644 通過）
tests/e2e/revamp-r6.spec.ts,145,getByRole,"…nst list = same.locator(""div"").filter({ has: meeting.page().getByRole(""heading"", { name: title, exact: true })",V3-7,,V3-7 已改寫（原片段已不在檔中；2026-10-07 E2E 全套 644／644 通過）
tests/e2e/revamp-r6.spec.ts,145,locator-css,"same.locator(""div"")",V3-7,,V3-7 核對：定位器未變、仍有效（2026-10-07 E2E 全套 644／644 通過）
tests/e2e/revamp-r6.spec.ts,145,locator-css,"…getByRole(""heading"", { name: title, exact: true }) }).last()locator(""ul > li"")",V3-7,,V3-7 已改寫（原片段已不在檔中；2026-10-07 E2E 全套 644／644 通過）
tests/e2e/revamp-r6.spec.ts,165,getByRole,"meeting.getByRole(""button"", { name: review.createButton, exact: true })",V3-7,meeting-create,V3-7 核對：定位器未變、仍有效（2026-10-07 E2E 全套 644／644 通過）
tests/e2e/revamp-r6.spec.ts,165,getByRole,"meeting.getByRole(""button"", { name: review.createButton, exact: true })",V3-7,meeting-create,V3-7 核對：定位器未變、仍有效（2026-10-07 E2E 全套 644／644 通過）
tests/e2e/revamp-r6.spec.ts,166,other,"…await expect(basics(meeting).getByLabel(labels.meeting.name, { exact: true })",V3-7,,V3-7 已改寫（原片段已不在檔中；2026-10-07 E2E 全套 644／644 通過）
tests/e2e/revamp-r6.spec.ts,168,other,"…const dateInput = basics(meeting).getByLabel(labels.meeting.date, { exact: true })",V3-7,,V3-7 已改寫（原片段已不在檔中；2026-10-07 E2E 全套 644／644 通過）
tests/e2e/revamp-r6.spec.ts,171,other,"…await basics(meeting).getByLabel(labels.meeting.name, { exact: true })",V3-7,,V3-7 已改寫（原片段已不在檔中；2026-10-07 E2E 全套 644／644 通過）
tests/e2e/revamp-r6.spec.ts,172,other,"…await expect(basics(meeting).getByLabel(labels.meeting.name, { exact: true })",V3-7,,V3-7 已改寫（原片段已不在檔中；2026-10-07 E2E 全套 644／644 通過）
tests/e2e/revamp-r6.spec.ts,175,getByRole,"meeting.getByTestId(""meeting-agenda"").getByRole(""heading"", { name: record.agenda.priorities, exact: true })",V3-7,,V3-7 核對：定位器未變、仍有效（2026-10-07 E2E 全套 644／644 通過）
tests/e2e/revamp-r6.spec.ts,176,getByRole,"meeting.getByTestId(""manager-summary"").getByRole(""button"", { name: labels.buttons.print, exact: true })",V3-7,,V3-7 核對：定位器未變、仍有效（2026-10-07 E2E 全套 644／644 通過）
tests/e2e/revamp-r6.spec.ts,181,other,"meeting.getByTestId(""meeting-agenda-5"").getByLabel(fill(review.scenarioSelect, { channel: ""DTC"" }), { exact: true })",V3-7,meeting-scenario-select-{channel},V3-7 核對：定位器未變、仍有效（2026-10-07 E2E 全套 644／644 通過）
tests/e2e/revamp-r6.spec.ts,182,locator-css,"meeting.getByTestId(""meeting-agenda-5"").locator(""select"")",V3-7,,V3-7 核對：定位器未變、仍有效（2026-10-07 E2E 全套 644／644 通過）
tests/e2e/revamp-r6.spec.ts,184,locator-css,"dtcSelect.locator(""option:checked"")",V3-7,,V3-7 核對：定位器未變、仍有效（2026-10-07 E2E 全套 644／644 通過）
tests/e2e/revamp-r6.spec.ts,186,other,"meeting.getByTestId(""meeting-decision"").getByLabel(labels.meeting.decision, { exact: true })",V3-7,,V3-7 核對：定位器未變、仍有效（2026-10-07 E2E 全套 644／644 通過）
tests/e2e/revamp-r6.spec.ts,188,locator-css,"decision.locator(""option:checked"")",V3-6,,V3-6 核對：定位器未變、仍有效（2026-10-07 E2E 全套 628／628 通過）
tests/e2e/revamp-r6.spec.ts,196,getByRole,"confirm.getByRole(""heading"", { name: meetingPage.confirmTitle, exact: true })",V3-7,,V3-7 核對：定位器未變、仍有效（2026-10-07 E2E 全套 644／644 通過）
tests/e2e/revamp-r6.spec.ts,206,locator-css,"…await expect(items.first()locator(""summary"")",V3-7,,V3-7 已改寫（原片段已不在檔中；2026-10-07 E2E 全套 644／644 通過）
tests/e2e/revamp-r6.spec.ts,207,getByRole,"…await expect(items.first().getByRole(""button"", { name: `${labels.buttons.exportMarkdown} · ${await items.first().locator(""summary"").innerText()}`, exact: true })",V3-7,,V3-7 已改寫（原片段已不在檔中；2026-10-07 E2E 全套 644／644 通過）
tests/e2e/revamp-r6.spec.ts,207,locator-css,"…e: `${labels.buttons.exportMarkdown} · ${await items.first()locator(""summary"")",V3-7,,V3-7 已改寫（原片段已不在檔中；2026-10-07 E2E 全套 644／644 通過）
tests/e2e/revamp-r6.spec.ts,208,other,"…await expect(basics(meeting).getByLabel(labels.meeting.name, { exact: true })",V3-7,,V3-7 已改寫（原片段已不在檔中；2026-10-07 E2E 全套 644／644 通過）
tests/e2e/revamp-r6.spec.ts,212,getByRole,"…await expect(basics(meeting).getByRole(""heading"", { name: meetingPage.basics, exact: true })",V3-7,,V3-7 已改寫（原片段已不在檔中；2026-10-07 E2E 全套 644／644 通過）
tests/e2e/revamp-r6.spec.ts,217,locator-css,"followUp.locator(""thead th"")",V3-7,,V3-7 核對：定位器未變、仍有效（2026-10-07 E2E 全套 644／644 通過）
tests/e2e/revamp-r6.spec.ts,218,locator-css,"followUp.locator(""tbody tr"")",V3-3,,V3-3 核對：定位器未變、仍有效（2026-10-06 E2E 全套通過）
tests/e2e/revamp-r6.spec.ts,219,locator-css,"followUp.locator(""tbody tr th"")",V3-3,,V3-3 核對：定位器未變、仍有效（2026-10-06 E2E 全套通過）
tests/e2e/revamp-r6.spec.ts,220,locator-css,"followUp.locator(""tbody tr td"")",V3-3,,V3-3 核對：定位器未變、仍有效（2026-10-06 E2E 全套通過）
tests/e2e/revamp-r6.spec.ts,231,getByRole,"storage.getByRole(""button"", { name: labels.buttons.downloadBackup, exact: true })",V3-3,,V3-3 核對：定位器未變、仍有效（2026-10-06 E2E 全套通過）
tests/e2e/revamp-r6.spec.ts,249,getByRole,"storage.getByRole(""button"", { name: store.confirmDownloaded, exact: true })",V3-3,,V3-3 核對：定位器未變、仍有效（2026-10-06 E2E 全套通過）
tests/e2e/revamp-r6.spec.ts,253,getByRole,"page.getByRole(""button"", { name: labels.buttons.clear, exact: true })",V3-3,,V3-3 已改寫（原片段已不在檔中；2026-10-06 E2E 全套通過）
tests/e2e/revamp-r6.spec.ts,256,other,"fresh.getByLabel(store.selectBackupFile, { exact: true })",V3-7,,V3-7 核對：定位器未變、仍有效（2026-10-07 E2E 全套 644／644 通過）
tests/e2e/revamp-r6.spec.ts,257,getByRole,"page.getByRole(""region"", { name: store.restorePreviewAria })",V3-7,,V3-7 核對：定位器未變、仍有效（2026-10-07 E2E 全套 644／644 通過）
tests/e2e/revamp-r6.spec.ts,258,getByRole,"fresh.getByRole(""button"", { name: store.applyRestore, exact: true })",V3-7,,V3-7 核對：定位器未變、仍有效（2026-10-07 E2E 全套 644／644 通過）
tests/e2e/revamp-r6.spec.ts,266,locator-css,"… expect(restored.getByTestId(""meeting-history-item"").first()locator(""summary"")",V3-7,,V3-7 已改寫（原片段已不在檔中；2026-10-07 E2E 全套 644／644 通過）
tests/e2e/revamp-r6.spec.ts,281,other,"meeting.getByTestId(""meeting-decision"").getByLabel(labels.meeting.decision, { exact: true })",V3-7,,V3-7 核對：定位器未變、仍有效（2026-10-07 E2E 全套 644／644 通過）
tests/e2e/revamp-r6.spec.ts,284,locator-css,"…t expect(meeting.getByTestId(""meeting-history-item"").first()locator(""summary"")",V3-7,,V3-7 已改寫（原片段已不在檔中；2026-10-07 E2E 全套 644／644 通過）
tests/e2e/revamp-r6.spec.ts,297,getByRole,"…await basics(meeting).getByRole(""button"", { name: labels.buttons.updateMeetingSource, exact: true })",V3-7,,V3-7 已改寫（原片段已不在檔中；2026-10-07 E2E 全套 644／644 通過）
tests/e2e/revamp-r6.spec.ts,312,locator-css,"different.locator(""table"")",V3-7,,V3-7 核對：定位器未變、仍有效（2026-10-07 E2E 全套 644／644 通過）
tests/e2e/revamp-r6.spec.ts,313,locator-css,"different.locator(""ul > li"")",V3-7,,V3-7 核對：定位器未變、仍有效（2026-10-07 E2E 全套 644／644 通過）
tests/e2e/revamp-r6.spec.ts,317,locator-css,"followUp.locator(""ul > li"")",V3-7,,V3-7 核對：定位器未變、仍有效（2026-10-07 E2E 全套 644／644 通過）
tests/e2e/revamp-r6.spec.ts,318,locator-css,"followUp.locator(""tbody tr"")",V3-3,,V3-3 核對：定位器未變、仍有效（2026-10-06 E2E 全套通過）
tests/e2e/revamp-r6.spec.ts,319,locator-css,"followUp.locator(""tbody tr th"")",V3-3,,V3-3 核對：定位器未變、仍有效（2026-10-06 E2E 全套通過）
tests/e2e/revamp-r6.spec.ts,320,locator-css,"followUp.locator(""tbody tr td"")",V3-3,,V3-3 核對：定位器未變、仍有效（2026-10-06 E2E 全套通過）
tests/e2e/revamp-r6.spec.ts,344,other,"meeting.getByTestId(""meeting-agenda-5"").getByLabel(fill(review.scenarioSelect, { channel }), { exact: true })",V3-7,meeting-scenario-select-{channel},V3-7 核對：定位器未變、仍有效（2026-10-07 E2E 全套 644／644 通過）
tests/e2e/revamp-r6.spec.ts,371,locator-css,"page.getByTestId(""download-menu"").locator("":scope > summary"")",V3-3,,V3-3 核對：定位器未變、仍有效（2026-10-06 E2E 全套通過）
tests/e2e/revamp-r6.spec.ts,372,getByRole,"menu.getByRole(""button"", { name: labels.buttons.exportExcel, exact: true })",V3-7,meeting-export-excel,V3-7 核對：定位器未變、仍有效（2026-10-07 E2E 全套 644／644 通過）
tests/e2e/revamp-r6.spec.ts,391,getByRole,"menu.getByRole(""button"", { name: labels.buttons.exportPptx, exact: true })",V3-7,meeting-export-pptx,V3-7 核對：定位器未變、仍有效（2026-10-07 E2E 全套 644／644 通過）
tests/e2e/revamp-r6.spec.ts,406,getByRole,"outputs.getByRole(""button"")",V3-7,,V3-7 核對：定位器未變、仍有效（2026-10-07 E2E 全套 644／644 通過）
tests/e2e/revamp-r6.spec.ts,408,other,"…await basics(meeting).getByLabel(labels.meeting.name, { exact: true })",V3-7,,V3-7 已改寫（原片段已不在檔中；2026-10-07 E2E 全套 644／644 通過）
tests/e2e/revamp-r6.spec.ts,409,other,"…await expect(basics(meeting).getByLabel(labels.meeting.name, { exact: true })",V3-7,,V3-7 已改寫（原片段已不在檔中；2026-10-07 E2E 全套 644／644 通過）
tests/e2e/revamp-r6.spec.ts,410,getByRole,"outputs.getByRole(""button"", { name: labels.buttons.exportExcel, exact: true })",V3-7,meeting-export-excel,V3-7 已改寫（原片段已不在檔中；2026-10-07 E2E 全套 644／644 通過）
tests/e2e/revamp-r6.spec.ts,411,getByRole,"outputs.getByRole(""button"", { name: labels.buttons.exportExcel, exact: true })",V3-7,meeting-export-excel,V3-7 已改寫（原片段已不在檔中；2026-10-07 E2E 全套 644／644 通過）
tests/e2e/revamp-r6.spec.ts,422,getByRole,"outputs.getByRole(""button"", { name: labels.buttons.exportPptx, exact: true })",V3-7,meeting-export-pptx,V3-7 已改寫（原片段已不在檔中；2026-10-07 E2E 全套 644／644 通過）
tests/e2e/revamp-r6.spec.ts,427,getByRole,"outputs.getByRole(""alert"")",V3-7,,V3-7 已改寫（原片段已不在檔中；2026-10-07 E2E 全套 644／644 通過）
tests/e2e/revamp-r6.spec.ts,445,getByText,"menu.getByText(labels.meetingPage.pdfHint, { exact: true })",V3-7,,V3-7 已改寫（原片段已不在檔中；2026-10-07 E2E 全套 644／644 通過）
tests/e2e/revamp-r6.spec.ts,446,getByRole,"menu.getByRole(""button"", { name: labels.buttons.exportPdf, exact: true })",V3-7,,V3-7 核對：定位器未變、仍有效（2026-10-07 E2E 全套 644／644 通過）
tests/e2e/revamp-r6.spec.ts,456,getByRole,"print.getByRole(""heading"", { level: 1 })",V3-7,,V3-7 核對：定位器未變、仍有效（2026-10-07 E2E 全套 644／644 通過）
tests/e2e/revamp-r6.spec.ts,458,locator-css,"print.locator("":scope > ol > li"")",V3-7,,V3-7 核對：定位器未變、仍有效（2026-10-07 E2E 全套 644／644 通過）
tests/e2e/revamp-r6.spec.ts,462,getByRole,"page.getByRole(""heading"", { name: labels.sections.technicalDetails, exact: true })",V3-7,,V3-7 核對：定位器未變、仍有效（2026-10-07 E2E 全套 644／644 通過）
tests/e2e/revamp-r6.spec.ts,462,locator-css,"print.locator("":scope > section"")",V3-7,,V3-7 核對：定位器未變、仍有效（2026-10-07 E2E 全套 644／644 通過）
tests/e2e/revamp-r6.spec.ts,467,locator-css,"print.locator("":scope > ol"")",V3-7,,V3-7 核對：定位器未變、仍有效（2026-10-07 E2E 全套 644／644 通過）
tests/e2e/revamp-r6.spec.ts,469,locator-css,"print.locator("":scope > header > p"")",V3-7,,V3-7 已改寫（原片段已不在檔中；2026-10-07 E2E 全套 644／644 通過）
tests/e2e/revamp-r6.spec.ts,470,locator-css,"print.locator("":scope > header"")",V3-7,,V3-7 核對：定位器未變、仍有效（2026-10-07 E2E 全套 644／644 通過）
tests/e2e/revamp-r6.spec.ts,487,getByRole,"again.getByRole(""button"", { name: labels.buttons.exportPdf, exact: true })",V3-7,,V3-7 核對：定位器未變、仍有效（2026-10-07 E2E 全套 644／644 通過）
tests/e2e/revamp-r6.spec.ts,493,locator-css,"page.getByTestId(""download-menu"").locator("":scope > summary"")",V3-3,,V3-3 核對：定位器未變、仍有效（2026-10-06 E2E 全套通過）
tests/e2e/revamp-r6.spec.ts,501,other,"agenda5.getByLabel(fill(review.scenarioSelect, { channel: ""DTC"" }), { exact: true })",V3-7,meeting-scenario-select-{channel},V3-7 核對：定位器未變、仍有效（2026-10-07 E2E 全套 644／644 通過）
tests/e2e/revamp-r6.spec.ts,509,getByText,"outputs.getByText(labels.meetingPage.pdfHint, { exact: true })",V3-7,,V3-7 核對：定位器未變、仍有效（2026-10-07 E2E 全套 644／644 通過）
tests/e2e/revamp-r6.spec.ts,510,getByRole,"outputs.getByRole(""button"", { name: labels.buttons.exportPdf, exact: true })",V3-7,,V3-7 已改寫（原片段已不在檔中；2026-10-07 E2E 全套 644／644 通過）
tests/e2e/revamp-r6.spec.ts,515,locator-css,"print.locator("":scope > header > p"")",V3-7,,V3-7 已改寫（原片段已不在檔中；2026-10-07 E2E 全套 644／644 通過）
tests/e2e/revamp-r6.spec.ts,516,locator-css,"print.locator("":scope > ol > li"")",V3-7,,V3-7 核對：定位器未變、仍有效（2026-10-07 E2E 全套 644／644 通過）
tests/e2e/revamp-r6.spec.ts,529,locator-css,"assumptions.locator(""li"")",V3-7,,V3-7 核對：定位器未變、仍有效（2026-10-07 E2E 全套 644／644 通過）
tests/e2e/revamp-r6.spec.ts,530,getByRole,"outputs.getByRole(""button"", { name: labels.ui.managerSummary.exitPrint, exact: true })",V3-7,,V3-7 已改寫（原片段已不在檔中；2026-10-07 E2E 全套 644／644 通過）
tests/e2e/revamp-r6.spec.ts,549,getByRole,"entry.getByRole(""button"", { name: meetingPage.goToMeeting, exact: true })",V3-7,,V3-7 已改寫（原片段已不在檔中；2026-10-07 E2E 全套 644／644 通過）
tests/e2e/revamp-r6.spec.ts,558,getByRole,"page.getByRole(""heading"", { level: 1 })",V3-7,,V3-7 核對：定位器未變、仍有效（2026-10-07 E2E 全套 644／644 通過）
tests/e2e/revamp-r6.spec.ts,561,getByRole,"page.getByRole(""navigation"", { name: dash.mainNavAria })",V3-3,,V3-3 已改寫（原片段已不在檔中；2026-10-06 E2E 全套通過）
tests/e2e/revamp-r6.spec.ts,561,getByRole,"… = page.getByRole(""navigation"", { name: dash.mainNavAria }).getByRole(""button"")",V3-3,,V3-3 已改寫（原片段已不在檔中；2026-10-06 E2E 全套通過）
tests/e2e/revamp-r6.spec.ts,606,getByRole,"prompt.getByRole(""heading"", { name: auto.promptTitle, exact: true })",V3-7,,V3-7 核對：定位器未變、仍有效（2026-10-07 E2E 全套 644／644 通過）
tests/e2e/revamp-r6.spec.ts,609,locator-css,"page.getByTestId(""workspace-storage"").locator("":scope > summary"")",V3-3,,V3-3 核對：定位器未變、仍有效（2026-10-06 E2E 全套通過）
tests/e2e/revamp-r6.spec.ts,621,getByRole,"menu.getByRole(""checkbox"", { name: store.consent, exact: true })",V3-7,,V3-7 核對：定位器未變、仍有效（2026-10-07 E2E 全套 644／644 通過）
tests/e2e/revamp-r6.spec.ts,627,other,"…await basics(meeting).getByLabel(labels.meeting.name, { exact: true })",V3-7,,V3-7 已改寫（原片段已不在檔中；2026-10-07 E2E 全套 644／644 通過）
tests/e2e/revamp-r6.spec.ts,637,getByRole,"storage.getByRole(""button"", { name: labels.buttons.deleteLocal, exact: true })",V3-3,,V3-3 核對：定位器未變、仍有效（2026-10-06 E2E 全套通過）
tests/e2e/revamp-r6.spec.ts,640,getByRole,"storage.getByRole(""checkbox"", { name: store.consent, exact: true })",V3-3,,V3-3 核對：定位器未變、仍有效（2026-10-06 E2E 全套通過）
tests/e2e/revamp-r6.spec.ts,643,other,"…await basics(meeting).getByLabel(labels.meeting.name, { exact: true })",V3-7,,V3-7 已改寫（原片段已不在檔中；2026-10-07 E2E 全套 644／644 通過）
tests/e2e/revamp-r6.spec.ts,659,getByRole,"menu.getByRole(""checkbox"", { name: store.consent, exact: true })",V3-7,,V3-7 核對：定位器未變、仍有效（2026-10-07 E2E 全套 644／644 通過）
tests/e2e/revamp-r6.spec.ts,660,getByRole,"menu.getByRole(""button"", { name: labels.buttons.saveLocal, exact: true })",V3-7,,V3-7 核對：定位器未變、仍有效（2026-10-07 E2E 全套 644／644 通過）
tests/e2e/revamp-r6.spec.ts,663,other,"…await basics(meeting).getByLabel(labels.meeting.name, { exact: true })",V3-7,,V3-7 已改寫（原片段已不在檔中；2026-10-07 E2E 全套 644／644 通過）
tests/e2e/revamp-r6.spec.ts,666,locator-css,"page.getByTestId(""workspace-storage"").locator("":scope > summary"")",V3-3,,V3-3 核對：定位器未變、仍有效（2026-10-06 E2E 全套通過）
tests/e2e/revamp-r6.spec.ts,669,getByRole,"page.getByRole(""button"", { name: labels.buttons.clear, exact: true })",V3-3,,V3-3 已改寫（原片段已不在檔中；2026-10-06 E2E 全套通過）
tests/e2e/revamp-r6.spec.ts,674,getByRole,"prompt.getByRole(""button"", { name: auto.decline, exact: true })",V3-7,,V3-7 核對：定位器未變、仍有效（2026-10-07 E2E 全套 644／644 通過）
tests/e2e/revamp-r6.spec.ts,688,other,"meeting.getByTestId(""meeting-decision"").getByLabel(labels.meeting.notes, { exact: true })",V3-7,,V3-7 核對：定位器未變、仍有效（2026-10-07 E2E 全套 644／644 通過）
tests/e2e/revamp-r6.spec.ts,689,other,"meeting.getByTestId(""meeting-decision"").getByLabel(labels.meeting.decision, { exact: true })",V3-7,,V3-7 核對：定位器未變、仍有效（2026-10-07 E2E 全套 644／644 通過）
tests/e2e/revamp-r6.spec.ts,695,locator-css,"…const summary = items.first()locator(""summary"")",V3-7,,V3-7 已改寫（原片段已不在檔中；2026-10-07 E2E 全套 644／644 通過）
tests/e2e/revamp-r6.spec.ts,700,getByRole,"…const history = await downloadFrom(page, items.first().getByRole(""button"", { name: `${labels.buttons.exportMarkdown} · ${title}`, exact: true })",V3-7,,V3-7 已改寫（原片段已不在檔中；2026-10-07 E2E 全套 644／644 通過）
tests/e2e/revamp-r6.spec.ts,718,getByRole,"menu.getByRole(""button"", { name: meetingPage.menuMarkdown, exact: true })",V3-7,,V3-7 核對：定位器未變、仍有效（2026-10-07 E2E 全套 644／644 通過）
tests/e2e/revamp-r6.spec.ts,721,locator-css,"page.getByTestId(""download-menu"").locator("":scope > summary"")",V3-3,,V3-3 核對：定位器未變、仍有效（2026-10-06 E2E 全套通過）
tests/e2e/revamp-r6.spec.ts,725,getByRole,"meeting.getByRole(""button"", { name: `${meetingPage.removeMeeting} · ${title}`, exact: true })",V3-7,,V3-7 核對：定位器未變、仍有效（2026-10-07 E2E 全套 644／644 通過）
tests/e2e/revamp-r6.spec.ts,735,getByText,"region.getByText(meetingPage.removeWarning, { exact: true })",V3-7,,V3-7 核對：定位器未變、仍有效（2026-10-07 E2E 全套 644／644 通過）
tests/e2e/revamp-r6.spec.ts,736,getByRole,"page.getByRole(""group"", { name: meetingPage.removeWarning, exact: true })",V3-7,,V3-7 核對：定位器未變、仍有效（2026-10-07 E2E 全套 644／644 通過）
tests/e2e/revamp-r6.spec.ts,737,getByRole,"region.getByRole(""button"", { name: labels.buttons.cancel, exact: true })",V3-7,,V3-7 核對：定位器未變、仍有效（2026-10-07 E2E 全套 644／644 通過）
tests/e2e/revamp-r6.spec.ts,757,getByRole,"meeting.getByTestId(""meeting-history"").getByRole(""heading"", { name: meetingPage.history, exact: true })",V3-7,,V3-7 核對：定位器未變、仍有效（2026-10-07 E2E 全套 644／644 通過）
tests/e2e/review-v2-a-export.spec.ts,28,locator-css,"…therActions = (page: Page, n: number) => agendaActions(page)locator(""details.meeting-other-actions"")",V3-7,,V3-7 已改寫（原片段已不在檔中；2026-10-07 E2E 全套 644／644 通過）
tests/e2e/review-v2-a-export.spec.ts,28,locator-css,"page.locator("":scope > summary"", { hasText: new RegExp(`^${escapeRegExp(fill(summaryCopy.appendixActions, { n }))}$`) })",V3-7,,V3-7 核對：定位器未變、仍有效（2026-10-07 E2E 全套 644／644 通過）
tests/e2e/review-v2-a-export.spec.ts,71,getByRole,"page.getByTestId(""meeting-outputs"").getByRole(""button"", { name, exact: true })",V3-7,,V3-7 已改寫（原片段已不在檔中；2026-10-07 E2E 全套 644／644 通過）
tests/e2e/review-v2-a-export.spec.ts,77,locator-css,"page.locator(""html"")",V3-3,,V3-3 核對：定位器未變、仍有效（2026-10-06 E2E 全套通過）
tests/e2e/review-v2-a-export.spec.ts,85,locator-css,"print.locator("":scope > ul > li"")",V3-7,,V3-7 核對：定位器未變、仍有效（2026-10-07 E2E 全套 644／644 通過）
tests/e2e/review-v2-a-export.spec.ts,86,getByRole,"page.getByRole(""heading"", { name: summaryCopy.appendixHeading, exact: true })",V3-7,,V3-7 核對：定位器未變、仍有效（2026-10-07 E2E 全套 644／644 通過）
tests/e2e/review-v2-a-export.spec.ts,86,locator-css,"print.locator("":scope > section"")",V3-7,,V3-7 核對：定位器未變、仍有效（2026-10-07 E2E 全套 644／644 通過）
tests/e2e/review-v2-a-export.spec.ts,88,locator-css,"appendix.locator("":scope > ul > li"")",V3-7,,V3-7 核對：定位器未變、仍有效（2026-10-07 E2E 全套 644／644 通過）
tests/e2e/review-v2-a-export.spec.ts,89,getByText,"…ex++) await expect((pinned && index <= 3 ? main : appendix).getByText(actionName(index), { exact: true })",V3-6,,V3-6 已改寫（原片段已不在檔中；2026-10-07 E2E 全套 628／628 通過）
tests/e2e/review-v2-a-export.spec.ts,110,other,"page.getByLabel(labels.ui.dashboard.validation.datasetLabel, { exact: true })",V3-3,,V3-3 核對：定位器未變、仍有效（2026-10-06 E2E 全套通過）
tests/e2e/review-v2-a-export.spec.ts,111,getByRole,"page.getByRole(""button"", { name: labels.ui.dashboard.validation.loadButton, exact: true })",V3-3,,V3-3 核對：定位器未變、仍有效（2026-10-06 E2E 全套通過）
tests/e2e/review-v2-a-export.spec.ts,114,getByRole,"page.getByRole(""button"", { name: labels.nav.actions.label, exact: true })",V3-3,nav-group-{id}／mobile-tabbar（V3-3 新增）,V3-3 已改寫（原片段已不在檔中；2026-10-06 E2E 全套通過）
tests/e2e/review-v2-a-export.spec.ts,118,getByRole,"page.getByRole(""button"", { name: labels.buttons.addAction, exact: true })",V3-6,,V3-6 核對：定位器未變、仍有效（2026-10-07 E2E 全套 628／628 通過）
tests/e2e/review-v2-a-export.spec.ts,120,other,"card.getByLabel(labels.actions.problem, { exact: true })",V3-6,,V3-6 核對：定位器未變、仍有效（2026-10-07 E2E 全套 628／628 通過）
tests/e2e/review-v2-a-export.spec.ts,121,other,"card.getByLabel(labels.actions.step, { exact: true })",V3-6,,V3-6 核對：定位器未變、仍有效（2026-10-07 E2E 全套 628／628 通過）
tests/e2e/review-v2-a-export.spec.ts,122,other,"card.getByLabel(labels.actions.owner, { exact: true })",V3-6,,V3-6 核對：定位器未變、仍有效（2026-10-07 E2E 全套 628／628 通過）
tests/e2e/review-v2-a-export.spec.ts,124,getByRole,"card.getByTestId(""evidence-checklist"").getByRole(""checkbox"", { name: goldenFactLabel, exact: true })",V3-6,,V3-6 核對：定位器未變、仍有效（2026-10-07 E2E 全套 628／628 通過）
tests/e2e/review-v2-a-export.spec.ts,128,locator-css,"card.getByTestId(""evidence-checklist"").locator(""input[type=checkbox]:checked"")",V3-6,,V3-6 核對：定位器未變、仍有效（2026-10-07 E2E 全套 628／628 通過）
tests/e2e/review-v2-a-export.spec.ts,129,getByRole,"card.getByRole(""button"", { name: labels.buttons.pin, exact: true })",V3-6,,V3-6 核對：定位器未變、仍有效（2026-10-07 E2E 全套 628／628 通過）
tests/e2e/review-v2-a-export.spec.ts,132,getByRole,"page.getByRole(""button"", { name: refreshActionRef })",V3-7,,V3-7 核對：定位器未變、仍有效（2026-10-07 E2E 全套 644／644 通過）
tests/e2e/review-v2-a-export.spec.ts,135,other,"summary.getByLabel(labels.meeting.threshold, { exact: true })",V3-7,threshold-form-overview／threshold-form-meeting,V3-7 核對：定位器未變、仍有效（2026-10-07 E2E 全套 644／644 通過）
tests/e2e/review-v2-a-export.spec.ts,136,getByRole,"summary.getByRole(""button"", { name: labels.buttons.apply, exact: true })",V3-7,,V3-7 核對：定位器未變、仍有效（2026-10-07 E2E 全套 644／644 通過）
tests/e2e/review-v2-a-export.spec.ts,137,other,"summary.getByLabel(labels.meeting.threshold, { exact: true })",V3-7,threshold-form-overview／threshold-form-meeting,V3-7 核對：定位器未變、仍有效（2026-10-07 E2E 全套 644／644 通過）
tests/e2e/review-v2-a-export.spec.ts,138,getByRole,"summary.getByRole(""heading"", { name: summaryCopy.decisionsHeading, exact: true })",V3-6,,V3-6 核對：定位器未變、仍有效（2026-10-07 E2E 全套 628／628 通過）
tests/e2e/review-v2-a-export.spec.ts,139,locator-css,".getByTestId(""meeting-pinned-actions"").locator("":scope > ul > li"")",V3-7,,V3-7 核對：定位器未變、仍有效（2026-10-07 E2E 全套 644／644 通過）
tests/e2e/review-v2-a-export.spec.ts,144,locator-css,"appendix.locator("":scope > summary"")",V3-7,,V3-7 核對：定位器未變、仍有效（2026-10-07 E2E 全套 644／644 通過）
tests/e2e/review-v2-a-export.spec.ts,145,locator-css,"appendix.locator("":scope > ul > li"")",V3-7,,V3-7 核對：定位器未變、仍有效（2026-10-07 E2E 全套 644／644 通過）
tests/e2e/review-v2-a-export.spec.ts,146,getByText,"… <= 8; index++) await expect((index <= 3 ? main : appendix).getByText(actionName(index), { exact: true })",V3-6,,V3-6 已改寫（原片段已不在檔中；2026-10-07 E2E 全套 628／628 通過）
tests/e2e/review-v2-a-export.spec.ts,160,getByRole,"page.getByRole(""button"", { name: labels.nav.actions.label, exact: true })",V3-3,nav-group-{id}／mobile-tabbar（V3-3 新增）,V3-3 已改寫（原片段已不在檔中；2026-10-06 E2E 全套通過）
tests/e2e/review-v2-a-export.spec.ts,161,getByRole,"page.getByRole(""button"", { name: labels.downloads.decisionJson, exact: true })",V3-7,"actions-export-{md,csv,json}／export-page-{page}",V3-7 已改寫（原片段已不在檔中；2026-10-07 E2E 全套 644／644 通過）
tests/e2e/review-v2-a-export.spec.ts,162,getByRole,"page.getByRole(""button"", { name: labels.downloads.decisionCsv, exact: true })",V3-7,"actions-export-{md,csv,json}／export-page-{page}",V3-7 已改寫（原片段已不在檔中；2026-10-07 E2E 全套 644／644 通過）
tests/e2e/review-v2-a-export.spec.ts,186,getByRole,"page.getByRole(""button"", { name: labels.ui.actionsWorkbench.unpin, exact: true })",V3-6,,V3-6 核對：定位器未變、仍有效（2026-10-07 E2E 全套 628／628 通過）
tests/e2e/review-v2-a-export.spec.ts,187,getByRole,"page.getByRole(""button"", { name: labels.ui.actionsWorkbench.unpin, exact: true })",V3-6,,V3-6 核對：定位器未變、仍有效（2026-10-07 E2E 全套 628／628 通過）
tests/e2e/review-v2-a-export.spec.ts,198,locator-css,"allAppendix.locator("":scope > summary"")",V3-7,,V3-7 核對：定位器未變、仍有效（2026-10-07 E2E 全套 644／644 通過）
tests/e2e/review-v2-a-export.spec.ts,199,locator-css,"allAppendix.locator("":scope > ul > li"")",V3-7,,V3-7 核對：定位器未變、仍有效（2026-10-07 E2E 全套 644／644 通過）
tests/e2e/review-v2-a.spec.ts,22,getByRole,"p.getByRole('dialog',{name:dlg.heading})",V3-7,,V3-7 核對：定位器未變、仍有效（2026-10-07 E2E 全套 644／644 通過）
tests/e2e/review-v2-a.spec.ts,23,getByRole,"p.getByRole('button',{name:labels.ui.dashboard.validation.loadButton,exact:true})",V3-3,,V3-3 核對：定位器未變、仍有效（2026-10-06 E2E 全套通過）
tests/e2e/review-v2-a.spec.ts,23,other,"p.getByLabel(labels.ui.dashboard.validation.datasetLabel,{exact:true})",V3-3,,V3-3 核對：定位器未變、仍有效（2026-10-06 E2E 全套通過）
tests/e2e/review-v2-a.spec.ts,24,locator-css,s.locator(':scope > summary'),V3-7,,V3-7 已改寫（原片段已不在檔中；2026-10-07 E2E 全套 644／644 通過）
tests/e2e/review-v2-a.spec.ts,25,getByRole,"s.getByRole('button',{name:labels.buttons.downloadBackup,exact:true})",V3-3,,V3-3 核對：定位器未變、仍有效（2026-10-06 E2E 全套通過）
tests/e2e/review-v2-a.spec.ts,30,getByRole,"page.getByRole('button',{name:labels.nav.data.label,exact:true})",V3-3,nav-group-{id}／mobile-tabbar（V3-3 新增）,V3-3 已改寫（原片段已不在檔中；2026-10-06 E2E 全套通過）
tests/e2e/review-v2-a.spec.ts,30,getByRole,"page.getByRole('button',{name:labels.buttons.loadDemo,exact:true})",V3-8,,V3-8 核對：定位器已依新結構遷移或確認未變（2026-10-07 E2E 全套 680／680 通過）
tests/e2e/review-v2-a.spec.ts,31,getByRole,"…await guard(page).getByRole('button',{name:labels.buttons.cancel,exact:true})",V3-7,,V3-7 已改寫（原片段已不在檔中；2026-10-07 E2E 全套 644／644 通過）
tests/e2e/review-v2-a.spec.ts,32,getByRole,"page.getByRole('button',{name:labels.buttons.loadDemo,exact:true})",V3-8,,V3-8 核對：定位器已依新結構遷移或確認未變（2026-10-07 E2E 全套 680／680 通過）
tests/e2e/review-v2-a.spec.ts,32,getByRole,"…els.buttons.loadDemo,exact:true}).click();await guard(page).getByRole('button',{name:dlg.saveFirst,exact:true})",V3-8,,V3-8 核對：定位器已依新結構遷移或確認未變（2026-10-07 E2E 全套 680／680 通過）
tests/e2e/review-v2-a.spec.ts,33,getByRole,"…const event=page.waitForEvent('download');await guard(page).getByRole('button',{name:labels.buttons.downloadBackup,exact:true})",V3-3,,V3-3 已改寫（原片段已不在檔中；2026-10-06 E2E 全套通過）
tests/e2e/review-v2-a.spec.ts,35,getByRole,"…await guard(page).getByRole('button',{name:dlg.confirmDownloadedAndContinue,exact:true})",V3-3,,V3-3 已改寫（原片段已不在檔中；2026-10-06 E2E 全套通過）
tests/e2e/review-v2-a.spec.ts,40,getByRole,"…);await expect(guard(page)).toBeVisible();await guard(page).getByRole('button',{name:labels.buttons.cancel,exact:true})",V3-7,,V3-7 已改寫（原片段已不在檔中；2026-10-07 E2E 全套 644／644 通過）
tests/e2e/review-v2-a.spec.ts,41,getByRole,"…await commitButton(page).click();await guard(page).getByRole('button',{name:dlg.discardAndContinue,exact:true})",V3-7,,V3-7 已改寫（原片段已不在檔中；2026-10-07 E2E 全套 644／644 通過）
tests/e2e/review-v2-a.spec.ts,41,locator-css,page.getByTestId('kpi-contribution_after_marketing').locator('.kpi-value'),V3-4,kpi-{metric},V3-4b 核對：定位器未變、仍有效（2026-10-06 E2E 全套通過）
tests/e2e/review-v2-a.spec.ts,42,getByRole,"page.getByRole('region',{name:store.restorePreviewAria})",V3-7,,V3-7 核對：定位器未變、仍有效（2026-10-07 E2E 全套 644／644 通過）
tests/e2e/review-v2-a.spec.ts,42,other,"s.getByLabel(store.selectBackupFile,{exact:true})",V3-7,,V3-7 核對：定位器未變、仍有效（2026-10-07 E2E 全套 644／644 通過）
tests/e2e/review-v2-a.spec.ts,43,getByRole,"s.getByRole('button',{name:store.applyRestore,exact:true})",V3-7,,V3-7 核對：定位器未變、仍有效（2026-10-07 E2E 全套 644／644 通過）
tests/e2e/review-v2-a.spec.ts,43,getByRole,"…e:store.applyRestore,exact:true}).click();await guard(page).getByRole('button',{name:labels.buttons.cancel,exact:true})",V3-7,,V3-7 已改寫（原片段已不在檔中；2026-10-07 E2E 全套 644／644 通過）
tests/e2e/review-v2-a.spec.ts,43,getByRole,"page.getByRole('region',{name:store.restorePreviewAria})",V3-7,,V3-7 核對：定位器未變、仍有效（2026-10-07 E2E 全套 644／644 通過）
tests/e2e/review-v2-a.spec.ts,44,getByRole,"s.getByRole('button',{name:store.applyRestore,exact:true})",V3-7,,V3-7 核對：定位器未變、仍有效（2026-10-07 E2E 全套 644／644 通過）
tests/e2e/review-v2-a.spec.ts,44,getByRole,"…e:store.applyRestore,exact:true}).click();await guard(page).getByRole('button',{name:dlg.discardAndContinue,exact:true})",V3-7,,V3-7 已改寫（原片段已不在檔中；2026-10-07 E2E 全套 644／644 通過）
tests/e2e/review-v2-a.spec.ts,44,locator-css,page.getByTestId('kpi-contribution_after_marketing').locator('.kpi-value'),V3-4,kpi-{metric},V3-4b 核對：定位器未變、仍有效（2026-10-06 E2E 全套通過）
tests/e2e/review-v2-a.spec.ts,48,getByRole,"page.getByRole('button',{name:labels.buttons.clear,exact:true})",V3-3,,V3-3 已改寫（原片段已不在檔中；2026-10-06 E2E 全套通過）
tests/e2e/review-v2-a.spec.ts,48,getByRole,"…labels.buttons.clear,exact:true}).click();await guard(page).getByRole('button',{name:dlg.saveFirst,exact:true})",V3-3,,V3-3 已改寫（原片段已不在檔中；2026-10-06 E2E 全套通過）
tests/e2e/review-v2-a.spec.ts,48,getByRole,"…dlg.saveFirst,exact:true}).click();await expect(guard(page).getByRole('button',{name:dlg.saveLocalAndContinue,exact:true})",V3-7,,V3-7 已改寫（原片段已不在檔中；2026-10-07 E2E 全套 644／644 通過）
tests/e2e/review-v2-a.spec.ts,49,getByRole,"…el(dlg.localConsent,{exact:true}).check();await guard(page).getByRole('button',{name:dlg.saveLocalAndContinue,exact:true})",V3-7,,V3-7 已改寫（原片段已不在檔中；2026-10-07 E2E 全套 644／644 通過）
tests/e2e/review-v2-a.spec.ts,49,getByRole,"…alAndContinue,exact:true}).click();await expect(guard(page).getByRole('alert')",V3-7,,V3-7 已改寫（原片段已不在檔中；2026-10-07 E2E 全套 644／644 通過）
tests/e2e/review-v2-a.spec.ts,49,other,"…await guard(page).getByLabel(dlg.localConsent,{exact:true})",V3-7,,V3-7 已改寫（原片段已不在檔中；2026-10-07 E2E 全套 644／644 通過）
tests/e2e/review-v2-a.spec.ts,57,getByRole,"page.getByRole('button',{name:labels.nav.scenarios.label,exact:true})",V3-3,nav-group-{id}／mobile-tabbar（V3-3 新增）,V3-3 已改寫（原片段已不在檔中；2026-10-06 E2E 全套通過）
tests/e2e/review-v2-a.spec.ts,61,getByRole,"page.getByRole('button',{name:labels.buttons.addScenario,exact:true})",V3-6,,V3-6 核對：定位器未變、仍有效（2026-10-07 E2E 全套 628／628 通過）
tests/e2e/review-v2-a.spec.ts,62,other,"card.getByLabel(labels.ui.decisionWorkbench.planName,{exact:true})",V3-6,,V3-6 核對：定位器未變、仍有效（2026-10-07 E2E 全套 628／628 通過）
tests/e2e/review-v2-a.spec.ts,63,other,"card.getByLabel(label,{exact:true})",V3-7,,V3-7 核對：定位器未變、仍有效（2026-10-07 E2E 全套 644／644 通過）
tests/e2e/review-v2-a.spec.ts,64,getByRole,"card.getByRole('button',{name:labels.buttons.calculate,exact:true})",V3-7,,V3-7 核對：定位器未變、仍有效（2026-10-07 E2E 全套 644／644 通過）
tests/e2e/review-v2-a.spec.ts,64,other,"card.getByLabel(labels.scenario.acceptAssumptions,{exact:true})",V3-6,,V3-6 已改寫（原片段已不在檔中；2026-10-07 E2E 全套 628／628 通過）
tests/e2e/review-v2-a.spec.ts,67,getByRole,"page.getByRole('button',{name:labels.buttons.addScenario,exact:true})",V3-6,,V3-6 核對：定位器未變、仍有效（2026-10-07 E2E 全套 628／628 通過）
tests/e2e/review-v2-a.spec.ts,70,other,"page.getByTestId('scenario-1').getByLabel(labels.ui.decisionWorkbench.planName,{exact:true})",V3-6,,V3-6 核對：定位器未變、仍有效（2026-10-07 E2E 全套 628／628 通過）
tests/e2e/review-v2-a.spec.ts,72,other,"page.getByLabel(labels.ui.dashboard.filter.channel,{exact:true})",V3-3,,V3-3 核對：定位器未變、仍有效（2026-10-06 E2E 全套通過）
tests/e2e/review-v2-a.spec.ts,73,getByRole,"page.getByRole('button',{name:labels.nav.actions.label,exact:true})",V3-3,nav-group-{id}／mobile-tabbar（V3-3 新增）,V3-3 已改寫（原片段已不在檔中；2026-10-06 E2E 全套通過）
tests/e2e/review-v2-a.spec.ts,77,getByRole,"page.getByRole('button',{name:labels.buttons.addAction,exact:true})",V3-6,,V3-6 核對：定位器未變、仍有效（2026-10-07 E2E 全套 628／628 通過）
tests/e2e/review-v2-a.spec.ts,78,other,"card.getByLabel(labels.actions.problem,{exact:true})",V3-6,,V3-6 核對：定位器未變、仍有效（2026-10-07 E2E 全套 628／628 通過）
tests/e2e/review-v2-a.spec.ts,78,other,"card.getByLabel(labels.actions.step,{exact:true})",V3-6,,V3-6 核對：定位器未變、仍有效（2026-10-07 E2E 全套 628／628 通過）
tests/e2e/review-v2-a.spec.ts,79,other,"card.getByLabel(labels.actions.owner,{exact:true})",V3-6,,V3-6 核對：定位器未變、仍有效（2026-10-07 E2E 全套 628／628 通過）
tests/e2e/review-v2-a.spec.ts,79,other,"card.getByLabel(labels.actions.due,{exact:true})",V3-6,,V3-6 核對：定位器未變、仍有效（2026-10-07 E2E 全套 628／628 通過）
tests/e2e/review-v2-a.spec.ts,80,getByRole,"card.getByRole('button',{name:labels.buttons.confirm,exact:true})",V3-7,,V3-7 核對：定位器未變、仍有效（2026-10-07 E2E 全套 644／644 通過）
tests/e2e/review-v2-a.spec.ts,80,locator-css,card.getByTestId('evidence-checklist').locator('input[type=checkbox]'),V3-6,,V3-6 核對：定位器未變、仍有效（2026-10-07 E2E 全套 628／628 通過）
tests/e2e/review-v2-a.spec.ts,80,locator-css,card.getByTestId('evidence-checklist').locator('input[type=checkbox]:checked'),V3-6,,V3-6 核對：定位器未變、仍有效（2026-10-07 E2E 全套 628／628 通過）
tests/e2e/review-v2-a.spec.ts,81,getByRole,"card.getByRole('button',{name:labels.buttons.pin,exact:true})",V3-6,,V3-6 核對：定位器未變、仍有效（2026-10-07 E2E 全套 628／628 通過）
tests/e2e/review-v2-a.spec.ts,85,other,"page.getByLabel(labels.meeting.name,{exact:true})",V3-7,,V3-7 核對：定位器未變、仍有效（2026-10-07 E2E 全套 644／644 通過）
tests/e2e/review-v2-a.spec.ts,85,other,"page.getByLabel(labels.meeting.notes,{exact:true})",V3-7,,V3-7 核對：定位器未變、仍有效（2026-10-07 E2E 全套 644／644 通過）
tests/e2e/review-v2-a.spec.ts,86,getByRole,"summary.getByRole('button',{name:labels.buttons.apply,exact:true})",V3-7,,V3-7 核對：定位器未變、仍有效（2026-10-07 E2E 全套 644／644 通過）
tests/e2e/review-v2-a.spec.ts,86,other,"summary.getByLabel(labels.meeting.threshold,{exact:true})",V3-7,threshold-form-overview／threshold-form-meeting,V3-7 核對：定位器未變、仍有效（2026-10-07 E2E 全套 644／644 通過）
tests/e2e/review-v2-a.spec.ts,88,locator-css,choices.locator('option'),V3-7,,V3-7 核對：定位器未變、仍有效（2026-10-07 E2E 全套 644／644 通過）
tests/e2e/review-v2-a.spec.ts,88,other,"page.getByLabel(fill(review.scenarioSelect,{channel}),{exact:true})",V3-7,meeting-scenario-select-{channel},V3-7 核對：定位器未變、仍有效（2026-10-07 E2E 全套 644／644 通過）
tests/e2e/review-v2-a.spec.ts,90,getByRole,"page.getByRole('button',{name:templateRe(review.refreshActionRef)})",V3-7,,V3-7 核對：定位器未變、仍有效（2026-10-07 E2E 全套 644／644 通過）
tests/e2e/review-v2-a.spec.ts,92,other,"page.getByLabel(labels.meeting.decision,{exact:true})",V3-7,,V3-7 核對：定位器未變、仍有效（2026-10-07 E2E 全套 644／644 通過）
tests/e2e/review-v2-a.spec.ts,94,locator-css,page.getByTestId('meeting-agenda-6').locator('details.meeting-other-actions > summary'),V3-7,,V3-7 核對：定位器未變、仍有效（2026-10-07 E2E 全套 644／644 通過）
tests/e2e/review-v2-a.spec.ts,95,locator-css,summary.locator('summary'),V3-7,,V3-7 已改寫（原片段已不在檔中；2026-10-07 E2E 全套 644／644 通過）
tests/e2e/review-v2-a.spec.ts,97,getByRole,"page.getByRole('button',{name:labels.nav.products.label,exact:true})",V3-3,nav-group-{id}／mobile-tabbar（V3-3 新增）,V3-3 已改寫（原片段已不在檔中；2026-10-06 E2E 全套通過）
tests/e2e/review-v2-a.spec.ts,97,getByRole,"page.getByRole('button',{name:labels.nav.overview.label,exact:true})",V3-3,nav-group-{id}／mobile-tabbar（V3-3 新增）,V3-3 已改寫（原片段已不在檔中；2026-10-06 E2E 全套通過）
tests/e2e/review-v2-a.spec.ts,98,getByRole,"entry.getByRole('button',{name:labels.meetingPage.goToMeeting,exact:true})",V3-7,,V3-7 已改寫（原片段已不在檔中；2026-10-07 E2E 全套 644／644 通過）
tests/e2e/review-v2-a.spec.ts,99,other,"summary.getByLabel(labels.meeting.threshold,{exact:true})",V3-7,threshold-form-overview／threshold-form-meeting,V3-7 核對：定位器未變、仍有效（2026-10-07 E2E 全套 644／644 通過）
tests/e2e/review-v2-a.spec.ts,99,other,"page.getByLabel(labels.meeting.decision,{exact:true})",V3-7,,V3-7 核對：定位器未變、仍有效（2026-10-07 E2E 全套 644／644 通過）
tests/e2e/review-v2-a.spec.ts,100,getByRole,"s.getByRole('button',{name:labels.buttons.downloadBackup,exact:true})",V3-3,,V3-3 核對：定位器未變、仍有效（2026-10-06 E2E 全套通過）
tests/e2e/review-v2-a.spec.ts,103,getByRole,"s.getByRole('button',{name:store.confirmDownloaded,exact:true})",V3-3,,V3-3 核對：定位器未變、仍有效（2026-10-06 E2E 全套通過）
tests/e2e/review-v2-a.spec.ts,104,getByRole,"page.getByRole('button',{name:labels.buttons.clear,exact:true})",V3-3,,V3-3 已改寫（原片段已不在檔中；2026-10-06 E2E 全套通過）
tests/e2e/review-v2-a.spec.ts,105,getByRole,"fresh.getByRole('button',{name:store.applyRestore,exact:true})",V3-7,,V3-7 核對：定位器未變、仍有效（2026-10-07 E2E 全套 644／644 通過）
tests/e2e/review-v2-a.spec.ts,105,other,"fresh.getByLabel(store.selectBackupFile,{exact:true})",V3-7,,V3-7 核對：定位器未變、仍有效（2026-10-07 E2E 全套 644／644 通過）
tests/e2e/review-v2-a.spec.ts,109,other,"summary.getByLabel(labels.meeting.threshold,{exact:true})",V3-7,threshold-form-overview／threshold-form-meeting,V3-7 核對：定位器未變、仍有效（2026-10-07 E2E 全套 644／644 通過）
tests/e2e/review-v2-a.spec.ts,109,other,"page.getByLabel(labels.meeting.decision,{exact:true})",V3-7,,V3-7 核對：定位器未變、仍有效（2026-10-07 E2E 全套 644／644 通過）
tests/e2e/review-v2-a.spec.ts,112,getByRole,"page.getByTestId('meeting-outputs').getByRole('button',{name:labels.buttons.exportMarkdown,exact:true})",V3-7,,V3-7 已改寫（原片段已不在檔中；2026-10-07 E2E 全套 644／644 通過）
tests/e2e/review-v2-a.spec.ts,116,getByRole,"page.getByRole('button',{name:labels.nav.scenarios.label,exact:true})",V3-3,nav-group-{id}／mobile-tabbar（V3-3 新增）,V3-3 已改寫（原片段已不在檔中；2026-10-06 E2E 全套通過）
tests/e2e/review-v2-a.spec.ts,117,other,"plan.getByLabel(labels.scenario.oneOff.label,{exact:true})",V3-6,,V3-6 核對：定位器未變、仍有效（2026-10-07 E2E 全套 628／628 通過）
tests/e2e/review-v2-a.spec.ts,119,other,"page.getByLabel(labels.meeting.decision,{exact:true})",V3-7,,V3-7 核對：定位器未變、仍有效（2026-10-07 E2E 全套 644／644 通過）
tests/e2e/scenario-sensitivity.spec.ts,21,other,"sensitivity.getByLabel(sensitivityInput(index), { exact: true })",V3-6,,V3-6 核對：定位器未變、仍有效（2026-10-07 E2E 全套 628／628 通過）
tests/e2e/scenario-sensitivity.spec.ts,24,other,"sensitivity.getByLabel(sensitivityInput(index), { exact: true })",V3-6,,V3-6 核對：定位器未變、仍有效（2026-10-07 E2E 全套 628／628 通過）
tests/e2e/scenario-sensitivity.spec.ts,27,locator-css,"sensitivity.locator("":scope > summary"")",V3-6,,V3-6 核對：定位器未變、仍有效（2026-10-07 E2E 全套 628／628 通過）
tests/e2e/scenario-sensitivity.spec.ts,28,other,"sensitivity.getByLabel(sensitivityInput(0), { exact: true })",V3-6,,V3-6 核對：定位器未變、仍有效（2026-10-07 E2E 全套 628／628 通過）
tests/e2e/scenario-sensitivity.spec.ts,37,other,"page.getByLabel(validation.datasetLabel, { exact: true })",V3-3,,V3-3 核對：定位器未變、仍有效（2026-10-06 E2E 全套通過）
tests/e2e/scenario-sensitivity.spec.ts,38,getByRole,"page.getByRole(""button"", { name: validation.loadButton, exact: true })",V3-3,,V3-3 核對：定位器未變、仍有效（2026-10-06 E2E 全套通過）
tests/e2e/scenario-sensitivity.spec.ts,42,other,"page.getByLabel(channelField, { exact: true })",V3-6,,V3-6 核對：定位器未變、仍有效（2026-10-07 E2E 全套 628／628 通過）
tests/e2e/scenario-sensitivity.spec.ts,44,getByRole,"page.getByRole(""button"", { name: labels.nav.scenarios.label, exact: true })",V3-3,nav-group-{id}／mobile-tabbar（V3-3 新增）,V3-3 已改寫（原片段已不在檔中；2026-10-06 E2E 全套通過）
tests/e2e/scenario-sensitivity.spec.ts,49,other,"card.getByLabel(dw.planName, { exact: true })",V3-6,,V3-6 核對：定位器未變、仍有效（2026-10-07 E2E 全套 628／628 通過）
tests/e2e/scenario-sensitivity.spec.ts,53,other,"card.getByLabel(label, { exact: true })",V3-6,,V3-6 核對：定位器未變、仍有效（2026-10-07 E2E 全套 628／628 通過）
tests/e2e/scenario-sensitivity.spec.ts,55,other,"card.getByLabel(labels.scenario.acceptAssumptions, { exact: true })",V3-6,,V3-6 已改寫（原片段已不在檔中；2026-10-07 E2E 全套 628／628 通過）
tests/e2e/scenario-sensitivity.spec.ts,56,getByRole,"card.getByRole(""button"", { name: labels.buttons.calculate, exact: true })",V3-6,,V3-6 核對：定位器未變、仍有效（2026-10-07 E2E 全套 628／628 通過）
tests/e2e/scenario-sensitivity.spec.ts,59,locator-css,"sensitivity.locator("":scope > summary"")",V3-6,,V3-6 核對：定位器未變、仍有效（2026-10-07 E2E 全套 628／628 通過）
tests/e2e/scenario-sensitivity.spec.ts,74,locator-css,"sensitivity.locator("":scope > p.note"")",V3-6,,V3-6 已改寫（原片段已不在檔中；2026-10-07 E2E 全套 628／628 通過）
tests/e2e/scenario-sensitivity.spec.ts,78,getByRole,"sensitivity.getByRole(""button"", { name: copy.recalc, exact: true })",V3-6,,V3-6 核對：定位器未變、仍有效（2026-10-07 E2E 全套 628／628 通過）
tests/e2e/scenario-sensitivity.spec.ts,80,getByRole,"sensitivity.getByRole(""table"")",V3-6,,V3-6 核對：定位器未變、仍有效（2026-10-07 E2E 全套 628／628 通過）
tests/e2e/scenario-sensitivity.spec.ts,82,getByRole,"sensitivity.getByRole(""button"", { name: copy.recalc, exact: true })",V3-6,,V3-6 核對：定位器未變、仍有效（2026-10-07 E2E 全套 628／628 通過）
tests/e2e/scenario-sensitivity.spec.ts,83,getByRole,"sensitivity.getByRole(""table"")",V3-6,,V3-6 核對：定位器未變、仍有效（2026-10-07 E2E 全套 628／628 通過）
tests/e2e/scenario-sensitivity.spec.ts,84,getByRole,"table.getByRole(""row"", { name: sensitivityRow(0) })",V3-6,,V3-6 已改寫（原片段已不在檔中；2026-10-07 E2E 全套 628／628 通過）
tests/e2e/scenario-sensitivity.spec.ts,85,getByRole,"table.getByRole(""row"", { name: sensitivityRow(1) })",V3-6,,V3-6 已改寫（原片段已不在檔中；2026-10-07 E2E 全套 628／628 通過）
tests/e2e/scenario-sensitivity.spec.ts,86,getByRole,"table.getByRole(""row"", { name: sensitivityRow(2) })",V3-6,,V3-6 已改寫（原片段已不在檔中；2026-10-07 E2E 全套 628／628 通過）
tests/e2e/scenario-sensitivity.spec.ts,89,getByRole,"sensitivity.getByRole(""region"", { name: copy.tableAria })",V3-6,,V3-6 核對：定位器未變、仍有效（2026-10-07 E2E 全套 628／628 通過）
tests/e2e/scenario-sensitivity.spec.ts,91,locator-css,"page.locator(""body"")",V3-3,,V3-3 核對：定位器未變、仍有效（2026-10-06 E2E 全套通過）
tests/e2e/scenario-sensitivity.spec.ts,91,locator-css,"page.locator(""body"")",V3-3,,V3-3 核對：定位器未變、仍有效（2026-10-06 E2E 全套通過）
tests/e2e/scenario-sensitivity.spec.ts,95,getByRole,"page.getByRole(""button"", { name: labels.downloads.decisionJson, exact: true })",V3-7,"actions-export-{md,csv,json}／export-page-{page}",V3-7 已改寫（原片段已不在檔中；2026-10-07 E2E 全套 644／644 通過）
tests/e2e/scenario-sensitivity.spec.ts,112,other,"sensitivity.getByLabel(sensitivityInput(index), { exact: true })",V3-6,,V3-6 核對：定位器未變、仍有效（2026-10-07 E2E 全套 628／628 通過）
tests/e2e/scenario-sensitivity.spec.ts,113,getByRole,"sensitivity.getByRole(""button"", { name: copy.recalc, exact: true })",V3-6,,V3-6 核對：定位器未變、仍有效（2026-10-07 E2E 全套 628／628 通過）
tests/e2e/scenario-sensitivity.spec.ts,114,getByRole,"sensitivity.getByRole(""table"")",V3-6,,V3-6 核對：定位器未變、仍有效（2026-10-07 E2E 全套 628／628 通過）
tests/e2e/scenario-sensitivity.spec.ts,115,getByRole,"sensitivity.getByRole(""table"")",V3-6,,V3-6 核對：定位器未變、仍有效（2026-10-07 E2E 全套 628／628 通過）
tests/e2e/scenario-sensitivity.spec.ts,116,getByRole,"sensitivity.getByRole(""table"")",V3-6,,V3-6 核對：定位器未變、仍有效（2026-10-07 E2E 全套 628／628 通過）
tests/e2e/scenario-sensitivity.spec.ts,117,other,"sensitivity.getByLabel(sensitivityInput(1), { exact: true })",V3-6,,V3-6 核對：定位器未變、仍有效（2026-10-07 E2E 全套 628／628 通過）
tests/e2e/scenario-sensitivity.spec.ts,118,getByRole,"sensitivity.getByRole(""table"")",V3-6,,V3-6 核對：定位器未變、仍有效（2026-10-07 E2E 全套 628／628 通過）
tests/e2e/scenario-sensitivity.spec.ts,119,getByRole,"sensitivity.getByRole(""button"", { name: copy.recalc, exact: true })",V3-6,,V3-6 核對：定位器未變、仍有效（2026-10-07 E2E 全套 628／628 通過）
tests/e2e/scenario-sensitivity.spec.ts,122,getByRole,"sensitivity.getByRole(""table"")",V3-6,,V3-6 核對：定位器未變、仍有效（2026-10-07 E2E 全套 628／628 通過）
tests/e2e/scenario-sensitivity.spec.ts,129,other,"card.getByLabel(labels.scenario.volume.label, { exact: true })",V3-6,,V3-6 核對：定位器未變、仍有效（2026-10-07 E2E 全套 628／628 通過）
tests/e2e/scenario-sensitivity.spec.ts,131,getByRole,"card.getByRole(""button"", { name: labels.buttons.calculate, exact: true })",V3-6,,V3-6 核對：定位器未變、仍有效（2026-10-07 E2E 全套 628／628 通過）
tests/e2e/scenario-sensitivity.spec.ts,134,other,"card.getByLabel(labels.scenario.volume.label, { exact: true })",V3-6,,V3-6 核對：定位器未變、仍有效（2026-10-07 E2E 全套 628／628 通過）
tests/e2e/scenario-sensitivity.spec.ts,135,other,"card.getByLabel(labels.scenario.acceptAssumptions, { exact: true })",V3-6,,V3-6 已改寫（原片段已不在檔中；2026-10-07 E2E 全套 628／628 通過）
tests/e2e/scenario-sensitivity.spec.ts,136,getByRole,"card.getByRole(""button"", { name: labels.buttons.calculate, exact: true })",V3-6,,V3-6 核對：定位器未變、仍有效（2026-10-07 E2E 全套 628／628 通過）
tests/e2e/scenario-sensitivity.spec.ts,140,other,"card.getByLabel(labels.scenario.acceptAssumptions, { exact: true })",V3-6,,V3-6 已改寫（原片段已不在檔中；2026-10-07 E2E 全套 628／628 通過）
tests/e2e/scenario-sensitivity.spec.ts,141,getByRole,"card.getByRole(""button"", { name: labels.buttons.calculate, exact: true })",V3-6,,V3-6 核對：定位器未變、仍有效（2026-10-07 E2E 全套 628／628 通過）
tests/e2e/scenario-sensitivity.spec.ts,146,getByRole,"sensitivity.getByRole(""table"")",V3-6,,V3-6 核對：定位器未變、仍有效（2026-10-07 E2E 全套 628／628 通過）
tests/e2e/scenario-sensitivity.spec.ts,146,getByRole,"…await expect(sensitivity.getByRole(""table"").getByRole(""row"", { name: sensitivityRow(0) })",V3-6,,V3-6 已改寫（原片段已不在檔中；2026-10-07 E2E 全套 628／628 通過）
tests/e2e/scenario-sensitivity.spec.ts,148,other,"page.getByLabel(channelField, { exact: true })",V3-6,,V3-6 核對：定位器未變、仍有效（2026-10-07 E2E 全套 628／628 通過）
tests/e2e/scenario-sensitivity.spec.ts,152,other,"card.getByLabel(dw.planName, { exact: true })",V3-6,,V3-6 核對：定位器未變、仍有效（2026-10-07 E2E 全套 628／628 通過）
tests/e2e/scenario-sensitivity.spec.ts,155,other,"page.getByLabel(channelField, { exact: true })",V3-6,,V3-6 核對：定位器未變、仍有效（2026-10-07 E2E 全套 628／628 通過）
tests/e2e/scenario-sensitivity.spec.ts,161,getByRole,"sensitivity.getByRole(""table"")",V3-6,,V3-6 核對：定位器未變、仍有效（2026-10-07 E2E 全套 628／628 通過）
tests/e2e/scenario-sensitivity.spec.ts,161,getByRole,"…await expect(sensitivity.getByRole(""table"").getByRole(""row"", { name: sensitivityRow(2) })",V3-6,,V3-6 已改寫（原片段已不在檔中；2026-10-07 E2E 全套 628／628 通過）
tests/e2e/scenario-sensitivity.spec.ts,164,other,"page.getByLabel(channelField, { exact: true })",V3-6,,V3-6 核對：定位器未變、仍有效（2026-10-07 E2E 全套 628／628 通過）
tests/e2e/scenario-sensitivity.spec.ts,172,getByRole,"sensitivity.getByRole(""table"")",V3-6,,V3-6 核對：定位器未變、仍有效（2026-10-07 E2E 全套 628／628 通過）
tests/e2e/scenario-sensitivity.spec.ts,172,getByRole,"…await expect(sensitivity.getByRole(""table"").getByRole(""row"", { name: sensitivityRow(1) })",V3-6,,V3-6 已改寫（原片段已不在檔中；2026-10-07 E2E 全套 628／628 通過）
tests/e2e/scenarios.spec.ts,23,getByRole,"dialog.getByRole(""button"", { name: new RegExp(`^${escapeRegExp(labels.evidence.sourceTabs[tab])}（\\d+）$`) })",V3-5,,V3-5 核對：定位器未變、仍有效（2026-10-07 E2E 全套通過）
tests/e2e/scenarios.spec.ts,41,locator-css,"page.getByTestId(`kpi-${metric}`).locator("".kpi-value"")",V3-4,kpi-{metric},V3-4b 核對：定位器未變、仍有效（2026-10-06 E2E 全套通過）
tests/e2e/scenarios.spec.ts,71,other,"page.getByLabel(dash.validation.datasetLabel, { exact: true })",V3-3,,V3-3 核對：定位器未變、仍有效（2026-10-06 E2E 全套通過）
tests/e2e/scenarios.spec.ts,73,getByRole,"page.getByRole(""button"", { name: dash.validation.loadButton, exact: true })",V3-3,,V3-3 核對：定位器未變、仍有效（2026-10-06 E2E 全套通過）
tests/e2e/scenarios.spec.ts,74,getByRole,"page.getByRole(""dialog"", { name: labels.ui.replacementDialog.heading })",V3-3,,V3-3 核對：定位器未變、仍有效（2026-10-06 E2E 全套通過）
tests/e2e/scenarios.spec.ts,76,getByRole,"replacement.getByRole(""button"", { name: labels.ui.replacementDialog.discardAndContinue, exact: true })",V3-3,,V3-3 核對：定位器未變、仍有效（2026-10-06 E2E 全套通過）
tests/e2e/scenarios.spec.ts,85,other,"page.getByLabel(dash.filter.channel, { exact: true })",V3-3,,V3-3 核對：定位器未變、仍有效（2026-10-06 E2E 全套通過）
tests/e2e/scenarios.spec.ts,90,getByRole,"page.getByRole(""button"", { name: labels.nav.scenarios.label, exact: true })",V3-3,nav-group-{id}／mobile-tabbar（V3-3 新增）,V3-3 已改寫（原片段已不在檔中；2026-10-06 E2E 全套通過）
tests/e2e/scenarios.spec.ts,105,other,"card.getByLabel(dw.planName, { exact: true })",V3-6,,V3-6 核對：定位器未變、仍有效（2026-10-07 E2E 全套 628／628 通過）
tests/e2e/scenarios.spec.ts,106,other,"card.getByLabel(label, { exact: true })",V3-6,,V3-6 核對：定位器未變、仍有效（2026-10-07 E2E 全套 628／628 通過）
tests/e2e/scenarios.spec.ts,107,other,card.getByLabel(consentLabel),V3-6,,V3-6 核對：定位器未變、仍有效（2026-10-07 E2E 全套 628／628 通過）
tests/e2e/scenarios.spec.ts,115,getByRole,"page.getByRole(""button"", { name: labels.buttons.addScenario, exact: true })",V3-6,,V3-6 核對：定位器未變、仍有效（2026-10-07 E2E 全套 628／628 通過）
tests/e2e/scenarios.spec.ts,118,other,"card.getByLabel(dw.planName, { exact: true })",V3-6,,V3-6 核對：定位器未變、仍有效（2026-10-07 E2E 全套 628／628 通過）
tests/e2e/scenarios.spec.ts,123,other,"card.getByLabel(label, { exact: true })",V3-6,,V3-6 核對：定位器未變、仍有效（2026-10-07 E2E 全套 628／628 通過）
tests/e2e/scenarios.spec.ts,124,other,"card.getByLabel(consentLabel, { exact: true })",V3-6,,V3-6 核對：定位器未變、仍有效（2026-10-07 E2E 全套 628／628 通過）
tests/e2e/scenarios.spec.ts,127,getByRole,"card.getByRole(""button"", { name: labels.buttons.calculate, exact: true })",V3-6,,V3-6 核對：定位器未變、仍有效（2026-10-07 E2E 全套 628／628 通過）
tests/e2e/scenarios.spec.ts,133,getByRole,"page.getByRole(""button"", { name: labels.nav.actions.label, exact: true })",V3-3,nav-group-{id}／mobile-tabbar（V3-3 新增）,V3-3 已改寫（原片段已不在檔中；2026-10-06 E2E 全套通過）
tests/e2e/scenarios.spec.ts,139,getByRole,"card.getByRole(""group"", { name: aw.evidencePicker, exact: true })",V3-6,,V3-6 核對：定位器未變、仍有效（2026-10-07 E2E 全套 628／628 通過）
tests/e2e/scenarios.spec.ts,142,other,…await expect(actionsWorkbench(page).getByLabel(consentLabel),V3-6,,V3-6 已改寫（原片段已不在檔中；2026-10-07 E2E 全套 628／628 通過）
tests/e2e/scenarios.spec.ts,143,getByRole,"page.getByRole(""button"", { name: labels.buttons.addAction, exact: true })",V3-6,,V3-6 核對：定位器未變、仍有效（2026-10-07 E2E 全套 628／628 通過）
tests/e2e/scenarios.spec.ts,150,other,"card.getByLabel(label, { exact: true })",V3-6,,V3-6 核對：定位器未變、仍有效（2026-10-07 E2E 全套 628／628 通過）
tests/e2e/scenarios.spec.ts,151,other,"card.getByLabel(labels.actions.due, { exact: true })",V3-6,,V3-6 核對：定位器未變、仍有效（2026-10-07 E2E 全套 628／628 通過）
tests/e2e/scenarios.spec.ts,154,getByRole,"evidence.getByRole(""checkbox"", { name: factText(""2026-08-02"", ""2026-08-02"", cmAfter, ""DTC"", ""270.00""), exact: true })",V3-5,,V3-5 已改寫（原片段已不在檔中；2026-10-07 E2E 全套通過）
tests/e2e/scenarios.spec.ts,160,locator-css,"evidence.locator(""input[type=checkbox]:checked"")",V3-5,,V3-5 核對：定位器未變、仍有效（2026-10-07 E2E 全套通過）
tests/e2e/scenarios.spec.ts,161,getByRole,"card.getByRole(""button"", { name: labels.buttons.confirm, exact: true })",V3-6,,V3-6 核對：定位器未變、仍有效（2026-10-07 E2E 全套 628／628 通過）
tests/e2e/scenarios.spec.ts,169,getByRole,"page.getByRole(""button"", { name: buttonName, exact: true })",V3-6,,V3-6 已改寫（原片段已不在檔中；2026-10-07 E2E 全套 628／628 通過）
tests/e2e/scenarios.spec.ts,231,getByRole,"page.getByRole(""button"", { name: labels.nav.scenarios.label, exact: true })",V3-3,nav-group-{id}／mobile-tabbar（V3-3 新增）,V3-3 已改寫（原片段已不在檔中；2026-10-06 E2E 全套通過）
tests/e2e/scenarios.spec.ts,233,other,"…await expect(scenario(page).getByLabel(inputLabels[0], { exact: true })",V3-6,,V3-6 已改寫（原片段已不在檔中；2026-10-07 E2E 全套 628／628 通過）
tests/e2e/scenarios.spec.ts,236,locator-css,"channelSelect.locator(""option"")",V3-6,,V3-6 核對：定位器未變、仍有效（2026-10-07 E2E 全套 628／628 通過）
tests/e2e/scenarios.spec.ts,237,locator-css,"channelSelect.locator(""option"")",V3-6,,V3-6 核對：定位器未變、仍有效（2026-10-07 E2E 全套 628／628 通過）
tests/e2e/scenarios.spec.ts,239,other,"page.getByLabel(dash.filter.channel, { exact: true })",V3-3,,V3-3 核對：定位器未變、仍有效（2026-10-06 E2E 全套通過）
tests/e2e/scenarios.spec.ts,240,getByRole,"page.getByRole(""button"", { name: startButtonPrefix })",V3-6,,V3-6 核對：定位器未變、仍有效（2026-10-07 E2E 全套 628／628 通過）
tests/e2e/scenarios.spec.ts,246,getByRole,"page.getByRole(""button"", { name: labels.buttons.fillZero, exact: true })",V3-6,,V3-6 核對：定位器未變、仍有效（2026-10-07 E2E 全套 628／628 通過）
tests/e2e/scenarios.spec.ts,247,other,"card.getByLabel(label, { exact: true })",V3-6,,V3-6 核對：定位器未變、仍有效（2026-10-07 E2E 全套 628／628 通過）
tests/e2e/scenarios.spec.ts,248,other,"card.getByLabel(label, { exact: true })",V3-6,,V3-6 核對：定位器未變、仍有效（2026-10-07 E2E 全套 628／628 通過）
tests/e2e/scenarios.spec.ts,249,other,card.getByLabel(consentLabel),V3-6,,V3-6 核對：定位器未變、仍有效（2026-10-07 E2E 全套 628／628 通過）
tests/e2e/scenarios.spec.ts,250,other,card.getByLabel(consentLabel),V3-6,,V3-6 核對：定位器未變、仍有效（2026-10-07 E2E 全套 628／628 通過）
tests/e2e/scenarios.spec.ts,257,getByRole,"page.getByRole(""dialog"", { name: evidenceDialogName(fill(dw.baselineEvidenceTitle, { metric: cmAfter })), exact: true })",V3-5,,V3-5 核對：定位器未變、仍有效（2026-10-07 E2E 全套通過）
tests/e2e/scenarios.spec.ts,259,locator-css,"dialog.locator(""p.number"")",V3-6,,V3-6 核對：定位器未變、仍有效（2026-10-07 E2E 全套 628／628 通過）
tests/e2e/scenarios.spec.ts,288,getByRole,"page.getByRole(""button"", { name: labels.buttons.addScenario, exact: true })",V3-6,,V3-6 核對：定位器未變、仍有效（2026-10-07 E2E 全套 628／628 通過）
tests/e2e/scenarios.spec.ts,290,locator-css,"page.getByTestId(""scenario-comparison"").locator(""tbody tr"")",V3-6,,V3-6 核對：定位器未變、仍有效（2026-10-07 E2E 全套 628／628 通過）
tests/e2e/scenarios.spec.ts,290,locator-css,"page.locator(""th"")",V3-6,,V3-6 核對：定位器未變、仍有效（2026-10-07 E2E 全套 628／628 通過）
tests/e2e/scenarios.spec.ts,291,getByRole,"total.getByRole(""cell"")",V3-6,,V3-6 核對：定位器未變、仍有效（2026-10-07 E2E 全套 628／628 通過）
tests/e2e/scenarios.spec.ts,296,other,"…await scenario(page, 2).getByLabel(inputLabels[2], { exact: true })",V3-6,,V3-6 已改寫（原片段已不在檔中；2026-10-07 E2E 全套 628／628 通過）
tests/e2e/scenarios.spec.ts,304,other,"…await scenario(page, 2).getByLabel(inputLabels[2], { exact: true })",V3-6,,V3-6 已改寫（原片段已不在檔中；2026-10-07 E2E 全套 628／628 通過）
tests/e2e/scenarios.spec.ts,308,other,"…await scenario(page, 2).getByLabel(inputLabels[2], { exact: true })",V3-6,,V3-6 已改寫（原片段已不在檔中；2026-10-07 E2E 全套 628／628 通過）
tests/e2e/scenarios.spec.ts,312,other,"…await scenario(page, 2).getByLabel(inputLabels[2], { exact: true })",V3-6,,V3-6 已改寫（原片段已不在檔中；2026-10-07 E2E 全套 628／628 通過）
tests/e2e/scenarios.spec.ts,316,other,"…await scenario(page, 2).getByLabel(inputLabels[2], { exact: true })",V3-6,,V3-6 已改寫（原片段已不在檔中；2026-10-07 E2E 全套 628／628 通過）
tests/e2e/scenarios.spec.ts,332,other,"card.getByLabel(inputLabels[0], { exact: true })",V3-6,,V3-6 核對：定位器未變、仍有效（2026-10-07 E2E 全套 628／628 通過）
tests/e2e/scenarios.spec.ts,334,other,card.getByLabel(consentLabel),V3-6,,V3-6 核對：定位器未變、仍有效（2026-10-07 E2E 全套 628／628 通過）
tests/e2e/scenarios.spec.ts,350,other,"card.getByLabel(inputLabels[index], { exact: true })",V3-6,,V3-6 核對：定位器未變、仍有效（2026-10-07 E2E 全套 628／628 通過）
tests/e2e/scenarios.spec.ts,354,other,"card.getByLabel(inputLabels[index], { exact: true })",V3-6,,V3-6 核對：定位器未變、仍有效（2026-10-07 E2E 全套 628／628 通過）
tests/e2e/scenarios.spec.ts,373,locator-css,"page.getByTestId(""scenario-comparison"").locator(""tbody tr"")",V3-6,,V3-6 核對：定位器未變、仍有效（2026-10-07 E2E 全套 628／628 通過）
tests/e2e/scenarios.spec.ts,373,locator-css,"page.locator(""th"")",V3-6,,V3-6 核對：定位器未變、仍有效（2026-10-07 E2E 全套 628／628 通過）
tests/e2e/scenarios.spec.ts,374,getByRole,"row.getByRole(""cell"")",V3-6,,V3-6 已改寫（原片段已不在檔中；2026-10-07 E2E 全套 628／628 通過）
tests/e2e/scenarios.spec.ts,397,getByRole,"page.getByRole(""button"", { name: labels.buttons.addScenario, exact: true })",V3-6,,V3-6 核對：定位器未變、仍有效（2026-10-07 E2E 全套 628／628 通過）
tests/e2e/scenarios.spec.ts,400,getByRole,"…await expect(scenario(page).getByRole(""button"", { name: labels.buttons.calculate, exact: true })",V3-6,,V3-6 已改寫（原片段已不在檔中；2026-10-07 E2E 全套 628／628 通過）
tests/e2e/scenarios.spec.ts,401,other,"…or (const label of inputLabels) await expect(scenario(page).getByLabel(label, { exact: true })",V3-6,,V3-6 已改寫（原片段已不在檔中；2026-10-07 E2E 全套 628／628 通過）
tests/e2e/scenarios.spec.ts,421,locator-css,"others.locator("":scope > summary"")",V3-6,,V3-6 核對：定位器未變、仍有效（2026-10-07 E2E 全套 628／628 通過）
tests/e2e/scenarios.spec.ts,425,other,"page.getByLabel(dash.filter.channel, { exact: true })",V3-3,,V3-3 核對：定位器未變、仍有效（2026-10-06 E2E 全套通過）
tests/e2e/scenarios.spec.ts,433,getByRole,"card.getByRole(""button"", { name: labels.buttons.calculate, exact: true })",V3-6,,V3-6 核對：定位器未變、仍有效（2026-10-07 E2E 全套 628／628 通過）
tests/e2e/scenarios.spec.ts,435,other,"card.getByLabel(dw.planName, { exact: true })",V3-6,,V3-6 核對：定位器未變、仍有效（2026-10-07 E2E 全套 628／628 通過）
tests/e2e/scenarios.spec.ts,436,other,"card.getByLabel(inputLabels[2], { exact: true })",V3-6,,V3-6 核對：定位器未變、仍有效（2026-10-07 E2E 全套 628／628 通過）
tests/e2e/scenarios.spec.ts,445,locator-css,"…const checked = evidenceChecklist(action(page))locator(""input[type=checkbox]:checked"")",V3-6,,V3-6 已改寫（原片段已不在檔中；2026-10-07 E2E 全套 628／628 通過）
tests/e2e/scenarios.spec.ts,449,other,"…await action(page).getByLabel(labels.actions.owner, { exact: true })",V3-6,,V3-6 已改寫（原片段已不在檔中；2026-10-07 E2E 全套 628／628 通過）
tests/e2e/scenarios.spec.ts,452,other,"…await action(page).getByLabel(labels.actions.status, { exact: true })",V3-6,,V3-6 已改寫（原片段已不在檔中；2026-10-07 E2E 全套 628／628 通過）
tests/e2e/scenarios.spec.ts,453,other,"…await action(page).getByLabel(labels.actions.progress, { exact: true })",V3-6,,V3-6 已改寫（原片段已不在檔中；2026-10-07 E2E 全套 628／628 通過）
tests/e2e/scenarios.spec.ts,455,getByRole,"…await action(page).getByRole(""button"", { name: new RegExp(`^${escapeRegExp(aw.viewEvidenceItem.split(""{fact}"")[0])}`) })",V3-6,,V3-6 已改寫（原片段已不在檔中；2026-10-07 E2E 全套 628／628 通過）
tests/e2e/scenarios.spec.ts,456,getByRole,"page.getByRole(""dialog"")",V3-6,,V3-6 核對：定位器未變、仍有效（2026-10-07 E2E 全套 628／628 通過）
tests/e2e/scenarios.spec.ts,456,locator-css,"…await expect(page.getByRole(""dialog"")locator(""p.number"")",V3-6,,V3-6 已改寫（原片段已不在檔中；2026-10-07 E2E 全套 628／628 通過）
tests/e2e/scenarios.spec.ts,457,getByRole,"page.getByRole(""dialog"")",V3-6,,V3-6 核對：定位器未變、仍有效（2026-10-07 E2E 全套 628／628 通過）
tests/e2e/scenarios.spec.ts,457,getByRole,"…await page.getByRole(""dialog"").getByRole(""button"", { name: labels.buttons.close, exact: true })",V3-6,,V3-6 已改寫（原片段已不在檔中；2026-10-07 E2E 全套 628／628 通過）
tests/e2e/scenarios.spec.ts,470,other,"page.getByLabel(dash.filter.channel, { exact: true })",V3-3,,V3-3 核對：定位器未變、仍有效（2026-10-06 E2E 全套通過）
tests/e2e/scenarios.spec.ts,489,getByText,"page.getByText(msw.historyHeading, { exact: true })",V3-6,,V3-6 核對：定位器未變、仍有效（2026-10-07 E2E 全套 628／628 通過）
tests/e2e/scenarios.spec.ts,499,locator-css,"page.getByTestId(""multi-scenario-workbench"").locator(""details"")",V3-6,,V3-6 核對：定位器未變、仍有效（2026-10-07 E2E 全套 628／628 通過）
tests/e2e/scenarios.spec.ts,499,locator-css,"page.locator(""summary"")",V3-6,,V3-6 核對：定位器未變、仍有效（2026-10-07 E2E 全套 628／628 通過）
tests/e2e/scenarios.spec.ts,500,locator-css,"history.locator(""summary"")",V3-6,,V3-6 已改寫（原片段已不在檔中；2026-10-07 E2E 全套 628／628 通過）
tests/e2e/scenarios.spec.ts,501,getByRole,"page.getByRole(""button"", { name: msw.copyToCurrent, exact: true })",V3-6,,V3-6 核對：定位器未變、仍有效（2026-10-07 E2E 全套 628／628 通過）
tests/e2e/scenarios.spec.ts,502,other,"…await expect(scenario(page).getByLabel(dw.planName, { exact: true })",V3-6,,V3-6 已改寫（原片段已不在檔中；2026-10-07 E2E 全套 628／628 通過）
tests/e2e/scenarios.spec.ts,503,other,"…or (const label of inputLabels) await expect(scenario(page).getByLabel(label, { exact: true })",V3-6,,V3-6 已改寫（原片段已不在檔中；2026-10-07 E2E 全套 628／628 通過）
tests/e2e/scenarios.spec.ts,504,other,…await expect(scenario(page).getByLabel(consentLabel),V3-6,,V3-6 已改寫（原片段已不在檔中；2026-10-07 E2E 全套 628／628 通過）
tests/e2e/scenarios.spec.ts,527,other,"page.getByLabel(label, { exact: true })",V3-6,,V3-6 已改寫（原片段已不在檔中；2026-10-07 E2E 全套 628／628 通過）
tests/e2e/scenarios.spec.ts,528,getByRole,"page.getByRole(""button"", { name: labels.buttons.apply, exact: true })",V3-6,,V3-6 已改寫（原片段已不在檔中；2026-10-07 E2E 全套 628／628 通過）
tests/e2e/scenarios.spec.ts,546,getByRole,"…for (const index of [1, 2, 3]) await action(page, index).getByRole(""button"", { name: labels.buttons.pin, exact: true })",V3-6,,V3-6 已改寫（原片段已不在檔中；2026-10-07 E2E 全套 628／628 通過）
tests/e2e/scenarios.spec.ts,547,getByRole,"page.getByRole(""button"", { name: labels.buttons.addAction, exact: true })",V3-6,,V3-6 核對：定位器未變、仍有效（2026-10-07 E2E 全套 628／628 通過）
tests/e2e/scenarios.spec.ts,549,getByRole,"…await action(page, 4).getByRole(""button"", { name: labels.buttons.pin, exact: true })",V3-6,,V3-6 已改寫（原片段已不在檔中；2026-10-07 E2E 全套 628／628 通過）
tests/e2e/scenarios.spec.ts,551,getByRole,"…await expect(action(page, 4).getByRole(""button"", { name: labels.buttons.pin, exact: true })",V3-6,,V3-6 已改寫（原片段已不在檔中；2026-10-07 E2E 全套 628／628 通過）
tests/e2e/scenarios.spec.ts,552,getByRole,"…await expect(actionsWorkbench(page).getByRole(""button"", { name: aw.unpin, exact: true })",V3-6,,V3-6 已改寫（原片段已不在檔中；2026-10-07 E2E 全套 628／628 通過）
tests/e2e/scenarios.spec.ts,554,getByRole,"…await expect(action(page, 1).getByRole(""button"", { name: labels.buttons.moveUp, exact: true })",V3-6,,V3-6 已改寫（原片段已不在檔中；2026-10-07 E2E 全套 628／628 通過）
tests/e2e/scenarios.spec.ts,555,getByRole,"…await action(page, 2).getByRole(""button"", { name: labels.buttons.moveUp, exact: true })",V3-6,,V3-6 已改寫（原片段已不在檔中；2026-10-07 E2E 全套 628／628 通過）
tests/e2e/scenarios.spec.ts,557,other,"…await expect(action(page, 1).getByLabel(labels.actions.problem, { exact: true })",V3-6,,V3-6 已改寫（原片段已不在檔中；2026-10-07 E2E 全套 628／628 通過）
tests/e2e/scenarios.spec.ts,558,other,"…await expect(action(page, 2).getByLabel(labels.actions.problem, { exact: true })",V3-6,,V3-6 已改寫（原片段已不在檔中；2026-10-07 E2E 全套 628／628 通過）
tests/e2e/scenarios.spec.ts,559,other,"…await action(page, 1).getByLabel(labels.actions.step, { exact: true })",V3-6,,V3-6 已改寫（原片段已不在檔中；2026-10-07 E2E 全套 628／628 通過）
tests/e2e/scenarios.spec.ts,561,getByRole,"…const opener = action(page, 2).getByRole(""button"", { name: fill(aw.viewEvidenceItem, { fact: factText(""2026-08-02"", ""2026-08-02"", cmAfter, ""DTC"", ""270.00"") }), exact: true })",V3-6,,V3-6 已改寫（原片段已不在檔中；2026-10-07 E2E 全套 628／628 通過）
tests/e2e/scenarios.spec.ts,565,getByRole,"page.getByRole(""dialog"", { name: evidenceDialogName(fill(aw.evidenceTitle, { metric: cmAfter })), exact: true })",V3-5,,V3-5 核對：定位器未變、仍有效（2026-10-07 E2E 全套通過）
tests/e2e/scenarios.spec.ts,567,locator-css,"dialog.locator(""p.number"")",V3-6,,V3-6 核對：定位器未變、仍有效（2026-10-07 E2E 全套 628／628 通過）
tests/e2e/scenarios.spec.ts,585,getByRole,"page.getByRole(""button"", { name: labels.buttons.addAction, exact: true })",V3-6,,V3-6 核對：定位器未變、仍有效（2026-10-07 E2E 全套 628／628 通過）
tests/e2e/scenarios.spec.ts,586,locator-css,"…await expect(evidenceChecklist(action(page))locator(""input[type=checkbox]:checked"")",V3-6,,V3-6 已改寫（原片段已不在檔中；2026-10-07 E2E 全套 628／628 通過）
tests/e2e/scenarios.spec.ts,587,other,"…await action(page).getByLabel(labels.actions.problem, { exact: true })",V3-6,,V3-6 已改寫（原片段已不在檔中；2026-10-07 E2E 全套 628／628 通過）
tests/e2e/scenarios.spec.ts,588,getByRole,"…await action(page).getByRole(""button"", { name: labels.buttons.confirm, exact: true })",V3-6,,V3-6 已改寫（原片段已不在檔中；2026-10-07 E2E 全套 628／628 通過）
tests/e2e/scenarios.spec.ts,648,locator-css,"page.locator(""img[src='x']"")",V3-6,,V3-6 核對：定位器未變、仍有效（2026-10-07 E2E 全套 628／628 通過）
tests/e2e/scenarios.spec.ts,649,locator-css,"page.locator(""a[href^='javascript:']"")",V3-6,,V3-6 核對：定位器未變、仍有效（2026-10-07 E2E 全套 628／628 通過）
tests/e2e/scenarios.spec.ts,669,getByRole,"savePrompt.getByRole(""button"", { name: labels.autoSave.decline, exact: true })",V3-3,,V3-3 核對：定位器未變、仍有效（2026-10-06 E2E 全套通過）
tests/e2e/workspace-storage.spec.ts,18,getByRole,"page.getByRole(""dialog"", { name: replacementCopy.heading })",V3-3,,V3-3 核對：定位器未變、仍有效（2026-10-06 E2E 全套通過）
tests/e2e/workspace-storage.spec.ts,19,getByRole,"page.getByRole(""region"", { name: storageCopy.restorePreviewAria })",V3-7,,V3-7 核對：定位器未變、仍有效（2026-10-07 E2E 全套 644／644 通過）
tests/e2e/workspace-storage.spec.ts,27,locator-css,"…const savedTag = (page: Page) => storage(page)locator("":scope > summary .tag"")",V3-3,,V3-3 已改寫（原片段已不在檔中；2026-10-06 E2E 全套通過）
tests/e2e/workspace-storage.spec.ts,28,other,"…const consentBox = (page: Page) => storage(page).getByLabel(storageCopy.consent, { exact: true })",V3-3,,V3-3 已改寫（原片段已不在檔中；2026-10-06 E2E 全套通過）
tests/e2e/workspace-storage.spec.ts,34,locator-css,"page.getByTestId(""kpi-contribution_after_marketing"").locator("".kpi-value"")",V3-4,kpi-{metric},V3-4b 核對：定位器未變、仍有效（2026-10-06 E2E 全套通過）
tests/e2e/workspace-storage.spec.ts,35,other,"page.getByLabel(labels.ui.dashboard.filter.channel, { exact: true })",V3-3,,V3-3 核對：定位器未變、仍有效（2026-10-06 E2E 全套通過）
tests/e2e/workspace-storage.spec.ts,76,locator-css,"…ge(page).getAttribute(""open"")) === null) await storage(page)locator("":scope > summary"")",V3-3,,V3-3 已改寫（原片段已不在檔中；2026-10-06 E2E 全套通過）
tests/e2e/workspace-storage.spec.ts,80,other,"page.getByLabel(labels.ui.dashboard.validation.datasetLabel, { exact: true })",V3-3,,V3-3 核對：定位器未變、仍有效（2026-10-06 E2E 全套通過）
tests/e2e/workspace-storage.spec.ts,81,getByRole,"page.getByRole(""button"", { name: labels.ui.dashboard.validation.loadButton, exact: true })",V3-3,,V3-3 核對：定位器未變、仍有效（2026-10-06 E2E 全套通過）
tests/e2e/workspace-storage.spec.ts,83,other,"page.getByLabel(labels.ui.dashboard.filter.channel, { exact: true })",V3-3,,V3-3 核對：定位器未變、仍有效（2026-10-06 E2E 全套通過）
tests/e2e/workspace-storage.spec.ts,84,locator-css,"page.getByTestId(""kpi-contribution_after_marketing"").locator("".kpi-value"")",V3-4,kpi-{metric},V3-4b 核對：定位器未變、仍有效（2026-10-06 E2E 全套通過）
tests/e2e/workspace-storage.spec.ts,88,getByRole,"page.getByRole(""button"", { name: labels.nav.scenarios.label, exact: true })",V3-3,nav-group-{id}／mobile-tabbar（V3-3 新增）,V3-3 已改寫（原片段已不在檔中；2026-10-06 E2E 全套通過）
tests/e2e/workspace-storage.spec.ts,91,getByRole,"page.getByRole(""button"", { name: labels.buttons.addScenario, exact: true })",V3-6,,V3-6 核對：定位器未變、仍有效（2026-10-07 E2E 全套 628／628 通過）
tests/e2e/workspace-storage.spec.ts,93,other,"card.getByLabel(labels.ui.decisionWorkbench.planName, { exact: true })",V3-6,,V3-6 核對：定位器未變、仍有效（2026-10-07 E2E 全套 628／628 通過）
tests/e2e/workspace-storage.spec.ts,95,other,"card.getByLabel(label, { exact: true })",V3-3,,V3-3 核對：定位器未變、仍有效（2026-10-06 E2E 全套通過）
tests/e2e/workspace-storage.spec.ts,96,other,"card.getByLabel(labels.scenario.acceptAssumptions, { exact: true })",V3-6,,V3-6 核對：定位器未變、仍有效（2026-10-07 E2E 全套 628／628 通過）
tests/e2e/workspace-storage.spec.ts,97,getByRole,"card.getByRole(""button"", { name: labels.buttons.calculate, exact: true })",V3-3,,V3-3 核對：定位器未變、仍有效（2026-10-06 E2E 全套通過）
tests/e2e/workspace-storage.spec.ts,101,getByRole,"page.getByRole(""button"", { name: labels.nav.actions.label, exact: true })",V3-3,nav-group-{id}／mobile-tabbar（V3-3 新增）,V3-3 已改寫（原片段已不在檔中；2026-10-06 E2E 全套通過）
tests/e2e/workspace-storage.spec.ts,103,getByRole,"page.getByRole(""button"", { name: labels.buttons.addAction, exact: true })",V3-6,,V3-6 核對：定位器未變、仍有效（2026-10-07 E2E 全套 628／628 通過）
tests/e2e/workspace-storage.spec.ts,106,other,"card.getByLabel(label, { exact: true })",V3-3,,V3-3 核對：定位器未變、仍有效（2026-10-06 E2E 全套通過）
tests/e2e/workspace-storage.spec.ts,109,getByRole,"…const box = evidenceList(card).getByRole(""checkbox"", { name: factText, exact: true })",V3-5,,V3-5 已改寫（原片段已不在檔中；2026-10-07 E2E 全套通過）
tests/e2e/workspace-storage.spec.ts,113,getByRole,"card.getByRole(""button"", { name: labels.buttons.confirm, exact: true })",V3-3,,V3-3 核對：定位器未變、仍有效（2026-10-06 E2E 全套通過）
tests/e2e/workspace-storage.spec.ts,117,getByRole,"card.getByRole(""group"", { name: labels.ui.actionsWorkbench.evidencePicker, exact: true })",V3-6,,V3-6 核對：定位器未變、仍有效（2026-10-07 E2E 全套 628／628 通過）
tests/e2e/workspace-storage.spec.ts,118,locator-css,"…onst checkedEvidence = (card: Locator) => evidenceList(card)locator(""input[type=checkbox]:checked"")",V3-5,,V3-5 已改寫（原片段已不在檔中；2026-10-07 E2E 全套通過）
tests/e2e/workspace-storage.spec.ts,121,getByRole,"…t Promise.all([page.waitForEvent(""download""), storage(page).getByRole(""button"", { name: labels.buttons.downloadBackup, exact: true })",V3-3,,V3-3 已改寫（原片段已不在檔中；2026-10-06 E2E 全套通過）
tests/e2e/workspace-storage.spec.ts,127,other,"…await storage(page).getByLabel(storageCopy.selectBackupFile, { exact: true })",V3-3,,V3-3 已改寫（原片段已不在檔中；2026-10-06 E2E 全套通過）
tests/e2e/workspace-storage.spec.ts,133,getByRole,"…await storage(page).getByRole(""button"", { name: labels.buttons.saveLocal, exact: true })",V3-3,,V3-3 已改寫（原片段已不在檔中；2026-10-06 E2E 全套通過）
tests/e2e/workspace-storage.spec.ts,158,getByRole,"…await expect(storage(page).getByRole(""button"", { name: labels.buttons.saveLocal, exact: true })",V3-3,,V3-3 已改寫（原片段已不在檔中；2026-10-06 E2E 全套通過）
tests/e2e/workspace-storage.spec.ts,180,getByRole,"…await storage(page).getByRole(""button"", { name: labels.buttons.restorePreview, exact: true })",V3-7,,V3-7 已改寫（原片段已不在檔中；2026-10-07 E2E 全套 644／644 通過）
tests/e2e/workspace-storage.spec.ts,183,getByRole,"…await storage(page).getByRole(""button"", { name: storageCopy.applyRestore, exact: true })",V3-3,,V3-3 已改寫（原片段已不在檔中；2026-10-06 E2E 全套通過）
tests/e2e/workspace-storage.spec.ts,185,other,"page.getByLabel(labels.ui.dashboard.filter.channel, { exact: true })",V3-3,,V3-3 核對：定位器未變、仍有效（2026-10-06 E2E 全套通過）
tests/e2e/workspace-storage.spec.ts,186,other,"…await expect(storage(page).getByLabel(storageCopy.consent, { exact: true })",V3-3,,V3-3 已改寫（原片段已不在檔中；2026-10-06 E2E 全套通過）
tests/e2e/workspace-storage.spec.ts,194,getByRole,"page.getByRole(""button"", { name: labels.nav.scenarios.label, exact: true })",V3-3,nav-group-{id}／mobile-tabbar（V3-3 新增）,V3-3 已改寫（原片段已不在檔中；2026-10-06 E2E 全套通過）
tests/e2e/workspace-storage.spec.ts,198,getByRole,"page.getByRole(""button"", { name: labels.nav.actions.label, exact: true })",V3-3,nav-group-{id}／mobile-tabbar（V3-3 新增）,V3-3 已改寫（原片段已不在檔中；2026-10-06 E2E 全套通過）
tests/e2e/workspace-storage.spec.ts,202,other,"page.getByTestId(""action-1"").getByLabel(labels.actions.problem, { exact: true })",V3-6,,V3-6 核對：定位器未變、仍有效（2026-10-07 E2E 全套 628／628 通過）
tests/e2e/workspace-storage.spec.ts,206,getByRole,"…await storage(page).getByRole(""button"", { name: labels.buttons.deleteLocal, exact: true })",V3-3,,V3-3 已改寫（原片段已不在檔中；2026-10-06 E2E 全套通過）
tests/e2e/workspace-storage.spec.ts,221,getByRole,"…await expect(storage(page).getByRole(""alert"")",V3-3,,V3-3 已改寫（原片段已不在檔中；2026-10-06 E2E 全套通過）
tests/e2e/workspace-storage.spec.ts,222,locator-css,"page.getByTestId(""kpi-contribution_after_marketing"").locator("".kpi-value"")",V3-4,kpi-{metric},V3-4b 核對：定位器未變、仍有效（2026-10-06 E2E 全套通過）
tests/e2e/workspace-storage.spec.ts,225,getByRole,"…await expect(storage(page).getByRole(""alert"")",V3-3,,V3-3 已改寫（原片段已不在檔中；2026-10-06 E2E 全套通過）
tests/e2e/workspace-storage.spec.ts,226,other,"…await storage(page).getByLabel(storageCopy.consent, { exact: true })",V3-3,,V3-3 已改寫（原片段已不在檔中；2026-10-06 E2E 全套通過）
tests/e2e/workspace-storage.spec.ts,230,other,"page.getByLabel(labels.ui.dashboard.filter.channel, { exact: true })",V3-3,,V3-3 核對：定位器未變、仍有效（2026-10-06 E2E 全套通過）
tests/e2e/workspace-storage.spec.ts,231,locator-css,"page.getByTestId(""kpi-contribution_after_marketing"").locator("".kpi-value"")",V3-4,kpi-{metric},V3-4b 核對：定位器未變、仍有效（2026-10-06 E2E 全套通過）
tests/e2e/workspace-storage.spec.ts,239,other,"page.getByLabel(labels.ui.dashboard.filter.channel, { exact: true })",V3-3,,V3-3 核對：定位器未變、仍有效（2026-10-06 E2E 全套通過）
tests/e2e/workspace-storage.spec.ts,240,getByRole,"…await storage(page).getByRole(""button"", { name: storageCopy.applyRestore, exact: true })",V3-3,,V3-3 已改寫（原片段已不在檔中；2026-10-06 E2E 全套通過）
tests/e2e/workspace-storage.spec.ts,241,other,"page.getByLabel(labels.ui.dashboard.filter.channel, { exact: true })",V3-3,,V3-3 核對：定位器未變、仍有效（2026-10-06 E2E 全套通過）
tests/e2e/workspace-storage.spec.ts,243,other,"…await expect(storage(page).getByLabel(storageCopy.consent, { exact: true })",V3-3,,V3-3 已改寫（原片段已不在檔中；2026-10-06 E2E 全套通過）
tests/e2e/workspace-storage.spec.ts,252,getByRole,"page.getByRole(""button"", { name: labels.buttons.clear, exact: true })",V3-3,,V3-3 已改寫（原片段已不在檔中；2026-10-06 E2E 全套通過）
tests/e2e/workspace-storage.spec.ts,255,getByRole,"dialog.getByRole(""button"", { name: labels.buttons.cancel, exact: true })",V3-3,,V3-3 核對：定位器未變、仍有效（2026-10-06 E2E 全套通過）
tests/e2e/workspace-storage.spec.ts,258,other,"page.getByLabel(labels.ui.dashboard.validation.datasetLabel, { exact: true })",V3-3,,V3-3 核對：定位器未變、仍有效（2026-10-06 E2E 全套通過）
tests/e2e/workspace-storage.spec.ts,259,getByRole,"page.getByRole(""button"", { name: labels.ui.dashboard.validation.loadButton, exact: true })",V3-3,,V3-3 核對：定位器未變、仍有效（2026-10-06 E2E 全套通過）
tests/e2e/workspace-storage.spec.ts,260,getByRole,"dialog.getByRole(""button"", { name: replacementCopy.discardAndContinue, exact: true })",V3-3,,V3-3 核對：定位器未變、仍有效（2026-10-06 E2E 全套通過）
tests/e2e/workspace-storage.spec.ts,262,other,"page.getByLabel(labels.ui.dashboard.filter.channel, { exact: true })",V3-3,,V3-3 核對：定位器未變、仍有效（2026-10-06 E2E 全套通過）
tests/e2e/workspace-storage.spec.ts,265,getByRole,"page.getByRole(""button"", { name: labels.buttons.clear, exact: true })",V3-3,,V3-3 已改寫（原片段已不在檔中；2026-10-06 E2E 全套通過）
tests/e2e/workspace-storage.spec.ts,266,getByRole,"dialog.getByRole(""button"", { name: replacementCopy.discardAndContinue, exact: true })",V3-3,,V3-3 核對：定位器未變、仍有效（2026-10-06 E2E 全套通過）
tests/e2e/workspace-storage.spec.ts,269,getByRole,"…await storage(page).getByRole(""button"", { name: storageCopy.applyRestore, exact: true })",V3-3,,V3-3 已改寫（原片段已不在檔中；2026-10-06 E2E 全套通過）
tests/e2e/workspace-storage.spec.ts,274,getByRole,"page.getByRole(""button"", { name: labels.nav.scenarios.label, exact: true })",V3-3,nav-group-{id}／mobile-tabbar（V3-3 新增）,V3-3 已改寫（原片段已不在檔中；2026-10-06 E2E 全套通過）
tests/e2e/workspace-storage.spec.ts,278,other,"draft.getByLabel(labels.ui.decisionWorkbench.planName, { exact: true })",V3-6,,V3-6 核對：定位器未變、仍有效（2026-10-07 E2E 全套 628／628 通過）
tests/e2e/workspace-storage.spec.ts,282,getByText,"page.getByText(scenarioCopy.historyHeading, { exact: true })",V3-6,,V3-6 核對：定位器未變、仍有效（2026-10-07 E2E 全套 628／628 通過）
tests/e2e/workspace-storage.spec.ts,285,getByRole,"page.getByRole(""button"", { name: scenarioCopy.copyToCurrent, exact: true })",V3-6,,V3-6 核對：定位器未變、仍有效（2026-10-07 E2E 全套 628／628 通過）
tests/e2e/workspace-storage.spec.ts,298,other,"page.getByLabel(labels.ui.dashboard.filter.channel, { exact: true })",V3-3,,V3-3 核對：定位器未變、仍有效（2026-10-06 E2E 全套通過）
tests/e2e/workspace-storage.spec.ts,299,locator-css,"page.getByTestId(""kpi-contribution_after_marketing"").locator("".kpi-value"")",V3-4,kpi-{metric},V3-4b 核對：定位器未變、仍有效（2026-10-06 E2E 全套通過）
tests/e2e/workspace-storage.spec.ts,306,getByRole,"…await expect(storage(page).getByRole(""button"", { name: storageCopy.confirmDownloaded, exact: true })",V3-3,,V3-3 已改寫（原片段已不在檔中；2026-10-06 E2E 全套通過）
tests/e2e/workspace-storage.spec.ts,307,other,"…await expect(storage(page).getByLabel(storageCopy.consent, { exact: true })",V3-3,,V3-3 已改寫（原片段已不在檔中；2026-10-06 E2E 全套通過）
tests/e2e/workspace-storage.spec.ts,309,getByRole,"page.getByRole(""button"", { name: labels.buttons.clear, exact: true })",V3-3,,V3-3 已改寫（原片段已不在檔中；2026-10-06 E2E 全套通過）
tests/e2e/workspace-storage.spec.ts,314,getByRole,"…await expect(storage(page).getByRole(""button"", { name: storageCopy.confirmDownloaded, exact: true })",V3-3,,V3-3 已改寫（原片段已不在檔中；2026-10-06 E2E 全套通過）
tests/e2e/workspace-storage.spec.ts,315,other,"…await expect(storage(page).getByLabel(storageCopy.consent, { exact: true })",V3-3,,V3-3 已改寫（原片段已不在檔中；2026-10-06 E2E 全套通過）
tests/e2e/workspace-storage.spec.ts,316,getByRole,"…await expect(storage(page).getByRole(""button"", { name: labels.buttons.saveLocal, exact: true })",V3-3,,V3-3 已改寫（原片段已不在檔中；2026-10-06 E2E 全套通過）
tests/e2e/workspace-storage.spec.ts,320,getByRole,"…await storage(page).getByRole(""button"", { name: labels.buttons.restorePreview, exact: true })",V3-7,,V3-7 已改寫（原片段已不在檔中；2026-10-07 E2E 全套 644／644 通過）
tests/e2e/workspace-storage.spec.ts,331,getByRole,"page.getByRole(""dialog"", { name: autoCopy.promptTitle, exact: true })",V3-3,,V3-3 核對：定位器未變、仍有效（2026-10-06 E2E 全套通過）
tests/e2e/workspace-storage.spec.ts,344,getByRole,"prompt.getByRole(""button"", { name: autoCopy.decline, exact: true })",V3-3,,V3-3 核對：定位器未變、仍有效（2026-10-06 E2E 全套通過）
tests/e2e/workspace-storage.spec.ts,352,getByRole,"…await expect(storage(page).getByRole(""button"", { name: labels.buttons.saveLocal, exact: true })",V3-3,,V3-3 已改寫（原片段已不在檔中；2026-10-06 E2E 全套通過）
tests/e2e/workspace-storage.spec.ts,361,getByRole,"page.getByRole(""button"", { name: labels.buttons.clear, exact: true })",V3-3,,V3-3 已改寫（原片段已不在檔中；2026-10-06 E2E 全套通過）
tests/e2e/workspace-storage.spec.ts,362,getByRole,"…await replacementDialog(page).getByRole(""button"", { name: replacementCopy.discardAndContinue, exact: true })",V3-3,,V3-3 已改寫（原片段已不在檔中；2026-10-06 E2E 全套通過）
tests/e2e/workspace-storage.spec.ts,367,getByRole,"prompt.getByRole(""button"", { name: autoCopy.decline, exact: true })",V3-3,,V3-3 核對：定位器未變、仍有效（2026-10-06 E2E 全套通過）
tests/e2e/workspace-storage.spec.ts,413,getByRole,"…await storage(page).getByRole(""button"", { name: labels.buttons.deleteLocal, exact: true })",V3-3,,V3-3 已改寫（原片段已不在檔中；2026-10-06 E2E 全套通過）
tests/e2e/workspace-storage.spec.ts,434,getByRole,"…await expect(storage(page).getByRole(""checkbox"", { name: autoCopy.toggle, exact: true })",V3-3,,V3-3 已改寫（原片段已不在檔中；2026-10-06 E2E 全套通過）
tests/e2e/workspace-storage.spec.ts,451,getByRole,"…await storage(page).getByRole(""button"", { name: labels.buttons.saveLocal, exact: true })",V3-3,,V3-3 已改寫（原片段已不在檔中；2026-10-06 E2E 全套通過）
tests/e2e/workspace-storage.spec.ts,482,getByRole,"…await savePrompt(page).getByRole(""button"", { name: autoCopy.decline, exact: true })",V3-3,,V3-3 已改寫（原片段已不在檔中；2026-10-06 E2E 全套通過）
tests/e2e/workspace-storage.spec.ts,523,getByRole,"…const basis = page.locator(""footer.main-footer"").getByRole(""button"", { name: labels.buttons.basis, exact: true })",V3-3,analytics-note（頁尾）,V3-3 已改寫（原片段已不在檔中；2026-10-06 E2E 全套通過）
tests/e2e/workspace-storage.spec.ts,523,locator-css,"page.locator(""footer.main-footer"")",V3-3,analytics-note（頁尾）,V3-3 核對：定位器未變、仍有效（2026-10-06 E2E 全套通過）
tests/e2e/workspace-storage.spec.ts,529,getByRole,"dialog.getByRole(""heading"", { name: labels.basis.title, exact: true })",V3-3,,V3-3 核對：定位器未變、仍有效（2026-10-06 E2E 全套通過）
tests/e2e/workspace.spec.ts,63,getByRole,"page.getByRole(""dialog"", { name: new RegExp(`${escapeRegExp(labels.sections.evidence)}$`) })",V3-5,,V3-5 核對：定位器未變、仍有效（2026-10-07 E2E 全套通過）
tests/e2e/workspace.spec.ts,68,getByRole,"dialog.getByRole(""group"", { name: labels.ui.evidenceDrawer.sourceTabsAria, exact: true })",V3-5,,V3-5 核對：定位器未變、仍有效（2026-10-07 E2E 全套通過）
tests/e2e/workspace.spec.ts,69,getByRole,"….getByRole(""button"", { name: new RegExp(`^${escapeRegExp(labels.evidence.sourceTabs[tab])}（\\d+）$`) })",V3-5,,V3-5 已改寫（原片段已不在檔中；2026-10-07 E2E 全套通過）
tests/e2e/workspace.spec.ts,86,other,"page.getByLabel(dashboard.validation.datasetLabel, { exact: true })",V3-3,,V3-3 核對：定位器未變、仍有效（2026-10-06 E2E 全套通過）
tests/e2e/workspace.spec.ts,87,getByRole,"page.getByRole(""button"", { name: dashboard.validation.loadButton, exact: true })",V3-3,,V3-3 核對：定位器未變、仍有效（2026-10-06 E2E 全套通過）
tests/e2e/workspace.spec.ts,94,getByRole,"page.getByRole(""button"", { name: labels.nav.overview.label, exact: true })",V3-3,nav-group-{id}／mobile-tabbar（V3-3 新增）,V3-3 已改寫（原片段已不在檔中；2026-10-06 E2E 全套通過）
tests/e2e/workspace.spec.ts,109,getByRole,"page.getByRole(""link"", { name: dashboard.skipLink, exact: true })",V3-3,,V3-3 核對：定位器未變、仍有效（2026-10-06 E2E 全套通過）
tests/e2e/workspace.spec.ts,113,locator-css,"page.locator(""#main-content"")",V3-3,,V3-3 核對：定位器未變、仍有效（2026-10-06 E2E 全套通過）
tests/e2e/workspace.spec.ts,116,getByRole,"page.getByRole(""button"", { name: labels.buttons.loadDemo, exact: true })",V3-8,,V3-8 核對：定位器已依新結構遷移或確認未變（2026-10-07 E2E 全套 680／680 通過）
tests/e2e/workspace.spec.ts,119,getByRole,"page.getByRole(""button"", { name: labels.nav.overview.label, exact: true })",V3-3,nav-group-{id}／mobile-tabbar（V3-3 新增）,V3-3 已改寫（原片段已不在檔中；2026-10-06 E2E 全套通過）
tests/e2e/workspace.spec.ts,122,locator-css,"page.locator(""details"")",V3-3,,V3-3 核對：定位器未變、仍有效（2026-10-06 E2E 全套通過）
tests/e2e/workspace.spec.ts,122,locator-css,"page.locator(""summary"", { hasText: dataTablePrefix })",V3-3,,V3-3 核對：定位器未變、仍有效（2026-10-06 E2E 全套通過）
tests/e2e/workspace.spec.ts,125,locator-css,"alternative.locator(""summary"")",V3-3,,V3-3 核對：定位器未變、仍有效（2026-10-06 E2E 全套通過）
tests/e2e/workspace.spec.ts,126,getByRole,"alternative.getByRole(""table"")",V3-3,,V3-3 核對：定位器未變、仍有效（2026-10-06 E2E 全套通過）
tests/e2e/workspace.spec.ts,127,locator-css,"alternative.locator(""summary"")",V3-3,,V3-3 核對：定位器未變、仍有效（2026-10-06 E2E 全套通過）
tests/e2e/workspace.spec.ts,129,locator-css,"…await alternatives.first()locator(""summary"")",V3-3,,V3-3 已改寫（原片段已不在檔中；2026-10-06 E2E 全套通過）
tests/e2e/workspace.spec.ts,130,getByRole,"…await expect(alternatives.first().getByRole(""table"")",V3-3,,V3-3 已改寫（原片段已不在檔中；2026-10-06 E2E 全套通過）
tests/e2e/workspace.spec.ts,141,getByRole,"page.getByRole(""button"", { name: labels.nav.overview.label, exact: true })",V3-3,nav-group-{id}／mobile-tabbar（V3-3 新增）,V3-3 已改寫（原片段已不在檔中；2026-10-06 E2E 全套通過）
tests/e2e/workspace.spec.ts,150,other,"page.getByLabel(dashboard.filter.channel, { exact: true })",V3-3,,V3-3 核對：定位器未變、仍有效（2026-10-06 E2E 全套通過）
tests/e2e/workspace.spec.ts,153,getByRole,"…const trigger = contribution(page).getByRole(""button"", { name: ""270.00"", exact: true })",V3-3,,V3-3 已改寫（原片段已不在檔中；2026-10-06 E2E 全套通過）
tests/e2e/workspace.spec.ts,175,getByRole,"dialog.getByRole(""button"", { name: labels.buttons.close, exact: true })",V3-3,,V3-3 核對：定位器未變、仍有效（2026-10-06 E2E 全套通過）
tests/e2e/workspace.spec.ts,177,getByRole,"page.getByRole(""button"", { name: labels.nav.diagnosis.label, exact: true })",V3-3,nav-group-{id}／mobile-tabbar（V3-3 新增）,V3-3 已改寫（原片段已不在檔中；2026-10-06 E2E 全套通過）
tests/e2e/workspace.spec.ts,178,other,"page.getByLabel(dashboard.filter.channel, { exact: true })",V3-3,,V3-3 核對：定位器未變、仍有效（2026-10-06 E2E 全套通過）
tests/e2e/workspace.spec.ts,179,getByRole,"page.getByRole(""button"", { name: labels.nav.overview.label, exact: true })",V3-3,nav-group-{id}／mobile-tabbar（V3-3 新增）,V3-3 已改寫（原片段已不在檔中；2026-10-06 E2E 全套通過）
tests/e2e/workspace.spec.ts,187,getByRole,"card.getByRole(""button"", { name: fill(labels.ui.overview.percentagePoints, { value: ""-15.01"" }), exact: true })",V3-4,,V3-4b 已改寫（原片段已不在檔中；2026-10-06 E2E 全套通過）
tests/e2e/workspace.spec.ts,190,locator-css,"dialog.locator("".evidence-body > .number"")",V3-5,,V3-5 核對：定位器未變、仍有效（2026-10-07 E2E 全套通過）
tests/e2e/workspace.spec.ts,192,locator-css,"dialog.locator("".evidence-technical"")",V3-5,,V3-5 核對：定位器未變、仍有效（2026-10-07 E2E 全套通過）
tests/e2e/workspace.spec.ts,193,locator-css,"dialog.locator("".evidence-technical"")",V3-5,,V3-5 核對：定位器未變、仍有效（2026-10-07 E2E 全套通過）
tests/e2e/workspace.spec.ts,196,locator-css,"dialog.locator("".evidence-body > .number"")",V3-5,,V3-5 核對：定位器未變、仍有效（2026-10-07 E2E 全套通過）
tests/e2e/workspace.spec.ts,201,getByRole,"page.getByRole(""button"", { name: labels.nav.diagnosis.label, exact: true })",V3-3,nav-group-{id}／mobile-tabbar（V3-3 新增）,V3-3 已改寫（原片段已不在檔中；2026-10-06 E2E 全套通過）
tests/e2e/workspace.spec.ts,204,getByRole,"card.getByRole(""heading"", { level: 3, name: ruleHeadline(""DISCOUNT_BURDEN_UP"") })",V3-3,,V3-3 核對：定位器未變、仍有效（2026-10-06 E2E 全套通過）
tests/e2e/workspace.spec.ts,205,locator-css,"card.locator("":scope > summary h3"")",V3-3,,V3-3 核對：定位器未變、仍有效（2026-10-06 E2E 全套通過）
tests/e2e/workspace.spec.ts,206,getByRole,"card.getByRole(""group"", { name: labels.diagnosisList.scopeSwitch, exact: true })",V3-5,,V3-5 核對：定位器未變、仍有效（2026-10-07 E2E 全套通過）
tests/e2e/workspace.spec.ts,206,getByRole,"…"", { name: labels.diagnosisList.scopeSwitch, exact: true }).getByRole(""button"", { name: labels.sections.total, exact: true })",V3-5,,V3-5 已改寫（原片段已不在檔中；2026-10-07 E2E 全套通過）
tests/e2e/workspace.spec.ts,207,locator-css,"card.locator("".fact-list"")",V3-3,,V3-3 核對：定位器未變、仍有效（2026-10-06 E2E 全套通過）
tests/e2e/workspace.spec.ts,209,locator-css,"card.locator("":scope > summary .impact-amount"")",V3-5,,V3-5 核對：定位器未變、仍有效（2026-10-07 E2E 全套通過）
tests/e2e/workspace.spec.ts,210,getByRole,"card.getByRole(""button"", { name: rankingButtonName(""DISCOUNT_BURDEN_UP"", ""\\+250\\.00"") })",V3-3,,V3-3 已改寫（原片段已不在檔中；2026-10-06 E2E 全套通過）
tests/e2e/workspace.spec.ts,215,locator-css,"card.locator(""details.diagnosis-technical > summary"", { hasText: labels.sections.technicalDetails })",V3-5,,V3-5 核對：定位器未變、仍有效（2026-10-07 E2E 全套通過）
tests/e2e/workspace.spec.ts,219,locator-css,"dialog.locator("".evidence-body > .number"")",V3-5,,V3-5 核對：定位器未變、仍有效（2026-10-07 E2E 全套通過）
tests/e2e/workspace.spec.ts,222,getByRole,"dialog.getByRole(""region"", { name: labels.evidence.components, exact: true })",V3-5,,V3-5 核對：定位器未變、仍有效（2026-10-07 E2E 全套通過）
tests/e2e/workspace.spec.ts,234,other,"page.getByLabel(dashboard.filter.channel, { exact: true })",V3-3,,V3-3 核對：定位器未變、仍有效（2026-10-06 E2E 全套通過）
tests/e2e/workspace.spec.ts,235,getByRole,"page.getByRole(""button"", { name: labels.nav.products.label, exact: true })",V3-3,nav-group-{id}／mobile-tabbar（V3-3 新增）,V3-3 已改寫（原片段已不在檔中；2026-10-06 E2E 全套通過）
tests/e2e/workspace.spec.ts,241,getByRole,"table.getByRole(""columnheader"")",V3-3,,V3-3 核對：定位器未變、仍有效（2026-10-06 E2E 全套通過）
tests/e2e/workspace.spec.ts,242,other,"page.getByLabel(labels.csvColumns.category, { exact: true })",V3-3,,V3-3 核對：定位器未變、仍有效（2026-10-06 E2E 全套通過）
tests/e2e/workspace.spec.ts,243,other,"page.getByLabel(labels.ui.productComparisonPanel.searchSku, { exact: true })",V3-5,,V3-5 核對：定位器未變、仍有效（2026-10-07 E2E 全套通過）
tests/e2e/workspace.spec.ts,244,locator-css,"table.locator(""tbody tr"")",V3-3,,V3-3 核對：定位器未變、仍有效（2026-10-06 E2E 全套通過）
tests/e2e/workspace.spec.ts,245,getByRole,"table.getByRole(""rowheader"", { name: ""A"", exact: true })",V3-3,,V3-3 核對：定位器未變、仍有效（2026-10-06 E2E 全套通過）
tests/e2e/workspace.spec.ts,249,getByRole,"page.getByRole(""button"", { name: labels.nav.overview.label, exact: true })",V3-3,nav-group-{id}／mobile-tabbar（V3-3 新增）,V3-3 已改寫（原片段已不在檔中；2026-10-06 E2E 全套通過）
tests/e2e/workspace.spec.ts,256,other,"page.getByLabel(periodField(""start"", ""current""), { exact: true })",V3-3,,V3-3 核對：定位器未變、仍有效（2026-10-06 E2E 全套通過）
tests/e2e/workspace.spec.ts,257,getByRole,"page.getByRole(""button"", { name: labels.buttons.apply, exact: true })",V3-3,,V3-3 已改寫（原片段已不在檔中；2026-10-06 E2E 全套通過）
tests/e2e/workspace.spec.ts,258,getByRole,"page.getByRole(""main"")",V3-3,,V3-3 核對：定位器未變、仍有效（2026-10-06 E2E 全套通過）
tests/e2e/workspace.spec.ts,258,getByRole,"…await expect(page.getByRole(""main"").getByRole(""alert"")",V3-3,,V3-3 已改寫（原片段已不在檔中；2026-10-06 E2E 全套通過）
tests/e2e/workspace.spec.ts,260,other,"page.getByLabel(periodField(""start"", ""current""), { exact: true })",V3-3,,V3-3 核對：定位器未變、仍有效（2026-10-06 E2E 全套通過）
tests/e2e/workspace.spec.ts,261,getByRole,"page.getByRole(""button"", { name: labels.buttons.apply, exact: true })",V3-3,,V3-3 已改寫（原片段已不在檔中；2026-10-06 E2E 全套通過）
tests/e2e/workspace.spec.ts,269,other,"page.getByLabel(periodField(""start"", ""previous""), { exact: true })",V3-3,,V3-3 已改寫（原片段已不在檔中；2026-10-06 E2E 全套通過）
tests/e2e/workspace.spec.ts,270,other,"page.getByLabel(periodField(""end"", ""previous""), { exact: true })",V3-3,,V3-3 已改寫（原片段已不在檔中；2026-10-06 E2E 全套通過）
tests/e2e/workspace.spec.ts,271,other,"page.getByLabel(periodField(""start"", ""current""), { exact: true })",V3-3,,V3-3 核對：定位器未變、仍有效（2026-10-06 E2E 全套通過）
tests/e2e/workspace.spec.ts,272,other,"page.getByLabel(periodField(""end"", ""current""), { exact: true })",V3-3,,V3-3 已改寫（原片段已不在檔中；2026-10-06 E2E 全套通過）
tests/e2e/workspace.spec.ts,273,getByRole,"page.getByRole(""button"", { name: labels.buttons.apply, exact: true })",V3-3,,V3-3 已改寫（原片段已不在檔中；2026-10-06 E2E 全套通過）
tests/e2e/workspace.spec.ts,280,locator-css,"page.locator(""details"")",V3-3,,V3-3 核對：定位器未變、仍有效（2026-10-06 E2E 全套通過）
tests/e2e/workspace.spec.ts,280,locator-css,"page.locator(""summary"", { hasText: dataTable(labels.sections.trend) })",V3-4,,V3-4b 核對：定位器未變、仍有效（2026-10-06 E2E 全套通過）
tests/e2e/workspace.spec.ts,281,locator-css,"weekly.locator(""summary"")",V3-3,,V3-3 核對：定位器未變、仍有效（2026-10-06 E2E 全套通過）
tests/e2e/workspace.spec.ts,282,locator-css,"weekly.locator(""tbody tr"")",V3-3,,V3-3 核對：定位器未變、仍有效（2026-10-06 E2E 全套通過）
tests/e2e/workspace.spec.ts,285,getByRole,"…await contribution(page).getByRole(""button"", { name: ""316,379.67"", exact: true })",V3-3,,V3-3 已改寫（原片段已不在檔中；2026-10-06 E2E 全套通過）
tests/e2e/workspace.spec.ts,288,locator-css,"dialog.locator("".evidence-body > .number"")",V3-5,,V3-5 核對：定位器未變、仍有效（2026-10-07 E2E 全套通過）
tests/e2e/workspace.spec.ts,293,other,"page.getByLabel(dashboard.filter.channel, { exact: true })",V3-3,,V3-3 核對：定位器未變、仍有效（2026-10-06 E2E 全套通過）
tests/e2e/workspace.spec.ts,295,getByRole,"page.getByRole(""button"", { name: labels.nav.data.label, exact: true })",V3-3,nav-group-{id}／mobile-tabbar（V3-3 新增）,V3-3 已改寫（原片段已不在檔中；2026-10-06 E2E 全套通過）
tests/e2e/workspace.spec.ts,296,getByRole,"page.getByRole(""heading"", { name: labels.sections.dataScope, exact: true })",V3-3,,V3-3 核對：定位器未變、仍有效（2026-10-06 E2E 全套通過）
tests/e2e/workspace.spec.ts,297,getByRole,"page.getByRole(""main"")",V3-3,,V3-3 核對：定位器未變、仍有效（2026-10-06 E2E 全套通過）
tests/e2e/workspace.spec.ts,298,getByRole,"page.getByRole(""table"", { name: fill(labels.ui.workspacePanels.previewCaption, { fileName: ""sales_daily.csv"" }), exact: true })",V3-7,,V3-7 核對：定位器未變、仍有效（2026-10-07 E2E 全套 644／644 通過）
tests/e2e/workspace.spec.ts,299,locator-css,"sales.locator(""tbody tr"")",V3-3,,V3-3 核對：定位器未變、仍有效（2026-10-06 E2E 全套通過）
tests/e2e/workspace.spec.ts,300,getByRole,"…await expect(sales.locator(""tbody tr"").first().getByRole(""rowheader"")",V3-3,,V3-3 已改寫（原片段已不在檔中；2026-10-06 E2E 全套通過）
tests/e2e/workspace.spec.ts,300,locator-css,"sales.locator(""tbody tr"")",V3-3,,V3-3 核對：定位器未變、仍有效（2026-10-06 E2E 全套通過）
tests/e2e/workspace.spec.ts,301,locator-css,"sales.locator(""tbody tr"")",V3-3,,V3-3 核對：定位器未變、仍有效（2026-10-06 E2E 全套通過）
tests/e2e/workspace.spec.ts,305,getByRole,"page.getByRole(""table"", { name: fill(labels.ui.workspacePanels.previewCaption, { fileName: file }), exact: true })",V3-7,,V3-7 核對：定位器未變、仍有效（2026-10-07 E2E 全套 644／644 通過）
tests/e2e/workspace.spec.ts,305,locator-css,"…cePanels.previewCaption, { fileName: file }), exact: true })locator(""tbody tr"")",V3-7,,V3-7 已改寫（原片段已不在檔中；2026-10-07 E2E 全套 644／644 通過）
tests/e2e/workspace.spec.ts,307,getByRole,"page.getByRole(""main"")",V3-3,,V3-3 核對：定位器未變、仍有效（2026-10-06 E2E 全套通過）
tests/e2e/workspace.spec.ts,308,getByRole,"page.getByRole(""main"")",V3-3,,V3-3 核對：定位器未變、仍有效（2026-10-06 E2E 全套通過）
tests/e2e/workspace.spec.ts,319,getByRole,"page.getByRole(""button"", { name: labels.nav.overview.label, exact: true })",V3-3,nav-group-{id}／mobile-tabbar（V3-3 新增）,V3-3 已改寫（原片段已不在檔中；2026-10-06 E2E 全套通過）
tests/e2e/workspace.spec.ts,322,other,"page.getByLabel(dashboard.filter.channel, { exact: true })",V3-3,,V3-3 核對：定位器未變、仍有效（2026-10-06 E2E 全套通過）
tests/e2e/workspace.spec.ts,331,getByRole,"page.getByRole(""button"", { name: dashboard.errorState.back, exact: true })",V3-3,,V3-3 核對：定位器未變、仍有效（2026-10-06 E2E 全套通過）
tests/e2e/workspace.spec.ts,333,getByRole,"page.getByRole(""button"", { name: labels.nav.overview.label, exact: true })",V3-3,nav-group-{id}／mobile-tabbar（V3-3 新增）,V3-3 已改寫（原片段已不在檔中；2026-10-06 E2E 全套通過）
tests/e2e/workspace.spec.ts,346,getByRole,"page.getByRole(""button"", { name: labels.buttons.loadDemo, exact: true })",V3-8,,V3-8 核對：定位器已依新結構遷移或確認未變（2026-10-07 E2E 全套 680／680 通過）
tests/e2e/workspace.spec.ts,374,getByRole,"page.getByRole(""button"", { name: labels.buttons.loadDemo, exact: true })",V3-8,,V3-8 核對：定位器已依新結構遷移或確認未變（2026-10-07 E2E 全套 680／680 通過）
tests/e2e/workspace.spec.ts,400,getByRole,"page.getByRole(""button"", { name: labels.buttons.clear, exact: true })",V3-3,,V3-3 已改寫（原片段已不在檔中；2026-10-06 E2E 全套通過）
tests/e2e/workspace.spec.ts,401,getByRole,"page.getByRole(""button"", { name: labels.ui.replacementDialog.discardAndContinue, exact: true })",V3-3,,V3-3 已改寫（原片段已不在檔中；2026-10-06 E2E 全套通過）
