key_path,layer,v2_text,v3_text,change,rule_refs,note
ui.managerSummary.evidenceTitle,other,會議摘要｜{scope} 上期{metric} ／ 會議摘要｜{scope} 本期{metric} ／ 會議摘要｜{scope} {metric}差額,一頁摘要 · {scope} 上期{metric} ／ 一頁摘要 · {scope} 本期{metric} ／ 一頁摘要 · {scope} {metric}差額,split,8.3-terms;8.4-separator;8.10-labels,三個抽屜標題的合併字串（元件用 split 取字）；V3-2 刪除此 key，改用 evidencePrevious／evidenceCurrent／evidenceChange（§8.10）
ui.managerSummary.title,L1,會議摘要,一頁摘要,renamed,8.3-terms,
ui.managerSummary.draftDecision,L1,草稿・待決議,草稿 · 待決議,reworded,8.4-separator,
ui.managerSummary.context,L1,資料到 {asOf} · {channels} · TWD,資料到 {asOf} · {channels} · 金額單位：元，未稅,reworded,8.4-no-english;8.5-numbers,
ui.managerSummary.periodLine,L2,上期 {prevStart}–{prevEnd}（{prevDays} 天）；本期 {curStart}–{curEnd}（{curDays} 天）。{mode}，以下為整段期間合計。,上期 {prevStart}–{prevEnd}（{prevDays} 天） · 本期 {curStart}–{curEnd}（{curDays} 天）。{mode}，金額為整段期間合計。,reworded,8.6-dates;8.4-separator,
ui.managerSummary.headlineNote,L2,注意：這是兩期的實際差額，不是可以省下的錢；合計已包含各通路。,差額是兩期實際發生的金額。合計已包含各通路。,reworded,8.4-blacklist;8.4-negation,
ui.managerSummary.missingDataNote,L1,資料待補，無法估算金額,資料待補，無法估算金額,unchanged,,
ui.managerSummary.rankingNote,L2,依對貢獻影響排序；負＝對貢獻不利,依影響金額排序；負數表示讓扣廣告後貢獻變少。,reworded,8.3-terms;8.8-#11,
ui.managerSummary.relatedScopes,L1,相關範圍（{n}）,相關範圍（{n}）,unchanged,,
ui.managerSummary.channelTableSummary,L1,通路表・上期／本期／差額,各通路表現 · 上期／本期／差額,reworded,8.4-separator;8.3-terms,
ui.managerSummary.decisionsHeading,L1,方案與待辦,方案與待辦,unchanged,,
ui.managerSummary.selectedScenario,L1,選入會議的方案,選入會議的方案,unchanged,,
ui.managerSummary.noneSelected,L1,尚未選擇,尚未選擇,unchanged,,
ui.managerSummary.scenarioOption,L1,{name}（{statusOrScope}）,{name}（{statusOrScope}）,unchanged,,
ui.managerSummary.scenarioStale,L1,過期,過期,unchanged,,
ui.managerSummary.scenarioLine,L2,{name} · {scope} · 現況 {baseline} · 試算後 {contribution}；與現況相比 {delta} 元。,{name} · {scope} · 現況 {baseline} · 試算後 {contribution}；與現況相比 {delta} 元。,unchanged,,
ui.managerSummary.scenarioNote,L2,注意：試算不是預測，方案之間不能相加。,試算不是預測，方案之間不能相加。,reworded,8.4-blacklist,
ui.managerSummary.noScenario,L2,還沒選方案；草稿與過期方案不會列入決議。,還沒選方案；草稿與過期方案不會列入決議。,unchanged,,
ui.managerSummary.noActions,L2,還沒有待辦；請加入並指定負責人、期限與何時喊停。,尚無待辦。加入時請指定負責人、期限與何時喊停。,reworded,8.2-empty,
ui.managerSummary.appendixActions,L1,其他待辦（{n}）,其他待辦（{n}）,unchanged,,
ui.managerSummary.exitPrint,control,結束列印,結束列印,unchanged,,
ui.managerSummary.persistNoteManaged,L2,門檻與所選方案會一起存進備份檔。摘要最多三個置頂待辦，其餘列在附錄。,門檻與所選方案會一起存進備份檔。一頁摘要最多列 3 項置頂待辦，其餘列在附錄。,reworded,8.3-terms,
ui.managerSummary.persistNoteLocal,L2,門檻與所選方案只在這一頁有效，不會存進備份檔；下載的摘要會保留這次的設定。,門檻與所選方案只在這一頁有效，不會存進備份檔。下載的摘要會保留這次的設定。,reworded,8.1-L2,
ui.managerSummary.printTitle,other,EC ProfitLens 會議摘要,EC ProfitLens 一頁摘要,renamed,8.3-terms,
ui.managerSummary.printContext,other,{state}｜資料到 {asOf}｜{channels}｜TWD,{state} · 資料到 {asOf} · {channels} · 金額單位：元，未稅,reworded,8.4-separator;8.5-numbers,
ui.managerSummary.printPeriodLine,other,上期 {prevStart}–{prevEnd}（{prevDays} 天）；本期 {curStart}–{curEnd}（{curDays} 天）；{mode}。,上期 {prevStart}–{prevEnd}（{prevDays} 天）；本期 {curStart}–{curEnd}（{curDays} 天）；{mode}。,unchanged,,
ui.managerSummary.printHeadline,other,{prev} → {cur}；差額 {change},上期 {prev}，本期 {cur}，差額 {change},reworded,8.4-blacklist,
ui.managerSummary.printThresholdLine,other,門檻 {amount} 元；資料缺漏排最前面，同一問題只算一次。,門檻 {amount} 元；資料缺漏排最前面，同一問題只算一次。,unchanged,,
ui.managerSummary.printChannelCaption,other,各通路{metric},各通路{metric},unchanged,,
ui.managerSummary.channelColumn,L1,通路,通路,unchanged,,
ui.managerSummary.changeColumn,L1,差額,差額,unchanged,,
ui.managerSummary.printDecisionsHeading,other,方案與待辦,方案與待辦,unchanged,,
ui.managerSummary.printScenarioLine,other,{name}｜{scope}｜現況 {baseline}｜試算後 {contribution}；與現況相比 {delta}。,{name} · {scope} · 現況 {baseline} · 試算後 {contribution}；與現況相比 {delta}。,reworded,8.4-separator,
ui.managerSummary.printMeetingLine,other,會議：{name}；決議：{state}；備註：{notes},會議：{name}；決議：{state}；備註：{notes},unchanged,,
ui.managerSummary.appendixHeading,L1,其他待辦,其他待辦,unchanged,,
ui.managerSummary.actionConfirmed,L1,已確認,已確認,unchanged,,
ui.managerSummary.actionDraft,L1,草稿（待確認）,草稿（待確認）,unchanged,,
ui.managerSummary.actionMeta,L1,負責人：{owner} · 期限：{deadline} · 何時喊停：{risk},負責人：{owner} · 期限：{deadline} · 何時喊停：{risk},unchanged,,
ui.managerSummary.ownerPending,L1,待指定,待指定,unchanged,,
ui.managerSummary.duePending,L1,待設定,待設定,unchanged,,
ui.managerSummary.riskPending,L1,待補,待補,unchanged,,
ui.managerSummary.actionExecution,L1,狀態：{status} · {notes},狀態：{status} · {notes},unchanged,,
ui.managerSummary.skuScope,L1,{channels}／{sku},{channels}／{sku},unchanged,,
ui.managerSummary.evidencePrevious,L1,會議摘要｜{scope} 上期{metric},一頁摘要 · {scope} 上期{metric},reworded,8.3-terms;8.4-separator,
ui.managerSummary.evidenceCurrent,L1,會議摘要｜{scope} 本期{metric},一頁摘要 · {scope} 本期{metric},reworded,8.3-terms;8.4-separator,
ui.managerSummary.evidenceChange,L1,會議摘要｜{scope} {metric}差額,一頁摘要 · {scope} {metric}差額,reworded,8.3-terms;8.4-separator,
ui.managerSummary.changeFormula,L3,本期{metric} − 上期{metric},本期{metric} − 上期{metric},unchanged,,
ui.managerSummary.evidenceMissing,L1,會議摘要｜{scope} 缺漏來源,一頁摘要 · {scope} 缺漏來源,reworded,8.3-terms;8.4-separator,
ui.managerSummary.evidencePriority,L1,會議摘要｜{scope} {title},一頁摘要 · {scope} {title},reworded,8.3-terms;8.4-separator,
ui.managerSummary.unpinnedNotice,L2,還沒有置頂的待辦；會議摘要只列置頂項目，其餘放在附錄。,還沒有置頂的待辦；一頁摘要只列置頂項目，其餘放在附錄。,renamed,8.3-terms,
ui.managerSummary.missingWithReasons,L1,資料待補（{reasons}）,資料待補（{reasons}）,unchanged,,
ui.managerSummary.mdTitle,other,# {brand} 會議摘要（{decision}）,# {brand} 一頁摘要（{decision}）,renamed,8.3-terms,
ui.managerSummary.mdMeta,other,資料到：{asOf}｜範圍：{channels}｜TWD,資料到：{asOf} · 範圍：{channels} · TWD,reworded,8.4-separator,
ui.managerSummary.mdPeriod,other,{period}：{start}～{end}（{days} 天）,{period}：{start}–{end}（{days} 天）,reworded,8.7-punct,
ui.managerSummary.mdComparison,other,比較：{mode}；以下為期間合計。金額門檻：{threshold} TWD。,比較方式：{mode}；以下為期間合計。金額門檻：{threshold} 元。,reworded,8.5-numbers,
ui.managerSummary.mdHeadlines,other,## 本期變化,## 關鍵數字,reworded,8.3-terms,「變化」在兩期比較時改「差額」；議程同名
ui.managerSummary.mdHeadlineRow,other,- {metric}：{previous} → {current}；差額 {change}。,- {metric}：上期 {previous}，本期 {current}，差額 {change}。,reworded,8.4-blacklist,
ui.managerSummary.mdChannelHeader,other,| 通路 | 上期廣告後貢獻 | 本期廣告後貢獻 | 差額 |,| 通路 | 上期扣廣告後貢獻 | 本期扣廣告後貢獻 | 差額 |,renamed,8.3-terms,
ui.managerSummary.mdPriorityRow,other,{n}. {headline}｜{scope}｜{amount},{n}. {headline} · {scope} · {amount},reworded,8.4-separator,
ui.managerSummary.mdRelatedScopes,other,   相關範圍：{scopes}{more}；注意：各通路差額不能相加。,   相關範圍：{scopes}{more}。各通路差額不能相加。,reworded,8.4-blacklist,
ui.managerSummary.mdDecisions,other,## 選入會議的方案與待辦,## 選入會議的方案與待辦,unchanged,,
ui.managerSummary.mdSelectedScenario,other,方案：{name}｜{scope}｜現況 {baseline}；試算後的扣廣告後貢獻 {contribution}；與現況相比 {delta} TWD。,方案：{name} · {scope} · 現況 {baseline}；試算後的扣廣告後貢獻 {contribution}；與現況相比 {delta} 元。,reworded,8.4-separator;8.5-numbers,
ui.managerSummary.assumptionPrefix,other,- 假設：{text},- 假設：{text},unchanged,,
ui.managerSummary.scenarioCaution,other,注意：這是假設試算，不是預測；各方案差額不能相加。,這是試算，不是預測；各方案差額不能相加。,reworded,8.4-blacklist;14.1,
ui.managerSummary.noSelectedScenario,other,還沒有選入會議的方案；草稿與引用較早資料的方案不列入決議。,還沒有選入會議的方案；草稿與引用較早資料的方案不列入決議。,unchanged,,
ui.managerSummary.actionStatus.current,other,已確認,已確認,unchanged,,
ui.managerSummary.actionStatus.draft,other,草稿待確認,草稿（待確認）,reworded,8.3-terms,與 actionDraft 用同一寫法
ui.managerSummary.mdActionRow,other,- {problem}（{status}；{scope}）：{step}；負責人 {owner}；期限 {due}；何時喊停 {stop}。 進度：{executionStatus}；{executionNotes},- {problem}（{status}；{scope}）：{step}；負責人 {owner}；期限 {due}；何時喊停 {stop}。 進度：{executionStatus}；{executionNotes},unchanged,,
ui.managerSummary.ownerUnset,other,待指定,待指定,unchanged,,
ui.managerSummary.dueUnset,other,待設定,待設定,unchanged,,
ui.managerSummary.riskUnset,other,待補,待補,unchanged,,
ui.managerSummary.mdMeeting,other,會議：{name}；決議：{decision},會議：{name}；決議：{decision},unchanged,,
ui.managerSummary.techPriorityNote,L3,- 摘要排序：資料缺漏排最前面。同一個問題在多個通路出現只算一次，以金額最大的為準；最多列三組，不改底層規則。,- 摘要排序：資料缺漏排最前面。同一個問題在多個通路出現只算一次，以金額最大的為準；最多列三組，不改底層規則。,unchanged,,
ui.managerSummary.techFactsNote,L3,- 差額＝本期 − 上期；下列數據保留兩期合計與各通路來源，即使沒有健檢訊號仍可追溯。,- 差額＝本期 − 上期；下列數字保留兩期合計與各通路來源，即使沒有健檢訊號仍可追溯。,reworded,8.4-blacklist,
ui.managerSummary.otherActions,other,### 其他待辦,### 其他待辦,unchanged,,
ui.managerSummary.techThresholdAmount,L3,- 門檻比較金額：{amount},- 門檻比較金額：{amount},unchanged,,
ui.managerSummary.techScenarioStatus,L3,### 方案狀態,### 方案狀態,unchanged,,
ui.managerSummary.moreInAppendix,other,等（詳技術細節）,等（詳技術細節）,unchanged,,
ui.channelTable.channelHeader,L1,通路,通路,unchanged,,
ui.channelTable.previousHeader,L1,上期淨營收,上期淨營收,unchanged,,
ui.channelTable.currentHeader,L1,本期淨營收,本期淨營收,unchanged,,
ui.channelTable.changeHeader,L1,淨營收差額,淨營收差額,unchanged,,
ui.channelTable.turnedNegative,L1,轉負,轉為虧損,reworded,8.2-patterns,
ui.channelTable.turnedPositive,L1,轉正,由負轉正,reworded,8.2-patterns,
ui.topThree.impactEvidenceTitle,L1,{impact}｜{scope} {title},{title}（副標：{impact} · {scope}）,split,8.4-separator;8.8-#15,抽屜標題只留結論句 {title}；{impact} · {scope} · 期間改放副標（V3-2 拆成 headline／subtitle 兩個 key）
ui.topThree.memberRow,L1,{scope}：{amount},{scope}：{amount},unchanged,,
ui.topThree.relatedScopesCount,L1,相關範圍（{n}）,相關範圍（{n}）,unchanged,,
ui.workspacePanels.previewColumns.date,L1,結帳日,結帳日,unchanged,,
ui.workspacePanels.previewColumns.channel,L1,通路,通路,unchanged,,
ui.workspacePanels.previewColumns.category,L1,品類,品類,unchanged,,
ui.workspacePanels.previewColumns.unitsSold,L1,售出件數,售出件數,unchanged,,
ui.workspacePanels.previewColumns.currency,L1,幣別,幣別,unchanged,,
ui.workspacePanels.fileGrain.sales,L1,每天 × 通路 × 商品,每天 × 通路 × 商品,unchanged,,
ui.workspacePanels.fileGrain.costs,L1,每天 × 通路,每天 × 通路,unchanged,,
ui.workspacePanels.fileGrain.ads,L1,每天 × 歸屬的銷售通路,每天 × 歸屬的銷售通路,unchanged,,
ui.workspacePanels.meta.datasetId,L1,資料集名稱,資料集名稱,unchanged,,
ui.workspacePanels.meta.coverage,L1,檔案涵蓋期間,檔案涵蓋期間,unchanged,,
ui.workspacePanels.meta.currencyTimezone,L1,幣別與時區,幣別與時區,unchanged,,
ui.workspacePanels.meta.channels,L1,檔案裡的通路,檔案裡的通路,unchanged,,
ui.workspacePanels.meta.coverageConfirmed,L1,銷售資料是否完整,銷售資料是否完整,unchanged,,
ui.workspacePanels.meta.coverageYes,L1,匯入時已確認完整,匯入時已確認完整,unchanged,,
ui.workspacePanels.meta.coverageNo,L1,尚未確認（缺的不是零）,尚未確認（缺的不是零）,unchanged,,
ui.workspacePanels.meta.scopeChannels,L1,目前看的通路,目前看的通路,unchanged,,
ui.workspacePanels.dateRange,L1,{start} 至 {end},{start}–{end},reworded,8.6-dates,
ui.workspacePanels.datasetCaution,L2,注意：完整性由匯入者確認；檔案空白和缺的列都不會當成 0。,完整性由匯入者確認；檔案空白和缺的列都不會當成 0。,reworded,8.4-blacklist,
ui.workspacePanels.mappingsSummary,L1,匯入時的欄位對照,匯入時的欄位對照,unchanged,,
ui.workspacePanels.previewNote,L2,每份檔案的前 10 列（不受期間與通路篩選影響）；金額 TWD。,每份檔案的前 10 列，不受期間與通路篩選影響；金額單位：元。,reworded,8.4-no-english;8.5-numbers,
ui.workspacePanels.previewTag,L1,3 份檔案,3 份檔案,unchanged,,
ui.workspacePanels.rowCount,L1,{n} 列,{n} 列,unchanged,,
ui.workspacePanels.fileMeta,L1,{displayName}（{standardName}） · {grain} · {start} 至 {end},{displayName}（{standardName}） · {grain} · {start}–{end},reworded,8.6-dates,
ui.workspacePanels.noRows,L1,沒有資料列,沒有資料列,unchanged,,
ui.workspacePanels.previewRegionAria,control,{title}前 10 列預覽，可水平捲動,{title}前 10 列預覽，可水平捲動,unchanged,,
ui.workspacePanels.previewCaption,L1,{fileName} 來源資料前 10 列,{fileName} 來源資料前 10 列,unchanged,,
ui.workspacePanels.lineNumber,L1,原始行號,原始行號,unchanged,,
ui.workspacePanels.issuesNote,L2,每一項都標出檔案、欄位與原始行號。,每一項都標出檔案、欄位與原始行號。,unchanged,,
ui.workspacePanels.itemCount,L1,{n} 項,{n} 項,unchanged,,
ui.workspacePanels.noIssues,L2,沒有發現格式或完整性問題。,沒有發現格式或完整性問題。,unchanged,,
ui.workspacePanels.scopeAll,L1,所選通路合計,所選通路合計,unchanged,,
ui.workspacePanels.channelTableHeading,L1,通路比較・上期／本期／差額,通路比較 · 上期／本期／差額,reworded,8.4-separator,
ui.workspacePanels.channelTableCaution,L2,注意：缺的不是零；廣告費不分到商品。,缺的資料不當成 0；廣告費不分到商品。,reworded,8.4-blacklist;8.3-terms,
ui.workspacePanels.diagnosisNote,L2,依目前期間與通路自動健檢，缺資料的排最前面，其餘依金額排序。,依目前期間與通路健檢，缺資料的排最前面，其餘依金額排序。,renamed,8.3-terms,
ui.workspacePanels.noDiagnostics,L2,這個範圍沒有健檢訊號。注意：不代表沒有風險。,本期沒有需要處理的項目。8 條規則都沒有觸發。,reworded,8.4-blacklist;7.10-empty;8.4-negation,空狀態依 §7.10 C10；刪掉否定句「不代表沒有風險」
ui.workspacePanels.tagMissingData,L1,先補資料,先補資料,unchanged,,
ui.workspacePanels.ruleFacts,L1,數據,相關數字,reworded,8.4-blacklist;8.3-terms,
ui.workspacePanels.factNotFound,L2,找不到對應的數據，無法顯示。,找不到對應的數字，無法顯示。,reworded,8.4-blacklist,
ui.workspacePanels.scopeAllWith,L1,所選通路合計（{channels}）,所選通路合計（{channels}）,unchanged,,
ui.workspacePanels.factLine,L1,{period} · {metric} · {scope},{period} · {metric} · {scope},unchanged,,
ui.workspacePanels.factAria,control,看{period}{metric}怎麼算的，{value}，{scope},看{period}{metric}的明細，{value}，{scope},reworded,D-V3-3,
ui.workspacePanels.ruleCause,L1,可能原因（待確認）,可能原因（待確認）,unchanged,,
ui.workspacePanels.ruleNextStep,L1,下一步,下一步,unchanged,,
ui.workspacePanels.ruleCaution,L1,注意,限制,reworded,8.4-blacklist;8.2-patterns,限制句平述、次要樣式，不再用「注意」當標頭
ui.workspacePanels.rankingCurrent,L1,本期扣廣告後貢獻,本期扣廣告後貢獻,unchanged,,
ui.workspacePanels.metricDelta,L1,{metric}差額,{metric}差額,unchanged,,
ui.workspacePanels.deltaFormula,L3,差額 = 本期{metric} − 上期{metric}（這是實際差額，不是可以省下的錢）,差額＝本期{metric} − 上期{metric}，是兩期實際發生的金額,reworded,8.1-L3;8.4-negation,
ui.workspacePanels.rankingAria,control,看「{title}」排序金額的來源，{amount},看「{title}」排序金額的來源，{amount},unchanged,,
ui.workspacePanels.productsCaution,L2,注意：通路費與廣告不分到商品，這裡只看商品毛利；差額＝本期 − 上期。,通路費與廣告不分到商品，這裡只看商品毛利。差額＝本期 − 上期。,reworded,8.4-blacklist,
ui.workspacePanels.tagTwdExclusive,L1,TWD 未稅,元，未稅,reworded,8.4-no-english,
ui.workspacePanels.filterCategory,L1,品類,品類,unchanged,,
ui.workspacePanels.allCategories,L1,全部品類,全部品類,unchanged,,
ui.workspacePanels.searchSku,L1,搜尋 SKU,搜尋商品（SKU）,reworded,8.4-no-english,
ui.workspacePanels.searchSkuPlaceholder,control,輸入 SKU 關鍵字,輸入商品代碼關鍵字,reworded,8.4-no-english,
ui.workspacePanels.productsCsvHint,L2,只匯出目前篩選到的商品列。,只匯出目前篩選到的商品列。,unchanged,,
ui.workspacePanels.productCount,L1,共 {n} 筆（商品 × 通路）,共 {n} 筆（商品 × 通路）,unchanged,,
ui.workspacePanels.productScope,L1,{start} 至 {end} · {channels} · {category},{start}–{end} · {channels} · {category},reworded,8.6-dates,
ui.workspacePanels.noProducts,L2,此範圍沒有符合條件的商品資料。,沒有符合篩選的商品。,reworded,7.10-empty,
ui.workspacePanels.productTableAria,control,商品毛利明細，可水平捲動,商品毛利明細，可水平捲動,unchanged,,
ui.workspacePanels.productTableCaption,L2,本期商品毛利與來源；廣告不分到商品,本期商品毛利與來源；廣告不分到商品,unchanged,,
ui.workspacePanels.uncategorized,L1,未填品類,未填品類,unchanged,,
ui.workspacePanels.productCellAria,control,看 {channel} {sku} {metric}怎麼算的，{value},看 {channel} {sku} {metric}的明細，{value},reworded,D-V3-3,
ui.workspacePanels.productEvidenceTitle,L1,{sku} · {metric},{sku} · {metric},unchanged,,
ui.workspacePanels.productScopeLabel,L1,商品 {sku} · 品類 {category},商品 {sku} · 品類 {category},unchanged,,
ui.overview.kpiHint,L1,未稅 TWD · 點數字看怎麼算的 ↗,金額單位：元，未稅,reworded,8.4-blacklist;8.8-#8;8.4-no-english;D-V3-3,
ui.overview.previousValue,L1,{previous} {value},{previous} {value},unchanged,,
ui.overview.changePending,L1,差額待確認,差額待確認,unchanged,,
ui.overview.changeTitle,L1,{metric}變化,{metric}差額,reworded,8.3-terms;14.1,
ui.overview.ratePointFormula,L3,（本期貢獻率 − 上期貢獻率）× 100，單位為百分點,（本期扣廣告後貢獻率 − 上期扣廣告後貢獻率）× 100，單位：個百分點,reworded,8.3-terms;8.5-numbers,
ui.overview.amountDeltaFormula,L3,本期金額 − 上期金額,本期金額 − 上期金額,unchanged,,
ui.overview.ratePointScope,L2,百分點變化（精確值見下方）,個百分點差額（精確值見下方）,reworded,8.5-numbers;8.3-terms,
ui.overview.amountDeltaScope,L2,兩期全部通路的金額差額,兩期全部通路的金額差額,unchanged,,
ui.overview.percentagePoints,L1,{value} 百分點,{value} 個百分點,reworded,8.5-numbers,
ui.overview.trendNote,L2,注意：每 7 天一組，期末不足 7 天單獨列；缺資料不畫成 0。,每 7 天一組，期末不足 7 天單獨列；缺資料不畫成 0。,reworded,8.4-blacklist,
ui.overview.tooltipMetric,L1,{metric} {value},{metric} {value},unchanged,,
ui.overview.dataTable,L1,數據表 · {title},表格 · {title},reworded,8.4-blacklist,
ui.overview.trendTableAria,control,每週數據,每週金額表,reworded,8.4-blacklist,
ui.overview.trendCaption,L2,目前期間與通路的每週金額,目前期間與通路的每週金額,unchanged,,
ui.overview.colPeriod,L1,期間,期間,unchanged,,
ui.overview.colRange,L1,起訖日,起訖日,unchanged,,
ui.overview.bridgeReconciled,L1,九項加總相符,九項加總相符,unchanged,,
ui.overview.bridgeTotal,L1,總差額,總差額,unchanged,,
ui.overview.bridgeTotalTitle,L1,{metric}總差額,{metric}總差額,unchanged,,
ui.overview.bridgeFormula,L3,商品原價收入差額 − 折扣差額 − 退款金額差額 − 商品成本差額 − 平台抽成差額 − 金流手續費差額 − 物流與包材費差額 − 其他變動費用差額 − 廣告投放費差額,商品原價收入差額 − 折扣差額 − 退款金額差額 − 商品成本差額 − 平台抽成差額 − 金流手續費差額 − 物流與包材費差額 − 其他變動費用差額 − 廣告投放費差額,unchanged,,
ui.overview.tooltipDelta,L1,{metric}：{value},{metric}：{value},unchanged,,
ui.overview.bridgeNote,L2,注意：這是兩期的實際差額，不是可以省下的錢；合計已包含各通路。,每一項都是兩期的實際差額，九項加起來就是總差額。,reworded,8.4-blacklist;8.8-#6,
ui.overview.bridgeTableAria,control,拆解數據,貢獻變化拆解表,reworded,8.4-blacklist,
ui.overview.bridgeCaption,L2,正值增加貢獻，負值減少貢獻；單位 TWD,正數讓扣廣告後貢獻增加，負數讓它減少；金額單位：元。,reworded,8.4-no-english;8.5-numbers,
ui.overview.colItem,L1,項目,項目,unchanged,,
ui.overview.bridgeRowTitle,L1,{metric}拆解差額,{metric}拆解差額,unchanged,,
ui.overview.costDeltaFormula,L3,上期金額 − 本期金額（費用增加會減少貢獻）,上期金額 − 本期金額（費用增加會減少貢獻）,unchanged,,
ui.overview.channelTableAria,control,通路比較數據,各通路扣廣告後貢獻表,reworded,8.4-blacklist;8.8-#25,
ui.overview.channelCaption,L2,各通路含全部商品；廣告與平台費不分到單一商品,各通路含全部商品；廣告與平台抽成不分到單一商品,renamed,8.3-terms,
ui.overview.colChannel,L1,通路,通路,unchanged,,
ui.overview.colPeriodMetric,L1,{period}{metric},{period}{metric},unchanged,,
ui.overview.periodDays,L2,上期 {previousDays} 天；本期 {currentDays} 天。,上期 {previousDays} 天；本期 {currentDays} 天。,unchanged,,
ui.overview.periodDaysHelp,L2,上面的數字都是期間合計；日均＝合計 ÷ 該期天數。,上面的數字都是期間合計；日均＝合計 ÷ 該期天數。,unchanged,,
ui.overview.periodNote,L2,注意：日均只是合計除以天數，不是營收預測。,日均是合計除以天數，不是預測。,reworded,8.3-terms;8.4-blacklist,
ui.overview.dataAsOf,L1,{dataAsOf} {date},{dataAsOf} {date},unchanged,,
ui.overview.periodTableAria,control,期間合計與日均數據,期間合計與日均表,reworded,8.4-blacklist,
ui.overview.periodCaption,L2,金額 TWD；日均 TWD／日,金額單位：元；日均單位：元／日,reworded,8.4-no-english;8.5-numbers,
ui.overview.colMetric,L1,指標,指標,unchanged,,
ui.overview.colPeriodTotal,L1,{period}合計,{period}合計,unchanged,,
ui.overview.colPeriodDaily,L1,{period}日均,{period}日均,unchanged,,
ui.overview.colDailyDelta,L1,日均差,日均差,unchanged,,
ui.overview.dailyAverageTitle,L1,{period}{metric}日均,{period}{metric}日均,unchanged,,
ui.overview.dailyAverageFormula,L3,{metric}期間合計 ÷ {days} 天,{metric}期間合計 ÷ {days} 天,unchanged,,
ui.overview.dailyAverageScope,L2,日均（TWD／日），和期間合計分開看,日均（元／日），和期間合計分開看,reworded,8.4-no-english,
ui.overview.periodTotal,L1,期間合計,期間合計,unchanged,,
ui.overview.dailyAverageDeltaTitle,L1,{metric}日均差,{metric}日均差,unchanged,,
ui.overview.dailyAverageDeltaFormula,L3,本期合計 ÷ {currentDays} 天 − 上期合計 ÷ {previousDays} 天,本期合計 ÷ {currentDays} 天 − 上期合計 ÷ {previousDays} 天,unchanged,,
ui.overview.dailyAverageDeltaScope,L2,兩期日均的差額，和拆解差額不同，也不是預測,兩期日均的差額，和拆解差額不同，也不是預測,unchanged,,
ui.overview.trendTechnical,L3,圖形為近似比例，數據表保留精確金額。,圖形為近似比例，數字表保留精確金額。,reworded,8.4-blacklist,
ui.overview.periodModeTechnical,L3,整月比較只接受兩個完整且已涵蓋的月份；未滿月請用等天數比較。確認沒有交易的日期仍算天數；缺資料的維持資料待補。,整月比較只接受兩個完整且已涵蓋的月份；未滿月請用等天數比較。確認沒有交易的日期仍算天數；缺資料的維持資料待補。,unchanged,,
ui.overview.periodRoundingTechnical,L3,日均差以未取分日均值相減後再取分；日均以 Decimal 計算，顯示時才取分。,日均差以未取分日均值相減後再取分；日均以 Decimal 計算，顯示時才取分。,unchanged,,
ui.overview.bridgeTableTitle,L1,九項拆解,九項拆解,unchanged,,
ui.multiScenarioWorkbench.baselineFailed,L2,這個通路的基準算不出來；原本的方案還在，請檢查資料範圍。,這個通路的基準算不出來；原本的方案還在，請檢查資料範圍。,unchanged,,
ui.multiScenarioWorkbench.heading,L1,本通路的試算,本通路的試算,unchanged,,
ui.multiScenarioWorkbench.intro,L2,每個通路最多三個方案。換了資料或期間後，舊方案會留在「之前的試算」裡。,每個通路最多三個方案。換了資料或期間後，舊方案會留在「之前的試算」裡。,unchanged,,
ui.multiScenarioWorkbench.currentView,L1,目前通路：{channel},目前通路：{channel},unchanged,,
ui.multiScenarioWorkbench.editChannelPlans,L1,試算 {channel},試算 {channel},unchanged,,
ui.multiScenarioWorkbench.planSummary,L1,{plan}：{resultLabel} {amount},{plan}：{resultLabel} {amount},unchanged,,
ui.multiScenarioWorkbench.selectPlanForMeeting,L1,{selectForMeeting}：{channel} {plan},{selectForMeeting}：{channel} {plan},unchanged,,
ui.multiScenarioWorkbench.rebuildingBaseline,L2,正在重算這個通路的基準…,正在重算這個通路的基準…,unchanged,,
ui.multiScenarioWorkbench.startButton,control,開始試算 {channel},開始試算 {channel},unchanged,,
ui.multiScenarioWorkbench.selectHint,L2,每個通路選一個已計算的方案；之後改了方案，會提醒你重新選入。,每個通路選一個已計算的方案；之後改了方案，會提醒你重新選入。,unchanged,,
ui.multiScenarioWorkbench.selectPlanButton,control,{selectForMeeting}：{plan},{selectForMeeting}：{plan},unchanged,,
ui.multiScenarioWorkbench.historyHeading,L1,之前的試算,之前的試算,unchanged,,
ui.multiScenarioWorkbench.historyNote,L2,注意：之前的試算不會自動變成目前方案，也不會進入會議。,之前的試算不會自動變成目前方案，也不會進入會議。,reworded,8.4-blacklist,
ui.multiScenarioWorkbench.historyDatasetVersion,L3,資料版本（技術）：{hash},資料版本：{hash},moved-to-technical,8.4-blacklist;3.2-L3,hash 屬 R2 禁用詞，移到「之前的試算」的技術細節
ui.multiScenarioWorkbench.historyPlanSummary,L1,{plan}：當時的{resultLabel} {amount},{plan}：當時的{resultLabel} {amount},unchanged,,
ui.multiScenarioWorkbench.copyToCurrent,control,複製到目前方案（假設清空）,複製到目前方案（假設清空）,unchanged,,
ui.multiScenarioWorkbench.allChannelsHint,L2,全部通路：請先在上方選一個通路再試算,全部通路不能一起試算。請先在上方選一個通路。,reworded,8.1-L2,
ui.reviewWorkbench.applyError,L2,沒有存到會議：請檢查會議名稱、金額門檻或文字長度；要「採用」前請先重新選入目前有效的方案。,沒有存到會議：請檢查會議名稱、金額門檻或文字長度。要採用方案，請先重新選入目前有效的方案。,reworded,8.1-L2,
ui.reviewWorkbench.createIntro,L2,用目前的資料與期間建立這次的會議紀錄；之後切換頁面或期間不會動到會議內容。,用目前的資料與期間建立本次會議。之後切換頁面或期間，會議內容不會變。,reworded,8.3-terms;8.1-L2,
ui.reviewWorkbench.createButton,control,建立這次的會議紀錄,建立這次的會議紀錄,unchanged,,
ui.reviewWorkbench.sourceLine,L1,{sourceStatus} · {channels},{sourceStatus} · {channels},unchanged,,
ui.reviewWorkbench.sourceHistorical,L2,會議用的是較早的資料，請用目前資料更新會議,會議用的是較早的資料，請用目前資料更新會議,unchanged,,
ui.reviewWorkbench.sourceFixed,L1,會議資料已固定,會議資料已固定,unchanged,,
ui.reviewWorkbench.viewDifference,L2,會議紀錄和目前看的範圍不同：會議用 {meetingChannels}，本期 {meetingStart}～{meetingEnd}；目前看的是 {viewChannels}，本期 {viewStart}～{viewEnd}。{datasetNote},會議紀錄和目前看的範圍不同。會議用 {meetingChannels}，本期 {meetingStart}–{meetingEnd}；目前看的是 {viewChannels}，本期 {viewStart}–{viewEnd}。{datasetNote},reworded,8.7-punct;8.1-L2,
ui.reviewWorkbench.viewDifferenceDataset,L2,匯入的資料也不同，會議仍用當時的資料。,匯入的資料也不同，會議仍用當時的資料。,unchanged,,
ui.reviewWorkbench.viewDifferenceScope,L2,會議仍用原本的範圍。,會議仍用原本的範圍。,unchanged,,
ui.reviewWorkbench.refreshHint,L2,用目前資料更新會議會清掉已選的方案與決議，保留會議名稱、備註與門檻。,用目前資料更新會議，會清掉已選的方案與決議。會議名稱、備註與門檻會保留。,reworded,8.1-L2,
ui.reviewWorkbench.planOption,L1,{name},{name},unchanged,,
ui.reviewWorkbench.scenarioSelect,L1,{channel} 選入會議的方案,{channel} 選入會議的方案,unchanged,,
ui.reviewWorkbench.notSelected,L1,尚未選擇,尚未選擇,unchanged,,
ui.reviewWorkbench.retainedOption,L2,選的是較早的方案，請重新選入,選的是較早的方案，請重新選入,unchanged,,
ui.reviewWorkbench.scenarioChangedError,L2,這個方案已修改或資料已更新，請重新計算後再選入。,這個方案已修改或資料已更新，請重新試算後再選入。,reworded,8.3-terms,
ui.reviewWorkbench.actionDrift,L2,{problem}：這個待辦引用的數據已更新，會議摘要仍用當時的數據。,{problem}：這個待辦引用的數字已更新，一頁摘要仍用當時的數字。,reworded,8.4-blacklist;8.3-terms,
ui.reviewWorkbench.actionFallback,L1,待辦,待辦,unchanged,,
ui.reviewWorkbench.refreshActionRef,L2,改用這個待辦的最新數據：{name},改用這個待辦的最新數字：{name},reworded,8.4-blacklist,
ui.reviewWorkbench.actionDataMismatchError,L2,這個待辦用的資料和會議不同，請先用目前資料更新會議，再確認數據。,這個待辦用的資料和會議不同，請先用目前資料更新會議，再確認數字。,reworded,8.4-blacklist,
ui.reviewWorkbench.staleScenarios,L2,較早的方案（不列入這次決議）,較早的方案（不列入這次決議）,unchanged,,
ui.reviewWorkbench.staleScenarioRow,L1,{name} · {scope} · {resultLabel} {amount},{name} · {scope} · {resultLabel} {amount},unchanged,,
ui.reviewWorkbench.sourceRebuildError,L2,會議的資料無法重新載入，先不顯示數字；其他頁面仍可正常使用。,會議的資料無法重新載入，先不顯示數字；其他頁面仍可正常使用。,unchanged,,
ui.reviewWorkbench.rebuilding,L1,正在載入會議資料…,正在載入會議資料…,unchanged,,
ui.dashboard.datasets.demo,L1,營運示範｜12 週示範資料,營運示範 · 12 週示範資料,reworded,8.4-separator,
ui.dashboard.datasets.golden,L1,Golden｜小型對帳資料,Golden · 小型對帳資料,reworded,8.4-separator,
ui.dashboard.datasets.missingCogs,L1,缺漏案例｜商品成本,缺漏案例 · 商品成本,reworded,8.4-separator,
ui.dashboard.datasets.missingAd,L1,缺漏案例｜廣告日期,缺漏案例 · 廣告日期,reworded,8.4-separator,
ui.dashboard.datasets.duplicate,L1,錯誤案例｜重複銷售列,錯誤案例 · 重複銷售列,reworded,8.4-separator,
ui.dashboard.errors.fetchFailed,L2,無法取得示範資料，請確認本機服務後重試。,無法取得示範資料，請確認本機服務後重試。,unchanged,,
ui.dashboard.errors.validationFailed,L2,新資料未通過檢核。請看問題清單，先前成功的資料仍保留。,新資料未通過檢核。請看問題清單，先前成功的資料仍保留。,unchanged,,
ui.dashboard.errors.processingFailed,L2,資料處理失敗，請重試。,資料處理失敗，請重試。,unchanged,,
ui.dashboard.errors.importIncomplete,L2,匯入計算未完成，尚未取代先前資料。請重試或取消匯入。,匯入計算未完成，尚未取代先前資料。請重試或取消匯入。,unchanged,,
ui.dashboard.errors.periodNotApplied,L2,期間未套用：上期必須早於本期，且都在資料範圍內。等天數比較須等長；整月比較須各為一個完整月份。目前仍顯示上次成功的範圍。,期間沒有套用：上期要早於本期，且都在資料範圍內。等天數比較兩期要一樣長，整月比較要各是一個完整月份。畫面仍顯示上次成功的範圍。,reworded,8.1-L2,
ui.dashboard.errors.reviewRebuildFailed,L2,會議當時的資料無法重建，尚未新增待辦；目前清單仍保留。,會議當時的資料無法重建，尚未新增待辦；目前清單仍保留。,unchanged,,
ui.dashboard.errors.scenarioScopeMismatch,L2,此方案與會議的資料或範圍不同。請回{overview}，按「{updateMeeting}」後再選入會議。,此方案與會議的資料或範圍不同。請回{overview}，按「{updateMeeting}」後再選入會議。,unchanged,,
ui.dashboard.aiDetail.publicDemo,L2,公開版未啟用 AI 解釋；所有計算與健檢都不需要 AI。,公開示範站：計算都在你的瀏覽器完成，沒有使用 AI。,reworded,8.3-terms;14.1;8.8-#7,
ui.dashboard.aiDetail.consent,L2,按下預覽並同意後才會送出彙總資料；到通路健檢可看本次狀態與來源。,按下預覽並同意後才會送出彙總資料；到通路健檢可看本次狀態與來源。,unchanged,,
ui.dashboard.aiDetail.off,L2,目前沒有傳送任何分析資料給 AI；所有計算與健檢都不需要 AI。,目前沒有傳送任何資料給 AI；計算與健檢都不需要 AI。,reworded,8.1-L2,
ui.dashboard.skipLink,L1,跳至主要內容,跳至主要內容,unchanged,,
ui.dashboard.workspaceLabel,L1,我的工作區,（主層不顯示）,removed,8.3-terms;14.1,§8.3 #27：主層不顯示「我的工作區」；備份檔與技術細節保留「工作區」
ui.dashboard.mainNavAria,control,主要導覽,主要導覽,unchanged,,
ui.dashboard.sidebarNote.local,L2,資料只在你的瀏覽器裡，不會上傳。可以存在這台電腦或下載備份檔。,資料只在你的瀏覽器裡，不會上傳。可以存在這台電腦或下載備份檔。,unchanged,,
ui.dashboard.sidebarNote.demo,L2,注意：示範資料是合成資料，不代表任何真實商家或業績。,示範資料是虛構的合成資料，不代表任何真實商家。,reworded,8.4-blacklist;7.10-empty,
ui.dashboard.sidebarFooter,L1,新臺幣 · 臺北時間,新台幣 · 台北時間,renamed,D-V3-6,
ui.dashboard.breadcrumbRoot,L1,工作區,（刪除，頁名改為 h1）,removed,14.1,麵包屑「工作區 / 頁名」改成只顯示頁名（h1）
ui.dashboard.statusDataset,L1,{dataset} · 資料到 {date},{dataset} · 資料到 {date},unchanged,,
ui.dashboard.modeBadge.publicDemo,L1,公開示範版,公開示範站,renamed,8.3-terms,只在資料狀態 popover 出現（§8.3 #28）
ui.dashboard.aiLabel,L1,自動健檢可用｜{ai},{ai},reworded,8.3-terms;8.4-separator;8.8-#7;14.1,刪除「自動健檢可用」；頂欄只留 AI 狀態（例：AI 未啟用）
ui.dashboard.validation.heading,L1,開發者驗證案例,開發者驗證案例,unchanged,,
ui.dashboard.validation.intro,L2,只用來核對計算與缺漏處理。切換此頁不改變目前資料；按「載入」才會檢核並取代目前資料。,只用來核對計算與缺漏處理。切換此頁不改變目前資料；按「載入」才會檢核並取代目前資料。,unchanged,,
ui.dashboard.validation.datasetLabel,L1,資料集,資料集,unchanged,,
ui.dashboard.validation.loadButton,control,載入資料集,載入資料集,unchanged,,
ui.dashboard.validation.descriptions.demo,L2,營運示範：跨通路的示範資料，可練習完整檢討流程。,營運示範：跨通路的示範資料，可練習完整檢討流程。,unchanged,,
ui.dashboard.validation.descriptions.golden,L2,Golden：小型固定對帳資料，供核對公式與來源。,Golden：小型固定對帳資料，供核對計算與來源。,renamed,D-V3-3,
ui.dashboard.validation.descriptions.missing,L2,缺漏案例：收入可算；缺成本或廣告費的相關貢獻顯示「資料待補」。,缺漏案例：收入可算；缺成本或廣告費的相關貢獻顯示「資料待補」。,unchanged,,
ui.dashboard.validation.descriptions.duplicate,L2,重複列案例：故意不良資料，應阻擋載入並保留先前成功資料。,重複列案例：故意不良資料，應阻擋載入並保留先前成功資料。,unchanged,,
ui.dashboard.validation.note,L2,載入成功後回到經營總覽。舊方案保留歷史版本；舊待辦會標示「引用較早資料」，仍可更新進度。未保存的資料請先下載備份檔。,載入成功後回到經營總覽。舊方案保留歷史版本；舊待辦會標示「引用較早資料」，仍可更新進度。未保存的資料請先下載備份檔。,unchanged,,
ui.dashboard.filter.channel,L1,通路,通路,unchanged,,
ui.dashboard.filter.allChannels,L1,全部通路,全部通路,unchanged,,
ui.dashboard.filter.presetReason,L1,{preset}：{reason},{preset}：{reason},unchanged,,
ui.dashboard.filter.comparisonMode,L1,比較方式,比較方式,unchanged,,
ui.dashboard.filter.periodStart,L1,{period}開始,{period}開始,unchanged,,
ui.dashboard.filter.periodEnd,L1,{period}結束,{period}結束,unchanged,,
ui.dashboard.partialNote,L2,注意：缺資料的指標顯示「資料待補」，不會當成 0。,缺資料的指標顯示「資料待補」，不會當成 0。,reworded,8.4-blacklist,
ui.dashboard.viewIssues,control,看 {n} 項資料問題 →,查看 {n} 項資料問題,reworded,8.8-#24;8.4-blacklist,
ui.dashboard.scopeNote,L1,目前範圍：{channels} · {mode}（上期 {previousDays} 天／本期 {currentDays} 天） · 資料到 {dataAsOf} · 上期 {previousStart}–{previousEnd} · 本期 {currentStart}–{currentEnd},本期 {currentStart}–{currentEnd} 對比 上期 {previousStart}–{previousEnd}（上期 {previousDays} 天，本期 {currentDays} 天）,reworded,8.8-#13;8.6-dates,占位符 {channels}、{mode}、{dataAsOf} 移出這一行：通路在通路選單、比較方式在期間列、資料到在頂欄；兩期天數相同時 V3-3 顯示「各 {n} 天」；.scope-note 併入 period-summary（V3-3）
ui.dashboard.loading.heading,L1,正在檢核資料與計算,正在檢核資料與計算,unchanged,,
ui.dashboard.loading.body,L2,銷售先彙總，再合併通路費用與廣告。請稍候。,銷售先彙總，再合併通路費用與廣告。請稍候。,unchanged,,
ui.dashboard.errorState.retry,control,重新載入,重新載入,unchanged,,
ui.dashboard.errorState.back,control,回到上次成功的資料,回到上次成功的資料,unchanged,,
ui.scenarioSensitivity.thresholdConstantEqual,L2,銷量怎麼變都不影響試算結果；範圍內都剛好等於目標，沒有單一門檻。,銷量怎麼變都不影響試算結果；範圍內都剛好等於目標，沒有單一門檻。,unchanged,,
ui.scenarioSensitivity.thresholdConstantAbove,L2,銷量怎麼變都不影響試算結果；範圍內都高於目標，沒有單一門檻。,銷量怎麼變都不影響試算結果；範圍內都高於目標，沒有單一門檻。,unchanged,,
ui.scenarioSensitivity.thresholdConstantBelow,L2,銷量怎麼變都不影響試算結果；範圍內都低於目標，達不到。,銷量怎麼變都不影響試算結果；範圍內都低於目標，達不到。,unchanged,,
ui.scenarioSensitivity.directionAtOrAbove,L1,大於或等於,大於或等於,unchanged,,
ui.scenarioSensitivity.directionAtOrBelow,L1,小於或等於,小於或等於,unchanged,,
ui.scenarioSensitivity.thresholdOutsideRange,L2,門檻超出 −90% 到 +100% 的支援範圍；範圍內{outcome}，不另外往外推算。,門檻超出 −90% 到 +100% 的支援範圍；範圍內{outcome}，不另外往外推算。,unchanged,,
ui.scenarioSensitivity.thresholdExact,L2,銷量增減{direction}這個門檻時，試算結果可維持目標或更高。,銷量增減{direction}這個門檻時，試算結果可維持目標或更高。,unchanged,,
ui.scenarioSensitivity.reasons.STALE_SCENARIO,L2,資料已更新；請重新確認範圍與假設後再試算。,資料已更新；請重新確認範圍與假設後再試算。,unchanged,,
ui.scenarioSensitivity.reasons.SENSITIVITY_VOLUME_REQUIRED,L2,三個銷量假設都要填；維持現況請填 0。,三個銷量假設都要填；維持現況請填 0。,unchanged,,
ui.scenarioSensitivity.targetsHeading,L1,兩個目標,兩個目標,unchanged,,
ui.scenarioSensitivity.targetHeading,L1,{target} · 目標 {amount} 元,{target} · 目標 {amount} 元,unchanged,,
ui.scenarioSensitivity.thresholdPctLabel,L1,銷量至少要變動（約）,銷量至少要變動（約）,unchanged,,
ui.scenarioSensitivity.exactFractionSummary,L3,精確分數（技術細節）,精確分數（技術細節）,unchanged,,
ui.scenarioSensitivity.inputsHeading,L1,自己填三個銷量假設,自己填三個銷量假設,unchanged,,
ui.scenarioSensitivity.inputsHint,L2,三格都要填，範圍 −90% 到 +100%，維持現況填 0。A／B／C 只是編號，沒有保守或積極之分。三組假設會跟著方案一起存進匯出與備份。,三格都要填，範圍 −90% 到 +100%，維持現況填 0。A／B／C 只是編號，沒有保守或積極之分。三組假設會跟著方案一起存進匯出與備份。,unchanged,,
ui.scenarioSensitivity.inputsLegend,L1,三個銷量假設,三個銷量假設,unchanged,,
ui.scenarioSensitivity.inputLabel,L1,假設 {letter}：銷量增減（%）,假設 {letter}：銷量增減（%）,unchanged,,
ui.scenarioSensitivity.recalc,control,計算三個假設,試算三個假設,reworded,8.3-terms,
ui.scenarioSensitivity.tableAria,control,三個銷量假設的結果比較，可水平捲動,三個銷量假設的結果比較，可水平捲動,unchanged,,
ui.scenarioSensitivity.tableCaption,L2,只換銷量，其餘都沿用本方案；金額為元。,只換銷量，其餘都沿用本方案；金額為元。,unchanged,,
ui.scenarioSensitivity.colAssumption,L1,假設,假設,unchanged,,
ui.scenarioSensitivity.rowLabel,L1,假設 {letter},假設 {letter},unchanged,,
ui.scenarioSensitivity.caution,L2,注意：沿用本方案的折扣、物流費、廣告與一次性費用，只換銷量；打平是指扣廣告後貢獻為 0，這是假設試算，不是預測也不是公司淨利。,沿用本方案的折扣、物流費、廣告與一次性費用，只換銷量。打平是指扣廣告後貢獻為 0。這是試算，不是預測，也不是公司淨利。,reworded,8.4-blacklist;8.1-L2;14.1,
ui.scenarioSensitivity.outcomeAllAtOrAbove,L1,都能維持目標或更高,都能維持目標或更高,unchanged,,
ui.scenarioSensitivity.outcomeAllBelow,L1,都低於目標,都低於目標,unchanged,,
ui.scenarioSensitivity.targetZero,L1,打平（{metric} = 0）,打平（{metric} = 0）,unchanged,,
ui.scenarioSensitivity.targetMaintain,L1,維持現況的貢獻,維持現況的扣廣告後貢獻,reworded,8.3-terms,
ui.scenarioSensitivity.fixedAssumptionsTechnical,L3,平均牌價、商品組合、退款比與每件淨成本固定；平台／金流維持原有效淨營收費率；不涵蓋最低費、階梯費率或按折扣前 GMV 計價。,平均牌價、商品組合、退款金額比與每件淨成本固定；平台／金流維持原有效淨營收費率；不涵蓋最低費、階梯費率或按折扣前 GMV 計價。,renamed,8.3-terms,
ui.scenarioSensitivity.thresholdPrecisionTechnical,L3,門檻以未取分分數求得；畫面小數為近似值，臨界處請以精確分數核對。,門檻以未取分分數求得；畫面小數為近似值，臨界處請以精確分數核對。,unchanged,,
ui.workspaceStorage.downloadedNotice,L2,備份檔已開始下載。檔案包含分析用的資料與工作稿，請妥善保管。,備份檔已開始下載。檔案包含分析用的資料與工作稿，請妥善保管。,unchanged,,
ui.workspaceStorage.saveError,L2,儲存沒有完成：瀏覽器不允許儲存、空間不足，或檔案無法驗證。目前資料仍在；可以先下載備份檔。,儲存沒有完成：瀏覽器不允許儲存、空間不足，或檔案無法驗證。目前資料仍在；可以先下載備份檔。,unchanged,,
ui.workspaceStorage.previewReadyNotice,L2,備份檔檢查通過，還沒有取代目前資料。請核對下方內容後再讀入。,備份檔檢查通過，還沒有取代目前資料。請核對下方內容後再讀入。,unchanged,,
ui.workspaceStorage.invalidBackupError,L2,無法讀入：請選擇本工具產生的備份檔（最多 64 MiB）。格式不符、損毀或被改過的檔案不會取代目前資料。,無法讀入：請選擇本工具產生的備份檔（最多 64 MiB）。格式不符、損毀或被改過的檔案不會取代目前資料。,unchanged,,
ui.workspaceStorage.noLocalNotice,L2,這個瀏覽器還沒有存過資料；同意本機保存後才會保存。讀回本機副本一律先預覽、再確認。,這個瀏覽器還沒有存過資料；同意本機保存後才會保存。讀回本機副本一律先預覽、再確認。,unchanged,,
ui.workspaceStorage.localReadError,L2,本機資料無法讀取或驗證，目前資料沒有變更。可以改用備份檔，或刪除本機資料。,本機資料無法讀取或驗證，目前資料沒有變更。可以改用備份檔，或刪除本機資料。,unchanged,,
ui.workspaceStorage.deletedNotice,L2,已刪除這個瀏覽器的本機資料。目前畫面上的資料與已下載的檔案不受影響。,已刪除這個瀏覽器的本機資料。目前畫面上的資料與已下載的檔案不受影響。,unchanged,,
ui.workspaceStorage.deleteError,L2,刪除沒有完成，瀏覽器可能限制本機儲存。請到瀏覽器的網站資料設定檢查；目前資料仍在。,刪除沒有完成，瀏覽器可能限制本機儲存。請到瀏覽器的網站資料設定檢查；目前資料仍在。,unchanged,,
ui.workspaceStorage.intro,L2,資料只在你的瀏覽器裡，不會上傳。可以存在這台電腦或下載備份檔。,資料只在你的瀏覽器裡，不會上傳。可以存在這台電腦或下載備份檔。,unchanged,,
ui.workspaceStorage.caution,L2,注意：本機資料與備份檔沒有加密，共用電腦請用完就刪除本機資料。,本機資料與備份檔沒有加密，共用電腦請用完就刪除本機資料。,reworded,8.4-blacklist,
ui.workspaceStorage.backupContents,L3,備份包含：分析資料、欄位對照、已套用範圍、各通路方案與版本（含要賣到多少才划算的三組假設）、待辦與引用紀錄、會議設定與確認紀錄、會議歷史；讀入時重新驗證與計算。不包含：未套用的日期與匯入草稿、商品搜尋、AI 回應、API key 與傳送同意。校驗碼只能偵測損毀，不證明檔案來源；只開啟可信的備份。,備份包含：分析資料、欄位對照、已套用範圍、各通路方案與版本（含要賣到多少才划算的三組假設）、待辦與引用紀錄、會議設定與確認紀錄、會議歷史；讀入時重新驗證與計算。不包含：未套用的日期與匯入草稿、商品搜尋、AI 回應、API key 與傳送同意。校驗碼只能偵測損毀，不證明檔案來源；只開啟可信的備份。,moved-to-technical,3.2-L3,清單式說明移到儲存選單的技術細節 <details>（備份檔保留「工作區」用詞）；主層只留 intro
ui.workspaceStorage.selectBackupFile,control,選擇備份檔,選取備份檔…,reworded,7.9-storage,
ui.workspaceStorage.consent,control,我同意把工作區存在這個瀏覽器（預設每次修改 2 秒內自動保存，可關閉；匯入時會記住欄位對照；不上傳）,同意把資料存在這台電腦（資料只存在這個瀏覽器，不會上傳）,reworded,7.9-storage;8.3-terms,§7.9 儲存選單原文；「修改後 2 秒內自動保存」「記住欄位對照」改由自動保存開關與 autoSave.consentNote 說明
ui.workspaceStorage.downloadConfirmedNotice,L2,已記下這個備份檔的版本；之後的修改不會寫進這個檔案，要保留請再下載一次。本機自動保存（若已開啟）只更新這個瀏覽器裡的副本，不會改動備份檔。,已記下這個備份檔的版本。之後的修改要再下載一次才會進檔案。自動保存只更新這個瀏覽器裡的副本。,reworded,8.1-L2;8.2-success,
ui.workspaceStorage.confirmDownloaded,control,備份檔已存好,確認已下載,reworded,7.9-storage,
ui.workspaceStorage.busy,L1,處理中…,處理中…,unchanged,,
ui.workspaceStorage.restorePreviewAria,control,備份預覽,備份預覽,unchanged,,
ui.workspaceStorage.restoreHeading,L1,確認要讀入的備份,確認要讀入的備份,unchanged,,
ui.workspaceStorage.restoreSummary,L1,{datasetId} · 資料到 {asOf} · 通路 {channels},{datasetId} · 資料到 {asOf} · 通路 {channels},unchanged,,
ui.workspaceStorage.restorePeriods,L2,上期 {prevStart}–{prevEnd}；本期 {curStart}–{curEnd},上期 {prevStart}–{prevEnd}；本期 {curStart}–{curEnd},unchanged,,
ui.workspaceStorage.restoreCounts,L2,方案 {plans} 個、行動 {actions} 項，已重新計算。,方案 {plans} 個、待辦 {actions} 項，已重新計算。,reworded,D-V3-4,
ui.workspaceStorage.unsavedWarning,L2,注意：目前有未儲存的修改，讀入備份會覆蓋；要保留的請先儲存。,目前有未儲存的修改，讀入備份會覆蓋；要保留的請先儲存。,reworded,8.4-blacklist,
ui.workspaceStorage.restoredNotice,L2,已讀入備份。本機儲存與 AI 傳送同意需要重新勾選。,已讀入備份。本機儲存與 AI 傳送同意需要重新勾選。,unchanged,,
ui.workspaceStorage.applyRestore,control,讀入這份備份,讀入這份備份,unchanged,,
ui.decisionWorkbench.volumeHelp,L2,例：多賣 10% 填 +10（範圍 −90 到 +100，維持現況請填 0）,+10 表示多賣 10%,split,8.8-#19;8.5-minus,拆成 placeholder「+10 表示多賣 10%」＋超出範圍訊息「請填 −90 到 +100 之間的數字」；「維持現況填 0」放欄位 `?` 說明
ui.decisionWorkbench.discountHelp,L2,例：10% 改成 12% 填 +2；改成 8% 填 −2（調整後折扣率要在 0% 到 100% 之間）,+2 表示折扣率多 2 個百分點,split,8.8-#19;8.5-numbers,拆成 placeholder＋超出範圍訊息「調整後折扣率要在 0% 到 100% 之間」（沿用 scenarioPresets.range.discount）
ui.decisionWorkbench.fulfillmentHelp,L2,物流費單價變動，例：漲 5% 填 +5（範圍 −100 到 +100）,+5 表示每件物流費漲 5%,split,8.8-#19,拆成 placeholder＋超出範圍訊息「請填 −100 到 +100 之間的數字」
ui.decisionWorkbench.adHelp,L2,例：加碼 20% 填 +20（範圍 −100 到 +200）；調廣告不會自動帶動銷量，請另填「銷量增減」,+20 表示廣告預算多 20%,split,8.8-#19,拆成 placeholder＋超出範圍訊息「請填 −100 到 +200 之間的數字」＋L2「調廣告不會自動帶動銷量，銷量請另填「銷量增減」。」
ui.decisionWorkbench.noticeCalculated,L2,已計算；每個方案都從同一個本期基準算起。,已試算。每個方案都從同一個本期基準算起。,reworded,8.2-success;8.3-terms,
ui.decisionWorkbench.noticeNotCalculated,L2,還沒計算：請填方案名稱，並檢查每個欄位都有數字。,還沒試算：請填方案名稱，並檢查每個欄位都有數字。,reworded,8.3-terms,
ui.decisionWorkbench.noticeRebuilt,L2,已改用目前資料；方案輸入已清空，待辦保留原本引用的數據。,已改用目前資料；方案輸入已清空，待辦保留原本引用的數字。,reworded,8.4-blacklist,
ui.decisionWorkbench.noticeDownloadedActions,L2,已下載；每筆待辦保留自己的範圍與確認狀態。,已下載；每筆待辦保留自己的範圍與確認狀態。,unchanged,,
ui.decisionWorkbench.noticeDownloadedStale,L2,已下載過期的舊試算；它不是目前期間的結果。,已下載過期的舊試算；它是較早期間的結果。,reworded,8.4-negation;8.2-success,
ui.decisionWorkbench.noticeDownloaded,L2,已下載；草稿、假設與確認狀態都在檔案裡。,已下載；草稿、假設與確認狀態都在檔案裡。,unchanged,,
ui.decisionWorkbench.noticeExportFailed,L2,無法輸出：方案或待辦還沒通過檢查，請重新計算或確認後再試。,無法匯出：方案或待辦還沒通過檢查，請重新試算或確認後再試。,reworded,8.3-terms,
ui.decisionWorkbench.baselineEvidenceTitle,L1,本期基準 · {metric},本期基準 · {metric},unchanged,,
ui.decisionWorkbench.staleTitle,L1,試算已過期,試算已過期,unchanged,,
ui.decisionWorkbench.freshTitle,L1,使用目前資料,使用目前資料,unchanged,,
ui.decisionWorkbench.staleBody,L2,資料、期間或通路已變更。下方保留舊試算供查閱，不能再計算或看證據；不會自動套用到新範圍。,資料、期間或通路已變更。下方保留舊試算供查閱，不能再試算或看明細，也不會套用到新範圍。,reworded,D-V3-3;8.3-terms,
ui.decisionWorkbench.rebuildButton,control,改用目前資料並清空輸入,改用目前資料並清空輸入,unchanged,,
ui.decisionWorkbench.baselineEyebrow,L1,同一期間 · 單一通路,同一期間 · 單一通路,unchanged,,
ui.decisionWorkbench.baselineMeta,L1,{start} — {end} · {channels} · 資料到 {asOf},{start}–{end} · {channels} · 資料到 {asOf},reworded,8.7-punct,
ui.decisionWorkbench.baselineTagStale,L1,已過期,已過期,unchanged,,
ui.decisionWorkbench.baselineTagFixed,L1,固定不變,固定不變,unchanged,,
ui.decisionWorkbench.baselineRates,L1,本期{discountRate}／{refundRatio},本期{discountRate}／{refundRatio},unchanged,,
ui.decisionWorkbench.baselineFeeRates,L2,平台抽成率／金流費率（佔淨營收）,平台抽成率／金流手續費率（佔淨營收）,reworded,8.3-terms,
ui.decisionWorkbench.unavailableTitle,L1,這個範圍不能試算,這個範圍不能試算,unchanged,,
ui.decisionWorkbench.unavailableHelp,L2,請在上方通路選單選一個通路；實際金額仍可在經營總覽與通路健檢查看。,請在上方通路選單選一個通路。實際金額仍可在經營總覽與通路健檢查看。,reworded,8.1-L2,
ui.decisionWorkbench.techVersions,L3,格式／試算／指標版本,格式／試算／指標版本,unchanged,,
ui.decisionWorkbench.assumptions,L3,"[""這是「如果這樣做會變多少」的試算，不是預測。"",""平均售價與商品組合不變；銷量增減要自己填，0 也要填。"",""退款比照本期的金額比；它不是同批訂單的最終退貨率。"",""每件商品成本與退回結構不變；商品成本隨銷量變動。"",""平台抽成與金流費按本期佔淨營收的比率估算；不含最低收費、階梯費率等機制。"",""物流費隨銷量與每件物流費變動；其他變動費用隨銷量變動，固定費不會自動省下。"",""廣告預算只照你填的變動，不會自動帶動銷量。"",""一次性費用只扣一次；每個方案都從本期基準算起，不能相加。"",""如果實際計價或退款、商品結構和以上不同，這個方案就不適用。""]","[""這是「如果這樣做會變多少」的試算，不是預測。"",""平均售價與商品組合不變；銷量增減要自己填，維持現況填 0。"",""退款依本期的退款金額比估算，不是同批訂單的最終退貨率。"",""每件商品成本與退回結構不變；商品成本隨銷量變動。"",""平台抽成與金流手續費依本期佔淨營收的比率估算，不含最低收費、階梯費率。"",""物流與包材費隨銷量與每件物流費變動；其他變動費用隨銷量變動，固定費不會自動省下。"",""廣告預算只照你填的變動，不會自動帶動銷量。"",""一次性費用只扣一次；每個方案都從本期基準算起，不能相加。"",""如果實際計價、退款或商品結構和以上不同，這個方案就不適用。""]",reworded,3.3-L3;8.3-terms,JSON 字串陣列（9 條）；假設清單屬 L3（§3.3 試算），V3-2 改成真正的陣列，不再 JSON.parse
ui.decisionWorkbench.assumptionsCaution,L2,注意：若你的平台計價（最低收費、階梯費率）或物流固定成本和這些假設不同，請不要勾選，這個方案就不適用。,平台計價（最低收費、階梯費率）或物流固定成本不同時，請不要勾選。這時這個方案不適用。,reworded,8.4-blacklist;8.1-L2,
ui.decisionWorkbench.techFormulasSummary,L3,技術細節：公式與四捨五入,技術細節：公式與四捨五入,unchanged,,
ui.decisionWorkbench.compareNote,L2,最多三個方案；先填假設再按「計算」。改了輸入，舊結果就會清掉。,最多三個方案；先填假設再按「試算」。改了輸入，舊結果就會清掉。,reworded,8.3-terms,
ui.decisionWorkbench.defaultPlanName,L1,方案 {n},方案 {n},unchanged,,
ui.decisionWorkbench.emptyPlans,L2,還沒有方案。先在上方選一個通路，再按「新增方案」。,尚無方案。先在上方選一個通路，再按「新增方案」。,reworded,7.10-empty;8.2-empty,
ui.decisionWorkbench.planLegend,L1,方案 {n},方案 {n},unchanged,,
ui.decisionWorkbench.planName,L1,方案名稱,方案名稱,unchanged,,
ui.decisionWorkbench.staleResultTag,L1,已過期 · 舊資料的結果,已過期 · 舊資料的結果,unchanged,,
ui.decisionWorkbench.noResult,L2,還沒有結果：填好假設後按「計算」。,還沒有結果：填好假設後按「試算」。,reworded,8.3-terms,
ui.decisionWorkbench.cannotCalculate,L1,還不能計算,還不能試算,reworded,8.3-terms,
ui.decisionWorkbench.planUnavailable,L1,這個方案不適用,這個方案不適用,unchanged,,
ui.decisionWorkbench.compareTableHeading,L1,本期與各方案明細{staleSuffix},本期與各方案明細{staleSuffix},unchanged,,
ui.decisionWorkbench.compareTableAria,control,方案金額比較表，可左右捲動,方案金額比較表，可左右捲動,unchanged,,
ui.decisionWorkbench.compareTableCaption,L2,金額為元；每個方案都從本期基準算起，不能相加。— 表示還沒有結果。,金額單位：元；每個方案都從本期基準算起，不能相加。還沒有結果時顯示「尚未試算」。,reworded,8.3-terms;8.4-blacklist;8.5-numbers,「—」不再當空值；V3-2 元件的空格改顯示「尚未試算」
ui.decisionWorkbench.compareColItem,L1,項目,項目,unchanged,,
ui.decisionWorkbench.compareColBaseline,L1,本期,本期,unchanged,,
ui.decisionWorkbench.roundingAdjustment,L1,四捨五入調整,四捨五入調整,unchanged,,
ui.decisionWorkbench.netRevenueSummaryRow,L1,{metric}（摘要）,{metric}（摘要）,unchanged,,
ui.decisionWorkbench.exportHeading,L1,輸出{staleSuffix},匯出{staleSuffix},reworded,14.1,
ui.decisionWorkbench.exportNote,L2,包含本期基準、方案、待辦與來源；只在本機下載，不會上傳。,包含本期基準、方案、待辦與來源；只在這台電腦下載，不會上傳。,reworded,8.1-L2,
ui.issueList.regionAria,control,資料問題清單,資料問題清單,unchanged,,
ui.issueList.caption,L1,資料問題清單 · {n} 項,資料問題清單 · {n} 項,unchanged,,
ui.issueList.columns.severity,L1,嚴重程度,嚴重程度,unchanged,,
ui.issueList.columns.source,L1,來源檔案 / 行號,檔名與行號,reworded,8.1-L1,
ui.issueList.columns.field,L1,欄位,欄位,unchanged,,
ui.issueList.columns.message,L1,問題,問題,unchanged,,
ui.issueList.severity.blocking,L1,阻擋,阻擋,unchanged,,
ui.issueList.severity.partial,L1,待補,待補,unchanged,,
ui.issueList.severity.warning,L1,提醒,提醒,unchanged,,
ui.issueList.logicalFile,L1,標準檔名：{file},標準檔名：{file},unchanged,,
ui.issueList.lineRef,L1,第 {line} 行 {date} {channel},第 {line} 行 {date} {channel},unchanged,,
ui.issueList.originalColumn,L1,原欄位：{column},原欄位：{column},unchanged,,
ui.issueList.reasonCodeSummary,L3,問題代碼,問題代碼,unchanged,,
ui.issueList.paginationAria,control,問題清單分頁,問題清單分頁,unchanged,,
ui.issueList.prevPage,L1,上 50 項,上 50 項,unchanged,,
ui.issueList.pageStatus,L2,第 {page}／{pages} 頁 · 完整清單可用「下載問題清單 CSV」,第 {page}／{pages} 頁 · 完整清單請下載問題清單 CSV,reworded,8.4-separator,
ui.issueList.nextPage,L1,下 50 項,下 50 項,unchanged,,
ui.actionsWorkbench.factLabel,L1,{start}–{end} · {metric} · {scope}（{scopeKind}） · {value},{start}–{end} · {metric} · {scope}（{scopeKind}） · {value},unchanged,,
ui.actionsWorkbench.maxPinned,L2,最多置頂三項，請先取消其他置頂；待辦總數不限。,最多置頂 3 項，請先取消其他置頂；待辦總數不限。,reworded,8.5-numbers,
ui.actionsWorkbench.invalidInput,L2,還不能儲存：請檢查期限、文字長度、引用的數據與範圍。,還不能儲存：請檢查期限、文字長度、引用的數字與範圍。,reworded,8.4-blacklist,
ui.actionsWorkbench.evidenceTitle,L1,行動證據 · {metric},待辦引用 · {metric},reworded,D-V3-4;D-V3-3,
ui.actionsWorkbench.historicalPrefix,L1,較早資料 · ,較早資料 · ,unchanged,,
ui.actionsWorkbench.skuScope,L1,商品 {sku} · 只看商品毛利,商品 {sku} · 只看商品毛利,unchanged,,
ui.actionsWorkbench.channelsJoin,L1,{channels},{channels},unchanged,,
ui.actionsWorkbench.changedDuringPreview,L2,資料或行動已變動，請重新核對；原本的引用沒有變。,資料或待辦已變動，請重新核對；原本的引用沒有變。,reworded,D-V3-4,
ui.actionsWorkbench.rebindUnavailable,L2,無法用目前資料核對：目前資料要包含這項行動的通路、兩期與引用的指標。原本的引用沒有變。,無法用目前資料核對：目前資料要包含這項待辦的通路、兩期與指標。原本的引用沒有變。,reworded,D-V3-4;8.1-L2,
ui.actionsWorkbench.changedDuringCommit,L2,確認時資料或行動已變動，沒有改用新資料；請重新核對。,確認時資料或待辦已變動，沒有改用新資料；請重新核對。,reworded,D-V3-4,
ui.actionsWorkbench.rebindDone,L2,已改用目前資料；原本的引用保留在歷史，狀態不變。,已改用目前資料；原本的引用保留在歷史，狀態不變。,unchanged,,
ui.actionsWorkbench.rebindExpired,L2,核對結果已失效，原本的引用沒有變；請重新核對。,核對結果已失效，原本的引用沒有變；請重新核對。,unchanged,,
ui.actionsWorkbench.intro,L2,每項待辦都記住自己的期間、通路與引用的數據；最多置頂三項。,最多置頂 3 項，置頂項目會列入一頁摘要。,reworded,8.4-blacklist;8.8-#18;8.3-terms,§8.8 #18 改成待辦頁 `?` 說明（PRD 原文寫「會議摘要」，依 §8.3 #19 改「一頁摘要」）；「每項待辦記住期間、通路與引用」移到待辦編輯抽屜
ui.actionsWorkbench.countSummary,L1,共 {total} 項，置頂 {pinned} 項,共 {total} 項，置頂 {pinned} 項,unchanged,,
ui.actionsWorkbench.empty,L2,還沒有待辦。可從通路健檢「加入待辦」，或在這裡新增。,尚無待辦。從健檢結果或會議決議新增。,reworded,7.10-empty;8.2-empty,
ui.actionsWorkbench.itemHeading,L1,{kind} {n},{kind} {n},unchanged,,
ui.actionsWorkbench.tagReviewRequired,L1,引用較早資料 · 待重新確認,引用較早資料 · 待重新確認,unchanged,,
ui.actionsWorkbench.tagConfirmed,L1,已確認引用的數據,已確認引用的數字,reworded,8.4-blacklist,
ui.actionsWorkbench.tagDraft,L1,草稿 · 數據待確認,草稿 · 數字待確認,reworded,8.4-blacklist,
ui.actionsWorkbench.scopeLine,L1,{previous} {ps}–{pe} · {current} {cs}–{ce} · {scope} · {dataAsOf} {asOf},{previous} {ps}–{pe} · {current} {cs}–{ce} · {scope} · {dataAsOf} {asOf},unchanged,,
ui.actionsWorkbench.historicalAlert,L2,這項引用較早的資料，數字與來源維持當時版本；其他欄位仍可編輯。,這項引用較早的資料，數字與來源維持當時版本；其他欄位仍可編輯。,unchanged,,
ui.actionsWorkbench.reviewRequiredAlert,L2,這組引用曾被標為過期。請看證據後重新確認，或用目前資料重新核對。,這組引用曾被標為過期。請看明細後重新確認，或用目前資料重新核對。,renamed,D-V3-3,
ui.actionsWorkbench.editLegend,L1,編輯行動 {n},編輯待辦 {n},reworded,D-V3-4,
ui.actionsWorkbench.evidencePicker,L1,引用的數據（可複選）,引用的數字（可複選）,reworded,8.4-blacklist,
ui.actionsWorkbench.confirmDone,L2,已確認引用的數據。,已確認引用的數字。,reworded,8.4-blacklist,
ui.actionsWorkbench.confirmFailed,L2,還不能確認：至少選一項引用的數據，並檢查欄位格式。,還不能確認：至少選一項引用的數字，並檢查欄位格式。,reworded,8.4-blacklist,
ui.actionsWorkbench.limitations,L1,注意（來自健檢）,限制（來自健檢）,reworded,8.4-blacklist,
ui.actionsWorkbench.unpin,control,取消置頂,取消置頂,unchanged,,
ui.actionsWorkbench.rebindChecking,L2,正在用目前資料核對同期間、同通路的數據…,正在用目前資料核對同期間、同通路的數字…,reworded,8.4-blacklist,
ui.actionsWorkbench.rebindRegion,L1,用目前資料重新核對,用目前資料重新核對,unchanged,,
ui.actionsWorkbench.rebindHeading,L1,改用目前資料前先核對,改用目前資料前先核對,unchanged,,
ui.actionsWorkbench.rebindScope,L2,維持上期 {ps}～{pe}、本期 {cs}～{ce} 與 {scope}。原本的引用會保留在歷史。,維持上期 {ps}–{pe}、本期 {cs}–{ce} 與 {scope}。原本的引用會保留在歷史。,reworded,8.7-punct,
ui.actionsWorkbench.rebindAsOf,L1,目前資料到 {asOf},目前資料到 {asOf},unchanged,,
ui.actionsWorkbench.rebindCaption,L2,原本引用 vs 目前資料（金額：元；比率：%）,原本引用與目前資料（金額單位：元；比率：%）,reworded,8.4-no-english,
ui.actionsWorkbench.colMetricPeriod,L1,指標與期間,指標與期間,unchanged,,
ui.actionsWorkbench.colBefore,L1,原本引用,原本引用,unchanged,,
ui.actionsWorkbench.colAfter,L1,目前資料,目前資料,unchanged,,
ui.actionsWorkbench.rebindRowHeading,L1,{metric} · {start}～{end},{metric} · {start}–{end},reworded,8.7-punct,
ui.actionsWorkbench.rebindCommit,control,改用目前資料,改用目前資料,unchanged,,
ui.actionsWorkbench.viewEvidenceItem,L1,看證據 · {fact},看明細 · {fact},renamed,D-V3-3,
ui.actionsWorkbench.historySummary,L1,較早的引用（{n} 版）,較早的引用（{n} 版）,unchanged,,
ui.actionsWorkbench.historyLine,L1,{dataAsOf} {asOf} · {scope} · {current} {start}～{end} · {confirmState},{dataAsOf} {asOf} · {scope} · {current} {start}–{end} · {confirmState},reworded,8.7-punct,
ui.actionsWorkbench.viewHistoryEvidence,L1,看較早的數據 · {fact},看較早的明細 · {fact},reworded,8.4-blacklist;D-V3-3,
ui.actionsWorkbench.exportHeading,L1,輸出,匯出,reworded,14.1,
ui.actionsWorkbench.exportNote,L2,包含方案與全部待辦；每項保留自己的期間、通路、狀態與引用。,包含方案與全部待辦；每項保留自己的期間、通路、狀態與引用。,unchanged,,
ui.actionsWorkbench.exportDone,L2,已下載。,已下載。,unchanged,,
ui.actionsWorkbench.exportFailed,L2,無法下載：有待辦還沒通過檢查，請檢查內容與引用的數據。,無法下載：有待辦還沒通過檢查，請檢查內容與引用的數字。,reworded,8.4-blacklist,
ui.actionsWorkbench.item,L1,行動,待辦,reworded,D-V3-4,
ui.actionsWorkbench.evidenceChangeNote,L2,改動引用的數據後要重新確認。,改動引用的數字後要重新確認。,reworded,8.4-blacklist,
ui.actionsWorkbench.scopeSku,L1,商品,商品,unchanged,,
ui.actionsWorkbench.scopeChannel,L1,通路,通路,unchanged,,
ui.actionsWorkbench.historyConfirmed,L1,當時已確認,當時已確認,unchanged,,
ui.actionsWorkbench.historyDraft,L1,當時待確認,當時待確認,unchanged,,
ui.actionsWorkbench.bindingVersion,L1,引用版本,引用版本,unchanged,,
ui.actionsWorkbench.originalRule,L1,原始規則,原始規則,unchanged,,
ui.actionsWorkbench.manualOrigin,L1,手動建立,手動建立,unchanged,,
ui.aiPanel.modeLive,L1,即時 AI,即時 AI,unchanged,,
ui.aiPanel.modeIncomplete,L1,AI 未完成,AI 未完成,unchanged,,
ui.aiPanel.modeRules,L1,自動健檢,健檢結果,reworded,8.3-terms,
ui.aiPanel.statusPending,L2,正在請 AI 整理說明；計算與自動健檢照常可用。,正在請 AI 整理說明；計算與健檢照常可用。,renamed,8.3-terms,
ui.aiPanel.statusLive,L2,AI 說明已完成，引用的數字都對得上。注意：數字對得上不代表結論成立。,AI 說明已完成，引用的數字都對得上。結論是否成立，仍要由人判斷。,reworded,8.4-blacklist;8.4-negation,
ui.aiPanel.statusCancelled,L2,已取消並撤銷這次同意；若資料已經送出，無法收回。,已取消並撤銷這次同意；若資料已經送出，無法收回。,unchanged,,
ui.aiPanel.statusNoPreview,L2,目前資料無法產生傳送預覽，沒有傳送任何資料；自動健檢照常可用。,目前資料無法產生傳送預覽，沒有傳送任何資料；健檢照常可用。,renamed,8.3-terms,
ui.aiPanel.statusChecking,L2,正在確認 AI 設定；還沒有傳送任何資料。,正在確認 AI 設定；還沒有傳送任何資料。,unchanged,,
ui.aiPanel.statusAvailable,L2,即時 AI 可用。每次傳送前請先看下方內容並勾選同意。,即時 AI 可用。每次傳送前請先看下方內容並勾選同意。,unchanged,,
ui.aiPanel.evidenceTitle,L1,AI 引用的數據 · {metric},AI 引用的數字 · {metric},reworded,8.4-blacklist,
ui.aiPanel.evidenceScope,L2,所選通路的全部商品；來源對照只留在本機,所選通路的全部商品；來源對照只留在本機,unchanged,,
ui.aiPanel.evidenceLabel,L1,{metric} · {start}—{end},{metric} · {start}–{end},reworded,8.7-punct,
ui.aiPanel.intro,L2,AI 只負責整理說明、可能原因與候選行動；所有金額與比較都由程式計算。,AI 只整理說明、可能原因與候選做法；所有金額與比較都由程式計算。,reworded,D-V3-4,AI 的候選「行動」改稱「候選做法」，避免和待辦混淆
ui.aiPanel.rulesAvailable,L1,自動健檢可用,健檢可用,renamed,8.3-terms,
ui.aiPanel.rulesAvailableNote,L2,：所有計算與健檢都不需要 AI。,：所有計算與健檢都不需要 AI。,unchanged,,
ui.aiPanel.liveChecking,L2,正在確認 AI 設定。,正在確認 AI 設定。,unchanged,,
ui.aiPanel.liveStatusUnknown,L2,即時 AI 狀態未確認，暫停傳送。,即時 AI 狀態未確認，暫停傳送。,unchanged,,
ui.aiPanel.liveOff,L2,即時 AI 未啟用。,即時 AI 未啟用。,unchanged,,
ui.aiPanel.liveConsentOnly,L2,即時 AI 只在你同意後才會整理說明。,即時 AI 只在你同意後才會整理說明。,unchanged,,
ui.aiPanel.privacyHeading,L1,傳送前確認,傳送前確認,unchanged,,
ui.aiPanel.privacyRecipient,L2,接收端：OpenAI API，由本機伺服器轉送。只傳送下方的彙總資料與程式產生的觀察候選，不加入其他使用者資料。,接收端：OpenAI API，由本機伺服器轉送。只傳送下方的彙總資料與程式產生的觀察候選，不加入其他使用者資料。,unchanged,,
ui.aiPanel.privacyRetention,L2,注意：資料可能受 OpenAI 保留政策影響，無法保證絕不儲存。,資料可能受 OpenAI 保留政策影響，無法保證絕不儲存。,reworded,8.4-blacklist,
ui.aiPanel.privacyExcluded,L2,原始 CSV、商品代號、資料集名稱、檔名與通路名稱都不會傳送；對照表只留在這個分頁。,原始 CSV、商品代號、資料集名稱、檔名與通路名稱都不會傳送。對照表只留在這個分頁。,reworded,8.1-L2,
ui.aiPanel.previewHeading,L1,會傳送的內容,會傳送的內容,unchanged,,
ui.aiPanel.previewScope,L2,範圍：所選通路合計，共 {n} 個匿名通路。,範圍：所選通路合計，共 {n} 個匿名通路。,unchanged,,
ui.aiPanel.previewPeriods,L2,資料到 {asOf}。上期 {prevStart}–{prevEnd}（{prevDays} 天）；本期 {curStart}–{curEnd}（{curDays} 天）。比較方式：{mode}。,資料到 {asOf}。上期 {prevStart}–{prevEnd}（{prevDays} 天）；本期 {curStart}–{curEnd}（{curDays} 天）。比較方式：{mode}。,unchanged,,
ui.aiPanel.previewValuesNote,L2,注意：表中是實際傳送值，不是日均。金額為新臺幣未稅；比率以小數傳送（1 = 100%），資料待補的值不補 0。,表中是實際傳送值，不是日均。金額為新台幣未稅；比率以小數傳送（1 = 100%），資料待補的值不補 0。,reworded,D-V3-6;8.4-blacklist,
ui.aiPanel.previewTableAria,control,會傳送的兩期指標,會傳送的兩期指標,unchanged,,
ui.aiPanel.previewTableCaption,L2,會傳送的內容：所選通路合計的兩期指標,會傳送的內容：所選通路合計的兩期指標,unchanged,,
ui.aiPanel.colValue,L1,實際傳送值,實際傳送值,unchanged,,
ui.aiPanel.colSource,L1,來源,來源,unchanged,,
ui.aiPanel.unitMoney,L1,{value} 元,{value} 元,unchanged,,
ui.aiPanel.unitPercent,L1,{value}（比率）,{value}（比率）,unchanged,,
ui.aiPanel.unitRatio,L1,{value} 倍,{value} 倍,unchanged,,
ui.aiPanel.viewSourceAria,control,看{period}{metric}的來源,看{period}{metric}的來源,unchanged,,
ui.aiPanel.advancedSummary,L3,技術細節：完整傳送格式、版本與本機來源對照,技術細節：完整傳送格式、版本與本機來源對照,unchanged,,
ui.aiPanel.payloadSummary,L3,實際傳送給 OpenAI 的完整資料 JSON,實際傳送給 OpenAI 的完整資料 JSON,unchanged,,
ui.aiPanel.requestSummary,L3,本機 API 請求與同意格式,本機 API 請求與同意格式,unchanged,,
ui.aiPanel.localMappingSummary,L3,只留在本機的別名與來源對照（不傳送）,只留在本機的別名與來源對照（不傳送）,unchanged,,
ui.aiPanel.consentLabel,control,我看過預覽，同意把這份彙總資料傳給 OpenAI,我看過預覽，同意把這份彙總資料傳給 OpenAI,unchanged,,
ui.aiPanel.consentNote,L2,注意：同意只對這份資料與這次操作有效；換期間、換通路或重新載入後要重新勾選。,同意只對這份資料與這次操作有效。換期間、換通路或重新載入後，要重新勾選。,reworded,8.4-blacklist;8.1-L2,
ui.aiPanel.sendButton,control,傳送,傳送,unchanged,,
ui.aiPanel.cancelButton,control,取消,取消,unchanged,,
ui.aiPanel.liveHeading,L1,AI 說明,AI 說明,unchanged,,
ui.aiPanel.liveNote,L2,以下由 AI 整理，數字都來自目前資料。注意：可能原因仍待確認，候選行動不會自動加入待辦。,以下由 AI 整理，數字都來自目前資料。可能原因仍待確認，候選做法不會自動加入待辦。,reworded,8.4-blacklist;D-V3-4,
ui.aiPanel.metadataSummary,L3,技術細節：接收端、模型與版本,技術細節：接收端、模型與版本,unchanged,,
ui.aiPanel.insightObservation,L1,數據,相關數字,reworded,8.4-blacklist;8.3-terms,
ui.aiPanel.viewEvidenceLink,L1,看證據：{label},看明細：{label},renamed,D-V3-3,
ui.aiPanel.insightHypotheses,L1,可能原因（待確認）,可能原因（待確認）,unchanged,,
ui.aiPanel.noHypotheses,L2,AI 沒有提出可能原因。,AI 沒有提出可能原因。,unchanged,,
ui.aiPanel.insightAction,L1,下一步（候選，需確認）,下一步（候選，需確認）,unchanged,,
ui.aiPanel.insightLimitations,L1,注意,限制,reworded,8.4-blacklist,
ui.aiPanel.overallLimitations,L1,整體注意事項,整體限制,reworded,8.4-blacklist,
ui.aiPanel.advancedNote,L3,本次不傳個別通路拆解，模型無法指出是哪個通路，請看本頁的自動健檢。另傳送來源種類、列數、缺列數、缺漏原因與程式觀察候選。頁面不接收金鑰，也不會自動呼叫模型或執行建議。,本次不傳個別通路拆解，模型無法指出是哪個通路，請看本頁的健檢。另傳送來源種類、列數、缺列數、缺漏原因與程式觀察候選。頁面不接收金鑰，也不會自動呼叫模型或執行建議。,renamed,8.3-terms,
ui.aiPanel.payloadAria,control,傳送給 OpenAI 的彙總 JSON 預覽,傳送給 OpenAI 的彙總 JSON 預覽,unchanged,,
ui.aiPanel.requestNote,L3,只有勾選同意並按下傳送，才會送出這份請求；預覽中的 accepted 不代表已傳送。,只有勾選同意並按下傳送，才會送出這份請求；預覽中的 accepted 不代表已傳送。,unchanged,,
ui.aiPanel.requestAria,control,本機 API 請求 JSON 預覽,本機 API 請求 JSON 預覽,unchanged,,
ui.aiPanel.metadata.provider,L3,接收端／模型,接收端／模型,unchanged,,
ui.aiPanel.metadata.promptVersion,L3,提示版本,提示版本,unchanged,,
ui.aiPanel.metadata.generatedAt,L3,產生時間,產生時間,unchanged,,
ui.aiPanel.metadata.attempts,L3,呼叫次數／延遲,呼叫次數／延遲,unchanged,,
ui.aiPanel.metadata.usage,L3,實際 token 用量,實際 token 用量,unchanged,,
ui.aiPanel.metadata.usageValue,L3,輸入 {input} / 輸出 {output} / 合計 {total},輸入 {input} / 輸出 {output} / 合計 {total},unchanged,,
ui.importPanel.dateFields.dataAsOf,L1,資料到（最後一天）,資料到（最後一天）,unchanged,,
ui.importPanel.dateFields.coverageStart,L1,資料涵蓋起日,資料涵蓋起日,unchanged,,
ui.importPanel.dateFields.coverageEnd,L1,資料涵蓋迄日,資料涵蓋迄日,unchanged,,
ui.importPanel.errors.fileTooLarge,L2,檔案超過 5 MiB，請縮小來源資料；目前資料不會被取代。,檔案超過 5 MiB，請縮小來源資料。目前資料不會被取代。,reworded,8.1-L2,
ui.importPanel.errors.fileReadFailed,L2,無法讀取檔案，請重新選擇。,無法讀取檔案，請重新選擇。,unchanged,,
ui.importPanel.status.checking,L1,正在讀取與檢核…,正在讀取與檢核…,unchanged,,
ui.importPanel.status.valid,L1,檢核通過，可以套用,檢核通過，可以套用,unchanged,,
ui.importPanel.status.partial,L1,部分資料待補，可以套用已有的範圍,部分資料待補，可套用已有範圍,reworded,8.1-L1,
ui.importPanel.status.blocking,L1,檢核未通過，目前資料不變,檢核未通過，目前資料不變,unchanged,,
ui.importPanel.status.draft,L1,尚未檢核,尚未檢核,unchanged,,
ui.importPanel.privacyNote,L2,檔案只在你的瀏覽器裡讀取與計算，不會上傳；重新整理會清空。,檔案只在你的瀏覽器裡讀取與計算，不會上傳；重新整理會清空。,unchanged,,
ui.importPanel.cancel,control,取消匯入,取消匯入,unchanged,,
ui.importPanel.intro,L2,請用不含客戶個資的三份報表。檢核通過才會套用，目前資料會保留。,請用不含客戶個資的三份報表。檢核通過才會套用，目前資料會保留。,unchanged,,
ui.importPanel.legend,L1,匯入檔案與設定,匯入檔案與設定,unchanged,,
ui.importPanel.stepFiles,L1,1. 選三份檔案,1. 選三份檔案,unchanged,,
ui.importPanel.fileRequirements,L2,"CSV（UTF-8），每份最多 5 MiB／50,000 筆；檔名可以不同。注意：空白金額不是 0。","CSV（UTF-8），每份最多 5 MiB、50,000 列；檔名可以不同。空白金額不當成 0。",reworded,8.4-blacklist;8.3-terms,
ui.importPanel.reading,L1,讀取中,讀取中,unchanged,,
ui.importPanel.downloadTemplate,control,下載{file}空白範本,下載{file}空白範本,unchanged,,
ui.importPanel.columnGuideNote,L2,範本只有標準欄名。訂單明細請先彙總成日 × 通路 × 商品；系統不會自動合併、分配折扣或推估成本。,範本只有標準欄名。訂單明細請先彙總成日 × 通路 × 商品。系統不會自動合併、分配折扣或推估成本。,reworded,8.1-L2,
ui.importPanel.fieldWithKey,L1,{label}（{field}）,{label}（{field}）,unchanged,,匯入精靈的欄位對照屬 L3 區（§3.3 資料來源），英文 key 保留
ui.importPanel.stepSettings,L1,2. 設定期間與金額口徑,2. 設定期間與金額基準,renamed,D-V3-2,
ui.importPanel.proposalAria,control,從檔案建議的期間與通路,從檔案建議的期間與通路,unchanged,,
ui.importPanel.proposalCoverage,L2,資料涵蓋 {start} ～ {end}；通路：{channels},資料涵蓋 {start}–{end}；通路：{channels},reworded,8.7-punct,
ui.importPanel.proposalPeriods,L2,{previousLabel}：{previous}；{currentLabel}：{current},{previousLabel}：{previous}；{currentLabel}：{current},unchanged,,
ui.importPanel.noProposal,L1,還沒有建議,還沒有建議,unchanged,,
ui.importPanel.applyProposal,control,帶入建議的期間與通路,帶入建議的期間與通路,unchanged,,
ui.importPanel.proposalEmpty,L2,先讀取三份檔案並確認日期／通路欄位，系統才會建議期間與通路。,先讀取三份檔案並確認日期／通路欄位，系統才會建議期間與通路。,unchanged,,
ui.importPanel.manifestLabel,L1,讀取資料集設定檔,讀取資料集設定檔,unchanged,,
ui.importPanel.manifestHint,L2,選填；會帶入下方表單，請再核對一次。,選填；會帶入下方表單，請再核對一次。,unchanged,,
ui.importPanel.manualSettings,control,改為手動設定（保留表單內容）,改為手動設定（保留表單內容）,unchanged,,
ui.importPanel.manifestLoaded,L1,已讀取設定檔：{name},已讀取設定檔：{name},unchanged,,
ui.importPanel.datasetName,L1,資料集名稱,資料集名稱,unchanged,,
ui.importPanel.channels,L1,銷售通路（每行一個）,銷售通路（每行一個）,unchanged,,
ui.importPanel.channelsPlaceholder,control,和檔案裡的 channel 欄位一樣,和檔案裡通路欄的寫法一樣,reworded,8.4-no-english,
ui.importPanel.comparisonMode,L1,比較方式,比較方式,unchanged,,
ui.importPanel.settingsNote,L2,只支援新台幣、台灣時區；上期要在本期之前，且都在涵蓋範圍內。等天數比較要一樣長，整月比較允許天數不同。注意：通路是銷售通路，不是 Meta／Google 等廣告媒體。,只支援新台幣、台灣時區；上期要在本期之前，且都在涵蓋範圍內。等天數比較要一樣長，整月比較允許天數不同。通路指賣東西的地方，例如官網、蝦皮；Meta、Google 是廣告媒體。,reworded,8.4-blacklist;8.4-negation;D-V3-6,
ui.importPanel.limitsSummary,L1,分析範圍上限,分析範圍上限,unchanged,,
ui.importPanel.coverageNote,L2,注意：沒有勾選時，沒有銷售列的日子會顯示「資料待補」，不會當成 0。,沒有勾選時，沒有銷售列的日子會顯示「資料待補」，不會當成 0。,reworded,8.4-blacklist,
ui.importPanel.basisOptions.includingTax,L1,含稅金額,含稅金額,unchanged,,
ui.importPanel.basisOptions.netAfterDeductions,L2,已扣折扣、退款或費用的結算金額,已扣折扣、退款或費用的結算金額,unchanged,,
ui.importPanel.basisNotSupported,L2,這種金額不能直接匯入，請先在來源端整理成未稅商品金額。,這種金額不能直接匯入，請先在來源端整理成未稅商品金額。,unchanged,,
ui.importPanel.stepPreview,L1,3. 確認欄位與預覽,3. 確認欄位與預覽,unchanged,,
ui.importPanel.rowCount,L1,{n} 列,{n} 列,unchanged,,
ui.importPanel.previewNote,L2,對應檔案：{file} · 預覽前 {n} 列；套用時會檢查全部資料,對應檔案：{file} · 預覽前 {n} 列；套用時會檢查全部資料,unchanged,,
ui.importPanel.mappingSummary,L1,確認 {file} 的欄位對照,確認 {file} 的欄位對照,unchanged,,
ui.importPanel.mappingAria,control,{file} {field} 對應欄位,{file} {field} 對應欄位,unchanged,,
ui.importPanel.selectColumn,control,選擇來源欄位,選擇來源欄位,unchanged,,
ui.importPanel.mappingConfirmAria,control,確認 {file} 欄位對照,確認 {file} 欄位對照,unchanged,,
ui.importPanel.mappingConfirm,control,我已逐欄確認 {file} 的欄位對照,我已逐欄確認 {file} 的欄位對照,unchanged,,
ui.importPanel.ignoreAria,control,確認忽略 {file} 未使用欄位,確認忽略 {file} 未使用欄位,unchanged,,
ui.importPanel.ignoreColumns,control,我知道這些欄位不會進入分析：{columns},我知道這些欄位不會進入分析：{columns},unchanged,,
ui.importPanel.previewAria,control,{file} 預覽,{file} 預覽,unchanged,,
ui.importPanel.previewCaption,L1,{file} 原始欄位與前十列,{file} 原始欄位與前 10 列,reworded,8.5-numbers,
ui.importPanel.lineNumber,L1,原始行號,原始行號,unchanged,,
ui.importPanel.blankCell,L1,（空白）,（空白）,unchanged,,
ui.importPanel.check,control,檢核資料,檢核資料,unchanged,,
ui.importPanel.reconciliationAria,control,來源與本工具對帳,來源與本工具對帳,unchanged,,
ui.importPanel.stepReconcile,L1,4. 對帳：來源總額 → 本工具的數字,4. 對帳：來源總額與本工具的數字,reworded,8.4-blacklist,
ui.importPanel.reconciliationNote,L2,對帳用全部匯入資料（{start} ～ {end}；通路：{channels}），不是只有本期；單位元，精確到分。,對帳用全部匯入資料（{start}–{end}；通路：{channels}），不只本期。金額單位：元，到分。,reworded,8.7-punct;8.5-numbers,
ui.importPanel.reconciliationTableAria,control,來源欄位對帳表,來源欄位對帳表,unchanged,,
ui.importPanel.reconciliationCaption,L3,差額＝本工具總額 − 來源總額,差額＝本工具總額 − 來源總額,unchanged,,
ui.importPanel.reconciliationHead.source,L1,檔案／來源欄位,檔案／來源欄位,unchanged,,
ui.importPanel.reconciliationHead.field,L1,對應欄位,對應欄位,unchanged,,
ui.importPanel.reconciliationHead.sourceTotal,L1,來源總額,來源總額,unchanged,,
ui.importPanel.reconciliationHead.standardTotal,L1,本工具總額,本工具總額,unchanged,,
ui.importPanel.reconciliationHead.difference,L1,差額／原因,差額／原因,unchanged,,
ui.importPanel.unknownBlanks,L1,資料待補（{n} 個空白）,資料待補（{n} 個空白）,unchanged,,
ui.importPanel.knownSubtotal,L2,已有的部分小計 {subtotal}，不是完整總額,已有部分的小計 {subtotal}，完整總額待補,reworded,8.4-negation;8.3-terms,
ui.importPanel.cannotReconcile,L1,無法對帳：{reasons},無法對帳：{reasons},unchanged,,
ui.importPanel.sourceMissing,L1,來源有缺漏,來源有缺漏,unchanged,,
ui.importPanel.metricsTableAria,control,對帳後的四層數字,對帳後的四層數字,unchanged,,
ui.importPanel.metricsCaption,L2,用對應欄位算出的四層數字,用對應欄位算出的四層數字,unchanged,,
ui.importPanel.metricsHead.metric,L1,指標（怎麼算）,指標與算法,reworded,D-V3-3,
ui.importPanel.metricsHead.total,L1,涵蓋範圍合計,涵蓋範圍合計,unchanged,,
ui.importPanel.unknownReasons,L1,資料待補（{reasons}）,資料待補（{reasons}）,unchanged,,
ui.importPanel.excludedHeading,L1,沒有算進去的項目,沒有算進去的項目,unchanged,,
ui.importPanel.duplicateAlert,L2,看起來是訂單明細或重複匯出：請先在來源端彙總成「日期 × 通路 × 商品」（銷售）或「日期 × 通路」（費用／廣告）；系統不會自動合併、刪列或補 0。,看起來是訂單明細或重複匯出。請先在來源端彙總：銷售是「日期 × 通路 × 商品」，費用與廣告是「日期 × 通路」。系統不會自動合併、刪列或補 0。,reworded,8.1-L2,
ui.importPanel.partialNote,L2,缺資料的毛利與貢獻會顯示「資料待補」，其餘數字照常。,缺資料的商品毛利與扣廣告前後貢獻顯示「資料待補」，其餘數字照常。,reworded,8.3-terms,
ui.importPanel.validNote,L2,檢核通過。,檢核通過。,unchanged,,
ui.importPanel.commitHint,L2,按「套用」才會取代目前資料。,按「套用」才會取代目前資料。,unchanged,,
ui.importPanel.commit,control,套用這批資料,套用這批資料,unchanged,,
ui.replacementDialog.descriptions.dataset,L2,載入另一份示範資料，會取代目前的資料；舊方案與待辦仍引用原本的數字。,載入另一份示範資料會取代目前的資料。舊方案與待辦仍引用原本的數字。,reworded,8.2-confirm;8.1-L2,
ui.replacementDialog.descriptions.import,L2,套用剛檢核好的新資料，會取代目前的資料；舊方案與待辦仍引用原本的數字。,套用剛檢核好的新資料會取代目前的資料。舊方案與待辦仍引用原本的數字。,reworded,8.2-confirm;8.1-L2,
ui.replacementDialog.descriptions.restore,L2,用備份檔完整取代目前的資料、方案、待辦與會議紀錄。,用備份檔完整取代目前的資料、方案、待辦與會議紀錄。,unchanged,,
ui.replacementDialog.descriptions.clear,L2,清空這個分頁的資料、方案、待辦與會議紀錄；存在這台電腦的資料與已下載的檔案不受影響。,清空這個分頁的資料、方案、待辦與會議紀錄。存在這台電腦的資料與已下載的檔案不受影響。,reworded,8.2-confirm;8.1-L2,
ui.replacementDialog.errors.invalidated,L2,確認期間資料有變動，還沒有替換。請先取消，再重新操作。,確認期間資料有變動，還沒有替換。請先取消，再重新操作。,unchanged,,
ui.replacementDialog.errors.saveFailed,L2,儲存未完成，目前資料沒有被替換。請重試、改下載備份檔，或取消。,儲存未完成，目前資料沒有被替換。請重試、改下載備份檔，或取消。,unchanged,,
ui.replacementDialog.heading,L1,替換前先儲存目前資料,要先儲存目前資料嗎？,reworded,8.2-confirm,
ui.replacementDialog.unsavedIntro,L2,這次的修改還沒儲存。{description},這次的修改還沒儲存。{description},unchanged,,
ui.replacementDialog.backupScopeNote,L2,備份檔只包含已套用的資料與紀錄；還沒套用的匯入或日期草稿不在裡面，按「取消」可以回去繼續編輯。,備份檔只包含已套用的資料與紀錄，不含還沒套用的匯入或日期草稿。按「取消」可以回去繼續編輯。,reworded,8.1-L2,
ui.replacementDialog.saveFirst,control,先儲存,先儲存,unchanged,,
ui.replacementDialog.discardAndContinue,control,不儲存並繼續,不儲存並繼續,unchanged,,
ui.replacementDialog.saveOptionsAria,control,替換前儲存方式,替換前儲存方式,unchanged,,
ui.replacementDialog.saveOptionsCaution,L2,注意：存在這台電腦不是雲端備份，換電腦或清除瀏覽器資料就會不見；下載備份檔後請確認已存好。,存在這台電腦不是雲端備份，換電腦或清除瀏覽器資料就會不見。下載備份檔後，請確認已存好。,reworded,8.4-blacklist;8.1-L2,
ui.replacementDialog.localConsent,control,我同意把這次的資料存在這個瀏覽器,我同意把這次的資料存在這個瀏覽器,unchanged,,
ui.replacementDialog.saveLocalAndContinue,control,存在這台電腦並繼續,存在這台電腦並繼續,unchanged,,
ui.replacementDialog.confirmDownloadedAndContinue,control,備份檔已存好，繼續,備份檔已存好，繼續,unchanged,,
ui.replacementDialog.saving,L1,正在儲存，還沒有替換資料…,正在儲存，還沒有替換資料…,unchanged,,
ui.workspaceDecisionExport.appendixHeading,other,# 各通路試算附錄,# 各通路試算附錄,unchanged,,
ui.workspaceDecisionExport.appendixNote,other,注意：各通路有自己的基準與期間，試算差額不能相加。,各通路有自己的基準與期間，試算差額不能相加。,reworded,8.4-blacklist,
ui.productComparisonPanel.activity.bothObserved,L1,兩期都有銷售,兩期都有銷售,unchanged,,
ui.productComparisonPanel.activity.currentOnly,L1,上期沒有銷售資料,上期沒有銷售資料,unchanged,,
ui.productComparisonPanel.activity.previousOnly,L1,本期沒有銷售資料,本期沒有銷售資料,unchanged,,
ui.productComparisonPanel.activity.coverageUnknown,L1,銷售完整性待確認,銷售完整性待確認,unchanged,,
ui.productComparisonPanel.presence.observed,L1,有銷售資料,有銷售資料,unchanged,,
ui.productComparisonPanel.presence.noRowsConfirmed,L2,沒有銷售資料；已確認完整，計為 0,沒有銷售資料；已確認完整，計為 0,unchanged,,
ui.productComparisonPanel.presence.unknownCoverage,L2,沒有銷售資料，也未確認完整，金額待補,沒有銷售資料，也未確認完整，金額待補,unchanged,,
ui.productComparisonPanel.evidenceAria,control,查看 {channel} {sku} {period}{label}怎麼算的，{value},看 {channel} {sku} {period}{label}的明細，{value},reworded,D-V3-3,
ui.productComparisonPanel.evidenceTitle,L1,{sku} · {period}{label},{sku} · {period}{label},unchanged,,
ui.productComparisonPanel.scopeLabel,L1,商品 {sku} · 品類 {category} · {presence},商品 {sku} · 品類 {category} · {presence},unchanged,,
ui.productComparisonPanel.blankCategoryShort,L1,未填,未填,unchanged,,
ui.productComparisonPanel.costMissing,L1,成本待補,成本待補,unchanged,,
ui.productComparisonPanel.notComputable,L1,無法計算或資料待補,不適用或資料待補,reworded,8.3-terms,
ui.productComparisonPanel.deltaEvidenceAria,control,查看 {channel} {sku} {label}兩期怎麼算的，{value},看 {channel} {sku} {label}兩期的明細，{value},reworded,D-V3-3,
ui.productComparisonPanel.deltaEvidenceTitle,L1,{sku} · {label},{sku} · {label},unchanged,,
ui.productComparisonPanel.deltaScopeLabel,L1,商品 {sku} · 品類 {category}；上期 {previousStart} 至 {previousEnd}（{previousPresence}）；本期 {currentStart} 至 {currentEnd}（{currentPresence}）,商品 {sku} · 品類 {category}；上期 {previousStart}–{previousEnd}（{previousPresence}）；本期 {currentStart}–{currentEnd}（{currentPresence}）,reworded,8.6-dates,
ui.productComparisonPanel.deltaFormula,L3,{label}＝本期{metric} − 上期{metric}；{formula},{label}＝本期{metric} − 上期{metric}；{formula},unchanged,,
ui.productComparisonPanel.deltaFormulaNote,L2,差額是實際變化，不是可省下的錢；沒有銷售資料只在已確認完整時計為 0，不代表新品或停售。,差額是兩期實際發生的金額。沒有銷售資料時，只有已確認完整才計為 0，也不表示新品或停售。,reworded,8.3-terms;8.4-negation,
ui.productComparisonPanel.periodRange,L1,{period} {start} 至 {end},{period} {start}–{end},reworded,8.6-dates,
ui.productComparisonPanel.deltaMissing,L1,差額待補,差額待補,unchanged,,
ui.productComparisonPanel.eyebrow,L1,商品毛利 · 兩期比較,商品毛利 · 兩期比較,unchanged,,
ui.productComparisonPanel.intro,L2,注意：通路費與廣告不分到商品，這裡只看商品毛利；差額＝本期 − 上期。,通路費與廣告不分到商品，這裡只看商品毛利。差額＝本期 − 上期。,reworded,8.4-blacklist,
ui.productComparisonPanel.basisTag,L1,TWD 未稅,元，未稅,reworded,8.4-no-english,
ui.productComparisonPanel.periodSummary,L2,上期 {previousStart} 至 {previousEnd}（{previousDays} 天）；本期 {currentStart} 至 {currentEnd}（{currentDays} 天）。通路：{channels}。,上期 {previousStart}–{previousEnd}（{previousDays} 天）；本期 {currentStart}–{currentEnd}（{currentDays} 天）。通路：{channels}。,reworded,8.6-dates,
ui.productComparisonPanel.allCategories,L1,全部品類,全部品類,unchanged,,
ui.productComparisonPanel.searchSku,L1,搜尋商品（SKU）,搜尋商品（SKU）,unchanged,,
ui.productComparisonPanel.searchPlaceholder,control,輸入 SKU 關鍵字,輸入商品代碼關鍵字,reworded,8.4-no-english,
ui.productComparisonPanel.sortBy,L1,排序依據,排序依據,unchanged,,
ui.productComparisonPanel.sortOptions.grossProfitChange,L1,{metric}差額,{metric}差額,unchanged,,
ui.productComparisonPanel.sortOptions.currentGrossProfit,L1,本期{metric},本期{metric},unchanged,,
ui.productComparisonPanel.sortOptions.netRevenueChange,L1,淨營收差額,淨營收差額,unchanged,,
ui.productComparisonPanel.sortOptions.currentNetRevenue,L1,本期淨營收,本期淨營收,unchanged,,
ui.productComparisonPanel.sortDirection,L1,排序方向,排序方向,unchanged,,
ui.productComparisonPanel.ascending,L1,由小到大（先看下降）,商品毛利差額：下降最多優先,reworded,8.8-#23,PRD 範例以預設排序（商品毛利差額）為準；排序依據改成淨營收等其他欄時，V3-2 用 {metric} 帶入前綴
ui.productComparisonPanel.descending,L1,由大到小,商品毛利差額：增加最多優先,reworded,8.8-#23,與 ascending 成對；PRD 只給下降的例子，增加這一側為推論
ui.productComparisonPanel.negativeOnly,L1,只看本期負毛利,只看本期商品毛利為負,reworded,8.3-terms,
ui.productComparisonPanel.negativeNote,L2,毛利待補的商品不算負毛利，固定排在最後；共 {n} 筆差額待補。,商品毛利待補的商品不算為負，固定排在最後；共 {n} 筆差額待補。,reworded,8.3-terms,
ui.productComparisonPanel.downloadComparisonCsv,control,下載商品比較 CSV,下載商品比較 CSV,unchanged,,
ui.productComparisonPanel.downloadProductsCsv,control,下載商品明細 CSV,下載商品明細 CSV,unchanged,,
ui.productComparisonPanel.downloadNote,L2,比較 CSV：每個商品一列，含上期、本期與差額；明細 CSV：本期各指標逐列。都只匯出目前顯示的商品。,比較 CSV 每個商品一列，含上期、本期與差額。明細 CSV 是本期各指標逐列。兩者都只匯出目前顯示的商品。,reworded,8.1-L2,
ui.productComparisonPanel.rowCount,L1,顯示 {n} 筆商品 × 通路,顯示 {n} 筆商品 × 通路,unchanged,,
ui.productComparisonPanel.stateNegativeOnly,L1,只看負毛利,只看商品毛利為負,reworded,8.3-terms,
ui.productComparisonPanel.stateAll,L1,全部商品,全部商品,unchanged,,
ui.productComparisonPanel.empty,L2,沒有符合條件的商品。可以取消「只看本期負毛利」或清除搜尋。,沒有符合篩選的商品。可以取消「只看本期商品毛利為負」或清除搜尋。,reworded,7.10-empty;8.3-terms,
ui.productComparisonPanel.tableAria,control,商品毛利兩期明細，可水平捲動,商品毛利兩期明細，可水平捲動,unchanged,,
ui.productComparisonPanel.tableCaption,L2,兩期淨營收與商品毛利差額，以及本期明細；不含廣告與平台費,兩期淨營收與商品毛利差額，以及本期明細；不含廣告與平台抽成,renamed,8.3-terms,
ui.productComparisonPanel.periodMetric,L1,上期淨營收,上期淨營收,unchanged,,
ui.productComparisonPanel.metricChange,L1,淨營收差額,淨營收差額,unchanged,,
ui.productComparisonPanel.blankCategory,L1,未填品類,未填品類,unchanged,,
ui.export.limitationsSnapshot,other,扣廣告後貢獻不含固定費與稅；兩期差額不等於原因。合計為完整期間金額；日均＝該期金額 ÷ 該期天數，拆解不使用日均。退款依結帳日，缺值不補零。比率欄原值為分子 ÷ 分母，不是百分比。,扣廣告後貢獻不含固定費與稅。差額說明發生了什麼，原因還需要確認。合計為完整期間金額；日均＝該期金額 ÷ 該期天數，拆解不使用日均。退款依結帳日，缺值不補零。比率欄原值為分子 ÷ 分母，不是百分比。,reworded,8.2-patterns;8.4-negation,
ui.export.dailyAverageLabel,other,{metric}日均,{metric}日均,unchanged,,
ui.export.dailyAverageChangeLabel,other,{metric}日均差額,{metric}日均差額,unchanged,,
ui.export.bridgeSumLabel,other,九項差額加總,九項差額加總,unchanged,,
ui.export.contributionChangeLabel,other,{metric}實際差額,{metric}實際差額,unchanged,,
ui.export.limitationsProducts,other,通路費與廣告不分到商品，這裡只看商品毛利。退款依結帳日，缺值不補零。比率欄原值為分子 ÷ 分母。,通路費與廣告不分到商品，這裡只看商品毛利。退款依結帳日，缺值不補零。比率欄原值為分子 ÷ 分母。,unchanged,,
ui.evidenceDrawer.money,L1,NT$ {amount},{amount} 元,reworded,8.4-no-english;8.5-numbers,
ui.evidenceDrawer.scopeLine,L2,{scope}；{start} 至 {end}；通路：{channels}。,{scope}；{start}–{end}；通路：{channels}。,reworded,8.6-dates,
ui.evidenceDrawer.sourceTabsAria,control,來源檔案切換,來源檔案切換,unchanged,,
ui.evidenceDrawer.sourceTableAria,control,來源列表格,來源列表格,unchanged,,
ui.evidenceDrawer.sourcePagerAria,control,來源列分頁,來源列分頁,unchanged,,
ui.evidenceDrawer.colSource,L1,檔案／行號,檔名與行號,reworded,8.1-L1,
ui.evidenceDrawer.colScope,L1,結帳日／通路／商品,結帳日／通路／商品,unchanged,,
ui.evidenceDrawer.colValues,L1,欄位與數值,欄位與數值,unchanged,,
ui.evidenceDrawer.skuLine,L1,商品：{sku},商品：{sku},unchanged,,
ui.evidenceDrawer.tabWithCount,L1,{tab}（{n}）,{tab}（{n}）,unchanged,,
ui.decisionExport.limitations.scenarioScope,other,試算只重算同一期間、單一通路；是假設，不是已發生的結果。,試算只重算同一期間、單一通路；是假設，不是已發生的結果。,unchanged,,
ui.decisionExport.limitations.adSpendNoVolume,other,廣告預算增減不會自動推算銷量；銷量要自己填。,廣告預算增減不會自動推算銷量；銷量要自己填。,unchanged,,
ui.decisionExport.limitations.manualActions,other,待辦的問題與行動由人填寫；只有引用的數據是系統算出來的。,待辦的問題與行動由人填寫；只有引用的數字是系統算出來的。,reworded,8.4-blacklist,
ui.decisionExport.roundingNote,other,中間計算用高精度小數，最後金額才四捨五入到分（HALF_UP）。rounding_adjustment 是逐項四捨五入後的合計與總額之間的差。,中間計算用高精度小數，最後金額才四捨五入到分（HALF_UP）。rounding_adjustment 是逐項四捨五入後的合計與總額之間的差。,unchanged,,
ui.decisionExport.fieldLine,other,- {label}：{value},- {label}：{value},unchanged,,
ui.decisionExport.nullValue,other,資料待補／不適用,資料待補／不適用,unchanged,,
ui.decisionExport.title,other,EC ProfitLens 決策紀錄,EC ProfitLens 決策紀錄,unchanged,,
ui.decisionExport.statusLine,other,狀態：{status},狀態：{status},unchanged,,
ui.decisionExport.statusStale,other,已過期：資料或範圍已變動，不能直接沿用；請重新確認基準與輸入,已過期：資料或範圍已變動，不能直接沿用；請重新確認基準與輸入,unchanged,,
ui.decisionExport.statusCurrent,other,目前資料,目前資料,unchanged,,
ui.decisionExport.sectionSource,other,資料版本與來源,資料版本與來源,unchanged,,
ui.decisionExport.sectionFormulas,other,技術細節：公式與四捨五入,技術細節：公式與四捨五入,unchanged,,
ui.decisionExport.actionsNote,other,每項待辦都保留建立時的期間、範圍、資料版本與來源，不跟著上方試算的目前範圍走；標示「置頂」的是優先事項。,每項待辦都保留建立時的期間、範圍、資料版本與來源，不跟著上方試算的目前範圍走；標示「置頂」的是優先事項。,unchanged,,
ui.decisionExport.actionHeading,other,優先 {priority}：{problem},優先 {priority}：{problem},unchanged,,
ui.decisionExport.sectionFacts,other,數據與來源,引用的數字與來源,reworded,8.4-blacklist,
ui.decisionExport.actionStatus.draft,other,草稿,草稿,unchanged,,
ui.decisionExport.actionStatus.confirmed,other,已確認,已確認,unchanged,,
ui.decisionExport.actionStatus.stale,other,引用較早資料,引用較早資料,unchanged,,
ui.decisionExport.scenarioStatus.valid,other,已計算,已試算,reworded,8.3-terms,
ui.decisionExport.scenarioStatus.invalid,other,未通過檢核,未通過檢核,unchanged,,
ui.decisionExport.scenarioStatus.draft,other,草稿,草稿,unchanged,,
ui.decisionExport.scenarioStatus.current,other,目前資料,目前資料,unchanged,,
ui.decisionExport.scenarioStatus.stale,other,引用較早資料,引用較早資料,unchanged,,
ui.decisionExport.scenarioStatus.historical,other,較早的試算,較早的試算,unchanged,,
ui.productComparisonExport.limitations,other,通路費與廣告不分到商品，這裡只看商品毛利；差額＝本期 − 上期。比率原值為分子／分母。沒有銷售列不代表新品或停售，要先確認銷售完整性。缺值不補零；退款按結帳日；商品成本依來源已入帳淨額。,通路費與廣告不分到商品，這裡只看商品毛利；差額＝本期 − 上期。比率原值為分子／分母。沒有銷售列不代表新品或停售，要先確認銷售完整性。缺值不補零；退款按結帳日；商品成本依來源已入帳淨額。,unchanged,,
ui.decision.singleChannelRequired,L2,假設試算一次只看一個通路，請先在上方選一個通路。,假設試算一次只看一個通路，請先在上方選一個通路。,unchanged,,
ui.reviewSession.defaultName,L1,本期營運會議,本期營運會議,unchanged,,
ui.reviewSession.scenarioNameWithRevision,L1,{name},{name},unchanged,,
ui.reviewSession.scenarioScope,L1,{channel} · {start}～{end},{channel} · {start}–{end},reworded,8.7-punct,
ui.reviewSession.scenarioSuperseded,L1,方案已修改，請重新選入會議,方案已修改，請重新選入會議,unchanged,,
ui.reviewSession.scenarioHistorical,L1,來自較早的資料,來自較早的資料,unchanged,,
ui.reviewSession.assumptionVolume,L1,銷量增減 {value}%,銷量增減 {value}%,unchanged,,
ui.reviewSession.assumptionDiscount,L1,折扣率調整 {value} 百分點,折扣率調整 {value} 個百分點,reworded,8.5-numbers,
ui.reviewSession.assumptionFulfillment,L1,每件物流費增減 {value}%,每件物流費增減 {value}%,unchanged,,
ui.reviewSession.assumptionAdSpend,L1,廣告預算增減 {value}%,廣告預算增減 {value}%,unchanged,,
ui.reviewSession.assumptionOneOff,L1,一次性費用 {value} 元,一次性費用 {value} 元,unchanged,,
ui.reviewSession.actionProblemMissing,L1,行動內容待補,待辦內容待補,reworded,D-V3-4,
ui.reviewSession.actionUnbound,L2,這項行動引用的數據已更動或移除；這裡保留原本的版本，請按「用目前資料更新會議」後再重新確認。,這項待辦引用的數字已更動或移除，這裡保留原本的版本。請按「用目前資料更新會議」，再重新確認。,reworded,8.4-blacklist;D-V3-4;8.1-L2,
ui.reviewSession.actionScope,L1,{channels} · {start}～{end},{channels} · {start}–{end},reworded,8.7-punct,
ui.reviewSession.actionScopeUnavailable,L1,引用的數據已不在目前資料裡,引用的數字已不在目前資料裡,reworded,8.4-blacklist,
ui.importGuidance.columnMeaning.date,L2,格式 2026-08-01。退款與費用都用同一個結帳日。,格式 2026-08-01。退款與費用都用同一個結帳日。,unchanged,,
ui.importGuidance.columnMeaning.channel,L2,賣東西的通路，例：官網、蝦皮、momo；不是 Meta、Google 這類投放媒體。,賣東西的通路，例：官網、蝦皮、momo；不是 Meta、Google 這類投放媒體。,unchanged,,
ui.importGuidance.columnMeaning.sku,L2,同一商品用固定代碼；不要放姓名、Email 或訂單個資。,同一商品用固定代碼；不要放姓名、Email 或訂單個資。,unchanged,,
ui.importGuidance.columnMeaning.category,L2,同一個商品的品類要一致。,同一個商品的品類要一致。,unchanged,,
ui.importGuidance.columnMeaning.unitsSold,L2,整數，不含退回件數。,整數，不含退回件數。,unchanged,,
ui.importGuidance.columnMeaning.grossSales,L2,未稅、還沒扣折扣與退款的商品金額。注意：不要填平台結算後的淨收款，會重複扣費用。,未稅、還沒扣折扣與退款的商品金額。平台結算後的淨收款會重複扣費用，請不要填。,reworded,8.4-blacklist,
ui.importGuidance.columnMeaning.discounts,L2,正數，只填商家自己吸收的折扣；平台補貼不算。,正數，只填商家自己吸收的折扣；平台補貼不算。,unchanged,,
ui.importGuidance.columnMeaning.refunds,L2,正數，依退款日填寫，可能大於當天收入。,正數，依退款日填寫，可能大於當天收入。,unchanged,,
ui.importGuidance.columnMeaning.cogsNet,L2,進貨或製造成本，正數；退貨回庫的沖回填負數。留白會顯示「資料待補」，不會當成 0。,進貨或製造成本，正數；退貨回庫的沖回填負數。留白會顯示「資料待補」，不會當成 0。,unchanged,,
ui.importGuidance.columnMeaning.platformFees,L2,填金額，不是 %；平台退還的抵扣可填負數。,填金額，不是 %；平台退還的抵扣可填負數。,unchanged,,
ui.importGuidance.columnMeaning.paymentFees,L2,填金額，不是 %；抵扣可填負數。,填金額，不是 %；抵扣可填負數。,unchanged,,
ui.importGuidance.columnMeaning.fulfillmentCosts,L2,出貨運費、倉儲與包材的支出；消費者付的運費收入不要抵掉。,出貨運費、倉儲與包材的支出；消費者付的運費收入不要抵掉。,unchanged,,
ui.importGuidance.columnMeaning.otherVariableCosts,L2,其他隨訂單變動的費用；房租、人事等固定費不要放。,其他隨訂單變動的費用；房租、人事等固定費不要放。,unchanged,,
ui.importGuidance.columnMeaning.adSpend,L2,依賣東西的通路歸屬的廣告費；每天每通路都要一列，沒投放填 0。,依賣東西的通路歸屬的廣告費；每天每通路都要一列，沒投放填 0。,unchanged,,
ui.importGuidance.columnMeaning.currency,L2,只支援 TWD。,只支援新台幣，欄位值填 TWD。,reworded,8.4-no-english,TWD 是 CSV 欄位要填的值，保留
ui.importGuidance.roleHint.sales,L2,一列＝結帳日 × 通路 × 商品。訂單明細請先彙總成這個粒度。注意：同一天同通路同商品出現兩列會被擋下，不會自動合併。,一列＝結帳日 × 通路 × 商品。訂單明細請先彙總成這個粒度。同一天、同通路、同商品出現兩列會被擋下，請先合併。,reworded,8.4-blacklist,
ui.importGuidance.roleHint.costs,L2,一列＝結帳日 × 通路，每天每通路都要一列；沒費用填 0，不知道就留白。注意：不要把通路費用複製到每個商品。,一列＝結帳日 × 通路，每天每通路都要一列；沒費用填 0，不知道就留白。通路費用只填一次，不要複製到每個商品。,reworded,8.4-blacklist,
ui.importGuidance.roleHint.ads,L2,一列＝結帳日 × 通路，每天每通路都要一列；沒投放填 0。注意：缺的那一列不會當成 0。,一列＝結帳日 × 通路，每天每通路都要一列；沒投放填 0。缺的那一列不會當成 0。,reworded,8.4-blacklist,
ui.importGuidance.issue.readAllFiles,L2,請先選好三份檔案，系統才能建議期間與通路。,請先選好三份檔案，系統才能建議期間與通路。,unchanged,,
ui.importGuidance.issue.dateChannelSameColumn,L2,日期和通路要對照到不同的欄位。,日期和通路要對照到不同的欄位。,unchanged,,
ui.importGuidance.issue.mappingUnconfirmed,L2,你改了日期或通路的欄位對照，請先按「確認」。,你改了日期或通路的欄位對照，請先按「確認」。,unchanged,,
ui.importGuidance.issue.invalidDate,L2,日期格式要是 2026-08-01，才能建議期間。,日期格式要是 2026-08-01，才能建議期間。,unchanged,,
ui.importGuidance.issue.invalidChannel,L2,通路名稱不能空白、前後不能有空格，也不能太長。,通路名稱不能空白、前後不能有空格，也不能太長。,unchanged,,
ui.importGuidance.note.noDates,L2,檔案裡還沒有可用的日期。,檔案裡還沒有可用的日期。,unchanged,,
ui.importGuidance.note.coverageProposed,L2,期間取三份檔案最早到最晚的結帳日，通路取三份檔案出現過的全部名稱。注意：中間缺天不會自動補，請確認。,期間取三份檔案最早到最晚的結帳日。通路取三份檔案出現過的全部名稱。中間缺天不會自動補，請確認。,reworded,8.4-blacklist;8.1-L2,
ui.importGuidance.note.asOfProposed,L2,「資料到」先填最後一天的結帳日，請依報表實際日期調整。,「資料到」先填最後一天的結帳日，請依報表實際日期調整。,unchanged,,
ui.importGuidance.note.calendarMonths,L2,建議用整月比較（相鄰兩個月）；天數不同，所以合計與日均會分開顯示。,建議用整月比較（相鄰兩個月）；天數不同，所以合計與日均會分開顯示。,unchanged,,
ui.importGuidance.note.sameDaysOdd,L2,建議等天數比較，上期與本期各 {days} 天；中間的 {date} 不在兩個期間內，但仍在資料範圍裡，可自行調整。,建議等天數比較，上期與本期各 {days} 天。中間的 {date} 不在兩期內，但仍在資料範圍裡，可自行調整。,reworded,8.1-L2,
ui.importGuidance.note.singleDay,L2,資料只有一天，分不出上期與本期；請補資料或自己設定期間。,資料只有一天，分不出上期與本期；請補資料或自己設定期間。,unchanged,,
ui.importGuidance.note.sameDays,L2,建議等天數比較，上期與本期各 {days} 天；按「套用」前都可以改。,建議等天數比較，上期與本期各 {days} 天；按「套用」前都可以改。,unchanged,,
ui.importGuidance.excluded.shippingIncome,L2,消費者付的運費收入：沒有算進來（物流費照扣）。,消費者付的運費收入：沒有算進來（物流費照扣）。,unchanged,,
ui.importGuidance.excluded.platformSubsidy,L2,平台補助：沒有算進來，也不要當成折扣填。,平台補助：沒有算進來，也不要當成折扣填。,unchanged,,
ui.importGuidance.excluded.fixedAndTax,L2,注意：固定費與稅沒有算進來，所以扣廣告後貢獻不是公司淨利 → 口徑說明,固定費與稅沒有算進來，所以扣廣告後貢獻不是公司淨利。［指標定義］,reworded,D-V3-2;8.4-blacklist;8.8-#17,［指標定義］是開啟指標定義對話框的連結文字
ui.aiClient.reasons.PUBLIC_DEMO,L2,公開版未啟用 AI 解釋；所有計算與健檢都不需要 AI。,公開示範站不使用 AI；所有計算與健檢都不需要 AI。,reworded,8.3-terms;14.1,
ui.aiClient.reasons.DISABLED,L2,AI 解釋未啟用；計算、自動健檢、假設試算與待辦都不需要 AI。,AI 未啟用；計算、健檢、假設試算與待辦都不需要 AI。,renamed,8.3-terms;14.1,
ui.aiClient.reasons.NO_KEY,L2,伺服器未設定 API 金鑰，改用自動健檢；請不要把金鑰貼到頁面或對話裡。,伺服器未設定 API 金鑰，改用健檢結果；請不要把金鑰貼到頁面或對話裡。,renamed,8.3-terms,
ui.aiClient.reasons.NO_MODEL,L2,伺服器還沒設定 AI 模型，改用自動健檢。,伺服器還沒設定 AI 模型，改用健檢結果。,renamed,8.3-terms,
ui.aiClient.reasons.LOCAL_ONLY,L2,AI 解釋只開放本機使用，改用自動健檢。,AI 只開放本機使用，改用健檢結果。,renamed,8.3-terms;14.1,
ui.aiClient.reasons.INVALID_CONFIG,L2,伺服器的 AI 設定還不能用，改用自動健檢。,伺服器的 AI 設定還不能用，改用健檢結果。,renamed,8.3-terms,
ui.aiClient.reasons.TIMEOUT,L2,AI 解釋等太久沒回應，這次沒有結果；自動健檢仍可使用。,AI 等太久沒回應，這次沒有結果；健檢仍可使用。,renamed,8.3-terms;14.1,
ui.aiClient.reasons.RATE_LIMIT,L2,AI 服務暫時忙線，這次沒有結果；請稍後再試一次。,AI 服務暫時忙線，這次沒有結果；請稍後再試一次。,unchanged,,
ui.aiClient.reasons.REFUSED,L2,AI 沒有給出可用的說明，維持自動健檢結果。,AI 沒有給出可用的說明，維持健檢結果。,renamed,8.3-terms,
ui.aiClient.reasons.TRUNCATED,L2,AI 回應不完整，沒有顯示未經核對的內容。,AI 回應不完整，沒有顯示未經核對的內容。,unchanged,,
ui.aiClient.reasons.SCHEMA_ERROR,L2,AI 回應格式不符，沒有採用；維持自動健檢結果。,AI 回應格式不符，沒有採用；維持健檢結果。,renamed,8.3-terms,
ui.aiClient.reasons.SEMANTIC_ERROR,L2,AI 回應引用的數字對不上資料，沒有顯示該內容。,AI 回應引用的數字對不上資料，沒有顯示該內容。,unchanged,,
ui.aiClient.reasons.SNAPSHOT_MISMATCH,L2,AI 回應對不上目前的資料版本，已捨棄。,AI 回應對不上目前的資料版本，已捨棄。,unchanged,,
ui.aiClient.reasons.CONSENT_REQUIRED,L2,資料有更新，請重新看一次預覽並同意後再送出。,資料有更新，請重新看一次預覽並同意後再送出。,unchanged,,
ui.aiClient.reasons.INPUT_TOO_LARGE,L2,要送給 AI 的資料太大，這次沒有結果；自動健檢仍可使用。,要送給 AI 的資料太大，這次沒有結果；健檢仍可使用。,renamed,8.3-terms,
ui.aiClient.reasons.ABORTED,L2,已取消 AI 解釋，維持自動健檢結果。,已取消 AI 說明，維持健檢結果。,reworded,8.3-terms;14.1,
ui.aiClient.reasons.NETWORK_ERROR,L2,連不上 AI 服務，維持自動健檢結果。,連不上 AI 服務，維持健檢結果。,renamed,8.3-terms,
ui.aiClient.reasons.INVALID_RESPONSE,L2,AI 回應沒有通過檢查，沒有採用；維持自動健檢結果。,AI 回應沒有通過檢查，沒有採用；維持健檢結果。,renamed,8.3-terms,
ui.aiClient.reasons.STATUS_UNAVAILABLE,L2,無法確認 AI 解釋是否可用，先不送出；自動健檢仍可使用。,無法確認 AI 是否可用，先不送出；健檢仍可使用。,renamed,8.3-terms;14.1,
ui.aiClient.reasonFallback,L2,AI 解釋沒有完成，沒有顯示不明內容；計算與自動健檢仍可使用。,AI 說明沒有完成，沒有顯示不明內容；計算與健檢仍可使用。,reworded,8.3-terms;14.1,
ui.import.invalidFileExtension,L2,請選副檔名是 .{extension} 的檔案。,請選副檔名是 .{extension} 的檔案。,unchanged,,
ui.import.fileTooLarge,L2,每個檔案最多 5 MB，請先縮小檔案再匯入。,每個檔案最多 5 MiB，請先縮小檔案再匯入。,reworded,8.3-terms,與其他訊息統一寫 MiB
ui.import.fileSizeMismatch,L2,檔案讀取不完整，請重新選一次。,檔案讀取不完整，請重新選一次。,unchanged,,
ui.import.manifestInvalidUtf8,L2,設定檔必須是 UTF-8 編碼。,設定檔必須是 UTF-8 編碼。,unchanged,,
ui.import.manifestNotParsable,L2,設定檔內容無法讀取，請確認是完整的設定檔。,設定檔內容無法讀取，請確認是完整的設定檔。,unchanged,,
ui.import.manifestNotObject,L2,設定檔內容格式不對，應該是一組設定值。,設定檔內容格式不對，應該是一組設定值。,unchanged,,
ui.import.amountBasisUnconfirmed,L2,請在這次匯入勾選確認金額口徑（未稅的商品收入與費用）；設定檔不能代替這個確認。,請在這次匯入確認金額基準（未稅的商品收入與費用）。設定檔不能代替這個確認。,reworded,D-V3-2;8.1-L2,
ui.import.sourceAmountBasisUnsupported,L2,來源金額是含稅、已扣折扣／退款／費用的淨額，或口徑還不確定，不能直接匯入；請先在來源端整理成未稅商品金額。注意：系統不換算稅、不反推{grossSales}、也不重複扣款。,來源金額是含稅、扣過費用的淨額，或金額基準不確定時，不能直接匯入。請先在來源端整理成未稅商品金額。系統不換算稅、不反推{grossSales}、也不重複扣款。,reworded,8.4-blacklist;D-V3-2;8.1-L2,
ui.import.missingFile,L2,還沒選這份檔案，三份檔案都要有。,還沒選這份檔案，三份檔案都要有。,unchanged,,
ui.import.logicalFileMismatch,L2,這個檔案和選的資料類型不一致，請重新選取。,這個檔案和選的資料類型不一致，請重新選取。,unchanged,,
ui.import.invalidImportDraft,L2,這個檔案還沒讀取成功，請重新選取。,這個檔案還沒讀取成功，請重新選取。,unchanged,,
ui.import.unknownMappingTarget,L2,對照的目標不是這類檔案的標準欄位。,對照到這類檔案沒有的欄位。請重新對照。,reworded,8.4-negation,
ui.import.missingColumnMapping,L2,請選這個欄位要對應檔案裡的哪一欄。,請選這個欄位要對應檔案裡的哪一欄。,unchanged,,
ui.import.missingSourceColumn,L2,檔案裡找不到選到的這一欄。,檔案裡找不到選到的這一欄。,unchanged,,
ui.import.duplicateSourceMapping,L2,檔案的同一欄不能同時對到兩個欄位。,檔案的同一欄不能同時對到兩個欄位。,unchanged,,
ui.import.columnMappingUnconfirmed,L2,欄位名稱和標準不同，請確認上面的對照。,欄位名稱和標準不同，請確認上面的對照。,unchanged,,
ui.import.unknownColumnUnconfirmed,L2,檔案裡有用不到的欄位，請勾選「{ignoreConfirm}」。,檔案裡有用不到的欄位，請勾選「{ignoreConfirm}」。,unchanged,,
ui.import.unknownColumnIgnored,L2,已確認略過這一欄，不會進入分析。,已確認略過這一欄，不會進入分析。,unchanged,,
ui.import.invalidTaxRate,L2,稅率要是 0–20 的整數百分比。,稅率要是 0–20 的整數百分比。,unchanged,,
ui.grounding.refundCaution,other,注意：退款依結帳日計算，可能來自上期訂單，不是同批訂單最終退貨率。,退款依結帳日計算，可能來自上期訂單，不是同批訂單最終退貨率。,reworded,8.4-blacklist,
ui.grounding.merCaution,other,注意：MER 常被叫 ROAS，但沒有媒體歸因。,MER 常被叫 ROAS，但沒有媒體歸因。,reworded,8.4-blacklist,
ui.grounding.calendarMonthNote,other,整月比較；金額是整個期間的合計，不是日均。,整月比較；金額是整個期間的合計，不是日均。,unchanged,,
ui.grounding.subject,other,{period}所選通路合計的{metric},{period}所選通路合計的{metric},unchanged,,
ui.grounding.observationMissing,other,{subject}資料待補（{value}），先補齊資料再看。,{subject}資料待補（{value}），先補齊資料再看。,unchanged,,
ui.grounding.observationNotApplicable,other,{subject}不適用（{value}）；分母不成立時不計算比率。,{subject}不適用（{value}）；分母不成立時不計算比率。,unchanged,,
ui.grounding.observationValue,other,{subject}為 {value}。,{subject}為 {value}。,unchanged,,
ui.grounding.directionUp,other,上升,上升,unchanged,,
ui.grounding.directionDown,other,下降,下降,unchanged,,
ui.grounding.directionFlat,other,持平,持平,unchanged,,
ui.grounding.observationChange,other,本期所選通路合計的{metric}較上期{direction}（上期 {previous}；本期 {current}）。,本期所選通路合計的{metric}較上期{direction}（上期 {previous}；本期 {current}）。,unchanged,,
ui.grounding.factUnavailable,other,{state},{state},unchanged,,
units.wan,other,{value} 萬,{value} 萬,unchanged,,
units.yuan,other,{value} 元,{value} 元,unchanged,,
brand.name,other,EC ProfitLens,EC ProfitLens,unchanged,,
brand.tagline,other,營運決策工作台,營運決策工作台,unchanged,,主層 eyebrow 刪除，只留在 <title> 與 SEO（§14.1）
brand.title,other,EC ProfitLens｜電商獲利診斷與決策工作台,EC ProfitLens · 電商獲利診斷與決策工作台,reworded,8.4-separator,<title> 與分享卡；「｜」改「 · 」
brand.description,other,從銷售、通路費用與廣告資料，看清扣廣告後貢獻的變化，每個數字都能追到來源。,從銷售、通路費用與廣告資料，看清扣廣告後貢獻的變化，每個數字都能追到來源。,unchanged,,
downloads.analysisCsv,control,下載目前分析 CSV,下載目前分析 CSV,unchanged,,
downloads.analysisCsvHint,L2,依目前期間與通路匯出；不含原始 CSV。,依目前期間與通路匯出；不含原始 CSV。,unchanged,,
downloads.channelTableCsv,control,下載通路寬表 CSV,下載通路寬表 CSV,unchanged,,
downloads.manifestJson,control,下載資料集設定 JSON,下載資料集設定 JSON,unchanged,,
downloads.issuesCsv,control,下載問題清單 CSV,下載問題清單 CSV,unchanged,,
downloads.productsCsv,control,下載商品明細 CSV,下載商品明細 CSV,unchanged,,
downloads.productComparisonCsv,control,下載商品比較 CSV,下載商品比較 CSV,unchanged,,
downloads.issuesCsvHint,L1,{n} 項來源問題,{n} 項來源問題,unchanged,,
downloads.decisionMd,control,下載決策 Markdown,下載決策 Markdown,unchanged,,
downloads.decisionCsv,control,下載決策 CSV,下載決策 CSV,unchanged,,
downloads.decisionJson,control,下載決策 JSON,下載決策 JSON,unchanged,,
downloads.blankTemplate,control,下載{file}空白範本,下載{file}空白範本,unchanged,,
downloads.exampleTemplate,control,下載{file}範例檔,下載{file}範例檔,unchanged,,
downloads.exampleManifest,control,下載範例資料集設定（manifest.json）,下載範例資料集設定（manifest.json）,unchanged,,
downloads.templatesHeading,L1,匯入範本,匯入範本,unchanged,,
downloads.menuNote,L2,會議議程、決議與上次比較在「會議紀錄」頁；完整工作區備份在「儲存」。,會議議程、決議與上次比較在「會議紀錄」頁；完整備份在「儲存」。,reworded,8.3-terms,主層不寫「工作區」（§8.3 #27）
downloads.menuEmpty,L2,載入或匯入資料後才能下載。,載入或匯入資料後才能下載。,unchanged,,
notes.noPriorities,L2,這個門檻下沒有要先查的項目；到通路健檢可以看全部結果。,這個門檻下沒有要先查的項目；到通路健檢可以看全部結果。,unchanged,,
notes.omittedGroups,L2,另有 {n} 組未列出；通路健檢頁有全部結果。,另有 {n} 組未列出；通路健檢頁有全部結果。,unchanged,,
notes.scopesNotAdditive,L2,各層範圍不可相加。,各層範圍不可相加。,unchanged,,
notes.thresholdHelp,L2,資料缺漏排最前面。同一個問題在多個通路出現只算一次，以金額最大的為準。已套用 {amount} 元。,資料缺漏排最前面。同一個問題在多個通路出現只算一次，以金額最大的為準。已套用 {amount} 元。,unchanged,,
notes.thresholdInvalid,L2,重要性門檻須為大於或等於零、最多兩位小數的 TWD 金額。,重要性門檻要填 0 以上的金額，最多兩位小數。,reworded,8.4-no-english,
notes.impactFormulaBurden,L3,{impact} = −（本期{metric} − 前期{metric}）；費用增加會減少貢獻，這是已觀察差額，不是可回收收益,{impact} = −（本期{metric} − 上期{metric}）；費用增加會讓扣廣告後貢獻變少。這是兩期的實際差額。,reworded,8.1-L3;8.4-negation,「前期」統一為「上期」
notes.impactFormulaDefault,L3,{impact}＝{metric}；負值表示對貢獻不利,{impact}＝{metric}；負數表示讓扣廣告後貢獻變少,reworded,8.8-#11,
csvColumns.dataset_id,L3,資料集,資料集,unchanged,,
csvColumns.dataset_hash,L3,資料版本,資料版本,unchanged,,
csvColumns.filter_hash,L3,範圍版本,範圍版本,unchanged,,
csvColumns.metric_version,L3,指標版本,指標版本,unchanged,,
csvColumns.scenario_version,L3,試算版本,試算版本,unchanged,,
csvColumns.schema_version,L3,格式版本,格式版本,unchanged,,
csvColumns.as_of,L3,資料到,資料到,unchanged,,
csvColumns.currency,L3,幣別,幣別,unchanged,,
csvColumns.timezone,L3,時區,時區,unchanged,,
csvColumns.amount_basis,L3,金額口徑,金額基準,renamed,D-V3-2,CSV 只改中文名，english_key 不變（D11）
csvColumns.sales_coverage_confirmed,L3,銷售完整性已確認,銷售完整性已確認,unchanged,,
csvColumns.filter_scope,L3,分析範圍,分析範圍,unchanged,,
csvColumns.comparison_mode,L3,比較方式,比較方式,unchanged,,
csvColumns.previous_days,L3,上期天數,上期天數,unchanged,,
csvColumns.current_days,L3,本期天數,本期天數,unchanged,,
csvColumns.row_type,L3,列類型,列類型,unchanged,,
csvColumns.scope,L3,範圍,範圍,unchanged,,
csvColumns.period,L3,期間,期間,unchanged,,
csvColumns.period_start,L3,期間起日,期間起日,unchanged,,
csvColumns.period_end,L3,期間迄日,期間迄日,unchanged,,
csvColumns.previous_period_start,L3,上期起日,上期起日,unchanged,,
csvColumns.previous_period_end,L3,上期迄日,上期迄日,unchanged,,
csvColumns.current_period_start,L3,本期起日,本期起日,unchanged,,
csvColumns.current_period_end,L3,本期迄日,本期迄日,unchanged,,
csvColumns.previous_start,L3,上期起日,上期起日,unchanged,,
csvColumns.previous_end,L3,上期迄日,上期迄日,unchanged,,
csvColumns.current_start,L3,本期起日,本期起日,unchanged,,
csvColumns.current_end,L3,本期迄日,本期迄日,unchanged,,
csvColumns.channel,L3,通路,通路,unchanged,,
csvColumns.channels,L3,通路,通路,unchanged,,
csvColumns.sku,L3,商品,商品,unchanged,,
csvColumns.category,L3,品類,品類,unchanged,,
csvColumns.product_category,L3,品類篩選,品類篩選,unchanged,,
csvColumns.product_query,L3,商品搜尋,商品搜尋,unchanged,,
csvColumns.metric,L3,指標,指標,unchanged,,
csvColumns.metric_label,L3,指標名稱,指標名稱,unchanged,,
csvColumns.unit,L3,單位,單位,unchanged,,
csvColumns.value,L3,數值,數值,unchanged,,
csvColumns.reason_codes,L3,原因碼,原因碼,unchanged,,
csvColumns.source_refs,L3,來源列,來源列,unchanged,,
csvColumns.bridge_reconciled,L3,拆解對帳,拆解對帳,unchanged,,
csvColumns.limitations,L3,口徑限制,解讀限制,renamed,D-V3-2,CSV 只改中文名，english_key 不變（D11）
csvColumns.activity,L3,資料狀態,資料狀態,unchanged,,
csvColumns.previous_presence,L3,上期有無資料,上期有無資料,unchanged,,
csvColumns.current_presence,L3,本期有無資料,本期有無資料,unchanged,,
csvColumns.previous_sources,L3,上期來源列,上期來源列,unchanged,,
csvColumns.current_sources,L3,本期來源列,本期來源列,unchanged,,
csvColumns.negative_only,L3,只看負毛利,只看商品毛利為負,reworded,8.3-terms,CSV 只改中文名，english_key 不變（D11）
csvColumns.sort,L3,排序依據,排序依據,unchanged,,
csvColumns.direction,L3,排序方向,排序方向,unchanged,,
csvColumns.selection_scope,L3,篩選範圍,篩選範圍,unchanged,,
csvColumns.revision,L3,修訂,修訂,unchanged,,
csvColumns.snapshot_status,L3,資料狀態,資料狀態,unchanged,,
csvColumns.item_id,L3,項目代號,項目代號,unchanged,,
csvColumns.item_name,L3,項目名稱,項目名稱,unchanged,,
csvColumns.status,L3,狀態,狀態,unchanged,,
csvColumns.field,L3,欄位,欄位,unchanged,,
csvColumns.fact_ids,L3,數據代號,引用數字代號,reworded,8.4-blacklist,CSV 屬 L3，可保留代號；只把「數據」換掉
csvColumns.analysis_scope,L3,分析範圍,分析範圍,unchanged,,
csvColumns.context_id,L3,工作區代號,工作區代號,unchanged,,
csvColumns.plan_revision,L3,方案版本,方案版本,unchanged,,
csvColumns.analysis_epoch,L3,工作輪次,工作輪次,unchanged,,
csvColumns.platform_rate,L3,原有效平台費率,原有效平台抽成率,reworded,8.3-terms,CSV 只改中文名，english_key 不變（D11）
csvColumns.payment_rate,L3,原有效金流費率,原有效金流手續費率,reworded,8.3-terms,CSV 只改中文名，english_key 不變（D11）
csvColumns.severity,L3,嚴重度,嚴重度,unchanged,,
csvColumns.file,L3,檔案,檔案,unchanged,,
csvColumns.logical_file,L3,標準檔名,標準檔名,unchanged,,
csvColumns.line,L3,行號,行號,unchanged,,
csvColumns.reason_code,L3,原因碼,原因碼,unchanged,,
csvColumns.message,L3,說明,說明,unchanged,,
csvColumns.message_plain,L3,白話說明,白話說明,unchanged,,
csvColumns.date,L3,日期,日期,unchanged,,
csvColumns.data_as_of,L3,資料到,資料到,unchanged,,
csvColumns.data_status,L3,資料狀態,資料狀態,unchanged,,
csvColumns.missing_reasons,L3,缺漏原因,缺漏原因,unchanged,,
csvColumns.basis_note,L3,口徑限制,解讀限制,renamed,D-V3-2,§8.3 #17；english_key basis_note 不變（D11）
csvColumns.category_filter,L3,品類篩選,品類篩選,unchanged,,
csvColumns.query,L3,商品搜尋,商品搜尋,unchanged,,
csvColumns.selection,L3,篩選,篩選,unchanged,,
csvSuffix.change,L3,差額,差額,unchanged,,
csvSuffix.reasons,L3,原因碼,原因碼,unchanged,,
evidence.scopeFallback,L1,目前範圍,目前範圍,unchanged,,
evidence.channels,L1,通路,通路,unchanged,,
evidence.noChannels,L1,未選擇,未選擇,unchanged,,
evidence.percentagePoint,L1,百分點,個百分點,reworded,8.5-numbers,
evidence.times,L1,倍,倍,unchanged,,
evidence.ladderTitle,L1,怎麼算的,計算方式,reworded,D-V3-3,抽屜名改「計算與來源」；「計算方式」保留為抽屜內的段落名
evidence.ladderNote,L2,每一行都是同一期間、同一通路範圍的合計；點「來源資料」看逐列明細。,每一行都是同一期間、同一通路範圍的合計。點「原始明細」看逐列資料。,reworded,8.3-terms;8.1-L2,
evidence.ladderUnavailable,L2,這個數字不是四層階梯的一部分；下方列出它的組成與來源。,這個數字不在四層階梯裡；下方列出它的組成與來源。,reworded,8.4-negation,
evidence.components,L1,組成項目,組成項目,unchanged,,
evidence.conditions,L1,指標條件,指標條件,unchanged,,
evidence.conditionsNote,L2,缺的數字維持資料待補，不當成 0；分母不成立時不計算比率。,缺的數字維持資料待補，不當成 0；分母不成立時不計算比率。,unchanged,,
evidence.sourcesTitle,L1,來源資料,原始明細,reworded,8.3-terms,
evidence.sourcesNote,L2,金額為未稅 TWD；行號是 CSV 的原始行號。,金額單位：元，未稅；行號是 CSV 的原始行號。,reworded,8.4-no-english;8.5-numbers,
evidence.sourceTabs.sales,L1,銷售,銷售,unchanged,,
evidence.sourceTabs.costs,L1,通路費用,通路費用,unchanged,,
evidence.sourceTabs.ads,L1,廣告,廣告,unchanged,,
evidence.sourceTabs.manifest,L1,資料集設定,資料集設定,unchanged,,
evidence.searchPlaceholder,control,搜尋日期、通路或商品,搜尋日期、通路或商品,unchanged,,
evidence.searchLabel,L1,搜尋來源列,搜尋來源列,unchanged,,
evidence.showing,L1,顯示第 {from}–{to} 筆，共 {n} 筆,顯示第 {from}–{to} 筆，共 {n} 筆,unchanged,,
evidence.none,L2,這個範圍沒有可列出的來源列。,這個範圍沒有可列出的來源列。,unchanged,,
evidence.prev,control,上一頁,上一頁,unchanged,,
evidence.next,control,下一頁,下一頁,unchanged,,
evidence.pageOf,L1,第 {page}／{pages} 頁,第 {page}／{pages} 頁,unchanged,,
evidence.lineN,L1,第 {n} 行,第 {n} 行,unchanged,,
evidence.missingRow,L1,缺列（無原始行號）,缺列（無原始行號）,unchanged,,
evidence.manifestRow,L1,資料集設定（無 CSV 行號）,資料集設定（無 CSV 行號）,unchanged,,
evidence.missingValue,L1,缺值（資料待補）,缺值（資料待補）,unchanged,,
evidence.missingTag,L1,缺漏來源,缺漏來源,unchanged,,
evidence.originalColumn,L1,原欄位,原欄位,unchanged,,
evidence.standardRole,L1,標準角色,標準角色,unchanged,,
evidence.wholeDataset,L1,整體資料集,整體資料集,unchanged,,
evidence.allChannels,L1,全部通路,全部通路,unchanged,,
evidence.technicalFormula,L1,技術公式,技術公式,unchanged,,
evidence.exactValue,L1,系統原值,精確值,reworded,8.5-numbers,抽屜標題下一行永遠顯示精確值（§8.5 第 9 點）
evidence.rawToConverted,L1,含稅原值 → 未稅換算值,含稅原值與未稅換算值,reworded,8.4-blacklist,
evidence.rawValue,L1,含稅原值 {raw},含稅原值 {raw},unchanged,,
evidence.conversionNote,L2,這批資料匯入時已從含稅換算成未稅（{percent}%，欄位：{fields}）；下方金額是換算後，並列出含稅原值。,這批資料匯入時已從含稅換算成未稅（{percent}%，欄位：{fields}）。下方金額是換算後的值，並列出含稅原值。,reworded,8.1-L2;11.6-traceability,
evidence.ratioNote,L3,百分比顯示時乘以 100,百分比顯示時乘以 100,unchanged,,
evidence.pointNote,L3,百分點差值,個百分點差值,reworded,8.5-numbers,
evidence.fields.date,L1,結帳日,結帳日,unchanged,,
evidence.fields.channel,L1,通路,通路,unchanged,,
evidence.fields.sku,L1,商品,商品,unchanged,,
evidence.fields.category,L1,品類,品類,unchanged,,
evidence.fields.units_sold,L1,售出件數,售出件數,unchanged,,
evidence.fields.currency,L1,幣別,幣別,unchanged,,
evidence.fields.sales_coverage_confirmed,L1,銷售完整性已確認,銷售完整性已確認,unchanged,,
evidence.fields.coverage_start,L1,涵蓋起日,涵蓋起日,unchanged,,
evidence.fields.coverage_end,L1,涵蓋迄日,涵蓋迄日,unchanged,,
evidence.fields.data_as_of,L1,資料到,資料到,unchanged,,
metrics.gross_sales.label,L1,商品原價收入,商品原價收入,unchanged,,
metrics.gross_sales.short,L1,原價收入,原價收入,unchanged,,
metrics.gross_sales.plain,L2,折扣與退款之前的商品金額,折扣與退款之前的商品金額,unchanged,,
metrics.gross_sales.formula,L3,來源各列原價收入合計,來源各列原價收入合計,unchanged,,
metrics.gross_sales.formulaTechnical,L3,G = Σ gross_sales,G = Σ gross_sales,unchanged,,
metrics.discounts.label,L1,折扣,折扣,unchanged,,
metrics.discounts.short,L1,折扣,折扣,unchanged,,
metrics.discounts.plain,L2,促銷與優惠券的折讓金額,促銷與優惠券的折讓金額,unchanged,,
metrics.discounts.formula,L3,來源各列折扣合計,來源各列折扣合計,unchanged,,
metrics.discounts.formulaTechnical,L3,D = Σ discounts,D = Σ discounts,unchanged,,
metrics.refunds.label,L1,退款金額,退款金額,unchanged,,
metrics.refunds.short,L1,退款,退款,unchanged,,
metrics.refunds.plain,L2,依退款日期計算，可能來自上期訂單,依退款日期計算，可能來自上期訂單,unchanged,,
metrics.refunds.formula,L3,依退款日合計，不回推到原訂單日,依退款日合計，不回推到原訂單日,unchanged,,
metrics.refunds.formulaTechnical,L3,R = Σ refunds（by refund date）,R = Σ refunds（by refund date）,unchanged,,
metrics.cogs_net.label,L1,商品成本,商品成本,unchanged,,
metrics.cogs_net.short,L1,商品成本,商品成本,unchanged,,
metrics.cogs_net.plain,L2,進貨或製造成本（來源已入帳淨額）,進貨或製造成本（來源已入帳淨額）,unchanged,,
metrics.cogs_net.formula,L3,來源各列商品成本合計；負值為來源實際沖回,來源各列商品成本合計；負值為來源實際沖回,unchanged,,
metrics.cogs_net.formulaTechnical,L3,C = Σ cogs_net,C = Σ cogs_net,unchanged,,
metrics.platform_fees.label,L1,平台抽成,平台抽成,unchanged,,
metrics.platform_fees.short,L1,平台抽成,平台抽成,unchanged,,
metrics.platform_fees.plain,L2,蝦皮、momo 等平台的成交手續費,市集平台依成交收的手續費和佣金，例如蝦皮的成交手續費。,reworded,8.3-terms,採用 §8.3 名詞表的一句定義（同時是名詞小辭典資料）
metrics.platform_fees.formula,L3,每日每通路只計一次的平台抽成合計,每日每通路只計一次的平台抽成合計,unchanged,,
metrics.platform_fees.formulaTechnical,L3,P = Σ platform_fees（date×channel）,P = Σ platform_fees（date×channel）,unchanged,,
metrics.payment_fees.label,L1,金流手續費,金流手續費,unchanged,,
metrics.payment_fees.short,L1,金流費,金流費,unchanged,,
metrics.payment_fees.plain,L2,刷卡、超商代收等手續費,刷卡、貨到付款、電子支付等收款手續費；蝦皮稱「金流與系統處理費」。,reworded,8.3-terms,採用 §8.3 名詞表的一句定義（同時是名詞小辭典資料）
metrics.payment_fees.formula,L3,每日每通路只計一次的金流手續費合計,每日每通路只計一次的金流手續費合計,unchanged,,
metrics.payment_fees.formulaTechnical,L3,Q = Σ payment_fees（date×channel）,Q = Σ payment_fees（date×channel）,unchanged,,
metrics.fulfillment_costs.label,L1,物流與包材費,物流與包材費,unchanged,,
metrics.fulfillment_costs.short,L1,物流費,物流費,unchanged,,
metrics.fulfillment_costs.plain,L2,出貨運費、倉儲與包材,出貨運費、倉儲與包材支出；買家付的運費收入沒有抵掉。,reworded,8.3-terms,採用 §8.3 名詞表的一句定義（同時是名詞小辭典資料）
metrics.fulfillment_costs.formula,L3,每日每通路只計一次的物流與包材費合計,每日每通路只計一次的物流與包材費合計,unchanged,,
metrics.fulfillment_costs.formulaTechnical,L3,F = Σ fulfillment_costs（date×channel）,F = Σ fulfillment_costs（date×channel）,unchanged,,
metrics.other_variable_costs.label,L1,其他變動費用,其他變動費用,unchanged,,
metrics.other_variable_costs.short,L1,其他變動費,其他變動費,unchanged,,
metrics.other_variable_costs.plain,L2,隨訂單變動的其他費用,隨訂單變動的其他費用,unchanged,,
metrics.other_variable_costs.formula,L3,每日每通路只計一次的其他變動費用合計,每日每通路只計一次的其他變動費用合計,unchanged,,
metrics.other_variable_costs.formulaTechnical,L3,O = Σ other_variable_costs（date×channel）,O = Σ other_variable_costs（date×channel）,unchanged,,
metrics.ad_spend.label,L1,廣告投放費,廣告投放費,unchanged,,
metrics.ad_spend.short,L1,廣告費,廣告費,unchanged,,
metrics.ad_spend.plain,L2,按銷售通路歸屬的廣告支出,按銷售通路歸屬的廣告支出,unchanged,,
metrics.ad_spend.formula,L3,每日每通路的廣告投放費合計，不分到商品,每日每通路的廣告投放費合計，不分到商品,unchanged,,
metrics.ad_spend.formulaTechnical,L3,A = Σ ad_spend（date×channel）,A = Σ ad_spend（date×channel）,unchanged,,
metrics.net_revenue.label,L1,淨營收,淨營收,unchanged,,
metrics.net_revenue.short,L1,淨營收,淨營收,unchanged,,
metrics.net_revenue.plain,L2,原價收入 − 折扣 − 退款,商品原價收入減折扣和退款，未稅，不含買家付的運費。,reworded,8.3-terms,採用 §8.3 名詞表的一句定義（同時是名詞小辭典資料）
metrics.net_revenue.formula,L3,商品原價收入 − 折扣 − 退款金額,商品原價收入 − 折扣 − 退款金額,unchanged,,
metrics.net_revenue.formulaTechnical,L3,N = G − D − R,N = G − D − R,unchanged,,
metrics.gross_profit.label,L1,商品毛利,商品毛利,unchanged,,
metrics.gross_profit.short,L1,商品毛利,商品毛利,unchanged,,
metrics.gross_profit.plain,L2,淨營收 − 商品成本,淨營收減商品成本，還沒扣平台、金流、物流和廣告費。,reworded,8.3-terms,採用 §8.3 名詞表的一句定義（同時是名詞小辭典資料）
metrics.gross_profit.formula,L3,淨營收 − 商品成本,淨營收 − 商品成本,unchanged,,
metrics.gross_profit.formulaTechnical,L3,GP = N − C,GP = N − C,unchanged,,
metrics.contribution_before_marketing.label,L1,通路貢獻,扣廣告前貢獻,renamed,D-V3-1,
metrics.contribution_before_marketing.short,L1,通路貢獻,扣廣告前,reworded,D-V3-1;8.3-terms,
metrics.contribution_before_marketing.plain,L2,商品毛利再扣平台抽成、金流費、物流費、其他變動費,商品毛利再扣平台抽成、金流手續費、物流與包材費、其他變動費用，還沒扣廣告。,reworded,8.3-terms,§8.3 定義原文；一句 31 字，超出 L2 每句 30 字上限 1 字，請審稿決定是否縮短
metrics.contribution_before_marketing.formula,L3,商品毛利 − 平台抽成 − 金流手續費 − 物流與包材費 − 其他變動費用,商品毛利 − 平台抽成 − 金流手續費 − 物流與包材費 − 其他變動費用,unchanged,,
metrics.contribution_before_marketing.formulaTechnical,L3,CM_before = GP − P − Q − F − O,CM_before = GP − P − Q − F − O,unchanged,,
metrics.contribution_after_marketing.label,L1,扣廣告後貢獻,扣廣告後貢獻,unchanged,,
metrics.contribution_after_marketing.short,L1,廣告後貢獻,扣廣告後,reworded,8.3-terms,
metrics.contribution_after_marketing.plain,L2,通路貢獻再扣廣告投放費；不含固定費與稅,扣廣告前貢獻再扣廣告投放費；還沒扣固定費和所得稅，不是公司淨利。,reworded,D-V3-1;8.3-terms,採用 §8.3 名詞表的一句定義（同時是名詞小辭典資料）
metrics.contribution_after_marketing.formula,L3,通路貢獻 − 廣告投放費,扣廣告前貢獻 − 廣告投放費,renamed,D-V3-1,
metrics.contribution_after_marketing.formulaTechnical,L3,CM_after = CM_before − A,CM_after = CM_before − A,unchanged,,
metrics.gross_margin.label,L1,商品毛利率,商品毛利率,unchanged,,
metrics.gross_margin.short,L1,毛利率,毛利率,unchanged,,
metrics.gross_margin.plain,L2,商品毛利 ÷ 淨營收,商品毛利 ÷ 淨營收,unchanged,,
metrics.gross_margin.formula,L3,商品毛利 ÷ 淨營收（淨營收 > 0 才計算）,商品毛利 ÷ 淨營收（淨營收 > 0 才計算）,unchanged,,
metrics.gross_margin.formulaTechnical,L3,GP / N,GP / N,unchanged,,
metrics.contribution_margin.label,L1,貢獻率,扣廣告後貢獻率,renamed,8.3-terms,
metrics.contribution_margin.short,L1,貢獻率,貢獻率,unchanged,8.3-terms,§8.3 #5 短名維持「貢獻率」
metrics.contribution_margin.plain,L2,扣廣告後貢獻 ÷ 淨營收；每 100 元營收剩多少,每 100 元淨營收，扣完廣告後還剩幾元。,reworded,8.3-terms,採用 §8.3 名詞表的一句定義（同時是名詞小辭典資料）
metrics.contribution_margin.formula,L3,扣廣告後貢獻 ÷ 淨營收（淨營收 > 0 才計算）,扣廣告後貢獻 ÷ 淨營收（淨營收 > 0 才計算）,unchanged,,
metrics.contribution_margin.formulaTechnical,L3,CM_after / N,CM_after / N,unchanged,,
metrics.discount_rate.label,L1,折扣率,折扣率,unchanged,,
metrics.discount_rate.short,L1,折扣率,折扣率,unchanged,,
metrics.discount_rate.plain,L2,折扣 ÷ 原價收入,折扣 ÷ 原價收入,unchanged,,
metrics.discount_rate.formula,L3,折扣 ÷ 商品原價收入,折扣 ÷ 商品原價收入,unchanged,,
metrics.discount_rate.formulaTechnical,L3,D / G,D / G,unchanged,,
metrics.refund_ratio.label,L1,退款比,退款金額比,renamed,8.3-terms,
metrics.refund_ratio.short,L1,退款比,退款比,unchanged,8.3-terms,§8.3 #10 短名維持「退款比」
metrics.refund_ratio.plain,L2,退款 ÷（原價收入 − 折扣）；是金額比，不是件數退貨率,退款金額除以（原價收入減折扣），依退款日計算。,reworded,8.3-terms,採用 §8.3 名詞表的一句定義（同時是名詞小辭典資料）
metrics.refund_ratio.formula,L3,退款金額 ÷（原價收入 − 折扣）,退款金額 ÷（原價收入 − 折扣）,unchanged,,
metrics.refund_ratio.formulaTechnical,L3,R / (G − D),R / (G − D),unchanged,,
metrics.mer.label,L1,廣告投報（MER）,廣告效率（MER）,renamed,D-V3-5,
metrics.mer.short,L1,MER,MER,unchanged,,
metrics.mer.plain,L2,淨營收 ÷ 廣告費；常被叫 ROAS，但不含媒體歸因,淨營收除以廣告投放費，也就是每 1 元廣告對應幾元淨營收。這是全通路合計，算法和平台後台的 ROAS 不同。,reworded,8.3-terms,§8.3 定義原文，分號改句號以符合每句 ≤ 30 字；ROAS 只出現在定義與指標定義對話框
metrics.mer.formula,L3,淨營收 ÷ 廣告投放費（兩者 > 0 才計算）,淨營收 ÷ 廣告投放費（兩者 > 0 才計算）,unchanged,,
metrics.mer.formulaTechnical,L3,N / A,N / A,unchanged,,
metrics.fulfillment_burden.label,L1,物流費佔比,物流費佔比,unchanged,,
metrics.fulfillment_burden.short,L1,物流費佔比,物流費佔比,unchanged,,
metrics.fulfillment_burden.plain,L2,物流與包材費 ÷ 淨營收,物流與包材費 ÷ 淨營收,unchanged,,
metrics.fulfillment_burden.formula,L3,物流與包材費 ÷ 淨營收,物流與包材費 ÷ 淨營收,unchanged,,
metrics.fulfillment_burden.formulaTechnical,L3,F / N,F / N,unchanged,,
metrics.marketing_burden.label,L1,廣告佔比,廣告佔比,unchanged,,
metrics.marketing_burden.short,L1,廣告佔比,廣告佔比,unchanged,,
metrics.marketing_burden.plain,L2,廣告投放費 ÷ 淨營收,廣告投放費 ÷ 淨營收,unchanged,,
metrics.marketing_burden.formula,L3,廣告投放費 ÷ 淨營收,廣告投放費 ÷ 淨營收,unchanged,,
metrics.marketing_burden.formulaTechnical,L3,A / N,A / N,unchanged,,
rules.REV_UP_CM_DOWN.title,L1,營收多了 {dNet}，但扣完廣告反而少賺 {dCM},淨營收多 {dNet}，卻少賺 {dCM},reworded,8.3-terms;8.8-#4;8.2-patterns,V3-2：title → headline、cause＋nextStep → explain、caution → caution；舊 key 保留為 alias 到 V3-10（§8.10）
rules.REV_UP_CM_DOWN.cause,L2,折扣加深、退款增加、平台或廣告費上升吃掉了成長,成長被費用吃掉了，可能是折扣、退款、平台抽成或廣告費增加。,reworded,8.8-#4;8.1-L2,V3-2：title → headline、cause＋nextStep → explain、caution → caution；舊 key 保留為 alias 到 V3-10（§8.10）
rules.REV_UP_CM_DOWN.nextStep,L2,看拆解找出吃掉貢獻的前兩項，到通路健檢確認是哪個通路,先看貢獻變化拆解中扣最多的兩項，再到通路健檢確認是哪個通路。,reworded,8.8-#4;8.2-patterns,V3-2：title → headline、cause＋nextStep → explain、caution → caution；舊 key 保留為 alias 到 V3-10（§8.10）
rules.REV_UP_CM_DOWN.caution,L2,差額是結果，不等於原因,差額說明發生了什麼，原因還需要確認。,reworded,8.2-patterns;8.4-negation,V3-2：title → headline、cause＋nextStep → explain、caution → caution；舊 key 保留為 alias 到 V3-10（§8.10）
rules.NEGATIVE_CHANNEL_CM.title,L1,{channel} 本期扣完廣告是虧的（{cm}）,{channel} 扣完廣告虧 {cm},reworded,8.8-#5;8.1-L1,{cm} 改以 L1 萬元絕對值帶入（例：虧 6.1 萬）；V3-2：title → headline、cause＋nextStep → explain、caution → caution；舊 key 保留為 alias 到 V3-10（§8.10）
rules.NEGATIVE_CHANNEL_CM.cause,L2,該通路抽成或廣告費高於毛利,這個通路的平台抽成和廣告費加起來超過商品毛利。,reworded,8.8-#5;8.3-terms,V3-2：title → headline、cause＋nextStep → explain、caution → caution；舊 key 保留為 alias 到 V3-10（§8.10）
rules.NEGATIVE_CHANNEL_CM.nextStep,L2,先確認抽成與廣告費是否正確歸屬，再決定調整投放、價格或商品組合,先確認兩項的通路歸屬，再決定要調投放、價格，還是商品組合。,reworded,8.8-#5;8.2-patterns,V3-2：title → headline、cause＋nextStep → explain、caution → caution；舊 key 保留為 alias 到 V3-10（§8.10）
rules.NEGATIVE_CHANNEL_CM.caution,L2,不含固定費與稅,扣廣告後貢獻不含固定費與稅。,reworded,8.2-patterns,V3-2：title → headline、cause＋nextStep → explain、caution → caution；舊 key 保留為 alias 到 V3-10（§8.10）
rules.DISCOUNT_BURDEN_UP.title,L1,折扣率從 {prevRate} 升到 {curRate}，折扣多花 {dAmount},折扣多花 {dAmount},split,8.8-#3;8.2-patterns,占位符 {prevRate}、{curRate} 移到 cause（L2 第一句寫比較對象）；V3-2：title → headline、cause＋nextStep → explain、caution → caution；舊 key 保留為 alias 到 V3-10（§8.10）
rules.DISCOUNT_BURDEN_UP.cause,L2,促銷檔期更深、折扣券發放更多、商品組合改變,折扣率從 {prevRate} 升到 {curRate}，可能是檔期更深、折扣券更多或商品組合改變。,reworded,8.8-#3;8.1-L2,占位符 {prevRate}、{curRate} 由 title 移入；V3-2：title → headline、cause＋nextStep → explain、caution → caution；舊 key 保留為 alias 到 V3-10（§8.10）
rules.DISCOUNT_BURDEN_UP.nextStep,L2,列出本期促銷檔期，核對折扣有沒有換到足夠銷量；評估下一檔折扣深度,先列出本期的促銷檔期，核對折扣有沒有換到足夠的銷量。,reworded,8.8-#3,原句後半「評估下一檔折扣深度」併入行動建議，避免 L2 超過兩句；V3-2：title → headline、cause＋nextStep → explain、caution → caution；舊 key 保留為 alias 到 V3-10（§8.10）
rules.DISCOUNT_BURDEN_UP.caution,L2,降折扣要先看銷量反應,降折扣前，先看銷量會不會跟著掉。,reworded,8.8-#3,V3-2：title → headline、cause＋nextStep → explain、caution → caution；舊 key 保留為 alias 到 V3-10（§8.10）
rules.REFUND_BURDEN_UP.title,L1,退款比從 {prevRate} 升到 {curRate}，退款多 {dAmount},退款多 {dAmount},split,8.3-terms;8.8-#3;8.2-patterns,比照 DISCOUNT_BURDEN_UP（§8.8 #3）把比率移到 cause；占位符 {prevRate}、{curRate} 移到 cause；PRD 未逐條指定，屬推論；V3-2：title → headline、cause＋nextStep → explain、caution → caution；舊 key 保留為 alias 到 V3-10（§8.10）
rules.REFUND_BURDEN_UP.cause,L2,上期訂單延後退款、品質或尺寸問題、物流損壞,退款金額比從 {prevRate} 升到 {curRate}，可能是上期訂單延後退款、品質或尺寸問題、物流損壞。,reworded,8.3-terms;8.1-L2,占位符 {prevRate}、{curRate} 由 title 移入；V3-2：title → headline、cause＋nextStep → explain、caution → caution；舊 key 保留為 alias 到 V3-10（§8.10）
rules.REFUND_BURDEN_UP.nextStep,L2,拉退款原因（尺寸／瑕疵／物流），分清是上期訂單還是本期問題,拉出退款原因（尺寸、瑕疵、物流），分清是上期訂單還是本期問題。,reworded,8.2-patterns,V3-2：title → headline、cause＋nextStep → explain、caution → caution；舊 key 保留為 alias 到 V3-10（§8.10）
rules.REFUND_BURDEN_UP.caution,L2,這是金額比，不是件數退貨率,這是金額比，不是件數退貨率。,reworded,8.3-terms,V3-2：title → headline、cause＋nextStep → explain、caution → caution；舊 key 保留為 alias 到 V3-10（§8.10）
rules.FULFILLMENT_BURDEN_UP.title,L1,物流費佔比從 {prevRate} 升到 {curRate},物流費佔比從 {prevRate} 升到 {curRate},unchanged,,V3-2：title → headline、cause＋nextStep → explain、caution → caution；舊 key 保留為 alias 到 V3-10（§8.10）
rules.FULFILLMENT_BURDEN_UP.cause,L2,運費單價上漲、小額訂單變多、包材升級,運費單價上漲、小額訂單變多或包材升級。,reworded,8.1-L2,V3-2：title → headline、cause＋nextStep → explain、caution → caution；舊 key 保留為 alias 到 V3-10（§8.10）
rules.FULFILLMENT_BURDEN_UP.nextStep,L2,核對物流合約與包材費，確認是單價問題還是訂單結構問題,核對物流合約與包材費，確認是單價問題還是訂單結構問題。,reworded,8.2-patterns,V3-2：title → headline、cause＋nextStep → explain、caution → caution；舊 key 保留為 alias 到 V3-10（§8.10）
rules.FULFILLMENT_BURDEN_UP.caution,L2,比率上升不等於可省下的金額,比率上升不等於可省下的金額。,reworded,8.7-punct,V3-2：title → headline、cause＋nextStep → explain、caution → caution；舊 key 保留為 alias 到 V3-10（§8.10）
rules.MARKETING_BURDEN_UP.title,L1,廣告佔比從 {prevRate} 升到 {curRate}，廣告多花 {dAmount},廣告多花 {dAmount},split,8.8-#3;8.2-patterns,比照 DISCOUNT_BURDEN_UP（§8.8 #3）把比率移到 cause；占位符 {prevRate}、{curRate} 移到 cause；PRD 未逐條指定，屬推論；V3-2：title → headline、cause＋nextStep → explain、caution → caution；舊 key 保留為 alias 到 V3-10（§8.10）
rules.MARKETING_BURDEN_UP.cause,L2,投放加碼、轉換變差、營收入帳延後,廣告佔比從 {prevRate} 升到 {curRate}，可能是投放加碼、轉換變差或訂單入帳延後。,reworded,8.3-terms;8.1-L2,占位符 {prevRate}、{curRate} 由 title 移入；「營收入帳延後」改「訂單入帳延後」；V3-2：title → headline、cause＋nextStep → explain、caution → caution；舊 key 保留為 alias 到 V3-10（§8.10）
rules.MARKETING_BURDEN_UP.nextStep,L2,比對各媒體的 ROAS，先縮減表現最差的活動，設定每週檢查點,比對各媒體的 ROAS，先縮減表現最差的活動，再設定每週檢查點。,reworded,8.2-patterns,ROAS 是媒體後台用語，保留；V3-2：title → headline、cause＋nextStep → explain、caution → caution；舊 key 保留為 alias 到 V3-10（§8.10）
rules.MARKETING_BURDEN_UP.caution,L2,廣告增加不等於浪費，先看帶來的營收,廣告增加不等於浪費，先看帶來的淨營收。,reworded,8.3-terms,V3-2：title → headline、cause＋nextStep → explain、caution → caution；舊 key 保留為 alias 到 V3-10（§8.10）
rules.SKU_NEGATIVE_GP.title,L1,{sku} 本期商品毛利是負的（{cm}）,{sku} 商品毛利虧 {cm},reworded,8.8-#5;8.1-L1,{cm} 改以 L1 萬元／元絕對值帶入，比照 NEGATIVE_CHANNEL_CM；V3-2：title → headline、cause＋nextStep → explain、caution → caution；舊 key 保留為 alias 到 V3-10（§8.10）
rules.SKU_NEGATIVE_GP.cause,L2,成本登錄錯誤、清倉折扣、退款集中,成本登錄錯誤、清倉折扣或退款集中。,reworded,8.1-L2,V3-2：title → headline、cause＋nextStep → explain、caution → caution；舊 key 保留為 alias 到 V3-10（§8.10）
rules.SKU_NEGATIVE_GP.nextStep,L2,先確認成本是否正確；若正確，考慮調價、停售或改搭售,先確認成本是否正確；若正確，再考慮調價、停售或改搭售。,reworded,8.2-patterns,V3-2：title → headline、cause＋nextStep → explain、caution → caution；舊 key 保留為 alias 到 V3-10（§8.10）
rules.SKU_NEGATIVE_GP.caution,L2,只看商品毛利，不含廣告,只看商品毛利，不含廣告。,reworded,8.7-punct,V3-2：title → headline、cause＋nextStep → explain、caution → caution；舊 key 保留為 alias 到 V3-10（§8.10）
rules.MISSING_CRITICAL_DATA.title,L1,{channel} 缺{missing}，相關數字無法計算,{channel} 缺{missing}，資料待補,reworded,8.3-terms;8.1-L1,V3-2：title → headline、cause＋nextStep → explain、caution → caution；舊 key 保留為 alias 到 V3-10（§8.10）
rules.MISSING_CRITICAL_DATA.cause,L2,檔案少列、欄位空白,檔案少列或欄位空白。,reworded,8.1-L2,V3-2：title → headline、cause＋nextStep → explain、caution → caution；舊 key 保留為 alias 到 V3-10（§8.10）
rules.MISSING_CRITICAL_DATA.nextStep,L2,向財務／營運補齊缺漏，補齊前不下結論,先向財務或營運補齊缺漏，補齊前不下結論。,reworded,8.2-patterns,V3-2：title → headline、cause＋nextStep → explain、caution → caution；舊 key 保留為 alias 到 V3-10（§8.10）
rules.MISSING_CRITICAL_DATA.caution,L2,缺的不是零,缺的資料不當成 0。,reworded,8.3-terms,V3-2：title → headline、cause＋nextStep → explain、caution → caution；舊 key 保留為 alias 到 V3-10（§8.10）
nav.overview.label,L1,經營總覽,經營總覽,unchanged,,
nav.overview.description,L2,本期關鍵數字、三件事、趨勢與拆解,本期關鍵數字、三件事、趨勢與拆解,unchanged,,
nav.diagnosis.label,L1,通路健檢,通路健檢,unchanged,,
nav.diagnosis.description,L2,自動健檢：哪個通路、哪項費用出了問題,哪個通路、哪項費用出了問題,reworded,8.3-terms,
nav.products.label,L1,商品毛利,商品毛利,unchanged,,
nav.products.description,L2,商品賣得好不好、賺不賺,商品賣得好不好、賺不賺,unchanged,,
nav.scenarios.label,L1,假設試算,假設試算,unchanged,,
nav.scenarios.description,L2,如果調廣告、調折扣，貢獻會變多少,如果調廣告、調折扣，扣廣告後貢獻會變多少,reworded,8.3-terms,
nav.actions.label,L1,待辦與決議,待辦,renamed,D-V3-4,Excel 工作表同步改名（§8.9 要在 RELEASES 破壞性變更段列出）
nav.actions.description,L2,要做什麼、誰負責、何時檢查,要做什麼、誰負責、何時檢查,unchanged,,
nav.meeting.label,L1,會議紀錄,會議紀錄,unchanged,,
nav.meeting.description,L2,議程、決議、與上次會議比較、匯出,議程、決議、與上次會議比較、匯出,unchanged,,
nav.data.label,L1,資料來源,資料來源,unchanged,,
nav.data.description,L2,匯入資料、確認口徑與完整性,匯入資料，確認範圍、金額基準與完整性,reworded,D-V3-2,
nav.validation.label,L1,開發者驗證,開發者驗證,unchanged,,
nav.validation.description,L2,合成案例檢查計算與缺漏處理,合成案例檢查計算與缺漏處理,unchanged,,
sections.kpis,L1,本期關鍵數字,本期關鍵數字,unchanged,,
sections.assistKpis,L1,輔助指標,其他常用指標,renamed,8.3-terms,
sections.topThree,L1,本期三件事,本期三件事,unchanged,,
sections.keyDeltas,L1,兩個關鍵差額,關鍵數字,renamed,8.3-terms,
sections.trend,L1,每週淨營收與貢獻,每週淨營收與扣廣告後貢獻,reworded,8.8-#25;8.3-terms,
sections.bridge,L1,貢獻變化拆解,貢獻變化拆解,unchanged,,
sections.channelMix,L1,通路比較,各通路扣廣告後貢獻,reworded,8.8-#25,
sections.periodTotals,L1,期間合計與日均,期間合計與日均,unchanged,,
sections.channelTable,L1,通路表,各通路表現,reworded,8.3-terms;14.1,
sections.diagnosisList,L1,健檢結果,健檢結果,unchanged,,
sections.productTopBottom,L1,毛利最差／最好的商品,商品毛利最差與增加最多,reworded,8.3-terms;3.3-layers,
sections.productTable,L1,商品毛利明細,商品毛利明細,unchanged,,
sections.scenarioBaseline,L1,本期基準,本期基準,unchanged,,
sections.scenarioForm,L1,方案,方案,unchanged,,
sections.scenarioCompare,L1,方案比較,方案比較,unchanged,,
sections.scenarioAssumptions,L1,這個試算假設了什麼,這個試算假設了什麼,unchanged,,
sections.scenarioBreakeven,L1,要賣到多少才划算,要賣到多少才划算,unchanged,,
sections.actionBoard,L1,待辦看板,待辦看板,unchanged,,
sections.actionList,L1,待辦清單,待辦清單,unchanged,,
sections.meetingAgenda,L1,議程,議程,unchanged,,
sections.meetingDecision,L1,決議,決議,unchanged,,
sections.meetingCompare,L1,與上次會議比較,與上次會議比較,unchanged,,
sections.dataScope,L1,資料範圍與口徑,資料範圍與金額基準,reworded,D-V3-2;3.3-layers,
sections.dataPreprocessing,L1,本次匯入的前處理,本次匯入的前處理,unchanged,,
sections.dataPreview,L1,來源檔案,來源檔案,unchanged,,
sections.dataIssues,L1,資料完整性問題,資料完整性問題,unchanged,,
sections.evidence,L1,怎麼算的,計算與來源,reworded,D-V3-3,
sections.evidenceSources,L1,來源資料,原始明細,reworded,8.3-terms,
sections.technicalDetails,L1,技術細節,技術細節,unchanged,,
sections.impact,L1,對貢獻影響,影響金額,renamed,8.3-terms,
sections.impactLegend,L1,負＝對貢獻不利（紅）、正＝有利（綠）；資料缺漏永遠排最前,依影響金額排序,split,8.8-#11;8.4-blacklist,拆成 L1「依影響金額排序」＋`?` 說明「負數表示讓扣廣告後貢獻變少；資料待補排最前。」；紅綠字樣刪除（D-V3-7）
sections.adjustThreshold,L1,調整門檻,調整門檻,unchanged,,
sections.rankingAmount,L3,排序用已觀察金額差,排序金額（已觀察的兩期差額）,moved-to-technical,3.3-layers,健檢的排序金額屬 L3（§3.3）
sections.meetingDraft,L1,會議稿與主管摘要,本次會議（草稿）與一頁摘要,renamed,8.3-terms,
sections.meetingNotCreated,L1,尚未建立,尚未建立,unchanged,,
sections.downloadCurrentView,control,目前檢視,目前檢視,unchanged,,
sections.downloadDecision,control,決策工作稿,決策工作稿,unchanged,,
sections.presetGroup,L1,期間快捷,期間快捷,unchanged,,
sections.aiDetail,L1,AI 狀態說明,AI 狀態說明,unchanged,,
sections.relatedScopes,L1,相關範圍,相關範圍,unchanged,,
sections.channelTableAria,control,通路寬表,通路寬表,unchanged,,
sections.channelTableCaption,L2,差額＝本期 − 上期；負值對貢獻不利。點數字看怎麼算的。,差額＝本期 − 上期；負數讓扣廣告後貢獻變少。點數字看明細。,reworded,D-V3-3;8.4-blacklist,
sections.total,L1,合計,合計,unchanged,,
sections.caution,L1,注意,限制,reworded,8.4-blacklist,Excel 待辦表欄名同步
sections.data,L1,數據,相關數字,reworded,8.4-blacklist;8.3-terms,
sections.cause,L1,可能原因（待確認）,可能原因（待確認）,unchanged,,
sections.nextStep,L1,下一步,下一步,unchanged,,
sections.autoCheck,L1,自動健檢,（刪除，計數併入健檢標題）,removed,8.3-terms;14.1,
sections.missingFirst,L1,優先補資料,優先補資料,unchanged,,
sections.meetingSummary,L1,摘要匯出（目前檢視）,一頁摘要（目前檢視）,reworded,8.3-terms,
sections.aiExplain,L1,AI 解釋（選配）,AI（選配）,renamed,14.1,
buttons.loadDemo,control,試試示範資料,載入示範資料,renamed,14.1,
buttons.importData,control,匯入資料,匯入資料,unchanged,,
buttons.apply,control,套用,套用,unchanged,,
buttons.calculate,control,計算,試算,reworded,8.3-terms;14.1,
buttons.addScenario,control,新增方案,新增方案,unchanged,,
buttons.removeScenario,control,移除,移除,unchanged,,
buttons.addAction,control,新增待辦,新增待辦,unchanged,,
buttons.addToActions,control,加入待辦,加入待辦,unchanged,,
buttons.viewEvidence,control,看證據,看明細,renamed,D-V3-3,
buttons.confirm,control,確認,確認,unchanged,,
buttons.pin,control,置頂,置頂,unchanged,,
buttons.moveUp,control,往上移,往上移,unchanged,,
buttons.remove,control,移除,移除,unchanged,,
buttons.rebind,control,用目前資料重新核對,用目前資料重新核對,unchanged,,
buttons.selectForMeeting,control,選入會議,選入會議,unchanged,,
buttons.updateMeetingSource,control,用目前資料更新會議,用目前資料更新會議,unchanged,,
buttons.finalizeMeeting,control,結束會議,結束會議,unchanged,,
buttons.save,control,儲存,儲存,unchanged,,
buttons.download,control,下載,下載,unchanged,,
buttons.downloadBackup,control,下載備份檔,下載備份檔,unchanged,,
buttons.saveLocal,control,存在這台電腦,存在這台電腦,unchanged,,
buttons.deleteLocal,control,刪除本機資料,刪除這台電腦上的資料,reworded,7.9-storage,危險區按鈕（§7.9）
buttons.restorePreview,control,讀取本機副本預覽,讀取本機副本預覽,unchanged,,
buttons.clear,control,清空,清空目前資料,reworded,7.9-storage;8.2-confirm,危險區按鈕（§7.9）；確認對話框按鈕寫「清空資料」
buttons.basis,control,口徑說明,指標定義,renamed,D-V3-2,
buttons.exportPdf,control,匯出 PDF,匯出 PDF,unchanged,,
buttons.exportExcel,control,匯出 Excel,匯出 Excel,unchanged,,
buttons.exportPptx,control,匯出 PPT 一頁式,匯出 PPT 一頁式,unchanged,,
buttons.exportMarkdown,control,下載 Markdown,下載 Markdown,unchanged,,
buttons.exportCsv,control,下載 CSV,下載 CSV,unchanged,,
buttons.exportJson,control,下載 JSON,下載 JSON,unchanged,,
buttons.print,control,列印,列印,unchanged,,
buttons.fillZero,control,全部填 0（維持現況）,全部填 0（維持現況）,unchanged,,
buttons.applyTemplate,control,套用範本,套用範本,unchanged,,
buttons.next,control,下一步,下一步,unchanged,,
buttons.back,control,上一步,上一步,unchanged,,
buttons.cancel,control,取消,取消,unchanged,,
buttons.close,control,關閉,關閉,unchanged,,
scenario.volume.label,L1,銷量增減,銷量增減,unchanged,,
scenario.volume.hint,control,例：多賣 10% 填 +10,+10 表示多賣 10%,reworded,8.8-#19,改當 placeholder；超出範圍訊息「請填 −90 到 +100 之間的數字」
scenario.volume.absoluteHint,control,本期件數 {units} → 目標件數,目標件數（本期 {units}）,reworded,8.4-blacklist,
scenario.discount.label,L1,折扣率調整,折扣率調整,unchanged,,
scenario.discount.hint,control,例：10% 改成 12% 填 +2；改成 8% 填 −2,+2 表示折扣率多 2 個百分點,reworded,8.8-#19;8.5-numbers,改當 placeholder；比照 #19 句型
scenario.discount.absoluteHint,control,新折扣率 %,新折扣率（%）,reworded,8.7-punct,
scenario.fulfillmentUnit.label,L1,每件物流費增減,每件物流費增減,unchanged,,
scenario.fulfillmentUnit.hint,control,物流費單價變動，例：漲 5% 填 +5,+5 表示每件物流費漲 5%,reworded,8.8-#19,改當 placeholder；比照 #19 句型
scenario.fulfillmentUnit.absoluteHint,control,,,unchanged,,空字串：這一欄沒有絕對值輸入
scenario.adSpend.label,L1,廣告預算增減,廣告預算增減,unchanged,,
scenario.adSpend.hint,control,例：加碼 20% 填 +20,+20 表示廣告預算多 20%,reworded,8.8-#19,改當 placeholder；比照 #19 句型
scenario.adSpend.absoluteHint,control,本期 {ad} → 新預算（元）,新預算（元，本期 {ad}）,reworded,8.4-blacklist,
scenario.oneOff.label,L1,一次性費用（元）,一次性費用（元）,unchanged,,
scenario.oneOff.hint,control,例：KOL 合作費、新包材開模費,例：KOL 合作費、新包材開模費,unchanged,,
scenario.oneOff.absoluteHint,control,,,unchanged,,空字串：這一欄沒有絕對值輸入
scenario.acceptAssumptions,control,我了解這是假設試算，不是預測,我了解這是試算，不是預測,reworded,8.8-#20,D-V3-12 建議 B：同一工作區勾一次就記住
scenario.resultTitle,L1,試算後的扣廣告後貢獻,試算後的扣廣告後貢獻,unchanged,,
scenario.vsBaseline,L1,與現況相比,與現況相比,unchanged,,
scenario.draft,L1,草稿（未重新計算）,草稿（未重新試算）,reworded,8.3-terms,
scenario.modeRelative,L1,相對 %,相對 %,unchanged,,
scenario.modeAbsolute,L1,絕對值,絕對值,unchanged,,
scenario.templateNote,L2,範本數字只是起點，請改成你的假設,範本數字只是起點，請改成你的假設,unchanged,,
actions.problem,L1,問題,問題,unchanged,,
actions.step,L1,具體動作,具體動作,unchanged,,
actions.owner,L1,負責人,負責人,unchanged,,
actions.metric,L1,怎麼看成效,怎麼看成效,unchanged,,
actions.due,L1,期限,期限,unchanged,,
actions.stop,L1,何時喊停,何時喊停,unchanged,,
actions.extraData,L1,還需要什麼資料,還需要什麼資料,unchanged,,
actions.status,L1,狀態,狀態,unchanged,,
actions.progress,L1,進度紀錄,進度紀錄,unchanged,,
actions.evidence,L1,引用的數據,引用的數字,reworded,8.4-blacklist,
actions.searchEvidence,L1,搜尋數據,搜尋引用的數字,reworded,8.4-blacklist,
actions.statuses.not_started,L1,未開始,未開始,unchanged,,
actions.statuses.in_progress,L1,進行中,進行中,unchanged,,
actions.statuses.blocked,L1,受阻,受阻,unchanged,,
actions.statuses.done,L1,已完成,已完成,unchanged,,
actions.staleBadge,L1,引用較早資料,引用較早資料,unchanged,,
actions.confirmedNote,L2,確認證據只代表數字對得上，不代表結論成立,確認引用只表示數字對得上，結論仍要由人判斷。,reworded,D-V3-3;8.4-negation,
meeting.name,L1,會議名稱,會議名稱,unchanged,,
meeting.date,L1,會議日期,會議日期,unchanged,,
meeting.notes,L1,備註,備註,unchanged,,
meeting.decision,L1,決議,決議,unchanged,,
meeting.decisions.draft,L1,草稿,草稿,unchanged,,
meeting.decisions.adopted,L1,採用,採用,unchanged,,
meeting.decisions.need_data,L1,補資料再議,補資料再議,unchanged,,
meeting.decisions.rejected,L1,不採用,不採用,unchanged,,
meeting.decisionNote,L2,決議由人決定；方案或門檻改動後請重新確認決議,決議由人決定；方案或門檻改動後請重新確認決議,unchanged,,
meeting.threshold,L1,金額門檻（元）,金額門檻（元）,unchanged,,
meeting.lastMeeting,L1,上次會議,上次會議,unchanged,,
meeting.noComparable,L2,上次會議使用不同資料，只列出上次決議與待辦狀態,上次會議使用不同資料，只列出上次決議與待辦狀態,unchanged,,
status.ready,L1,資料就緒,資料到 {date},reworded,8.3-terms,新增占位符 {date}（§8.3 #26 明文：資料就緒 → 資料到 {date}）
status.partial,L1,部分資料待補,部分資料待補,unchanged,,
status.empty,L1,還沒有資料,還沒有資料,unchanged,,
status.loading,L1,正在檢核與計算…,正在檢核與計算…,unchanged,,
status.error,L1,資料載入失敗,資料載入失敗,unchanged,,
status.demo,L1,示範資料,示範資料,unchanged,,
status.local,L1,本機匯入,本機匯入,unchanged,,
status.unsaved,L1,● 未保存,未保存,reworded,8.4-blacklist;14.1,
status.savedVersion,L1,此版本已保存,此版本已保存,unchanged,,
status.noWorkspace,L1,尚無工作區,尚未保存,reworded,8.3-terms,主層不寫「工作區」（§8.3 #27）
status.savedAt,L1,已保存 {time},已保存 {time},unchanged,,
status.aiOff,L1,AI 解釋未啟用（公開版）,AI 未啟用,reworded,8.3-terms;14.1;8.8-#7,「公開示範站」說明只放資料狀態 popover
status.aiDisabled,L1,AI 解釋未啟用,AI 未啟用,renamed,14.1,
status.aiNeedsConsent,L1,AI 解釋需預覽同意,AI 需先預覽並同意,reworded,14.1,
status.aiUnknown,L1,AI 狀態確認中,AI 狀態確認中,unchanged,,
status.dataAsOf,L1,資料到,資料到,unchanged,,
status.missing,L1,資料待補,資料待補,unchanged,,
status.notApplicable,L1,不適用,不適用,unchanged,,
periods.previous,L1,上期,上期,unchanged,,
periods.current,L1,本期,本期,unchanged,,
periods.sameDays,L1,等天數比較,等天數比較,unchanged,,
periods.calendarMonths,L1,整月比較,整月比較,unchanged,,
periods.presets.last7,L1,近 7 天,近 7 天,unchanged,,
periods.presets.last4w,L1,近 4 週,近 4 週,unchanged,,
periods.presets.last12w,L1,近 12 週,近 12 週,unchanged,,
periods.presets.monthVsPrev,L1,本月 vs 上月,本月對比上月,reworded,8.4-no-english,
periods.presets.yoy,L1,去年同期,去年同期,unchanged,,
periods.presetUnavailable,L1,資料只到 {date}，無法取{preset},資料只到 {date}，無法取{preset},unchanged,,
periods.presetTooShort,L2,資料從 {date} 開始，不足{preset}所需天數,資料從 {date} 開始，不足{preset}所需天數,unchanged,,
periods.monthIncomplete,L2,資料只到 {date}，本月未滿月；請改用等天數快捷,資料只到 {date}，本月未滿月；請改用等天數快捷,unchanged,,
periods.presetHint,L2,快捷只填入日期，按「套用」才生效,（刪除）,removed,8.8-#12;D-V3-10,D-V3-10 建議 A：快捷單擊就套用，這句說明不再需要
periods.yoyMode,L2,去年同期：本期不變，上期＝本期各減一年（閏年 2/29 → 2/28）,去年同期：本期不變，上期是本期各減一年（閏年 2/29 改用 2/28）。,reworded,8.4-blacklist,
periods.yoyInvalidCurrent,L2,本期日期不完整，無法取去年同期,本期日期不完整，無法取去年同期,unchanged,,
periods.yoyOverlap,L2,本期超過一年，去年同期會與本期重疊,本期超過一年，去年同期會與本期重疊,unchanged,,
importWizard.title,L1,匯入資料,匯入資料,unchanged,,
importWizard.steps.0,L1,選檔,選檔,unchanged,,
importWizard.steps.1,L1,對照欄位,對照欄位,unchanged,,
importWizard.steps.2,L1,口徑與期間,金額基準與期間,reworded,D-V3-2,
importWizard.steps.3,L1,檢核與套用,檢核與套用,unchanged,,
importWizard.stepperAria,control,匯入步驟,匯入步驟,unchanged,,
importWizard.stepState.done,L1,完成,完成,unchanged,,
importWizard.stepState.current,L1,目前,目前,unchanged,,
importWizard.stepState.todo,L1,未做,未做,unchanged,,
importWizard.stepState.skipped,L1,已自動完成,已自動完成,unchanged,,
importWizard.files.sales,L1,商品銷售,商品銷售,unchanged,,
importWizard.files.costs,L1,通路費用,通路費用,unchanged,,
importWizard.files.ads,L1,廣告投放,廣告投放,unchanged,,
importWizard.fileHints.sales,L1,一列＝結帳日 × 通路 × 商品,一列＝結帳日 × 通路 × 商品,unchanged,,
importWizard.fileHints.costs,L2,一列＝結帳日 × 通路，每天每通路一列,一列＝結帳日 × 通路，每天每通路一列,unchanged,,
importWizard.fileHints.ads,L2,一列＝結帳日 × 通路，每天每通路一列,一列＝結帳日 × 通路，每天每通路一列,unchanged,,
importWizard.dropHint,L1,拖放 CSV 到這裡，或點擊選檔,拖放 CSV 到這裡，或點擊選檔,unchanged,,
importWizard.dropAllHint,L2,可以一次拖三份檔案：檔名含 sales／cost／ad（或 銷售／費用／廣告）會自動歸位，放錯可再換。,可以一次拖三份檔案：檔名含 sales／cost／ad（或 銷售／費用／廣告）會自動歸位，放錯可再換。,unchanged,,
importWizard.dropzoneAria,control,拖放三份 CSV 的區域,拖放三份 CSV 的區域,unchanged,,
importWizard.dropped,L1,已放入 {n} 份檔案,已放入 {n} 份檔案,unchanged,,
importWizard.droppedUnassigned,L2,{name} 看不出是哪一份，請用下方的選檔按鈕指定。,{name} 看不出是哪一份，請用下方的選檔按鈕指定。,unchanged,,
importWizard.fileMeta,L1,{size} · {rows} 列 · {columns} 欄 · {encoding},{size} · {rows} 列 · {columns} 欄 · {encoding},unchanged,,
importWizard.encoding.utf8,L1,UTF-8,UTF-8,unchanged,,
importWizard.encoding.bom,L1,UTF-8（含 BOM）,UTF-8（含 BOM）,unchanged,,
importWizard.fileEmpty,L1,還沒選檔,還沒選檔,unchanged,,
importWizard.pickFile,control,選擇檔案,選擇檔案,unchanged,,
importWizard.pickMany,L2,一次選三份也可以，會依檔名歸位,一次選三份也可以，會依檔名歸位,unchanged,,
importWizard.fileReading,L1,讀取中…,讀取中…,unchanged,,
importWizard.replaceFile,control,換一份,換一份,unchanged,,
importWizard.removeFile,control,移除,移除,unchanged,,
importWizard.moveTo,control,改放到{file},改放到{file},unchanged,,
importWizard.limitsNote,L2,"每份最多 5 MiB／50,000 列，超過會在這裡直接提示；檔名可以不同。注意：空白金額不是 0。","每份最多 5 MiB、50,000 列，超過會在這裡直接提示；檔名可以不同。空白金額不當成 0。",reworded,8.4-blacklist,
importWizard.noFiles,L1,沒有檔案？,沒有檔案？,unchanged,,
importWizard.templates,control,下載範本（含範例）,下載範本（含範例）,unchanged,,
importWizard.templatesBlank,control,下載空白範本（只有標題列）,下載空白範本（只有標題列）,unchanged,,
importWizard.templatesExample,control,下載範例檔（含三列示範）,下載範例檔（含三列示範）,unchanged,,
importWizard.templateFor,L1,{file}：{kind},{file}：{kind},unchanged,,
importWizard.howTo,L1,怎麼從平台整理三份檔案,怎麼從平台整理三份檔案,unchanged,,
importWizard.howToIntro,L2,三份檔案都是「日 × 通路（× 商品）」粒度。訂單明細請先用整理工具彙總；系統不會自動合併、分配折扣或推估成本。,三份檔案都是「日 × 通路（× 商品）」粒度。訂單明細請先用整理工具彙總。系統不會自動合併、分配折扣或推估成本。,reworded,8.1-L2,
importWizard.howToDoc,L1,整理工具說明（docs/ORDER_AGGREGATION.md）,整理工具說明（docs/ORDER_AGGREGATION.md）,unchanged,,
importWizard.advanced,L1,進階：讀取資料集設定檔（manifest JSON）,進階：讀取資料集設定檔（.json）,reworded,8.4-blacklist,
importWizard.manifestLabel,L1,讀取資料集設定檔,讀取資料集設定檔,unchanged,,
importWizard.manifestHint,L2,選填；會帶入第 3 步的期間與通路，請再核對一次。,選填；會帶入第 3 步的期間與通路，請再核對一次。,unchanged,,
importWizard.manifestLoaded,L2,已讀取設定檔：{name}，期間與通路會帶入第 3 步。,已讀取設定檔：{name}，期間與通路會帶入第 3 步。,unchanged,,
importWizard.mappingIntro,L2,每份檔案的來源欄名要對到標準欄位。藍色「請確認」是系統建議，按「確認對照」才算數。,每份檔案的來源欄名要對到標準欄位。標「請確認」的是系統建議，按「確認對照」才算數。,reworded,8.1-L2,不再用顏色字（藍色）指稱，V3-1 的 token 會換色
importWizard.mappingHead.field,L1,標準欄位,標準欄位,unchanged,,
importWizard.mappingHead.source,L1,來源欄名,來源欄名,unchanged,,
importWizard.mappingHead.samples,L1,範例值（前 3 列）,範例值（前 3 列）,unchanged,,
importWizard.mappingHead.status,L1,狀態,狀態,unchanged,,
importWizard.mappingStatus.exact,L1,已對照,已對照,unchanged,,
importWizard.mappingStatus.manual,L1,已對照（手動）,已對照（手動）,unchanged,,
importWizard.mappingStatus.memory,L1,上次用過，請確認,上次用過，請確認,unchanged,,
importWizard.mappingStatus.preset,L1,來源預設，請確認,來源預設，請確認,unchanged,,
importWizard.mappingStatus.dictionary,L1,系統建議，請確認,系統建議，請確認,unchanged,,
importWizard.mappingStatus.none,L1,必填未對,必填，還沒對照,reworded,8.1-L1,
importWizard.selectColumn,control,選擇來源欄位,選擇來源欄位,unchanged,,
importWizard.noSamples,L1,（空白）,（空白）,unchanged,,
importWizard.ignoredColumns,L1,將忽略的欄位：{columns},將忽略的欄位：{columns},unchanged,,
importWizard.noIgnored,L2,沒有多餘欄位。,沒有多餘欄位。,unchanged,,
importWizard.allExact,L2,三份檔案的欄名都符合標準，已自動對照；可回上一步查看。,三份檔案的欄名都符合標準，已自動對照；可回上一步查看。,unchanged,,
importWizard.confirmMapping,control,確認對照，下一步,確認對照，下一步,unchanged,,
importWizard.mappingIncomplete,L1,還有必填欄位沒對到：{fields},還有必填欄位沒對到：{fields},unchanged,,
importWizard.basis.label,L1,金額口徑,金額基準,renamed,D-V3-2;8.3-terms,§8.3 #16：金額基準（未稅／含稅）
importWizard.basis.exclusive,L1,未稅,未稅,unchanged,,
importWizard.basis.inclusive,L2,含稅（5% 營業稅，系統換算成未稅）,含稅（5% 營業稅，系統換算成未稅）,unchanged,,
importWizard.basis.unsure,L1,我不確定,我不確定,unchanged,,
importWizard.basisRequired,L2,請先選金額口徑。,請先選金額基準。,renamed,D-V3-2,
importWizard.basisUnsureHelp,L2,看平台報表的欄位說明或發票：若金額等於消費者實付（含稅價），選「含稅」。,看平台報表的欄位說明或發票：若金額等於消費者實付（含稅價），選「含稅」。,unchanged,,
importWizard.basisUnsureStop,L2,選「我不確定」時不能繼續；確認後改選「未稅」或「含稅」。,選「我不確定」時不能繼續；確認後改選「未稅」或「含稅」。,unchanged,,
importWizard.basisNote,L2,注意：系統只換算營業稅，不反推折扣前金額、也不重複扣費用。,系統只換算營業稅，不反推折扣前金額，也不重複扣費用。,reworded,8.4-blacklist,
importWizard.rateLabel,L1,營業稅率（%）,營業稅率（%）,unchanged,,
importWizard.rateNote,L2,台灣營業稅 5%；可改 0–20 的整數。,台灣營業稅 5%；可改 0–20 的整數。,unchanged,,
importWizard.rateInvalid,L2,稅率要是 0–20 的整數。,稅率要是 0–20 的整數。,unchanged,,
importWizard.convertFields,L1,要換算的欄位,要換算的欄位,unchanged,,
importWizard.convertFieldHints.gross_sales,L2,平台報表的商品金額多含稅,平台報表的商品金額多含稅,unchanged,,
importWizard.convertFieldHints.discounts,L1,折扣與原價同口徑,折扣與原價用同一種金額基準,reworded,D-V3-2,
importWizard.convertFieldHints.refunds,L1,退款金額多為含稅實付,退款金額多為含稅實付,unchanged,,
importWizard.convertFieldHints.cogs_net,L2,進貨成本常是未稅價，確認後再勾,進貨成本常是未稅價，確認後再勾,unchanged,,
importWizard.convertFieldHints.platform_fees,L1,平台抽成發票含稅,平台抽成發票含稅,unchanged,,
importWizard.convertFieldHints.payment_fees,L1,金流手續費發票含稅,金流手續費發票含稅,unchanged,,
importWizard.convertFieldHints.fulfillment_costs,L1,物流費發票含稅,物流費發票含稅,unchanged,,
importWizard.convertFieldHints.other_variable_costs,L1,依發票判斷,依發票判斷,unchanged,,
importWizard.convertFieldHints.ad_spend,L2,台灣媒體平台發票多含稅,台灣媒體平台發票多含稅,unchanged,,
importWizard.conversionExample,L1,換算示範：{raw} → {converted},換算示範：{raw} 換算後 {converted},reworded,8.4-blacklist,
importWizard.settingsTitle,L1,涵蓋範圍與兩期,涵蓋範圍與兩期,unchanged,,
importWizard.proposedBy,L1,由檔案提議，請確認,由檔案提議，請確認,unchanged,,
importWizard.settingsFromManifest,L1,由設定檔帶入，請確認,由設定檔帶入，請確認,unchanged,,
importWizard.proposalUnavailable,L2,檔案裡的日期或通路無法建議期間，請自行填寫；回第 1 步檢查日期格式（2026-08-01）與通路欄。,檔案裡的日期或通路無法建議期間，請自行填寫。也可以回第 1 步檢查日期格式（2026-08-01）與通路欄。,reworded,8.1-L2,
importWizard.channelsRequired,L2,至少要勾一個通路。,至少要勾一個通路。,unchanged,,
importWizard.convertFieldsRequired,L2,選「含稅」就要至少勾一個要換算的欄位；如果都不換算，請改選「未稅」。,選「含稅」就要至少勾一個要換算的欄位；都不換算，請改選「未稅」。,reworded,8.1-L2,
importWizard.reconciliationConverted,L2,注意：來源總額是逐列換算成未稅後再加總；含稅原值合計在上方的前處理摘要。,來源總額是逐列換算成未稅後再加總。含稅原值的合計在上方的前處理摘要。,reworded,8.4-blacklist;8.1-L2,
importWizard.datasetName,L1,資料集名稱,資料集名稱,unchanged,,
importWizard.dataAsOf,L1,資料到,資料到,unchanged,,
importWizard.dataAsOfNote,L2,預設是最後一天的結帳日＋1 天，可改。,預設是最後一天的結帳日＋1 天，可改。,unchanged,,
importWizard.coverageStart,L1,資料涵蓋起日,資料涵蓋起日,unchanged,,
importWizard.coverageEnd,L1,資料涵蓋迄日,資料涵蓋迄日,unchanged,,
importWizard.comparisonMode,L1,比較方式,比較方式,unchanged,,
importWizard.monthShortcut,L1,改用整月比較：{previous} vs {current},改用整月比較：{previous} 對比 {current},reworded,8.4-no-english,
importWizard.monthShortcutUnavailable,L2,資料未滿兩個完整月，不能用整月比較。,資料未滿兩個完整月，不能用整月比較。,unchanged,,
importWizard.channelsTitle,L1,銷售通路（從檔案列出，勾選即可）,銷售通路（從檔案列出，勾選即可）,unchanged,,
importWizard.channelsNone,L2,檔案裡還沒有通路名稱。,檔案裡還沒有通路名稱。,unchanged,,
importWizard.channelsNote,L2,注意：通路是賣東西的地方，不是 Meta／Google 等投放媒體。,通路是賣東西的地方，例如官網、蝦皮；Meta、Google 是投放媒體。,reworded,8.4-blacklist;8.4-negation,
importWizard.coverageConfirm,control,我確認檔案包含這段期間的全部銷售,我確認檔案包含這段期間的全部銷售,unchanged,,
importWizard.amountConfirm,control,我確認這些是商品金額，不含消費者付的運費與平台補貼,我確認這些是商品金額，不含消費者付的運費與平台補貼,unchanged,,
importWizard.confirmAndCheck,control,我確認口徑與期間，開始檢核,我確認金額基準與期間，開始檢核,reworded,D-V3-2,
importWizard.confirmHint,L2,按下去等於同時確認上面兩句。,按下去等於同時確認上面兩句。,unchanged,,
importWizard.checking,L1,正在檢核全部資料…,正在檢核全部資料…,unchanged,,
importWizard.result.valid,L1,檢核通過，可以套用,檢核通過，可以套用,unchanged,,
importWizard.result.partial,L1,部分資料待補，可以套用已有的範圍,部分資料待補，可套用已有範圍,reworded,8.1-L1,
importWizard.result.blocking,L1,檢核未通過，目前資料不變,檢核未通過，目前資料不變,unchanged,,
importWizard.result.draft,L1,尚未檢核,尚未檢核,unchanged,,
importWizard.resultNote.partial,L2,缺資料的毛利與貢獻會顯示「資料待補」，其餘數字照常。,缺資料的商品毛利與扣廣告前後貢獻顯示「資料待補」，其餘數字照常。,reworded,8.3-terms,
importWizard.resultNote.valid,L2,檢核通過。,檢核通過。,unchanged,,
importWizard.preprocessingTitle,L1,本次前處理摘要,本次前處理摘要,unchanged,,
importWizard.conversionSummary,L1,含稅換算：{percent}%，欄位 {fields}，共 {n} 列,含稅換算：{percent}%，欄位 {fields}，共 {n} 列,unchanged,,
importWizard.conversionTotals,L1,{field}：含稅合計 {raw} → 未稅合計 {converted},{field}：含稅合計 {raw}，未稅合計 {converted},reworded,8.4-blacklist,
importWizard.noConversion,L2,未稅，沒有換算。,未稅，沒有換算。,unchanged,,
importWizard.mappingSourceSummary,L1,對照來源：{sources},對照來源：{sources},unchanged,,
importWizard.mappingSources.exact,L1,標準欄名,標準欄名,unchanged,,
importWizard.mappingSources.manual,L1,手動,手動,unchanged,,
importWizard.mappingSources.memory,L1,上次的對照,上次的對照,unchanged,,
importWizard.mappingSources.preset,L1,來源預設,來源預設,unchanged,,
importWizard.mappingSources.dictionary,L1,中文欄名字典,中文欄名字典,unchanged,,
importWizard.commit,control,套用這批資料,套用這批資料,unchanged,,
importWizard.commitHint,L2,按「套用」才會取代目前資料。,按「套用」才會取代目前資料。,unchanged,,
importWizard.issuesTitle,L1,問題清單,問題清單,unchanged,,
importWizard.next,control,下一步,下一步,unchanged,,
importWizard.back,control,上一步,上一步,unchanged,,
importWizard.cancel,control,取消匯入,取消匯入,unchanged,,
importWizard.privacyNote,L2,檔案只在你的瀏覽器裡讀取與計算，不會上傳；重新整理會清空。,檔案只在你的瀏覽器裡讀取與計算，不會上傳；重新整理會清空。,unchanged,,
importWizard.suggested,L1,系統建議，請確認,系統建議，請確認,unchanged,,
importWizard.memoryHint,L2,上次（{date}）用過同樣欄位的對照，已帶入，請確認,上次（{date}）用過同樣欄位的對照，已帶入，請確認,unchanged,,
importWizard.memorySessionOnly,L2,未開啟本機保存：欄位對照只記在這個分頁，關閉後就忘記；在「儲存」勾選同意後才會存在這台電腦。,還沒開啟本機保存：欄位對照只記在這個分頁，關閉後就忘記。在「儲存」勾選同意後，才會存在這台電腦。,reworded,8.1-L2,
importWizard.memoryPersistent,L2,欄位對照會記在這台電腦的瀏覽器；「刪除本機資料」會一併清除，備份檔不含對照記憶。,欄位對照會記在這台電腦的瀏覽器。「刪除本機資料」會一併清除，備份檔不含對照記憶。,reworded,8.1-L2,
importWizard.presetHint,L2,看起來像 {preset} 的匯出檔，已套用建議對照（請確認）,看起來像 {preset} 的匯出檔，已套用建議對照（請確認）,unchanged,,
importWizard.presetUnverified,L2,候選對照（待驗證）：欄名以你的實際匯出檔為準，請逐欄確認。,候選對照（待驗證）：欄名以你的實際匯出檔為準，請逐欄確認。,unchanged,,
importWizard.presetVerified,L2,欄名已用真實匯出檔的標題列驗證（{date}），仍請逐欄確認。,欄名已用真實匯出檔的標題列驗證（{date}），仍請逐欄確認。,unchanged,,
importWizard.presetInclusiveHint,L2,這個來源的金額通常含稅，下一步請選「含稅」。,這個來源的金額通常含稅，下一步請選「含稅」。,unchanged,,
importWizard.presetNames.shopline_orders,L1,Shopline 訂單報表,Shopline 訂單報表,unchanged,,
importWizard.presetNames.91app_orders,L1,91APP 訂單匯出,91APP 訂單匯出,unchanged,,
importWizard.presetNames.cyberbiz_orders,L1,Cyberbiz 訂單匯出,Cyberbiz 訂單匯出,unchanged,,
importWizard.presetNames.shopee_orders,L1,蝦皮賣家中心訂單,蝦皮賣家中心訂單,unchanged,,
importWizard.presetNames.shopee_income,L1,蝦皮「我的進帳」撥款明細,蝦皮「我的進帳」撥款明細,unchanged,,
importWizard.presetNames.momo_settlement,L1,momo 店+ 商店對帳明細（訂單明細）,momo 店+ 商店對帳明細（訂單明細）,unchanged,,
importWizard.presetNames.pchome_settlement,L1,PChome 商店街對帳,PChome 商店街對帳,unchanged,,
importWizard.presetNames.meta_ads,L1,Meta 廣告管理員（日）,Meta 廣告管理員（日）,unchanged,,
importWizard.presetNames.google_ads,L1,Google Ads 報表（日）,Google Ads 報表（日）,unchanged,,
importWizard.ignoreConfirm,control,我知道這些欄位不會進入分析,我知道這些欄位不會進入分析,unchanged,,
importWizard.orderLevelDetected,L2,這是訂單明細，請先用整理工具彙總成日 × 通路 × 商品,這是訂單明細，請先用整理工具彙總成日 × 通路 × 商品,unchanged,,
importWizard.orderLevelLink,L1,看整理工具說明,看整理工具說明,unchanged,,
importWizard.campaignLevelDetected,L2,這是「日 × 廣告活動」報表，請先把活動歸到銷售通路並按日加總,這是「日 × 廣告活動」報表，請先把活動歸到銷售通路並按日加總,unchanged,,
importWizard.readFailed,L2,無法讀取檔案，請重新選擇。,無法讀取檔案，請重新選擇。,unchanged,,
importErrors.FILE_TOO_LARGE,L2,檔案超過 5 MiB，請縮小資料範圍再匯入,{file}：檔案超過 5 MiB。請縮小資料範圍再匯入。,split,7.7.3-errors;8.2-patterns,新增占位符 {file}（§7.7.3 明文允許，由 application 依 SourceRef 帶入）；V3-2 拆成 headline（第一個「。」之前，不含句號）與 explain（其後）；原因碼只放 L3（§7.7.3）
importErrors.INVALID_UTF8,L2,檔案不是 UTF-8 編碼；請在 Excel 用「CSV UTF-8」另存,{file}：編碼不對。請在 Excel 用「CSV UTF-8」另存。,split,7.7.3-errors;8.2-patterns;8.4-negation,新增占位符 {file}（§7.7.3 明文允許，由 application 依 SourceRef 帶入）；V3-2 拆成 headline（第一個「。」之前，不含句號）與 explain（其後）；原因碼只放 L3（§7.7.3）；主層否定句改肯定句（§8.4 第 2 點）
importErrors.INVALID_HEADER,L2,第 {line} 行的欄名有空白，請補上欄名,{file} 第 {line} 行：有欄名空白。請補上欄名。,split,7.7.3-errors;8.2-patterns,新增占位符 {file}（§7.7.3 明文允許，由 application 依 SourceRef 帶入）；V3-2 拆成 headline（第一個「。」之前，不含句號）與 explain（其後）；原因碼只放 L3（§7.7.3）
importErrors.DUPLICATE_COLUMN,L2,欄名「{field}」重複，請改名或刪掉其中一欄,{file}：欄名「{field}」重複。請改名或刪掉其中一欄。,split,7.7.3-errors;8.2-patterns,新增占位符 {file}（§7.7.3 明文允許，由 application 依 SourceRef 帶入）；V3-2 拆成 headline（第一個「。」之前，不含句號）與 explain（其後）；原因碼只放 L3（§7.7.3）
importErrors.COLUMN_COUNT_MISMATCH,L2,第 {line} 行的欄數和標題列不一樣，常見原因是儲存格裡有逗號卻沒加引號,{file} 第 {line} 行：欄數和標題列不一樣。常見原因是儲存格裡有逗號卻沒加引號，請加上引號。,split,7.7.3-errors;8.2-patterns,新增占位符 {file}（§7.7.3 明文允許，由 application 依 SourceRef 帶入）；V3-2 拆成 headline（第一個「。」之前，不含句號）與 explain（其後）；原因碼只放 L3（§7.7.3）
importErrors.ROW_LIMIT_EXCEEDED,L2,"超過 50,000 列（第 {line} 行起），請縮小日期範圍或分批匯入","{file} 第 {line} 行：超過 50,000 列。請縮小日期範圍或分批匯入。",split,7.7.3-errors;8.2-patterns,新增占位符 {file}（§7.7.3 明文允許，由 application 依 SourceRef 帶入）；V3-2 拆成 headline（第一個「。」之前，不含句號）與 explain（其後）；原因碼只放 L3（§7.7.3）
importErrors.MALFORMED_CSV,L2,第 {line} 行的引號格式有誤，請在 Excel 重新另存成 CSV,{file} 第 {line} 行：引號格式有誤。請在 Excel 重新另存成 CSV。,split,7.7.3-errors;8.2-patterns,新增占位符 {file}（§7.7.3 明文允許，由 application 依 SourceRef 帶入）；V3-2 拆成 headline（第一個「。」之前，不含句號）與 explain（其後）；原因碼只放 L3（§7.7.3）
importErrors.EMPTY_CSV,L2,檔案沒有標題列,{file}：沒有標題列。請確認第一行是欄名。,split,7.7.3-errors;8.2-patterns,新增占位符 {file}（§7.7.3 明文允許，由 application 依 SourceRef 帶入）；V3-2 拆成 headline（第一個「。」之前，不含句號）與 explain（其後）；原因碼只放 L3（§7.7.3）
importErrors.FILE_READ_FAILED,L2,無法讀取檔案，請重新選擇,{file}：無法讀取。請重新選擇檔案。,split,7.7.3-errors;8.2-patterns,新增占位符 {file}（§7.7.3 明文允許，由 application 依 SourceRef 帶入）；V3-2 拆成 headline（第一個「。」之前，不含句號）與 explain（其後）；原因碼只放 L3（§7.7.3）
importErrors.INVALID_FILE_EXTENSION,L2,請選副檔名是 .csv（設定檔是 .json）的檔案,{file}：副檔名不對。請選 .csv 檔（設定檔是 .json）。,split,7.7.3-errors;8.2-patterns,新增占位符 {file}（§7.7.3 明文允許，由 application 依 SourceRef 帶入）；V3-2 拆成 headline（第一個「。」之前，不含句號）與 explain（其後）；原因碼只放 L3（§7.7.3）
importErrors.FILE_SIZE_MISMATCH,L2,檔案讀取不完整，請重新選一次,{file}：讀取不完整。請重新選一次。,split,7.7.3-errors;8.2-patterns,新增占位符 {file}（§7.7.3 明文允許，由 application 依 SourceRef 帶入）；V3-2 拆成 headline（第一個「。」之前，不含句號）與 explain（其後）；原因碼只放 L3（§7.7.3）
importErrors.MISSING_FILE,L2,還沒選這份檔案，三份都要有,還沒選這份檔案。三份檔案都要有。,split,7.7.3-errors;8.2-patterns,檔案不存在，沒有 {file} 可帶；V3-2 拆成 headline（第一個「。」之前，不含句號）與 explain（其後）；原因碼只放 L3（§7.7.3）
importErrors.LOGICAL_FILE_MISMATCH,L2,這個檔案和選的資料類型不一致，請重新選取,{file}：和選的資料類型不一致。請重新選取。,split,7.7.3-errors;8.2-patterns,新增占位符 {file}（§7.7.3 明文允許，由 application 依 SourceRef 帶入）；V3-2 拆成 headline（第一個「。」之前，不含句號）與 explain（其後）；原因碼只放 L3（§7.7.3）
importErrors.INVALID_IMPORT_DRAFT,L2,這個檔案還沒讀取成功，請重新選取,{file}：還沒讀取成功。請重新選取。,split,7.7.3-errors;8.2-patterns,新增占位符 {file}（§7.7.3 明文允許，由 application 依 SourceRef 帶入）；V3-2 拆成 headline（第一個「。」之前，不含句號）與 explain（其後）；原因碼只放 L3（§7.7.3）
importErrors.UNKNOWN_MAPPING_TARGET,L2,對照的目標不是這類檔案的標準欄位,{file}：對照到這類檔案沒有的欄位。請回第 2 步重新對照。,split,7.7.3-errors;8.2-patterns;8.4-negation,新增占位符 {file}（§7.7.3 明文允許，由 application 依 SourceRef 帶入）；V3-2 拆成 headline（第一個「。」之前，不含句號）與 explain（其後）；原因碼只放 L3（§7.7.3）；主層否定句改肯定句（§8.4 第 2 點）
importErrors.MISSING_COLUMN_MAPPING,L2,「{field}」還沒對到檔案裡的欄位，回第 2 步選一欄,{file}：「{field}」還沒對到欄位。請回第 2 步選一欄。,split,7.7.3-errors;8.2-patterns,新增占位符 {file}（§7.7.3 明文允許，由 application 依 SourceRef 帶入）；V3-2 拆成 headline（第一個「。」之前，不含句號）與 explain（其後）；原因碼只放 L3（§7.7.3）
importErrors.MISSING_SOURCE_COLUMN,L2,檔案裡找不到對到「{field}」的那一欄,{file}：找不到對到「{field}」的那一欄。請回第 2 步重新對照。,split,7.7.3-errors;8.2-patterns,新增占位符 {file}（§7.7.3 明文允許，由 application 依 SourceRef 帶入）；V3-2 拆成 headline（第一個「。」之前，不含句號）與 explain（其後）；原因碼只放 L3（§7.7.3）
importErrors.DUPLICATE_SOURCE_MAPPING,L2,檔案的同一欄不能同時對到「{field}」和另一個欄位,{file}：同一欄同時對到「{field}」和另一個欄位。請回第 2 步改掉其中一個。,split,7.7.3-errors;8.2-patterns,新增占位符 {file}（§7.7.3 明文允許，由 application 依 SourceRef 帶入）；V3-2 拆成 headline（第一個「。」之前，不含句號）與 explain（其後）；原因碼只放 L3（§7.7.3）
importErrors.COLUMN_MAPPING_UNCONFIRMED,L2,欄名和標準不同，回第 2 步按「確認對照」,{file}：欄名和標準不同，還沒確認。請回第 2 步按「確認對照」。,split,7.7.3-errors;8.2-patterns,新增占位符 {file}（§7.7.3 明文允許，由 application 依 SourceRef 帶入）；V3-2 拆成 headline（第一個「。」之前，不含句號）與 explain（其後）；原因碼只放 L3（§7.7.3）
importErrors.UNKNOWN_COLUMN_UNCONFIRMED,L2,「{field}」用不到，回第 2 步勾「我知道這些欄位不會進入分析」,{file}：「{field}」用不到。請回第 2 步勾選「我知道這些欄位不會進入分析」。,split,7.7.3-errors;8.2-patterns,新增占位符 {file}（§7.7.3 明文允許，由 application 依 SourceRef 帶入）；V3-2 拆成 headline（第一個「。」之前，不含句號）與 explain（其後）；原因碼只放 L3（§7.7.3）
importErrors.UNKNOWN_COLUMN_IGNORED,L2,「{field}」已略過，不會進入分析,{file}：「{field}」已略過，不會進入分析。,split,7.7.3-errors;8.2-patterns,新增占位符 {file}（§7.7.3 明文允許，由 application 依 SourceRef 帶入）；提醒類訊息，沒有修法句；V3-2 拆成 headline（第一個「。」之前，不含句號）與 explain（其後）；原因碼只放 L3（§7.7.3）
importErrors.AMOUNT_BASIS_UNCONFIRMED,L2,請在第 3 步確認金額口徑,還沒確認金額基準。請在第 3 步選「未稅」或「含稅」。,split,D-V3-2;7.7.3-errors,資料集層級，沒有檔名；V3-2 拆成 headline（第一個「。」之前，不含句號）與 explain（其後）；原因碼只放 L3（§7.7.3）
importErrors.SOURCE_AMOUNT_BASIS_UNSUPPORTED,L2,這種金額不能直接匯入：結算淨額請先在來源端整理成商品金額；含稅請在第 3 步選「含稅」讓系統換算,{file}：這種金額不能直接匯入。結算淨額請先在來源端整理成商品金額；含稅請在第 3 步選「含稅」換算。,split,7.7.3-errors;8.2-patterns,新增占位符 {file}（§7.7.3 明文允許，由 application 依 SourceRef 帶入）；V3-2 拆成 headline（第一個「。」之前，不含句號）與 explain（其後）；原因碼只放 L3（§7.7.3）
importErrors.INVALID_TAX_RATE,L2,稅率要是 0–20 的整數百分比,稅率不對。請填 0–20 的整數百分比。,split,7.7.3-errors;8.2-patterns,設定層級，沒有檔名；V3-2 拆成 headline（第一個「。」之前，不含句號）與 explain（其後）；原因碼只放 L3（§7.7.3）
importErrors.INVALID_MANIFEST_JSON,L2,設定檔內容無法讀取，請確認是完整的 JSON,{file}：設定檔內容無法讀取。請確認是完整的設定檔（.json）。,split,7.7.3-errors;8.4-blacklist,新增占位符 {file}（§7.7.3 明文允許，由 application 依 SourceRef 帶入）；V3-2 拆成 headline（第一個「。」之前，不含句號）與 explain（其後）；原因碼只放 L3（§7.7.3）
importErrors.INVALID_MANIFEST_STRUCTURE,L2,設定檔格式不對，應該是一組設定值,{file}：設定檔格式不對。內容應該是一組設定值。,split,7.7.3-errors;8.2-patterns,新增占位符 {file}（§7.7.3 明文允許，由 application 依 SourceRef 帶入）；V3-2 拆成 headline（第一個「。」之前，不含句號）與 explain（其後）；原因碼只放 L3（§7.7.3）
importErrors.PROPOSAL_KEYS_INVALID,L2,日期或通路欄位有問題，系統無法從檔案提議期間,日期或通路欄位有問題，無法從檔案提議期間。請回第 1 步檢查日期格式與通路欄。,split,7.7.3-errors;8.2-patterns,跨三份檔案，沒有單一檔名；V3-2 拆成 headline（第一個「。」之前，不含句號）與 explain（其後）；原因碼只放 L3（§7.7.3）
importErrors.INVALID_MANIFEST,L2,期間或通路設定不完整：{field},期間或通路設定不完整：{field}。請在第 3 步補上。,split,7.7.3-errors;8.2-patterns,設定層級，沒有檔名；V3-2 拆成 headline（第一個「。」之前，不含句號）與 explain（其後）；原因碼只放 L3（§7.7.3）
importErrors.INVALID_PERIOD,L2,期間的起日或迄日不是有效日期，或迄日早於起日,期間的起日或迄日格式不對，或迄日早於起日。請在第 3 步修正。,split,7.7.3-errors;8.2-patterns;8.4-negation,設定層級，沒有檔名；V3-2 拆成 headline（第一個「。」之前，不含句號）與 explain（其後）；原因碼只放 L3（§7.7.3）；主層否定句改肯定句（§8.4 第 2 點）
importErrors.PERIOD_ORDER_INVALID,L2,上期要在本期之前,上期在本期之後。請把上期改到本期之前。,split,7.7.3-errors;8.2-patterns,設定層級，沒有檔名；V3-2 拆成 headline（第一個「。」之前，不含句號）與 explain（其後）；原因碼只放 L3（§7.7.3）
importErrors.OVERLAPPING_PERIODS,L2,上期和本期不能重疊,上期和本期重疊。請調整成不重疊的兩段。,split,7.7.3-errors;8.2-patterns,設定層級，沒有檔名；V3-2 拆成 headline（第一個「。」之前，不含句號）與 explain（其後）；原因碼只放 L3（§7.7.3）
importErrors.PERIOD_OUTSIDE_COVERAGE,L2,兩期都要在資料涵蓋範圍內,期間超出資料涵蓋範圍。請把兩期都調到範圍內。,split,7.7.3-errors;8.2-patterns,設定層級，沒有檔名；V3-2 拆成 headline（第一個「。」之前，不含句號）與 explain（其後）；原因碼只放 L3（§7.7.3）
importErrors.INVALID_DATA_AS_OF,L2,「資料到」不是有效日期,「資料到」的日期格式不對。請改成 2026-08-01 這種格式。,split,7.7.3-errors;8.2-patterns;8.4-negation,設定層級，沒有檔名；V3-2 拆成 headline（第一個「。」之前，不含句號）與 explain（其後）；原因碼只放 L3（§7.7.3）；主層否定句改肯定句（§8.4 第 2 點）
importErrors.PERIOD_AFTER_DATA_AS_OF,L2,期間不能晚於「資料到」,期間晚於「資料到」。請把期間調到「資料到」之前。,split,7.7.3-errors;8.2-patterns,設定層級，沒有檔名；V3-2 拆成 headline（第一個「。」之前，不含句號）與 explain（其後）；原因碼只放 L3（§7.7.3）
importErrors.UNEQUAL_PERIOD_LENGTH,L2,等天數比較的上期與本期要一樣長,等天數比較的兩期不一樣長。請調成相同天數，或改用整月比較。,split,7.7.3-errors;8.2-patterns,設定層級，沒有檔名；V3-2 拆成 headline（第一個「。」之前，不含句號）與 explain（其後）；原因碼只放 L3（§7.7.3）
importErrors.INCOMPLETE_CALENDAR_MONTH,L2,整月比較的每一期都要是完整月份（1 日到月底）,整月比較的期間要是完整月份。請改成 1 日到月底，或改用等天數比較。,split,7.7.3-errors;8.2-patterns;8.4-negation,設定層級，沒有檔名；V3-2 拆成 headline（第一個「。」之前，不含句號）與 explain（其後）；原因碼只放 L3（§7.7.3）；主層否定句改肯定句（§8.4 第 2 點）
importErrors.INVALID_COMPARISON_MODE,L2,比較方式只能是等天數或整月,比較方式不支援。請選等天數或整月。,split,7.7.3-errors;8.2-patterns,設定層級，沒有檔名；V3-2 拆成 headline（第一個「。」之前，不含句號）與 explain（其後）；原因碼只放 L3（§7.7.3）
importErrors.SALES_COVERAGE_UNCONFIRMED,L2,還沒確認銷售完整；沒有銷售列的日子會顯示「資料待補」，不會當成 0,還沒確認銷售完整。沒有銷售列的日子會顯示「資料待補」，不會當成 0。,split,7.7.3-errors;8.2-patterns,設定層級，沒有檔名；V3-2 拆成 headline（第一個「。」之前，不含句號）與 explain（其後）；原因碼只放 L3（§7.7.3）
importErrors.MISSING_COLUMN,L2,檔案缺少必要欄位「{field}」,{file}：缺少必要欄位「{field}」。請在檔案補上這一欄，或回第 2 步對照。,split,7.7.3-errors;8.2-patterns,新增占位符 {file}（§7.7.3 明文允許，由 application 依 SourceRef 帶入）；V3-2 拆成 headline（第一個「。」之前，不含句號）與 explain（其後）；原因碼只放 L3（§7.7.3）
importErrors.ANALYSIS_PERIOD_TOO_LARGE,L2,前後期合計超過約 20 年，請縮短比較期間；目前資料不變,兩期合計超過約 20 年。請縮短比較期間；目前資料不變。,split,7.7.3-errors;8.2-patterns,設定層級，沒有檔名；V3-2 拆成 headline（第一個「。」之前，不含句號）與 explain（其後）；原因碼只放 L3（§7.7.3）
importErrors.ANALYSIS_CHANNEL_LIMIT,L2,"通路超過 1,000 個，請縮小範圍；目前資料不變","通路超過 1,000 個。請縮小範圍；目前資料不變。",split,7.7.3-errors;8.2-patterns,設定層級，沒有檔名；V3-2 拆成 headline（第一個「。」之前，不含句號）與 explain（其後）；原因碼只放 L3（§7.7.3）
importErrors.MISSING_KEY,L2,第 {line} 行的「{field}」是空白；日期、通路（、商品）不能空,{file} 第 {line} 行：缺少 {column}。請補上 {column}；這一欄用來對應通路與商品。,split,7.7.3-errors;8.2-patterns,新增占位符 {file}（§7.7.3 明文允許，由 application 依 SourceRef 帶入）；§7.7.3 原文；占位符 {field} 改為 {column}（由欄位對照換成來源欄名）；V3-2 拆成 headline（第一個「。」之前，不含句號）與 explain（其後）；原因碼只放 L3（§7.7.3）
importErrors.INVALID_DATE,L2,日期格式要是 2026-08-01（第 {line} 行）,{file} 第 {line} 行：日期格式不對。這一行的日期是「{value}」，請改成 2026-08-01 這種格式，再重新選檔。,split,7.7.3-errors;8.2-patterns,新增占位符 {file}（§7.7.3 明文允許，由 application 依 SourceRef 帶入）；§7.7.3 原文；新增占位符 {value}（application 依 file:line 取原值）；V3-2 拆成 headline（第一個「。」之前，不含句號）與 explain（其後）；原因碼只放 L3（§7.7.3）
importErrors.OUTSIDE_COVERAGE,L2,第 {line} 行的日期 {date} 超出你設定的涵蓋範圍,{file} 第 {line} 行：日期 {date} 超出涵蓋範圍。請回第 3 步調整範圍，或刪掉這一列。,split,7.7.3-errors;8.2-patterns,新增占位符 {file}（§7.7.3 明文允許，由 application 依 SourceRef 帶入）；V3-2 拆成 headline（第一個「。」之前，不含句號）與 explain（其後）；原因碼只放 L3（§7.7.3）
importErrors.UNKNOWN_CHANNEL,L2,第 {line} 行的「{channel}」不在你勾選的通路裡，回第 3 步勾選或修正檔案,{file} 第 {line} 行：「{channel}」不在勾選的通路裡。請回第 3 步勾選，或修正檔案。,split,7.7.3-errors;8.2-patterns,新增占位符 {file}（§7.7.3 明文允許，由 application 依 SourceRef 帶入）；V3-2 拆成 headline（第一個「。」之前，不含句號）與 explain（其後）；原因碼只放 L3（§7.7.3）
importErrors.MIXED_CURRENCY,L2,第 {line} 行的幣別不是 TWD；目前只支援 TWD,{file} 第 {line} 行：幣別不支援。目前只支援新台幣，請改成 TWD。,split,7.7.3-errors;8.2-patterns;8.4-negation,新增占位符 {file}（§7.7.3 明文允許，由 application 依 SourceRef 帶入）；TWD 是欄位要填的值，保留；V3-2 拆成 headline（第一個「。」之前，不含句號）與 explain（其後）；原因碼只放 L3（§7.7.3）；主層否定句改肯定句（§8.4 第 2 點）
importErrors.DUPLICATE_SALES_KEY,L2,同一天、同通路、同商品出現兩列，請在來源合併後再匯入（第 {line} 行）,{file} 第 {line} 行：同一天、同通路、同商品出現兩列。請在來源合併後再匯入。,split,7.7.3-errors;8.2-patterns,新增占位符 {file}（§7.7.3 明文允許，由 application 依 SourceRef 帶入）；V3-2 拆成 headline（第一個「。」之前，不含句號）與 explain（其後）；原因碼只放 L3（§7.7.3）
importErrors.DUPLICATE_COST_KEY,L2,同一天、同通路出現兩列費用，請在來源合併後再匯入（第 {line} 行）,{file} 第 {line} 行：同一天、同通路出現兩列費用。請在來源合併後再匯入。,split,7.7.3-errors;8.2-patterns,新增占位符 {file}（§7.7.3 明文允許，由 application 依 SourceRef 帶入）；V3-2 拆成 headline（第一個「。」之前，不含句號）與 explain（其後）；原因碼只放 L3（§7.7.3）
importErrors.DUPLICATE_AD_KEY,L2,同一天、同通路出現兩列廣告費，請在來源合併後再匯入（第 {line} 行）,{file} 第 {line} 行：同一天、同通路出現兩列廣告費。請在來源合併後再匯入。,split,7.7.3-errors;8.2-patterns,新增占位符 {file}（§7.7.3 明文允許，由 application 依 SourceRef 帶入）；V3-2 拆成 headline（第一個「。」之前，不含句號）與 explain（其後）；原因碼只放 L3（§7.7.3）
importErrors.INVALID_AMOUNT,L2,「{field}」只能是數字與小數點，不要有 $、逗號或 %（第 {line} 行）,{file} 第 {line} 行：「{field}」格式不對。只填數字與小數點，不要有 $、逗號或 %。,split,7.7.3-errors;8.2-patterns;8.4-negation,新增占位符 {file}（§7.7.3 明文允許，由 application 依 SourceRef 帶入）；V3-2 拆成 headline（第一個「。」之前，不含句號）與 explain（其後）；原因碼只放 L3（§7.7.3）；主層否定句改肯定句（§8.4 第 2 點）
importErrors.NEGATIVE_AMOUNT,L2,「{field}」不能是負數（第 {line} 行）；退款、折扣請填正數,{file} 第 {line} 行：「{field}」是負數。退款、折扣請填正數。,split,7.7.3-errors;8.2-patterns,新增占位符 {file}（§7.7.3 明文允許，由 application 依 SourceRef 帶入）；V3-2 拆成 headline（第一個「。」之前，不含句號）與 explain（其後）；原因碼只放 L3（§7.7.3）
importErrors.MISSING_COGS,L2,第 {line} 行沒有商品成本；毛利會顯示「資料待補」，不會當成 0,{file} 第 {line} 行：商品成本空白。補上前，商品毛利顯示「資料待補」，不會當成 0。,split,7.7.3-errors;8.2-patterns,新增占位符 {file}（§7.7.3 明文允許，由 application 依 SourceRef 帶入）；V3-2 拆成 headline（第一個「。」之前，不含句號）與 explain（其後）；原因碼只放 L3（§7.7.3）
importErrors.MISSING_GROSS_SALES,L2,第 {line} 行沒有原價收入；該列金額會顯示「資料待補」,{file} 第 {line} 行：原價收入空白。補上前，這一列的金額顯示「資料待補」。,split,7.7.3-errors;8.2-patterns,新增占位符 {file}（§7.7.3 明文允許，由 application 依 SourceRef 帶入）；V3-2 拆成 headline（第一個「。」之前，不含句號）與 explain（其後）；原因碼只放 L3（§7.7.3）
importErrors.MISSING_DISCOUNTS,L2,第 {line} 行的折扣空白；沒有折扣請填 0,{file} 第 {line} 行：折扣空白。沒有折扣請填 0。,split,7.7.3-errors;8.2-patterns,新增占位符 {file}（§7.7.3 明文允許，由 application 依 SourceRef 帶入）；V3-2 拆成 headline（第一個「。」之前，不含句號）與 explain（其後）；原因碼只放 L3（§7.7.3）
importErrors.MISSING_REFUNDS,L2,第 {line} 行的退款空白；沒有退款請填 0,{file} 第 {line} 行：退款空白。沒有退款請填 0。,split,7.7.3-errors;8.2-patterns,新增占位符 {file}（§7.7.3 明文允許，由 application 依 SourceRef 帶入）；V3-2 拆成 headline（第一個「。」之前，不含句號）與 explain（其後）；原因碼只放 L3（§7.7.3）
importErrors.MISSING_PLATFORM_FEES,L2,第 {line} 行的平台費空白；沒有請填 0，不知道才留白,{file} 第 {line} 行：平台抽成空白。沒有抽成請填 0，真的不知道才留白。留白的日子，扣廣告前後的貢獻都顯示「資料待補」。,split,8.3-terms;7.7.3-errors;8.2-patterns,新增占位符 {file}（§7.7.3 明文允許，由 application 依 SourceRef 帶入）；§7.7.3 原文；V3-2 拆成 headline（第一個「。」之前，不含句號）與 explain（其後）；原因碼只放 L3（§7.7.3）
importErrors.MISSING_PAYMENT_FEES,L2,第 {line} 行的金流費空白；沒有請填 0，不知道才留白,{file} 第 {line} 行：金流手續費空白。沒有手續費請填 0，真的不知道才留白。,split,7.7.3-errors;8.2-patterns,新增占位符 {file}（§7.7.3 明文允許，由 application 依 SourceRef 帶入）；欄位名用指標名稱（§7.7.3）；V3-2 拆成 headline（第一個「。」之前，不含句號）與 explain（其後）；原因碼只放 L3（§7.7.3）
importErrors.MISSING_FULFILLMENT_COSTS,L2,第 {line} 行的物流費空白；沒有請填 0，不知道才留白,{file} 第 {line} 行：物流與包材費空白。沒有費用請填 0，真的不知道才留白。,split,7.7.3-errors;8.2-patterns,新增占位符 {file}（§7.7.3 明文允許，由 application 依 SourceRef 帶入）；欄位名用指標名稱（§7.7.3）；V3-2 拆成 headline（第一個「。」之前，不含句號）與 explain（其後）；原因碼只放 L3（§7.7.3）
importErrors.MISSING_OTHER_VARIABLE_COSTS,L2,第 {line} 行的其他變動費用空白；沒有請填 0，不知道才留白,{file} 第 {line} 行：其他變動費用空白。沒有費用請填 0，真的不知道才留白。,split,7.7.3-errors;8.2-patterns,新增占位符 {file}（§7.7.3 明文允許，由 application 依 SourceRef 帶入）；V3-2 拆成 headline（第一個「。」之前，不含句號）與 explain（其後）；原因碼只放 L3（§7.7.3）
importErrors.MISSING_AD_SPEND,L2,第 {line} 行的廣告費空白；沒投放請填 0，不要留空,{file} 第 {line} 行：廣告投放費空白。沒投放請填 0，不要留白。,split,7.7.3-errors;8.2-patterns,新增占位符 {file}（§7.7.3 明文允許，由 application 依 SourceRef 帶入）；欄位名用指標名稱（§7.7.3）；V3-2 拆成 headline（第一個「。」之前，不含句號）與 explain（其後）；原因碼只放 L3（§7.7.3）
importErrors.MISSING_UNITS_SOLD,L2,第 {line} 行的件數空白，不會當成 0,{file} 第 {line} 行：件數空白。補上前，件數顯示「資料待補」，不會當成 0。,split,7.7.3-errors;8.2-patterns,新增占位符 {file}（§7.7.3 明文允許，由 application 依 SourceRef 帶入）；V3-2 拆成 headline（第一個「。」之前，不含句號）與 explain（其後）；原因碼只放 L3（§7.7.3）
importErrors.INVALID_UNITS,L2,第 {line} 行的件數要是整數,{file} 第 {line} 行：件數有小數或文字。請填整數。,split,7.7.3-errors;8.2-patterns;8.4-negation,新增占位符 {file}（§7.7.3 明文允許，由 application 依 SourceRef 帶入）；V3-2 拆成 headline（第一個「。」之前，不含句號）與 explain（其後）；原因碼只放 L3（§7.7.3）；主層否定句改肯定句（§8.4 第 2 點）
importErrors.INCONSISTENT_CATEGORY,L2,第 {line} 行的商品品類和其他列不一樣；同一商品的品類要一致,{file} 第 {line} 行：商品品類和其他列不一樣。同一商品請用同一個品類。,split,7.7.3-errors;8.2-patterns,新增占位符 {file}（§7.7.3 明文允許，由 application 依 SourceRef 帶入）；V3-2 拆成 headline（第一個「。」之前，不含句號）與 explain（其後）；原因碼只放 L3（§7.7.3）
importErrors.DISCOUNT_EXCEEDS_GROSS,L2,第 {line} 行的折扣大於原價收入，請檢查,{file} 第 {line} 行：折扣大於原價收入。請檢查兩欄的金額。,split,7.7.3-errors;8.2-patterns,新增占位符 {file}（§7.7.3 明文允許，由 application 依 SourceRef 帶入）；V3-2 拆成 headline（第一個「。」之前，不含句號）與 explain（其後）；原因碼只放 L3（§7.7.3）
importErrors.MISSING_CHANNEL_COST_DAY,L2,{date} {channel} 沒有費用列；沒費用請填 0，不要留空,{date} {channel}：沒有費用列。沒費用請填 0，不要留空。,split,7.7.3-errors;8.2-patterns,缺整列，沒有原始行號與檔名；V3-2 拆成 headline（第一個「。」之前，不含句號）與 explain（其後）；原因碼只放 L3（§7.7.3）
importErrors.MISSING_AD_DAY,L2,{date} {channel} 沒有廣告列；沒投放請填 0，不要留空,{date} {channel}：沒有廣告列。沒投放請填 0，不要留空。,split,7.7.3-errors;8.2-patterns,缺整列，沒有原始行號與檔名；V3-2 拆成 headline（第一個「。」之前，不含句號）與 explain（其後）；原因碼只放 L3（§7.7.3）
basis.title,L1,口徑說明,指標定義,renamed,D-V3-2,§8.3 #15：口徑對話框改名「指標定義」；名詞小辭典與業界說法對照段落也放在這裡
basis.items.0,L2,金額都是未稅、依結帳（入帳）日計算。,金額都是未稅、依結帳（入帳）日計算。,unchanged,,
basis.items.1,L2,四層數字：淨營收 → 商品毛利 → 通路貢獻 → 扣廣告後貢獻。,四層數字：淨營收、商品毛利、扣廣告前貢獻、扣廣告後貢獻，一層一層往下扣。,reworded,D-V3-1;8.4-blacklist,
basis.items.2,L2,不包含：固定費（房租、人事）、所得稅、消費者付的運費收入、平台補貼。所以扣廣告後貢獻不是公司淨利。,不包含：固定費（房租、人事）、所得稅、消費者付的運費收入、平台補貼。所以扣廣告後貢獻不是公司淨利。,unchanged,,
basis.items.3,L2,兩期的差額是「發生了什麼」，不是「為什麼」；也不是可以省下的錢。,差額說明發生了什麼，原因還需要確認；差額也不是可以省下的錢。,reworded,8.2-patterns,
basis.items.4,L2,合計已包含各通路，各通路的差額不能再加總。,合計已包含各通路；各通路的差額不能再相加。,reworded,8.7-punct,
basis.items.5,L2,退款比是金額比，不是件數退貨率，也不是同批訂單最終退貨率。,退款金額比是金額比，不是件數退貨率，也不是同批訂單的最終退貨率。,reworded,8.3-terms,
basis.items.6,L2,假設試算是「如果這樣做會變多少」，不是預測；三個方案不能相加。,假設試算是「如果這樣做會變多少」，不是預測；方案之間不能相加。,reworded,8.1-L2,
basis.items.7,L2,MER（淨營收 ÷ 廣告費）常被稱為 ROAS，但沒有媒體歸因；廣告費為 0 時不顯示。,廣告效率（MER）＝淨營收 ÷ 廣告投放費，是全通路合計。算法和平台後台的 ROAS 不同；廣告費為 0 時顯示「不適用」。,reworded,D-V3-5;8.3-terms,
basis.items.8,L2,商品頁只看商品毛利；廣告與平台費不分到單一商品。,商品頁只看商品毛利；廣告與平台抽成不分到單一商品。,renamed,8.3-terms,
basis.footer,L2,扣廣告後貢獻不含固定費與稅；兩期差額不等於原因,扣廣告後貢獻不含固定費與稅。,reworded,8.8-#17;8.4-blacklist,頁尾另接「［指標定義］」連結（buttons.basis）
basis.aliases.contribution_after_marketing.0,other,行銷後貢獻,行銷後貢獻,unchanged,,§8.9：basis.aliases 要補上全部 v2 舊名（通路貢獻、行銷前貢獻、行銷後貢獻、邊際貢獻、口徑、看證據、怎麼算的、公式與來源、行動、輔助指標、廣告投報），新增 key 由 V3-2 處理
basis.aliases.contribution_after_marketing.1,other,邊際貢獻,邊際貢獻,unchanged,,
basis.aliases.contribution_before_marketing.0,other,行銷前貢獻,行銷前貢獻,unchanged,,
basis.aliasNote,other,別名：扣廣告後貢獻＝行銷後貢獻／邊際貢獻；通路貢獻＝行銷前貢獻。結帳日＝來源入帳日。,別名：扣廣告後貢獻＝行銷後貢獻、邊際貢獻。扣廣告前貢獻＝通路貢獻、行銷前貢獻。結帳日＝來源入帳日。,reworded,D-V3-1;8.9-rename,別名說明（同 basis.aliases，黑名單例外）；舊名「通路貢獻」改列為別名
demoChannelAlias.DTC,other,官網 · DTC,官網 · DTC,unchanged,,
demoChannelAlias.MARKETPLACE,other,平台 · MARKETPLACE,平台 · MARKETPLACE,unchanged,,
demoCategoryAlias.HOME,other,居家,居家,unchanged,,
demoCategoryAlias.CARE,other,保養,保養,unchanged,,
demoCategoryAlias.ACCESSORIES,other,配件,配件,unchanged,,
demoCategoryAlias.ELECTRONICS,other,3C,3C,unchanged,,
emptyState.eyebrow,L1,先用示範資料看看,（刪除）,removed,8.8-#16;7.10-empty,首次進入版面只有標題、一句說明、兩個按鈕
emptyState.title,L1,營收漲了，到底多賺還是少賺？,還沒有資料,reworded,8.3-terms;8.8-#16;7.10-empty,relaunch.ogHeadline 目前引用這個 key，V3-2 要改成獨立字串，避免分享圖變成「還沒有資料」
emptyState.body,L2,按「試試示範資料」→ 看「本期三件事」→ 點任一數字看「怎麼算的」。示範資料為合成資料，不代表任何真實商家。,匯入銷售、通路費用、廣告三份日報 CSV，或先用示範資料（虛構）看看。,reworded,14.1;8.8-#16;8.4-blacklist,原本引用 buttons.loadDemo／sections.topThree／sections.evidence 的組字移除；README「30 秒試用」要同步
emptyState.steps.0,L1,匯入資料,（刪除）,removed,7.10-empty,§7.10 首次進入版面沒有步驟列，改為「需要的檔案」表；功能不受影響
emptyState.steps.1,L1,看哪裡賺、哪裡賠,（刪除）,removed,7.10-empty,同 steps.0
emptyState.steps.2,L1,決定要做什麼,（刪除）,removed,7.10-empty,同 steps.0
assist.version,L3,assist-kpi-v1,assist-kpi-v1,unchanged,,
assist.intro,L2,給經理人熟悉的數字；標示「輔助」，不混入上方的財務核心。,件數、件均、毛利率、費用佔比和 MER，不列入貢獻計算。,reworded,8.8-#10;8.3-terms,改當「其他常用指標」標題旁的 `?` 說明
assist.items.units_sold.label,L1,售出件數,售出件數,unchanged,,
assist.items.units_sold.short,L1,件數,件數,unchanged,,
assist.items.units_sold.plain,L2,期間內賣出的件數（退貨不扣）,期間內賣出的件數（退貨不扣）,unchanged,,
assist.items.units_sold.formula,L3,Σ 售出件數,Σ 售出件數,unchanged,,
assist.items.units_sold.formulaTechnical,L3,units_sold = Σ sales.units_sold（任一列缺 → null）,units_sold = Σ sales.units_sold（任一列缺 → null）,unchanged,,
assist.items.net_revenue_per_unit.label,L1,件均淨營收,件均淨營收,unchanged,,
assist.items.net_revenue_per_unit.short,L1,件均,件均,unchanged,,
assist.items.net_revenue_per_unit.plain,L2,平均每件賣出的淨營收,平均每件賣出的淨營收,unchanged,,
assist.items.net_revenue_per_unit.formula,L3,淨營收 ÷ 售出件數,淨營收 ÷ 售出件數,unchanged,,
assist.items.net_revenue_per_unit.formulaTechnical,L3,net_revenue_per_unit = net_revenue / units_sold（ROUND_HALF_UP 2 位；件數 0 或缺 → 不適用／資料待補）,net_revenue_per_unit = net_revenue / units_sold（ROUND_HALF_UP 2 位；件數 0 或缺 → 不適用／資料待補）,unchanged,,
assist.notApplicable,L1,不適用,不適用,unchanged,,
assist.reasons.zeroUnits,L2,件數為 0，件均不適用,件數為 0，件均不適用,unchanged,,
assist.reasons.zeroAds,L2,廣告費為 0，MER 不適用,廣告費為 0，MER 不適用,unchanged,,
assist.reasons.missingUnits,L2,有列缺件數，資料待補,有列缺件數，資料待補,unchanged,,
assist.units.count,L1,{value} 件,{value} 件,unchanged,,
assist.units.perUnit,L1,{value} 元／件,{value} 元／件,unchanged,,
assist.technicalVersion,L3,assist_kpi_version,assist_kpi_version,unchanged,,
targets.section,L1,目標達成,目標達成,unchanged,,
targets.entry,L1,目標（選填）,目標（選填）,unchanged,,
targets.intro,L2,"上傳 targets.csv（period_start,period_end,channel,metric,target；channel 可填 ALL；金額未稅 TWD）。只有目標期間與本期完全相同才顯示達成率，不按比例折算。",上傳 targets.csv，欄位是 period_start、period_end、channel、metric、target；channel 可填 ALL，金額未稅。只有目標期間與本期完全相同才顯示達成率，不按比例折算。,reworded,8.4-no-english,欄名是 CSV 規格，保留英文；刪除 TWD
targets.upload,control,讀取目標檔,讀取目標檔,unchanged,,
targets.loaded,L1,已讀取 {n} 筆目標（{name}）,已讀取 {n} 筆目標（{name}）,unchanged,,
targets.remove,control,移除目標,移除目標,unchanged,,
targets.none,L2,尚未提供目標。,尚未提供目標。,unchanged,,
targets.template,control,下載 targets.csv 範本,下載 targets.csv 範本,unchanged,,
targets.csvTarget,other,目標：{metric},目標：{metric},unchanged,,
targets.csvAchievement,other,達成率：{metric},達成率：{metric},unchanged,,
targets.mdNone,other,沒有與本期完全相同的目標期間。,沒有與本期完全相同的目標期間。,unchanged,,
targets.achievedBudget,L1,廣告預算 {target} · 用掉 {rate},廣告預算 {target} · 用掉 {rate},unchanged,,
targets.evidenceTitle,L1,目標達成：{metric},目標達成：{metric},unchanged,,
targets.formula,L3,實際 ÷ 目標,實際 ÷ 目標,unchanged,,
targets.actual,L1,實際,實際,unchanged,,
targets.sourceLine,L1,{file} 第 {line} 行,{file} 第 {line} 行,unchanged,,
targets.download,control,下載目前的 targets.csv,下載目前的 targets.csv,unchanged,,
targets.removeRow,control,刪除這列,刪除這列,unchanged,,
targets.achieved,L1,目標 {target} · 達成 {rate},目標 {target} · 達成 {rate},unchanged,,
targets.mismatch,L1,目標期間 {start}–{end} 與本期不一致,目標期間 {start}–{end} 與本期不一致,unchanged,,
targets.undefinedTarget,L1,目標 ≤ 0，達成率不定義,目標 ≤ 0，達成率不適用,reworded,8.3-terms,
targets.columns.period_start,L1,目標起日,目標起日,unchanged,,
targets.columns.period_end,L1,目標迄日,目標迄日,unchanged,,
targets.columns.channel,L1,通路,通路,unchanged,,
targets.columns.metric,L1,指標,指標,unchanged,,
targets.columns.target,L1,目標,目標,unchanged,,
targets.errors.MISSING_COLUMN,L2,targets.csv 缺少欄位「{field}」,targets.csv：缺少欄位「{field}」。請補上這一欄。,split,7.7.3-errors;8.2-patterns,V3-2 拆成 headline（第一個「。」之前）與 explain（其後）（§7.7.3 句型，檔名是固定字串）
targets.errors.INVALID_DATE,L2,第 {line} 行的日期格式要是 2026-08-01,targets.csv 第 {line} 行：日期格式不對。請改成 2026-08-01。,split,7.7.3-errors;8.2-patterns,V3-2 拆成 headline（第一個「。」之前）與 explain（其後）（§7.7.3 句型，檔名是固定字串）
targets.errors.PERIOD_ORDER,L2,第 {line} 行的迄日早於起日,targets.csv 第 {line} 行：迄日早於起日。請對調兩個日期。,split,7.7.3-errors;8.2-patterns,V3-2 拆成 headline（第一個「。」之前）與 explain（其後）（§7.7.3 句型，檔名是固定字串）
targets.errors.INVALID_METRIC,L2,第 {line} 行的指標「{value}」不支援；可用：net_revenue、gross_profit、contribution_after_marketing、ad_spend,targets.csv 第 {line} 行：指標「{value}」不支援。可用 net_revenue、gross_profit、contribution_after_marketing、ad_spend。,split,7.7.3-errors;8.2-patterns,V3-2 拆成 headline（第一個「。」之前）與 explain（其後）（§7.7.3 句型，檔名是固定字串）
targets.errors.INVALID_TARGET,L2,第 {line} 行的目標「{value}」只能是數字與小數點（最多兩位）,targets.csv 第 {line} 行：目標「{value}」格式不對。只填數字與小數點，最多兩位。,split,7.7.3-errors;8.2-patterns,V3-2 拆成 headline（第一個「。」之前）與 explain（其後）（§7.7.3 句型，檔名是固定字串）
targets.errors.UNKNOWN_CHANNEL,L2,第 {line} 行的通路「{value}」不在資料集裡（可填 ALL）,targets.csv 第 {line} 行：通路「{value}」不在資料集裡。請改成資料裡的通路，或填 ALL。,split,7.7.3-errors;8.2-patterns,V3-2 拆成 headline（第一個「。」之前）與 explain（其後）（§7.7.3 句型，檔名是固定字串）
targets.errors.DUPLICATE,L2,第 {line} 行與第 {other} 行重複（同期間、同通路、同指標）,targets.csv 第 {line} 行：和第 {other} 行重複（同期間、同通路、同指標）。請刪掉其中一列。,split,7.7.3-errors;8.2-patterns,V3-2 拆成 headline（第一個「。」之前）與 explain（其後）（§7.7.3 句型，檔名是固定字串）
targets.errors.EMPTY,L2,targets.csv 沒有資料列,targets.csv：沒有資料列。請至少填一列目標。,split,7.7.3-errors;8.2-patterns,V3-2 拆成 headline（第一個「。」之前）與 explain（其後）（§7.7.3 句型，檔名是固定字串）
targets.errors.TOO_MANY_ROWS,L2,targets.csv 超過 {max} 列（備份上限），請縮小範圍,targets.csv：超過 {max} 列（備份上限）。請縮小範圍。,split,7.7.3-errors;8.2-patterns,V3-2 拆成 headline（第一個「。」之前）與 explain（其後）（§7.7.3 句型，檔名是固定字串）
events.section,L1,促銷檔期,促銷檔期,unchanged,,
events.entry,L1,檔期（選填）,檔期（選填）,unchanged,,
events.intro,L2,"上傳 events.csv（start,end,label；例 2026-07-15,2026-07-20,夏季特賣）。只在趨勢圖標示與三件事提示，不改任何計算。","上傳 events.csv，欄位是 start、end、label，例：2026-07-15,2026-07-20,夏季特賣。只在趨勢圖標示與三件事提示，不改任何計算。",reworded,8.1-L2,
events.upload,control,讀取檔期檔,讀取檔期檔,unchanged,,
events.loaded,L1,已讀取 {n} 個檔期（{name}）,已讀取 {n} 個檔期（{name}）,unchanged,,
events.remove,control,移除檔期,移除檔期,unchanged,,
events.none,L2,尚未提供檔期。,尚未提供檔期。,unchanged,,
events.legend,L1,檔期,檔期,unchanged,,
events.during,L1,（{label}期間）,（{label}期間）,unchanged,,
events.joiner,L1,、,、,unchanged,,
events.template,control,下載 events.csv 範本,下載 events.csv 範本,unchanged,,
events.trendList,L1,檔期：{list},檔期：{list},unchanged,,
events.trendItem,L1,{label}（{start}～{end}）,{label}（{start}–{end}）,reworded,8.7-punct,
events.download,control,下載目前的 events.csv,下載目前的 events.csv,unchanged,,
events.removeRow,control,刪除這列,刪除這列,unchanged,,
events.columns.start,L1,起日,起日,unchanged,,
events.columns.end,L1,迄日,迄日,unchanged,,
events.columns.label,L1,名稱,名稱,unchanged,,
events.errors.MISSING_COLUMN,L2,events.csv 缺少欄位「{field}」,events.csv：缺少欄位「{field}」。請補上這一欄。,split,7.7.3-errors;8.2-patterns,V3-2 拆成 headline（第一個「。」之前）與 explain（其後）（§7.7.3 句型，檔名是固定字串）
events.errors.INVALID_DATE,L2,第 {line} 行的日期格式要是 2026-08-01,events.csv 第 {line} 行：日期格式不對。請改成 2026-08-01。,split,7.7.3-errors;8.2-patterns,V3-2 拆成 headline（第一個「。」之前）與 explain（其後）（§7.7.3 句型，檔名是固定字串）
events.errors.PERIOD_ORDER,L2,第 {line} 行的迄日早於起日,events.csv 第 {line} 行：迄日早於起日。請對調兩個日期。,split,7.7.3-errors;8.2-patterns,V3-2 拆成 headline（第一個「。」之前）與 explain（其後）（§7.7.3 句型，檔名是固定字串）
events.errors.EMPTY_LABEL,L2,第 {line} 行的名稱空白,events.csv 第 {line} 行：名稱空白。請填檔期名稱。,split,7.7.3-errors;8.2-patterns,V3-2 拆成 headline（第一個「。」之前）與 explain（其後）（§7.7.3 句型，檔名是固定字串）
events.errors.LABEL_TOO_LONG,L2,第 {line} 行的名稱超過 60 字,events.csv 第 {line} 行：名稱超過 60 字。請縮短名稱。,split,7.7.3-errors;8.2-patterns,V3-2 拆成 headline（第一個「。」之前）與 explain（其後）（§7.7.3 句型，檔名是固定字串）
events.errors.EMPTY,L2,events.csv 沒有資料列,events.csv：沒有資料列。請至少填一個檔期。,split,7.7.3-errors;8.2-patterns,V3-2 拆成 headline（第一個「。」之前）與 explain（其後）（§7.7.3 句型，檔名是固定字串）
events.errors.TOO_MANY_ROWS,L2,events.csv 超過 {max} 個檔期（備份上限），請縮小範圍,events.csv：超過 {max} 個檔期（備份上限）。請縮小範圍。,split,7.7.3-errors;8.2-patterns,V3-2 拆成 headline（第一個「。」之前）與 explain（其後）（§7.7.3 句型，檔名是固定字串）
diagnosisList.listAria,control,健檢清單：資料缺漏排最前面，其餘依對貢獻影響的金額由大到小,健檢清單：資料缺漏排最前面，其餘依影響金額由大到小,reworded,8.3-terms,
diagnosisList.moreScopes,L1,等 {n} 個,等 {n} 個,unchanged,,
diagnosisList.scopeSwitch,L1,切換要看的範圍,切換要看的範圍,unchanged,,
diagnosisList.scopeImpact,L1,{impact}・{scope},{impact} · {scope},reworded,8.4-separator,
diagnosisList.scopeHeadline,L1,{scope}：{headline},{scope}：{headline},unchanged,,
diagnosisList.dataFor,L1,{data}・{scope},{data} · {scope},reworded,8.4-separator,
diagnosisList.ruleCode,L3,規則代號,規則代號,unchanged,,
diagnosisList.factIds,L3,引用的數據代號,引用的數字代號,reworded,8.4-blacklist,
diagnosisList.limitations,L1,限制,限制,unchanged,,
diagnosisList.metricVersion,L3,指標版本,指標版本,unchanged,,
diagnosisList.skuRanking,L1,本期商品毛利,本期商品毛利,unchanged,,
diagnosisList.thresholdHelp,L2,資料缺漏排最前面。同一個問題在合計與各通路都出現時合併成一列，以合計的金額為準（沒有合計時取金額最大的範圍）。已套用 {amount} 元。,資料缺漏排最前面。同一個問題在合計與各通路都出現時合併成一列，以合計的金額為準。已套用 {amount} 元。,reworded,8.1-L2,括號內「沒有合計時取金額最大的範圍」移到 techPriorityNote（L3）
diagnosisList.techPriorityNote,L3,- 摘要排序：資料缺漏排最前面。同一個問題在合計與各通路都出現時合併成一組，依合計的「對貢獻影響」絕對值排序（沒有合計時取金額最大的範圍）；最多列三組，不改底層規則。,- 摘要排序：資料缺漏排最前面。同一個問題在合計與各通路都出現時合併成一組，依合計的「影響金額」絕對值排序（沒有合計時取金額最大的範圍）；最多列三組，不改底層規則。,renamed,8.3-terms,
scenarioPresets.menuPlaceholder,control,選一個範本…,選一個範本…,unchanged,,
scenarioPresets.items.keep.name,L1,維持現況,維持現況,unchanged,,
scenarioPresets.items.keep.purpose,L2,五格都是 0，結果應等於現況；適合從這裡一格一格改。,五格都是 0，結果應等於現況；適合從這裡一格一格改。,unchanged,,
scenarioPresets.items.double11.name,L1,雙 11 檔期,雙 11 檔期,unchanged,,
scenarioPresets.items.double11.purpose,L2,檔期衝量：銷量 +60%、多給 5 個百分點折扣、廣告預算加倍，看衝完還剩多少。,檔期衝量：銷量 +60%、多給 5 個百分點折扣、廣告預算加倍，看衝完還剩多少。,unchanged,,
scenarioPresets.items.cut_ads_half.name,L1,砍廣告一半,砍廣告一半,unchanged,,
scenarioPresets.items.cut_ads_half.purpose,L2,廣告預算減半，先假設銷量少 20%，看省下的廣告費補不補得回來。,廣告預算減半，先假設銷量少 20%，看省下的廣告費補不補得回來。,unchanged,,
scenarioPresets.items.cancel_free_shipping.name,L1,取消免運（物流費自付）,取消免運（物流費自付）,unchanged,,
scenarioPresets.items.cancel_free_shipping.purpose,L2,改由買家付運費：每件物流費少 40%，先假設銷量少 10%。,改由買家付運費：每件物流費少 40%，先假設銷量少 10%。,unchanged,,
scenarioPresets.items.price_up_5.name,L1,漲價 5%（以降折扣模擬）,漲價 5%（以降折扣模擬）,unchanged,,
scenarioPresets.items.price_up_5.purpose,L2,試算的牌價固定，用少給 5 個百分點折扣代替漲價，先假設銷量少 5%。,試算的牌價固定，用少給 5 個百分點折扣代替漲價，先假設銷量少 5%。,unchanged,,
scenarioPresets.items.kol.name,L1,KOL 合作,KOL 合作,unchanged,,
scenarioPresets.items.kol.purpose,L2,"付一筆 50,000 元的合作費（一次性），先假設銷量多 15%。","付一筆 50,000 元的合作費（一次性），先假設銷量多 15%。",unchanged,,
scenarioPresets.absolute.unavailable.volume_change_pct,L2,本期售出件數缺漏或為 0，請改用相對 %。,本期售出件數缺漏或為 0，請改用相對 %。,unchanged,,
scenarioPresets.absolute.unavailable.discount_change_pp,L2,本期折扣率算不出來，請改用相對點數。,本期折扣率算不出來，請改用相對值（個百分點）。,reworded,8.5-numbers,
scenarioPresets.absolute.unavailable.ad_change_pct,L2,本期廣告費為 0 或缺漏，請改用相對 %。,本期廣告費為 0 或缺漏，請改用相對 %。,unchanged,,
scenarioPresets.absolute.errors.volume_change_pct,L2,目標件數請填 0 以上的整數，不含千分位。,目標件數請填 0 以上的整數，不含千分位。,unchanged,,
scenarioPresets.absolute.errors.discount_change_pp,L2,新折扣率請填 0 以上、未滿 100 的數字（單位 %），不含 % 符號。,新折扣率請填 0 以上、未滿 100 的數字（單位 %），不含 % 符號。,unchanged,,
scenarioPresets.absolute.errors.ad_change_pct,L2,新預算請填 0 以上的金額，最多兩位小數，不含千分位。,新預算請填 0 以上的金額，最多兩位小數，不含千分位。,unchanged,,
scenarioPresets.absolute.equivalentPct,L1,＝ 相對 {value}%,＝ 相對 {value}%,unchanged,,
scenarioPresets.absolute.equivalentPoints,L1,＝ 相對 {value} 點,＝ 相對 {value} 個百分點,reworded,8.5-numbers,
scenarioPresets.absolute.equivalentUnits,L1,＝ 目標 {value},＝ 目標 {value},unchanged,,
scenarioPresets.absolute.equivalentUnitsApprox,L1,＝ 目標約 {value},＝ 目標約 {value},unchanged,,
scenarioPresets.absolute.equivalentDiscountRate,L1,＝ 新折扣率 {value}%,＝ 新折扣率 {value}%,unchanged,,
scenarioPresets.absolute.equivalentBudget,L1,＝ 新預算 {value},＝ 新預算 {value},unchanged,,
scenarioPresets.absolute.nonIntegerUnits,L2,目前的相對值換算是 {units}（有小數）；改填整數件數才會更新這一格。,目前的相對值換算是 {units}（有小數）；改填整數件數才會更新這一格。,unchanged,,
scenarioPresets.range.invalidNumber,L2,請填數字，不含 %、千分位或科學記號。,請填數字，不含 %、千分位或科學記號。,unchanged,,
scenarioPresets.range.pct,L2,這格要介於 {min}% 與 {max}%（含）；超出就無法試算。,這格要介於 {min}% 與 {max}%（含）；超出就無法試算。,unchanged,,
scenarioPresets.range.discount,L2,調整後折扣率會是 {rate}%，要在 0%（含）到 100%（不含）之間。,調整後折扣率會是 {rate}%，要在 0%（含）到 100%（不含）之間。,unchanged,,
scenarioPresets.range.oneOff,L2,一次性費用要填 0 以上的金額，最多兩位小數。,一次性費用要填 0 以上的金額，最多兩位小數。,unchanged,,
scenarioForm.channel,L1,試算的通路,試算的通路,unchanged,,
scenarioForm.channelHint,L2,只換這一頁要試算的通路，上方的範圍不變。,只換這一頁要試算的通路，上方的範圍不變。,unchanged,,
scenarioForm.assumptionsSummary,L1,這個試算假設了什麼（必讀）,這個試算假設了什麼（必讀）,unchanged,,
scenarioForm.version,L1,版本 {n},版本 {n},unchanged,,
scenarioForm.modeGroup,L1,{field}的輸入方式,{field}的輸入方式,unchanged,,
scenarioForm.presetApplied,L1,已套用「{name}」：{purpose},已套用「{name}」：{purpose},unchanged,,
scenarioForm.presetSelect,control,範本,範本,unchanged,,
scenarioForm.presetOverwrite,L1,會覆寫目前的假設,會覆寫目前的假設,unchanged,,
scenarioForm.discountAbsoluteHint,control,本期 {rate} → 新折扣率（%）,新折扣率（%，本期 {rate}）,reworded,8.4-blacklist,
scenarioForm.otherChannels,L1,其他通路的方案,其他通路的方案,unchanged,,
scenarioForm.otherChannelsEmpty,L2,這個通路還沒有方案。,這個通路還沒有方案。,unchanged,,
actionBoard.viewToggle,control,待辦的檢視方式,待辦的檢視方式,unchanged,,
actionBoard.viewBoard,control,看板,看板,unchanged,,
actionBoard.viewList,control,清單,清單,unchanged,,
actionBoard.boardIntro,L2,依執行狀態分四欄；用卡片上的「移到…」按鈕改狀態，點「展開編輯」修改內容與引用的數據。,（刪除，併入待辦頁 `?` 說明）,removed,8.4-blacklist;8.8-#18,§8.8 #18：待辦頁兩段說明合併成一句 `?` 說明；「移到…」按鈕本身有 aria-label，鍵盤操作不受影響
actionBoard.columnCount,L1,{n} 項,{n} 項,unchanged,,
actionBoard.columnEmpty,L2,這一欄目前沒有待辦。,這一欄目前沒有待辦。,unchanged,,
actionBoard.moveGroup,L1,第 {n} 項改狀態,第 {n} 項改狀態,unchanged,,
actionBoard.moveTo,control,移到{status},移到{status},unchanged,,
actionBoard.moved,L2,已把第 {n} 項移到「{status}」。,已把第 {n} 項移到「{status}」。,unchanged,,
actionBoard.expandEdit,control,展開編輯,展開編輯,unchanged,,
actionBoard.untitled,L1,（還沒寫問題）,（還沒寫問題）,unchanged,,
actionBoard.unassigned,L1,未指定,未指定,unchanged,,
actionBoard.noDeadline,L1,未定,未定,unchanged,,
actionBoard.ownerListHint,L2,可直接選最近用過的負責人，或輸入新的名字。,可直接選最近用過的負責人，或輸入新的名字。,unchanged,,
actionBoard.evidenceSearchHint,L2,已勾選的數據會一直顯示；搜尋只過濾還沒勾選的。,已勾選的數字會一直顯示；搜尋只過濾還沒勾選的。,reworded,8.4-blacklist,
actionBoard.evidenceSelected,L1,已選 {n} 項,已選 {n} 項,unchanged,,
actionBoard.evidenceNoMatch,L2,沒有符合搜尋的數據。,沒有符合搜尋的數字。,reworded,8.4-blacklist,
actionBoard.evidenceNone,L2,這項待辦的範圍內沒有可引用的數據。,這項待辦的範圍內沒有可引用的數字。,reworded,8.4-blacklist,
actionBoard.statusUpdated,L1,狀態更新於 {date},狀態更新於 {date},unchanged,,
productHighlights.intro,L2,通路費與廣告不分到商品，這裡只看商品毛利。,通路費與廣告不分到商品，這裡只看商品毛利。,unchanged,,
productHighlights.worstTitle,L1,本期毛利最差 {n} 個,本期商品毛利最差 {n} 個,reworded,8.3-terms,
productHighlights.worstNote,L2,依本期商品毛利由低到高；本期沒有銷售的商品以 0 計入；毛利待補的商品不列入。,依本期商品毛利由低到高。本期沒有銷售的商品以 0 計入，商品毛利待補的不列入。,reworded,8.3-terms;8.1-L2,
productHighlights.worstEmpty,L2,本期沒有可計算毛利的商品。,本期沒有可計算商品毛利的商品。,reworded,8.3-terms,
productHighlights.worstAria,control,本期毛利最差的商品，可水平捲動,本期商品毛利最差的商品，可水平捲動,reworded,8.3-terms,
productHighlights.worstCaption,L2,本期商品毛利由低到高，含商品毛利差額與毛利率,本期商品毛利由低到高，含商品毛利差額與毛利率,unchanged,,
productHighlights.bestTitle,L1,毛利增加最多 {n} 個,商品毛利增加最多 {n} 個,reworded,8.3-terms,
productHighlights.bestNote,L2,只列商品毛利差額大於 0 的商品，由高到低。,只列商品毛利差額大於 0 的商品，由高到低。,unchanged,,
productHighlights.bestEmpty,L2,本期沒有毛利增加的商品。,本期沒有商品毛利增加的商品。,reworded,8.3-terms,
productHighlights.bestAria,control,毛利增加最多的商品，可水平捲動,商品毛利增加最多的商品，可水平捲動,reworded,8.3-terms,
productHighlights.bestCaption,L2,商品毛利差額由高到低，含本期商品毛利與毛利率,商品毛利差額由高到低，含本期商品毛利與毛利率,unchanged,,
productHighlights.fullTable,L1,全部商品,全部商品,unchanged,,
productHighlights.moreColumns,L1,更多欄位,更多欄位,unchanged,,
productHighlights.moreColumnsHint,L2,顯示本期商品成本、折扣、退款與上期其他欄位,顯示本期商品成本、折扣、退款與上期其他欄位,unchanged,,
productHighlights.columns.dataStatus,L1,資料狀態,資料狀態,unchanged,,
productHighlights.status.both,L1,兩期皆有,兩期皆有,unchanged,,
productHighlights.status.current_only,L1,僅本期,僅本期,unchanged,,
productHighlights.status.previous_only,L1,僅上期,僅上期,unchanged,,
productHighlights.status.cost_unknown,L1,成本未知,成本待補,reworded,8.3-terms,
productHighlights.status.coverage_unknown,L1,銷售完整性待確認,銷售完整性待確認,unchanged,,
meetingRecord.kinds.none,L1,沒有上次會議,沒有上次會議,unchanged,,
meetingRecord.kinds.same_scope,L1,同範圍，可直接比較,同範圍，可直接比較,unchanged,,
meetingRecord.kinds.different_periods,L1,期間不同，照樣比較,期間不同，照樣比較,unchanged,,
meetingRecord.kinds.different_dataset,L1,資料或通路不同，只列決議與待辦,資料或通路不同，只列決議與待辦,unchanged,,
meetingRecord.noLastMeeting,L2,還沒有已結束的會議；結束本次會議後，下次會議會在這裡和本次比較。,還沒有已結束的會議；結束本次會議後，下次會議會在這裡和本次比較。,unchanged,,
meetingRecord.sameScope,L2,與上次會議使用同一份資料、同樣的兩期與通路，以下直接比較。,與上次會議使用同一份資料、同樣的兩期與通路，以下直接比較。,unchanged,,
meetingRecord.differentPeriods,L1,上次 {last}，本次 {current},上次 {last}，本次 {current},unchanged,,
meetingRecord.differentPreviousPeriods,L2,兩次本期相同（{current}），上期不同：上次 {lastPrevious}，本次 {currentPrevious},兩次本期相同（{current}），上期不同：上次 {lastPrevious}，本次 {currentPrevious},unchanged,,
meetingRecord.differentComparisonMode,L1,比較方式不同：上次「{last}」，本次「{current}」,比較方式不同：上次「{last}」，本次「{current}」,unchanged,,
meetingRecord.noteSeparator,other,；,；,unchanged,,
meetingRecord.differentChannels,L2,上次會議看的通路（{last}）與本次（{current}）不同，只列出上次決議與待辦狀態,上次會議看的通路（{last}）與本次（{current}）不同，只列出上次決議與待辦狀態,unchanged,,
meetingRecord.dateRange,L1,{start}–{end},{start}–{end},unchanged,,
meetingRecord.shortDate,L1,{month}/{day},{month}/{day},unchanged,,
meetingRecord.shortDateWithYear,L1,{year}/{month}/{day},{year}/{month}/{day},unchanged,,
meetingRecord.compareColumns.metric,L1,指標,指標,unchanged,,
meetingRecord.compareColumns.last,L1,上次會議本期,上次會議本期,unchanged,,
meetingRecord.compareColumns.current,L1,本次本期,本次本期,unchanged,,
meetingRecord.compareColumns.change,L1,差額,差額,unchanged,,
meetingRecord.lastPriorities,L1,上次三件事,上次三件事,unchanged,,
meetingRecord.currentPriorities,L1,本次三件事,本次三件事,unchanged,,
meetingRecord.statusUpdatedAt,L1,更新於 {date},更新於 {date},unchanged,,
meetingRecord.statusNotUpdated,L1,尚未更新狀態,尚未更新狀態,unchanged,,
meetingRecord.actionMissing,L2,目前工作區找不到這項待辦,目前的資料與紀錄裡找不到這項待辦,reworded,8.3-terms,儲存相關訊息寫「目前的資料與紀錄」（§8.3 #27）
meetingRecord.decisionConfirmed,L1,{decision}（第 {revision} 版確認）,{decision}（第 {revision} 版確認）,unchanged,,
meetingRecord.decisionUnconfirmed,L1,{decision}（尚未確認）,{decision}（尚未確認）,unchanged,,
meetingRecord.scenarioRevision,L1,{name}（第 {revision} 版）,{name}（第 {revision} 版）,unchanged,,
meetingRecord.noScenarios,L2,本次會議沒有選入方案。,本次會議沒有選入方案。,unchanged,,
meetingRecord.noPinnedActions,L2,本次會議沒有置頂待辦。,本次會議沒有置頂待辦。,unchanged,,
meetingRecord.mdTitle,other,# {brand} 會議紀錄：{name},# {brand} 會議紀錄：{name},unchanged,,
meetingRecord.mdMeta,other,{date}：{value}｜{decision}：{state}｜結束時間：{finalizedAt}（臺北時間）,{date}：{value} · {decision}：{state} · 結束時間：{finalizedAt}（台北時間）,reworded,D-V3-6;8.4-separator,
meetingRecord.mdScope,other,## 固定範圍,## 固定範圍,unchanged,,
meetingRecord.mdBasis,other,## 口徑,## 指標定義,reworded,D-V3-2,
meetingRecord.mdField,other,- {field}：{value},- {field}：{value},unchanged,,
meetingRecord.mdPeriod,other,- {period}：{start}～{end},- {period}：{start}–{end},reworded,8.7-punct,
meetingRecord.mdThreshold,other,- {field}：{amount} TWD,- {field}：{amount} 元,reworded,8.5-numbers,
meetingRecord.mdKpiRow,other,- {metric}：{previous} → {current}；差額 {change},- {metric}：上期 {previous}，本期 {current}，差額 {change},reworded,8.4-blacklist,
meetingRecord.mdPriorityRow,other,{n}. {headline}｜{scope}｜{impact} {amount},{n}. {headline} · {scope} · {impact} {amount},reworded,8.4-separator,
meetingRecord.mdNextStep,other,   {label}：{step},   {label}：{step},unchanged,,
meetingRecord.mdScenarioRow,other,- {name}｜{channel}｜現況 {baseline}；試算後的扣廣告後貢獻 {contribution}；與現況相比 {delta} TWD,- {name} · {channel} · 現況 {baseline}；試算後的扣廣告後貢獻 {contribution}；與現況相比 {delta} 元,reworded,8.4-separator;8.5-numbers,
meetingRecord.mdAssumption,other,  - 假設：{text},  - 假設：{text},unchanged,,
meetingRecord.mdActionRow,other,- {problem}：{action}｜{owner} {ownerValue}｜{due} {dueValue}｜{status} {statusValue}（{updated}）｜{scope},- {problem}：{action} · {owner} {ownerValue} · {due} {dueValue} · {status} {statusValue}（{updated}） · {scope},reworded,8.4-separator,
meetingRecord.mdLastMeeting,other,上次會議：{name}（{date}）,上次會議：{name}（{date}）,unchanged,,
meetingRecord.mdLastDecision,other,- 上次決議：{decision}；{notes}：{text},- 上次決議：{decision}；{notes}：{text},unchanged,,
meetingRecord.mdFollowUpRow,other,- {problem}：上次 {last} → 目前 {current}（{updated}）,- {problem}：上次 {last}，目前 {current}（{updated}）,reworded,8.4-blacklist,
meetingRecord.agenda.kpis,L1,① 兩個關鍵差額,關鍵數字,reworded,8.3-terms;8.4-blacklist;8.8-#22,序號改由 <ol> 產生（§8.4 圈數字改 <ol>），畫面呈現同 §8.8 #22 的「1. 關鍵數字」
meetingRecord.agenda.priorities,L1,② 本期三件事,本期重點,reworded,8.4-blacklist;8.8-#22;8.3-terms,序號改由 <ol> 產生（§8.4 圈數字改 <ol>），畫面呈現同 §8.8 #22 的「1. 關鍵數字」；總覽仍叫「本期三件事」
meetingRecord.agenda.channels,L1,③ 通路表,各通路表現,reworded,8.4-blacklist;8.8-#22,序號改由 <ol> 產生（§8.4 圈數字改 <ol>），畫面呈現同 §8.8 #22 的「1. 關鍵數字」
meetingRecord.agenda.followUp,L1,④ 上次決議追蹤,上次決議追蹤,reworded,8.4-blacklist;8.8-#22,序號改由 <ol> 產生（§8.4 圈數字改 <ol>），畫面呈現同 §8.8 #22 的「1. 關鍵數字」
meetingRecord.agenda.scenarios,L1,⑤ 本次選入方案,選入方案,reworded,8.4-blacklist;8.8-#22,序號改由 <ol> 產生（§8.4 圈數字改 <ol>），畫面呈現同 §8.8 #22 的「1. 關鍵數字」
meetingRecord.agenda.actions,L1,⑥ 置頂行動,置頂待辦,reworded,D-V3-4;8.4-blacklist;8.8-#22,序號改由 <ol> 產生（§8.4 圈數字改 <ol>），畫面呈現同 §8.8 #22 的「1. 關鍵數字」
meetingPage.entry,L1,本期會議：{state},本期會議：{state},unchanged,,
meetingPage.entryLast,L1,上次會議 {date},上次會議 {date},unchanged,,
meetingPage.entryFinalized,L1,本期會議：已結束（{date}）· 新會議稿：草稿,本期會議：已結束（{date}） · 本次會議：草稿,reworded,8.3-terms;8.4-separator,
meetingPage.goToMeeting,control,前往會議紀錄,前往會議紀錄,unchanged,,
meetingPage.basics,L1,會議基本,會議基本,unchanged,,
meetingPage.periodsLine,L1,上期 {previousStart}～{previousEnd} · 本期 {currentStart}～{currentEnd},上期 {previousStart}–{previousEnd} · 本期 {currentStart}–{currentEnd},reworded,8.7-punct,
meetingPage.dateError,L2,會議日期需是有效的日期（年-月-日）。,會議日期格式不對。請改成 2026-10-05 這種格式。,reworded,8.2-patterns,
meetingPage.agendaNote,L2,議程依會議固定的資料與範圍自動組成；點數字可看怎麼算的。,議程依會議固定的資料與範圍自動組成；點數字可看明細。,reworded,D-V3-3,
meetingPage.scenariosNote,L2,每個通路最多選入一個已計算的方案；方案改動後要重新選入。,每個通路最多選入一個已試算的方案；方案改動後要重新選入。,reworded,8.3-terms,
meetingPage.scenarioResults,L1,選入方案的試算結果,選入方案的試算結果,unchanged,,
meetingPage.actionsNote,L2,最多列三項置頂行動；要調整置頂或負責人，請到「待辦與決議」。,最多列 3 項置頂待辦；要調整置頂或負責人，請到「待辦」。,reworded,D-V3-4;8.5-numbers,
meetingPage.channelTableSummary,L1,各通路上期／本期／差額,各通路上期／本期／差額,unchanged,,
meetingPage.lastDecision,L1,上次決議,上次決議,unchanged,,
meetingPage.noLastPinned,L2,上次會議沒有置頂待辦。,上次會議沒有置頂待辦。,unchanged,,
meetingPage.followUpAria,control,上次置頂待辦的狀態,上次置頂待辦的狀態,unchanged,,
meetingPage.compareKpiAria,control,上次會議與本次的關鍵差額,上次會議與本次的關鍵差額,unchanged,,
meetingPage.followUpColumns.problem,L1,問題,問題,unchanged,,
meetingPage.followUpColumns.last,L1,上次狀態,上次狀態,unchanged,,
meetingPage.followUpColumns.current,L1,目前狀態,目前狀態,unchanged,,
meetingPage.followUpColumns.updated,L1,狀態更新日,狀態更新日,unchanged,,
meetingPage.finalizeHint,L2,結束後這次會議存入會議歷史，之後只能查看。,結束後這次會議存入會議歷史，之後只能查看。,unchanged,,
meetingPage.confirmTitle,L1,確定結束這次會議？,要結束這次會議嗎？,reworded,8.2-confirm,
meetingPage.confirmBody,L2,結束後不可修改；會從目前資料建立新會議。,結束後就不能修改，並會用目前資料建立新的本次會議。,reworded,8.2-confirm;8.3-terms,
meetingPage.finalizing,L1,正在結束會議…,正在結束會議…,unchanged,,
meetingPage.finalized,L2,已結束會議並存入會議歷史；已用目前資料建立新的會議稿。,已結束會議並存入會議歷史。新的本次會議已用目前資料建立。,reworded,8.3-terms;8.2-success,
meetingPage.finalizeError,L2,沒有結束會議：會議用的資料和目前工作區不一致、方案已過期，或同一版會議已結束過。請先「用目前資料更新會議」再試。,沒有結束會議：會議的資料和目前不一致、方案已過期，或這一版已結束過。請先「用目前資料更新會議」再試。,reworded,8.3-terms;8.1-L2,主層不寫「工作區」（§8.3 #27）
meetingPage.historyFull,L2,會議歷史已達 100 筆，請先下載並移除最舊的紀錄。,會議歷史已達 100 筆，請先下載並移除最舊的紀錄。,unchanged,,
meetingPage.duplicateMeeting,L2,這一版會議已經結束過；請先修改會議內容，或「用目前資料更新會議」後再結束。,這一版會議已經結束過。請先修改會議內容，或「用目前資料更新會議」後再結束。,reworded,8.1-L2,
meetingPage.staleScenario,L2,選入的方案已修改或過期；請到議程「⑤ 本次選入方案」重新選入後再結束會議。,選入的方案已修改或過期。請到議程「選入方案」重新選入，再結束會議。,reworded,8.4-blacklist;8.8-#22;8.1-L2,引用 meetingRecord.agenda.scenarios，跟著議程名稱變
meetingPage.historicalNote,L2,會議用的是較早的資料；請先用目前資料更新會議，才能結束會議。,會議用的是較早的資料；請先用目前資料更新會議，才能結束會議。,unchanged,,
meetingPage.compareKind,L1,比較方式：{kind},比較方式：{kind},unchanged,,
meetingPage.compareSeeFollowUp,L2,上次決議與置頂待辦的狀態列在議程「④ 上次決議追蹤」。,上次決議與置頂待辦的狀態列在議程「上次決議追蹤」。,reworded,8.4-blacklist;8.8-#22,引用 meetingRecord.agenda.followUp
meetingPage.priorityRow,L1,{n}. {headline}｜{scope}｜{impact} {amount},{n}. {headline} · {scope} · {impact} {amount},reworded,8.4-separator,
meetingPage.history,L1,會議歷史,會議歷史,unchanged,,
meetingPage.historyEmpty,L2,還沒有已結束的會議。,還沒有結束的會議。結束會議後會出現在這裡。,reworded,7.10-empty,
meetingPage.historyItem,L1,{name} · {date} · {decision},{name} · {date} · {decision},unchanged,,
meetingPage.historyKpis,L1,關鍵差額,關鍵數字,reworded,8.3-terms,
meetingPage.historyKpiRow,L1,{metric}：{previous} → {current}；差額 {change},{metric}：上期 {previous}，本期 {current}，差額 {change},reworded,8.4-blacklist,
meetingPage.historyActions,L1,置頂行動,置頂待辦,renamed,D-V3-4,
meetingPage.historyActionRow,L1,{problem}｜{status},{problem} · {status},reworded,8.4-separator,
meetingPage.historyFollowUp,L1,上次會議追蹤（結束當時）,上次會議追蹤（結束當時）,unchanged,,
meetingPage.historyNote,L2,已結束的會議只能查看；數字是結束當時的結果。,已結束的會議只能查看；數字是結束當時的結果。,unchanged,,
meetingPage.removeMeeting,control,移除這筆紀錄,移除這筆紀錄,unchanged,,
meetingPage.removeWarning,L2,請先下載 Markdown，移除後無法復原。,請先下載 Markdown，移除後無法復原。,unchanged,,
meetingPage.removeConfirm,control,確定移除,確定移除,unchanged,,
meetingPage.removed,L1,已移除會議紀錄：{name} · {date},已移除會議紀錄：{name} · {date},unchanged,,
meetingPage.outputs,L1,輸出,匯出,reworded,14.1,
meetingPage.pdfHint,L2,列印對話框中選擇「另存為 PDF」,列印對話框中選擇「另存為 PDF」,unchanged,,
meetingPage.exporting,L1,正在產生檔案…,正在產生檔案…,unchanged,,
meetingPage.exportError,L2,匯出沒有完成；請稍後再試，或先到「儲存」下載備份檔再重新整理。其他格式仍可下載。,匯出沒有完成。請稍後再試，或先到「儲存」下載備份檔再重新整理；其他格式仍可下載。,reworded,8.1-L2,
meetingPage.markdownError,L2,會議紀錄 Markdown 沒有產生：會議資料無法重建。其他格式仍可下載。,會議紀錄 Markdown 沒有產生：會議資料無法重建。其他格式仍可下載。,unchanged,,
meetingPage.notReady,L2,會議資料載入後才能匯出。,會議資料載入後才能匯出。,unchanged,,
meetingPage.printHeader,other,{name}｜會議日期 {date}｜資料到 {asOf},{name} · 會議日期 {date} · 資料到 {asOf},reworded,8.4-separator,
meetingPage.printViewState,other,目前檢視（不含會議決議）,目前檢視（不含會議決議）,unchanged,,
meetingPage.printNotesTruncated,other,{text}…（全文見附錄）,{text}…（全文見附錄）,unchanged,,
meetingPage.printNotesHeading,other,會議備註全文,會議備註全文,unchanged,,
meetingPage.printAssumptionsHeading,other,選入方案的試算假設,選入方案的試算假設,unchanged,,
meetingPage.printAssumptionsItem,other,{name}｜{scope},{name} · {scope},reworded,8.4-separator,
meetingPage.menuMarkdown,control,下載會議紀錄 Markdown,下載會議紀錄 Markdown,unchanged,,
meetingPage.menuMarkdownHint,L2,有已結束的會議時下載最近一筆；否則下載目前會議稿的主管摘要。,有已結束的會議時，下載最近一筆；否則下載本次會議（草稿）的一頁摘要。,reworded,8.3-terms,
meetingPage.menuViewNote,L2,PDF、Excel 與 PPT 依目前檢視的期間與通路產生，不含會議決議；會議範圍的版本請到會議紀錄頁輸出,PDF、Excel 與 PPT 依目前檢視的期間與通路產生，不含會議決議。會議範圍的版本請到會議紀錄頁匯出。,reworded,8.1-L2;14.1,
excelExport.sheets.summary,other,摘要,摘要,unchanged,,
excelExport.sheets.channels,other,通路,通路,unchanged,,
excelExport.sheets.bridge,other,貢獻變化拆解,貢獻變化拆解,unchanged,,
excelExport.sheets.products,other,商品比較,商品比較,unchanged,,
excelExport.sheets.actions,other,行動,待辦,reworded,D-V3-4,工作表改名會影響使用者自己寫的跨表公式：DECISIONS 記一筆、RELEASES「破壞性變更」列舊名與新名（§8.9）
excelExport.sheets.basis,other,口徑,指標定義,reworded,D-V3-2,工作表改名，同 sheets.actions 的處理（§8.9）
excelExport.columns.summary.section,other,區塊,區塊,unchanged,,
excelExport.columns.summary.item,other,項目,項目,unchanged,,
excelExport.columns.summary.scope,other,範圍,範圍,unchanged,,
excelExport.columns.summary.previous,other,上期,上期,unchanged,,
excelExport.columns.summary.current,other,本期,本期,unchanged,,
excelExport.columns.summary.change,other,差額,差額,unchanged,,
excelExport.columns.summary.impact,other,對貢獻影響,影響金額,renamed,8.3-terms,
excelExport.columns.summary.detail,other,內容,內容,unchanged,,
excelExport.columns.channels.channel,other,通路,通路,unchanged,,
excelExport.columns.channels.previous_net_revenue,other,上期淨營收,上期淨營收,unchanged,,
excelExport.columns.channels.current_net_revenue,other,本期淨營收,本期淨營收,unchanged,,
excelExport.columns.channels.net_revenue_change,other,淨營收差額,淨營收差額,unchanged,,
excelExport.columns.channels.previous_contribution,other,上期扣廣告後貢獻,上期扣廣告後貢獻,unchanged,,
excelExport.columns.channels.current_contribution,other,本期扣廣告後貢獻,本期扣廣告後貢獻,unchanged,,
excelExport.columns.channels.contribution_change,other,扣廣告後貢獻差額,扣廣告後貢獻差額,unchanged,,
excelExport.columns.channels.data_status,other,資料狀態,資料狀態,unchanged,,
excelExport.columns.bridge.item,other,項目,項目,unchanged,,
excelExport.columns.bridge.previous,other,上期,上期,unchanged,,
excelExport.columns.bridge.current,other,本期,本期,unchanged,,
excelExport.columns.bridge.impact,other,對貢獻影響,影響金額,renamed,8.3-terms,
excelExport.columns.bridge.formula,other,計算方式,計算方式,unchanged,,
excelExport.columns.products.channel,other,通路,通路,unchanged,,
excelExport.columns.products.sku,other,商品,商品,unchanged,,
excelExport.columns.products.category,other,品類,品類,unchanged,,
excelExport.columns.products.current_units,other,本期售出件數,本期售出件數,unchanged,,
excelExport.columns.products.previous_net_revenue,other,上期淨營收,上期淨營收,unchanged,,
excelExport.columns.products.current_net_revenue,other,本期淨營收,本期淨營收,unchanged,,
excelExport.columns.products.previous_gross_profit,other,上期商品毛利,上期商品毛利,unchanged,,
excelExport.columns.products.current_gross_profit,other,本期商品毛利,本期商品毛利,unchanged,,
excelExport.columns.products.current_gross_margin,other,本期商品毛利率,本期商品毛利率,unchanged,,
excelExport.columns.products.gross_profit_change,other,商品毛利差額,商品毛利差額,unchanged,,
excelExport.columns.products.data_status,other,資料狀態,資料狀態,unchanged,,
excelExport.columns.actions.priority,other,優先序,優先序,unchanged,,
excelExport.columns.actions.problem,other,問題,問題,unchanged,,
excelExport.columns.actions.step,other,具體動作,具體動作,unchanged,,
excelExport.columns.actions.owner,other,負責人,負責人,unchanged,,
excelExport.columns.actions.due,other,期限,期限,unchanged,,
excelExport.columns.actions.status,other,狀態,狀態,unchanged,,
excelExport.columns.actions.status_updated_at,other,狀態更新日,狀態更新日,unchanged,,
excelExport.columns.actions.pinned,other,置頂,置頂,unchanged,,
excelExport.columns.actions.evidence_count,other,引用數量,引用數量,unchanged,,
excelExport.columns.actions.scope,other,範圍,範圍,unchanged,,
excelExport.columns.actions.caution,other,注意,限制,reworded,8.4-blacklist,引用 sections.caution
excelExport.columns.basis.section,other,區塊,區塊,unchanged,,
excelExport.columns.basis.item,other,項目,項目,unchanged,,
excelExport.columns.basis.detail,other,內容,內容,unchanged,,
excelExport.summary.sections.scope,other,資料範圍,資料範圍,unchanged,,
excelExport.summary.sections.keyDeltas,other,兩個關鍵差額,關鍵數字,renamed,8.3-terms,
excelExport.summary.sections.topThree,other,本期三件事,本期三件事,unchanged,,
excelExport.summary.sections.meeting,other,會議紀錄,會議紀錄,unchanged,,
excelExport.summary.items.dataset,other,資料集,資料集,unchanged,,
excelExport.summary.items.source,other,資料來源,資料來源,unchanged,,
excelExport.summary.items.asOf,other,資料到,資料到,unchanged,,
excelExport.summary.items.previous,other,上期,上期,unchanged,,
excelExport.summary.items.current,other,本期,本期,unchanged,,
excelExport.summary.items.comparison,other,比較方式,比較方式,unchanged,,
excelExport.summary.items.channels,other,通路,通路,unchanged,,
excelExport.summary.items.meetingName,other,會議名稱,會議名稱,unchanged,,
excelExport.summary.items.meetingDate,other,會議日期,會議日期,unchanged,,
excelExport.summary.items.decision,other,決議,決議,unchanged,,
excelExport.summary.items.notes,other,備註,備註,unchanged,,
excelExport.summary.periodValue,other,{start}–{end}（{days} 天）,{start}–{end}（{days} 天）,unchanged,,
excelExport.summary.priorityItem,other,{n}. {headline},{n}. {headline},unchanged,,
excelExport.summary.nextStep,other,下一步：{text},下一步：{text},unchanged,,
excelExport.summary.sourceTypes.synthetic,other,示範資料,示範資料,unchanged,,
excelExport.summary.sourceTypes.user_provided,other,本機匯入,本機匯入,unchanged,,
excelExport.bridge.mismatch,other,九項加總與總差額不符，請重新匯入或回報,九項加總與總差額不符，請重新匯入或回報,unchanged,,
excelExport.actions.pinned,other,是,是,unchanged,,
excelExport.actions.notPinned,other,否,否,unchanged,,
excelExport.basis.sections.basis,other,口徑說明,指標定義,renamed,D-V3-2,
excelExport.basis.sections.preprocessing,other,本次匯入的前處理,本次匯入的前處理,unchanged,,
excelExport.basis.sections.technical,other,技術細節,技術細節,unchanged,,
excelExport.basis.conversion,other,含稅換算,含稅換算,unchanged,,
excelExport.basis.alias,other,別名,別名,unchanged,,
excelExport.basis.assistVersion,other,輔助指標版本 (assist_kpi_version),其他常用指標版本 (assist_kpi_version),renamed,8.3-terms,
excelExport.truncated,other,…（超過 Excel 單格字數上限，已截斷）,…（超過 Excel 單格字數上限，已截斷）,unchanged,,
pptxExport.title,other,{brand} 一頁摘要,{brand} 一頁摘要,unchanged,,
pptxExport.titleMeeting,other,{name}（{date}）,{name}（{date}）,unchanged,,
pptxExport.subtitle,other,資料到 {asOf}｜上期 {previousStart}～{previousEnd}（{previousDays} 天）｜本期 {currentStart}～{currentEnd}（{currentDays} 天）｜通路：{channels},資料到 {asOf} · 上期 {previousStart}–{previousEnd}（{previousDays} 天） · 本期 {currentStart}–{currentEnd}（{currentDays} 天） · 通路：{channels},reworded,8.4-separator;8.7-punct,
pptxExport.priorityRow,other,{n}. {headline},{n}. {headline},unchanged,,
pptxExport.priorityDetail,other,{impactLabel} {impact}｜{nextStepLabel}：{nextStep},{impactLabel} {impact} · {nextStepLabel}：{nextStep},reworded,8.4-separator,
pptxExport.channelTitle,other,{table}｜{metric}（元）,{table} · {metric}（元）,reworded,8.4-separator,
pptxExport.channelsMore,other,另有 {n} 個通路未列出；完整通路表請下載 Excel 或 Markdown。,另有 {n} 個通路未列出；完整通路表請下載 Excel 或 Markdown。,unchanged,,
pptxExport.decision,other,決議：{decision},決議：{decision},unchanged,,
pptxExport.decisionNotes,other,備註：{notes},備註：{notes},unchanged,,
pptxExport.noMeeting,other,目前檢視，不含會議決議；決議請到「會議紀錄」頁輸出。,目前檢視，不含會議決議；決議請到「會議紀錄」頁輸出。,unchanged,,
pptxExport.pinnedTitle,other,置頂待辦,置頂待辦,unchanged,,
pptxExport.pinnedEmpty,other,還沒有置頂的待辦。,還沒有置頂的待辦。,unchanged,,
pptxExport.pinnedRow,other,{n}. {problem},{n}. {problem},unchanged,,
pptxExport.pinnedMeta,other,{ownerLabel} {owner}｜{dueLabel} {deadline}｜{status},{ownerLabel} {owner} · {dueLabel} {deadline} · {status},reworded,8.4-separator,
pptxExport.statusHistorical,other,{status}・{badge},{status} · {badge},reworded,8.4-separator,
pptxExport.technical,L3,指標版本 {metricVersion}｜資料版本 {datasetHash},指標版本 {metricVersion} · 資料版本 {datasetHash},reworded,8.4-separator,
pptxExport.separator,other,｜, · ,reworded,8.4-separator,
pptxExport.ellipsis,other,…,…,unchanged,,
autoSave.promptTitle,L1,要不要把工作區存在這台電腦？（不上傳）,在這台電腦自動保存工作區？,reworded,8.8-#21;7.9-storage,§8.8 #21／§7.9 原文保留「工作區」，與 §8.3 #27「儲存訊息寫目前的資料與紀錄」不一致，請審稿擇一
autoSave.promptBody,L2,同意後，之後每次修改都會在 2 秒內自動存在這個瀏覽器，也會記住匯入時的欄位對照；選「先不要」就維持每次手動儲存。,資料不會上傳。,reworded,8.8-#21;7.9-storage,「2 秒內自動保存、記住欄位對照、先不要＝手動」的說明移到儲存選單的自動保存開關與 consentNote
autoSave.replaceWarning,L2,這台電腦已有 {time} 保存的工作區；選「存在這台電腦」會改存成目前的工作區。要先讀回舊的，請選「先不要」，再到「儲存」選單讀取本機副本。,這台電腦已有 {time} 保存的資料與紀錄。選「自動保存」會改存成目前的資料與紀錄。要先讀回舊的，請選「暫時不要」，再到「儲存」選單讀取。,reworded,7.9-storage;8.3-terms;8.1-L2,儲存相關訊息寫「目前的資料與紀錄」（§8.3 #27）；按鈕名跟著 accept／decline 改
autoSave.replaceWarningUnknownTime,L2,這台電腦已有較早保存的工作區（時間不明）；選「存在這台電腦」會改存成目前的工作區。要先讀回舊的，請選「先不要」，再到「儲存」選單讀取本機副本。,這台電腦已有較早保存的資料與紀錄（時間不明）。選「自動保存」會改存成目前的資料與紀錄。要先讀回舊的，請選「暫時不要」，再到「儲存」選單讀取。,reworded,7.9-storage;8.3-terms;8.1-L2,儲存相關訊息寫「目前的資料與紀錄」（§8.3 #27）
autoSave.announce,L2,出現詢問：要不要把工作區存在這台電腦？（不上傳）詢問框在頁面最後；也可以之後再到「儲存」選單設定。,出現詢問：在這台電腦自動保存工作區？詢問框在頁面最後，也可以之後再到「儲存」選單設定。,reworded,8.8-#21,polite live region；引用 promptTitle
autoSave.accept,control,存在這台電腦,自動保存,reworded,7.9-storage,
autoSave.decline,control,先不要,暫時不要,reworded,7.9-storage,
autoSave.consentNote,L2,勾選後預設自動保存（每次修改 2 秒內），可在下方關閉、改成手動；取消勾選就停止保存。,勾選後預設自動保存，每次修改 2 秒內存好。可在下方改成手動；取消勾選就停止保存。,reworded,8.1-L2,
autoSave.toggle,control,自動保存（每次修改 2 秒內）,自動保存（每次修改 2 秒內）,unchanged,,
autoSave.statusOn,L1,已開啟自動保存（每次變更 2 秒內）,已開啟自動保存（每次修改 2 秒內）,reworded,8.3-terms,
autoSave.statusOff,L1,未開啟自動保存：每次要手動儲存,未開啟自動保存：每次要手動儲存,unchanged,,
autoSave.statusPendingReplace,L2,自動保存尚未開始：請先確認是否改存成目前的工作區,自動保存還沒開始：請先確認是否改存成目前的資料與紀錄,reworded,8.3-terms,儲存相關訊息寫「目前的資料與紀錄」（§8.3 #27）
autoSave.lastSaved,L1,最後保存 {time},最後保存 {time},unchanged,,
autoSave.menuReplaceWarning,L2,這台電腦已有 {time} 保存的工作區；按「改存成目前的工作區」後才會開始自動保存並覆蓋它。要先讀回舊的，請按「讀取本機副本預覽」。,這台電腦已有 {time} 保存的資料與紀錄。按「改存成目前的資料」後才會開始自動保存並覆蓋。要先讀回舊的，請按「讀取本機副本預覽」。,reworded,8.3-terms;8.1-L2,儲存相關訊息寫「目前的資料與紀錄」（§8.3 #27）；字串內引用 confirmReplace 與 buttons.restorePreview
autoSave.menuReplaceWarningUnknownTime,L2,這台電腦已有較早保存的工作區（時間不明）；按「改存成目前的工作區」後才會開始自動保存並覆蓋它。要先讀回舊的，請按「讀取本機副本預覽」。,這台電腦已有較早保存的資料與紀錄（時間不明）。按「改存成目前的資料」後才會開始自動保存並覆蓋。要先讀回舊的，請按「讀取本機副本預覽」。,reworded,8.3-terms;8.1-L2,儲存相關訊息寫「目前的資料與紀錄」（§8.3 #27）
autoSave.confirmReplace,control,改存成目前的工作區,改存成目前的資料,reworded,8.3-terms,儲存相關訊息寫「目前的資料與紀錄」（§8.3 #27）
autoSave.savedLocalNotice,L2,已保存此版本到這台電腦；之後的修改會在 2 秒內自動保存。,已保存到這台電腦。之後的修改會在 2 秒內自動保存。,reworded,8.2-success,
autoSave.savedLocalManualNotice,L2,已保存此版本到這台電腦。自動保存已關閉，之後的修改要再存一次。,已保存此版本到這台電腦。自動保存已關閉，之後的修改要再存一次。,unchanged,,
autoSave.failed,L2,自動保存沒有完成：瀏覽器不允許儲存、空間不足，或檔案無法驗證。目前資料仍在；下次修改會再試一次，也可以先下載備份檔。,自動保存沒有完成：瀏覽器不允許儲存、空間不足，或檔案無法驗證。目前資料仍在；下次修改會再試一次，也可以先下載備份檔。,unchanged,,
autoSave.dismiss,control,知道了,知道了,unchanged,,
relaunch.analyticsNote,L2,使用分析只記錄頁面瀏覽與按鈕事件，不含任何資料內容,使用分析只記錄頁面瀏覽與按鈕事件，不含任何資料內容。,reworded,8.7-punct,
relaunch.ogHeadline,other,營收漲了，到底多賺還是少賺？,淨營收漲了，到底多賺還是少賺？,reworded,8.3-terms,V3-2 改成獨立字串（不再引用 emptyState.title，否則分享圖會變成「還沒有資料」）；分享圖是否保留問句請審稿
relaunch.ogScreenshotNote,L1,畫面為合成資料,畫面為合成資料,unchanged,,
