date,channel,sku,category,units_sold,gross_sales,discounts,refunds,cogs_net,currency
2026-06-01,DTC,SKU-001,HOME,3,1170.00,81.90,19.59,468.00,TWD
2026-06-01,DTC,SKU-002,HOME,5,2450.00,171.50,61.52,1090.25,TWD
2026-06-01,DTC,SKU-003,HOME,1,590.00,41.30,14.81,289.10,TWD
2026-06-01,DTC,SKU-004,HOME,2,1380.00,96.60,34.65,738.30,TWD
2026-06-01,DTC,SKU-005,HOME,4,3160.00,221.20,79.35,1832.80,TWD
2026-06-01,DTC,SKU-006,CARE,5,4450.00,311.50,111.74,1780.00,TWD
2026-06-01,DTC,SKU-007,CARE,3,2970.00,207.90,24.86,1321.65,TWD
2026-06-01,DTC,SKU-008,CARE,0,0.00,0.00,0.00,0.00,TWD
2026-06-01,DTC,SKU-009,CARE,5,5950.00,416.50,99.60,3183.25,TWD
2026-06-01,DTC,SKU-010,CARE,3,3870.00,270.90,97.18,2244.60,TWD
2026-06-01,DTC,SKU-011,ACCESSORIES,3,4170.00,291.90,34.90,1668.00,TWD
2026-06-01,DTC,SKU-012,ACCESSORIES,6,8940.00,625.80,74.83,3978.30,TWD
2026-06-01,DTC,SKU-013,ACCESSORIES,3,4770.00,333.90,39.92,2337.30,TWD
2026-06-01,DTC,SKU-014,ACCESSORIES,1,1690.00,118.30,42.44,904.15,TWD
2026-06-01,DTC,SKU-015,ACCESSORIES,4,7160.00,501.20,119.86,4152.80,TWD
2026-06-01,DTC,SKU-016,ELECTRONICS,0,0.00,0.00,0.00,0.00,TWD
2026-06-01,DTC,SKU-017,ELECTRONICS,5,9950.00,696.50,166.56,4427.75,TWD
2026-06-01,DTC,SKU-018,ELECTRONICS,6,12540.00,877.80,104.96,6144.60,TWD
2026-06-01,DTC,SKU-019,ELECTRONICS,6,13740.00,961.80,230.01,7350.90,TWD
2026-06-01,DTC,SKU-020,ELECTRONICS,0,0.00,0.00,0.00,0.00,TWD
2026-06-01,MARKETPLACE,SKU-001,HOME,4,1560.00,171.60,24.99,624.00,TWD
2026-06-01,MARKETPLACE,SKU-002,HOME,3,1470.00,161.70,35.32,654.15,TWD
2026-06-01,MARKETPLACE,SKU-003,HOME,6,3540.00,389.40,85.07,1734.60,TWD
2026-06-01,MARKETPLACE,SKU-004,HOME,0,0.00,0.00,0.00,0.00,TWD
2026-06-01,MARKETPLACE,SKU-005,HOME,5,3950.00,434.50,94.92,2291.00,TWD
2026-06-01,MARKETPLACE,SKU-006,CARE,4,3560.00,391.60,85.55,1424.00,TWD
2026-06-01,MARKETPLACE,SKU-007,CARE,1,990.00,108.90,15.86,440.55,TWD
2026-06-01,MARKETPLACE,SKU-008,CARE,6,6540.00,719.40,104.77,3204.60,TWD
2026-06-01,MARKETPLACE,SKU-009,CARE,6,7140.00,785.40,171.57,3819.90,TWD
2026-06-01,MARKETPLACE,SKU-010,CARE,3,3870.00,425.70,93.00,2244.60,TWD
2026-06-01,MARKETPLACE,SKU-011,ACCESSORIES,2,2780.00,305.80,22.27,1112.00,TWD
2026-06-01,MARKETPLACE,SKU-012,ACCESSORIES,5,7450.00,819.50,59.67,3315.25,TWD
2026-06-01,MARKETPLACE,SKU-013,ACCESSORIES,0,0.00,0.00,0.00,0.00,TWD
2026-06-01,MARKETPLACE,SKU-014,ACCESSORIES,0,0.00,0.00,0.00,0.00,TWD
2026-06-01,MARKETPLACE,SKU-015,ACCESSORIES,5,8950.00,984.50,215.07,5191.00,TWD
2026-06-01,MARKETPLACE,SKU-016,ELECTRONICS,4,7560.00,831.60,181.67,3024.00,TWD
2026-06-01,MARKETPLACE,SKU-017,ELECTRONICS,2,3980.00,437.80,63.76,1771.10,TWD
2026-06-01,MARKETPLACE,SKU-018,ELECTRONICS,5,10450.00,1149.50,83.70,5120.50,TWD
2026-06-01,MARKETPLACE,SKU-019,ELECTRONICS,4,9160.00,1007.60,146.74,4900.60,TWD
2026-06-01,MARKETPLACE,SKU-020,ELECTRONICS,5,12450.00,1369.50,99.72,7221.00,TWD
2026-06-02,DTC,SKU-001,HOME,5,1950.00,136.50,32.64,780.00,TWD
2026-06-02,DTC,SKU-002,HOME,2,980.00,68.60,8.20,436.10,TWD
2026-06-02,DTC,SKU-003,HOME,0,0.00,0.00,0.00,0.00,TWD
2026-06-02,DTC,SKU-004,HOME,2,1380.00,96.60,34.65,738.30,TWD
2026-06-02,DTC,SKU-005,HOME,2,1580.00,110.60,26.45,916.40,TWD
2026-06-02,DTC,SKU-006,CARE,6,5340.00,373.80,89.39,2136.00,TWD
2026-06-02,DTC,SKU-007,CARE,6,5940.00,415.80,99.44,2643.30,TWD
2026-06-02,DTC,SKU-008,CARE,2,2180.00,152.60,36.49,1068.20,TWD
2026-06-02,DTC,SKU-009,CARE,5,5950.00,416.50,49.80,3183.25,TWD
2026-06-02,DTC,SKU-010,CARE,4,5160.00,361.20,86.38,2992.80,TWD
2026-06-02,DTC,SKU-011,ACCESSORIES,2,2780.00,194.60,69.81,1112.00,TWD
2026-06-02,DTC,SKU-012,ACCESSORIES,5,7450.00,521.50,62.36,3315.25,TWD
2026-06-02,DTC,SKU-013,ACCESSORIES,0,0.00,0.00,0.00,0.00,TWD
2026-06-02,DTC,SKU-014,ACCESSORIES,1,1690.00,118.30,28.29,904.15,TWD
2026-06-02,DTC,SKU-015,ACCESSORIES,6,10740.00,751.80,179.79,6229.20,TWD
2026-06-02,DTC,SKU-016,ELECTRONICS,3,5670.00,396.90,142.37,2268.00,TWD
2026-06-02,DTC,SKU-017,ELECTRONICS,0,0.00,0.00,0.00,0.00,TWD
2026-06-02,DTC,SKU-018,ELECTRONICS,6,12540.00,877.80,209.92,6144.60,TWD
2026-06-02,DTC,SKU-019,ELECTRONICS,0,0.00,0.00,0.00,0.00,TWD
2026-06-02,DTC,SKU-020,ELECTRONICS,2,4980.00,348.60,83.37,2888.40,TWD
2026-06-02,MARKETPLACE,SKU-001,HOME,0,0.00,0.00,0.00,0.00,TWD
2026-06-02,MARKETPLACE,SKU-002,HOME,1,490.00,53.90,11.77,218.05,TWD
2026-06-02,MARKETPLACE,SKU-003,HOME,0,0.00,0.00,0.00,0.00,TWD
2026-06-02,MARKETPLACE,SKU-004,HOME,0,0.00,0.00,0.00,0.00,TWD
2026-06-02,MARKETPLACE,SKU-005,HOME,3,2370.00,260.70,37.97,1374.60,TWD
2026-06-02,MARKETPLACE,SKU-006,CARE,4,3560.00,391.60,57.03,1424.00,TWD
2026-06-02,MARKETPLACE,SKU-007,CARE,1,990.00,108.90,15.86,440.55,TWD
2026-06-02,MARKETPLACE,SKU-008,CARE,2,2180.00,239.80,52.39,1068.20,TWD
2026-06-02,MARKETPLACE,SKU-009,CARE,5,5950.00,654.50,142.98,3183.25,TWD
2026-06-02,MARKETPLACE,SKU-010,CARE,6,7740.00,851.40,185.99,4489.20,TWD
2026-06-02,MARKETPLACE,SKU-011,ACCESSORIES,5,6950.00,764.50,55.67,2780.00,TWD
2026-06-02,MARKETPLACE,SKU-012,ACCESSORIES,6,8940.00,983.40,214.83,3978.30,TWD
2026-06-02,MARKETPLACE,SKU-013,ACCESSORIES,5,7950.00,874.50,127.36,3895.50,TWD
2026-06-02,MARKETPLACE,SKU-014,ACCESSORIES,5,8450.00,929.50,135.37,4520.75,TWD
2026-06-02,MARKETPLACE,SKU-015,ACCESSORIES,2,3580.00,393.80,28.68,2076.40,TWD
2026-06-02,MARKETPLACE,SKU-016,ELECTRONICS,5,9450.00,1039.50,75.69,3780.00,TWD
2026-06-02,MARKETPLACE,SKU-017,ELECTRONICS,2,3980.00,437.80,31.88,1771.10,TWD
2026-06-02,MARKETPLACE,SKU-018,ELECTRONICS,6,12540.00,1379.40,200.89,6144.60,TWD
2026-06-02,MARKETPLACE,SKU-019,ELECTRONICS,4,9160.00,1007.60,220.11,4900.60,TWD
2026-06-02,MARKETPLACE,SKU-020,ELECTRONICS,1,2490.00,273.90,39.89,1444.20,TWD
2026-06-03,DTC,SKU-001,HOME,4,1560.00,109.20,39.17,624.00,TWD
2026-06-03,DTC,SKU-002,HOME,1,490.00,34.30,8.20,218.05,TWD
2026-06-03,DTC,SKU-003,HOME,6,3540.00,247.80,29.63,1734.60,TWD
2026-06-03,DTC,SKU-004,HOME,0,0.00,0.00,0.00,0.00,TWD
2026-06-03,DTC,SKU-005,HOME,2,1580.00,110.60,39.67,916.40,TWD
2026-06-03,DTC,SKU-006,CARE,6,5340.00,373.80,134.09,2136.00,TWD
2026-06-03,DTC,SKU-007,CARE,4,3960.00,277.20,33.15,1762.20,TWD
2026-06-03,DTC,SKU-008,CARE,3,3270.00,228.90,54.74,1602.30,TWD
2026-06-03,DTC,SKU-009,CARE,5,5950.00,416.50,49.80,3183.25,TWD
2026-06-03,DTC,SKU-010,CARE,2,2580.00,180.60,64.78,1496.40,TWD
2026-06-03,DTC,SKU-011,ACCESSORIES,0,0.00,0.00,0.00,0.00,TWD
2026-06-03,DTC,SKU-012,ACCESSORIES,6,8940.00,625.80,224.48,3978.30,TWD
2026-06-03,DTC,SKU-013,ACCESSORIES,0,0.00,0.00,0.00,0.00,TWD
2026-06-03,DTC,SKU-014,ACCESSORIES,0,0.00,0.00,0.00,0.00,TWD
2026-06-03,DTC,SKU-015,ACCESSORIES,2,3580.00,250.60,29.96,2076.40,TWD
2026-06-03,DTC,SKU-016,ELECTRONICS,0,0.00,0.00,0.00,0.00,TWD
2026-06-03,DTC,SKU-017,ELECTRONICS,6,11940.00,835.80,299.81,5313.30,TWD
2026-06-03,DTC,SKU-018,ELECTRONICS,0,0.00,0.00,0.00,0.00,TWD
2026-06-03,DTC,SKU-019,ELECTRONICS,1,2290.00,160.30,19.17,1225.15,TWD
2026-06-03,DTC,SKU-020,ELECTRONICS,6,14940.00,1045.80,125.05,8665.20,TWD
2026-06-03,MARKETPLACE,SKU-001,HOME,0,0.00,0.00,0.00,0.00,TWD
2026-06-03,MARKETPLACE,SKU-002,HOME,2,980.00,107.80,7.85,436.10,TWD
2026-06-03,MARKETPLACE,SKU-003,HOME,3,1770.00,194.70,28.36,867.30,TWD
2026-06-03,MARKETPLACE,SKU-004,HOME,4,2760.00,303.60,66.32,1476.60,TWD
2026-06-03,MARKETPLACE,SKU-005,HOME,6,4740.00,521.40,75.93,2749.20,TWD
2026-06-03,MARKETPLACE,SKU-006,CARE,1,890.00,97.90,14.26,356.00,TWD
2026-06-03,MARKETPLACE,SKU-007,CARE,6,5940.00,653.40,95.16,2643.30,TWD
2026-06-03,MARKETPLACE,SKU-008,CARE,4,4360.00,479.60,104.77,2136.40,TWD
2026-06-03,MARKETPLACE,SKU-009,CARE,6,7140.00,785.40,171.57,3819.90,TWD
2026-06-03,MARKETPLACE,SKU-010,CARE,5,6450.00,709.50,154.99,3741.00,TWD
2026-06-03,MARKETPLACE,SKU-011,ACCESSORIES,4,5560.00,611.60,133.61,2224.00,TWD
2026-06-03,MARKETPLACE,SKU-012,ACCESSORIES,1,1490.00,163.90,11.93,663.05,TWD
2026-06-03,MARKETPLACE,SKU-013,ACCESSORIES,0,0.00,0.00,0.00,0.00,TWD
2026-06-03,MARKETPLACE,SKU-014,ACCESSORIES,5,8450.00,929.50,203.05,4520.75,TWD
2026-06-03,MARKETPLACE,SKU-015,ACCESSORIES,4,7160.00,787.60,172.05,4152.80,TWD
2026-06-03,MARKETPLACE,SKU-016,ELECTRONICS,4,7560.00,831.60,181.67,3024.00,TWD
2026-06-03,MARKETPLACE,SKU-017,ELECTRONICS,0,0.00,0.00,0.00,0.00,TWD
2026-06-03,MARKETPLACE,SKU-018,ELECTRONICS,3,6270.00,689.70,150.67,3072.30,TWD
2026-06-03,MARKETPLACE,SKU-019,ELECTRONICS,1,2290.00,251.90,55.03,1225.15,TWD
2026-06-03,MARKETPLACE,SKU-020,ELECTRONICS,5,12450.00,1369.50,99.72,7221.00,TWD
2026-06-04,DTC,SKU-001,HOME,0,0.00,0.00,0.00,0.00,TWD
2026-06-04,DTC,SKU-002,HOME,6,2940.00,205.80,24.61,1308.30,TWD
2026-06-04,DTC,SKU-003,HOME,3,1770.00,123.90,14.81,867.30,TWD
2026-06-04,DTC,SKU-004,HOME,3,2070.00,144.90,34.65,1107.45,TWD
2026-06-04,DTC,SKU-005,HOME,6,4740.00,331.80,79.35,2749.20,TWD
2026-06-04,DTC,SKU-006,CARE,1,890.00,62.30,14.90,356.00,TWD
2026-06-04,DTC,SKU-007,CARE,4,3960.00,277.20,66.29,1762.20,TWD
2026-06-04,DTC,SKU-008,CARE,1,1090.00,76.30,27.37,534.10,TWD
2026-06-04,DTC,SKU-009,CARE,0,0.00,0.00,0.00,0.00,TWD
2026-06-04,DTC,SKU-010,CARE,3,3870.00,270.90,64.78,2244.60,TWD
2026-06-04,DTC,SKU-011,ACCESSORIES,4,5560.00,389.20,93.07,2224.00,TWD
2026-06-04,DTC,SKU-012,ACCESSORIES,0,0.00,0.00,0.00,0.00,TWD
2026-06-04,DTC,SKU-013,ACCESSORIES,6,9540.00,667.80,159.70,4674.60,TWD
2026-06-04,DTC,SKU-014,ACCESSORIES,5,8450.00,591.50,141.45,4520.75,TWD
2026-06-04,DTC,SKU-015,ACCESSORIES,1,1790.00,125.30,14.98,1038.20,TWD
2026-06-04,DTC,SKU-016,ELECTRONICS,4,7560.00,529.20,63.28,3024.00,TWD
2026-06-04,DTC,SKU-017,ELECTRONICS,0,0.00,0.00,0.00,0.00,TWD
2026-06-04,DTC,SKU-018,ELECTRONICS,0,0.00,0.00,0.00,0.00,TWD
2026-06-04,DTC,SKU-019,ELECTRONICS,3,6870.00,480.90,115.00,3675.45,TWD
2026-06-04,DTC,SKU-020,ELECTRONICS,4,9960.00,697.20,250.10,5776.80,TWD
2026-06-04,MARKETPLACE,SKU-001,HOME,2,780.00,85.80,18.74,312.00,TWD
2026-06-04,MARKETPLACE,SKU-002,HOME,5,2450.00,269.50,19.62,1090.25,TWD
2026-06-04,MARKETPLACE,SKU-003,HOME,1,590.00,64.90,14.18,289.10,TWD
2026-06-04,MARKETPLACE,SKU-004,HOME,1,690.00,75.90,16.58,369.15,TWD
2026-06-04,MARKETPLACE,SKU-005,HOME,6,4740.00,521.40,75.93,2749.20,TWD
2026-06-04,MARKETPLACE,SKU-006,CARE,4,3560.00,391.60,57.03,1424.00,TWD
2026-06-04,MARKETPLACE,SKU-007,CARE,5,4950.00,544.50,118.95,2202.75,TWD
2026-06-04,MARKETPLACE,SKU-008,CARE,6,6540.00,719.40,157.16,3204.60,TWD
2026-06-04,MARKETPLACE,SKU-009,CARE,4,4760.00,523.60,114.38,2546.60,TWD
2026-06-04,MARKETPLACE,SKU-010,CARE,6,7740.00,851.40,123.99,4489.20,TWD
2026-06-04,MARKETPLACE,SKU-011,ACCESSORIES,1,1390.00,152.90,11.13,556.00,TWD
2026-06-04,MARKETPLACE,SKU-012,ACCESSORIES,0,0.00,0.00,0.00,0.00,TWD
2026-06-04,MARKETPLACE,SKU-013,ACCESSORIES,6,9540.00,1049.40,229.25,4674.60,TWD
2026-06-04,MARKETPLACE,SKU-014,ACCESSORIES,1,1690.00,185.90,27.07,904.15,TWD
2026-06-04,MARKETPLACE,SKU-015,ACCESSORIES,3,5370.00,590.70,86.03,3114.60,TWD
2026-06-04,MARKETPLACE,SKU-016,ELECTRONICS,1,1890.00,207.90,30.28,756.00,TWD
2026-06-04,MARKETPLACE,SKU-017,ELECTRONICS,0,0.00,0.00,0.00,0.00,TWD
2026-06-04,MARKETPLACE,SKU-018,ELECTRONICS,6,12540.00,1379.40,200.89,6144.60,TWD
2026-06-04,MARKETPLACE,SKU-019,ELECTRONICS,0,0.00,0.00,0.00,0.00,TWD
2026-06-04,MARKETPLACE,SKU-020,ELECTRONICS,1,2490.00,273.90,59.83,1444.20,TWD
2026-06-05,DTC,SKU-001,HOME,1,390.00,27.30,6.53,156.00,TWD
2026-06-05,DTC,SKU-002,HOME,1,490.00,34.30,8.20,218.05,TWD
2026-06-05,DTC,SKU-003,HOME,6,3540.00,247.80,88.89,1734.60,TWD
2026-06-05,DTC,SKU-004,HOME,3,2070.00,144.90,51.98,1107.45,TWD
2026-06-05,DTC,SKU-005,HOME,5,3950.00,276.50,33.06,2291.00,TWD
2026-06-05,DTC,SKU-006,CARE,4,3560.00,249.20,89.39,1424.00,TWD
2026-06-05,DTC,SKU-007,CARE,5,4950.00,346.50,41.43,2202.75,TWD
2026-06-05,DTC,SKU-008,CARE,2,2180.00,152.60,18.25,1068.20,TWD
2026-06-05,DTC,SKU-009,CARE,0,0.00,0.00,0.00,0.00,TWD
2026-06-05,DTC,SKU-010,CARE,3,3870.00,270.90,97.18,2244.60,TWD
2026-06-05,DTC,SKU-011,ACCESSORIES,3,4170.00,291.90,34.90,1668.00,TWD
2026-06-05,DTC,SKU-012,ACCESSORIES,6,8940.00,625.80,149.66,3978.30,TWD
2026-06-05,DTC,SKU-013,ACCESSORIES,2,3180.00,222.60,79.85,1558.20,TWD
2026-06-05,DTC,SKU-014,ACCESSORIES,5,8450.00,591.50,212.18,4520.75,TWD
2026-06-05,DTC,SKU-015,ACCESSORIES,4,7160.00,501.20,119.86,4152.80,TWD
2026-06-05,DTC,SKU-016,ELECTRONICS,6,11340.00,793.80,284.75,4536.00,TWD
2026-06-05,DTC,SKU-017,ELECTRONICS,6,11940.00,835.80,199.88,5313.30,TWD
2026-06-05,DTC,SKU-018,ELECTRONICS,4,8360.00,585.20,69.97,4096.40,TWD
2026-06-05,DTC,SKU-019,ELECTRONICS,4,9160.00,641.20,230.01,4900.60,TWD
2026-06-05,DTC,SKU-020,ELECTRONICS,6,14940.00,1045.80,375.14,8665.20,TWD
2026-06-05,MARKETPLACE,SKU-001,HOME,4,1560.00,171.60,12.50,624.00,TWD
2026-06-05,MARKETPLACE,SKU-002,HOME,5,2450.00,269.50,19.62,1090.25,TWD
2026-06-05,MARKETPLACE,SKU-003,HOME,1,590.00,64.90,4.73,289.10,TWD
2026-06-05,MARKETPLACE,SKU-004,HOME,0,0.00,0.00,0.00,0.00,TWD
2026-06-05,MARKETPLACE,SKU-005,HOME,0,0.00,0.00,0.00,0.00,TWD
2026-06-05,MARKETPLACE,SKU-006,CARE,1,890.00,97.90,14.26,356.00,TWD
2026-06-05,MARKETPLACE,SKU-007,CARE,3,2970.00,326.70,23.79,1321.65,TWD
2026-06-05,MARKETPLACE,SKU-008,CARE,4,4360.00,479.60,104.77,2136.40,TWD
2026-06-05,MARKETPLACE,SKU-009,CARE,0,0.00,0.00,0.00,0.00,TWD
2026-06-05,MARKETPLACE,SKU-010,CARE,5,6450.00,709.50,51.66,3741.00,TWD
2026-06-05,MARKETPLACE,SKU-011,ACCESSORIES,0,0.00,0.00,0.00,0.00,TWD
2026-06-05,MARKETPLACE,SKU-012,ACCESSORIES,6,8940.00,983.40,214.83,3978.30,TWD
2026-06-05,MARKETPLACE,SKU-013,ACCESSORIES,5,7950.00,874.50,127.36,3895.50,TWD
2026-06-05,MARKETPLACE,SKU-014,ACCESSORIES,3,5070.00,557.70,81.22,2712.45,TWD
2026-06-05,MARKETPLACE,SKU-015,ACCESSORIES,4,7160.00,787.60,114.70,4152.80,TWD
2026-06-05,MARKETPLACE,SKU-016,ELECTRONICS,1,1890.00,207.90,30.28,756.00,TWD
2026-06-05,MARKETPLACE,SKU-017,ELECTRONICS,5,9950.00,1094.50,159.40,4427.75,TWD
2026-06-05,MARKETPLACE,SKU-018,ELECTRONICS,4,8360.00,919.60,66.96,4096.40,TWD
2026-06-05,MARKETPLACE,SKU-019,ELECTRONICS,4,9160.00,1007.60,220.11,4900.60,TWD
2026-06-05,MARKETPLACE,SKU-020,ELECTRONICS,0,0.00,0.00,0.00,0.00,TWD
2026-06-06,DTC,SKU-001,HOME,3,1170.00,81.90,9.79,468.00,TWD
2026-06-06,DTC,SKU-002,HOME,1,490.00,34.30,4.10,218.05,TWD
2026-06-06,DTC,SKU-003,HOME,3,1770.00,123.90,29.63,867.30,TWD
2026-06-06,DTC,SKU-004,HOME,6,4140.00,289.80,69.30,2214.90,TWD
2026-06-06,DTC,SKU-005,HOME,2,1580.00,110.60,13.22,916.40,TWD
2026-06-06,DTC,SKU-006,CARE,4,3560.00,249.20,89.39,1424.00,TWD
2026-06-06,DTC,SKU-007,CARE,6,5940.00,415.80,99.44,2643.30,TWD
2026-06-06,DTC,SKU-008,CARE,6,6540.00,457.80,54.74,3204.60,TWD
2026-06-06,DTC,SKU-009,CARE,0,0.00,0.00,0.00,0.00,TWD
2026-06-06,DTC,SKU-010,CARE,5,6450.00,451.50,161.96,3741.00,TWD
2026-06-06,DTC,SKU-011,ACCESSORIES,0,0.00,0.00,0.00,0.00,TWD
2026-06-06,DTC,SKU-012,ACCESSORIES,4,5960.00,417.20,49.89,2652.20,TWD
2026-06-06,DTC,SKU-013,ACCESSORIES,2,3180.00,222.60,79.85,1558.20,TWD
2026-06-06,DTC,SKU-014,ACCESSORIES,6,10140.00,709.80,84.87,5424.90,TWD
2026-06-06,DTC,SKU-015,ACCESSORIES,6,10740.00,751.80,269.68,6229.20,TWD
2026-06-06,DTC,SKU-016,ELECTRONICS,5,9450.00,661.50,237.29,3780.00,TWD
2026-06-06,DTC,SKU-017,ELECTRONICS,5,9950.00,696.50,83.28,4427.75,TWD
2026-06-06,DTC,SKU-018,ELECTRONICS,4,8360.00,585.20,209.92,4096.40,TWD
2026-06-06,DTC,SKU-019,ELECTRONICS,2,4580.00,320.60,115.00,2450.30,TWD
2026-06-06,DTC,SKU-020,ELECTRONICS,6,14940.00,1045.80,250.10,8665.20,TWD
2026-06-06,MARKETPLACE,SKU-001,HOME,0,0.00,0.00,0.00,0.00,TWD
2026-06-06,MARKETPLACE,SKU-002,HOME,6,2940.00,323.40,47.10,1308.30,TWD
2026-06-06,MARKETPLACE,SKU-003,HOME,4,2360.00,259.60,37.81,1156.40,TWD
2026-06-06,MARKETPLACE,SKU-004,HOME,1,690.00,75.90,11.05,369.15,TWD
2026-06-06,MARKETPLACE,SKU-005,HOME,6,4740.00,521.40,37.97,2749.20,TWD
2026-06-06,MARKETPLACE,SKU-006,CARE,5,4450.00,489.50,35.64,1780.00,TWD
2026-06-06,MARKETPLACE,SKU-007,CARE,5,4950.00,544.50,118.95,2202.75,TWD
2026-06-06,MARKETPLACE,SKU-008,CARE,3,3270.00,359.70,52.39,1602.30,TWD
2026-06-06,MARKETPLACE,SKU-009,CARE,2,2380.00,261.80,57.19,1273.30,TWD
2026-06-06,MARKETPLACE,SKU-010,CARE,4,5160.00,567.60,123.99,2992.80,TWD
2026-06-06,MARKETPLACE,SKU-011,ACCESSORIES,0,0.00,0.00,0.00,0.00,TWD
2026-06-06,MARKETPLACE,SKU-012,ACCESSORIES,3,4470.00,491.70,107.41,1989.15,TWD
2026-06-06,MARKETPLACE,SKU-013,ACCESSORIES,0,0.00,0.00,0.00,0.00,TWD
2026-06-06,MARKETPLACE,SKU-014,ACCESSORIES,4,6760.00,743.60,108.30,3616.60,TWD
2026-06-06,MARKETPLACE,SKU-015,ACCESSORIES,1,1790.00,196.90,43.01,1038.20,TWD
2026-06-06,MARKETPLACE,SKU-016,ELECTRONICS,0,0.00,0.00,0.00,0.00,TWD
2026-06-06,MARKETPLACE,SKU-017,ELECTRONICS,4,7960.00,875.60,63.76,3542.20,TWD
2026-06-06,MARKETPLACE,SKU-018,ELECTRONICS,2,4180.00,459.80,33.48,2048.20,TWD
2026-06-06,MARKETPLACE,SKU-019,ELECTRONICS,0,0.00,0.00,0.00,0.00,TWD
2026-06-06,MARKETPLACE,SKU-020,ELECTRONICS,3,7470.00,821.70,119.67,4332.60,TWD
2026-06-07,DTC,SKU-001,HOME,0,0.00,0.00,0.00,0.00,TWD
2026-06-07,DTC,SKU-002,HOME,4,1960.00,137.20,16.41,872.20,TWD
2026-06-07,DTC,SKU-003,HOME,5,2950.00,206.50,24.69,1445.50,TWD
2026-06-07,DTC,SKU-004,HOME,4,2760.00,193.20,69.30,1476.60,TWD
2026-06-07,DTC,SKU-005,HOME,4,3160.00,221.20,79.35,1832.80,TWD
2026-06-07,DTC,SKU-006,CARE,5,4450.00,311.50,111.74,1780.00,TWD
2026-06-07,DTC,SKU-007,CARE,5,4950.00,346.50,82.86,2202.75,TWD
2026-06-07,DTC,SKU-008,CARE,0,0.00,0.00,0.00,0.00,TWD
2026-06-07,DTC,SKU-009,CARE,6,7140.00,499.80,179.29,3819.90,TWD
2026-06-07,DTC,SKU-010,CARE,4,5160.00,361.20,129.57,2992.80,TWD
2026-06-07,DTC,SKU-011,ACCESSORIES,3,4170.00,291.90,34.90,1668.00,TWD
2026-06-07,DTC,SKU-012,ACCESSORIES,4,5960.00,417.20,49.89,2652.20,TWD
2026-06-07,DTC,SKU-013,ACCESSORIES,0,0.00,0.00,0.00,0.00,TWD
2026-06-07,DTC,SKU-014,ACCESSORIES,1,1690.00,118.30,42.44,904.15,TWD
2026-06-07,DTC,SKU-015,ACCESSORIES,3,5370.00,375.90,134.84,3114.60,TWD
2026-06-07,DTC,SKU-016,ELECTRONICS,4,7560.00,529.20,126.55,3024.00,TWD
2026-06-07,DTC,SKU-017,ELECTRONICS,5,9950.00,696.50,249.84,4427.75,TWD
2026-06-07,DTC,SKU-018,ELECTRONICS,4,8360.00,585.20,69.97,4096.40,TWD
2026-06-07,DTC,SKU-019,ELECTRONICS,0,0.00,0.00,0.00,0.00,TWD
2026-06-07,DTC,SKU-020,ELECTRONICS,5,12450.00,871.50,104.21,7221.00,TWD
2026-06-07,MARKETPLACE,SKU-001,HOME,5,1950.00,214.50,46.86,780.00,TWD
2026-06-07,MARKETPLACE,SKU-002,HOME,3,1470.00,161.70,35.32,654.15,TWD
2026-06-07,MARKETPLACE,SKU-003,HOME,4,2360.00,259.60,18.90,1156.40,TWD
2026-06-07,MARKETPLACE,SKU-004,HOME,4,2760.00,303.60,44.22,1476.60,TWD
2026-06-07,MARKETPLACE,SKU-005,HOME,2,1580.00,173.80,37.97,916.40,TWD
2026-06-07,MARKETPLACE,SKU-006,CARE,1,890.00,97.90,21.39,356.00,TWD
2026-06-07,MARKETPLACE,SKU-007,CARE,0,0.00,0.00,0.00,0.00,TWD
2026-06-07,MARKETPLACE,SKU-008,CARE,0,0.00,0.00,0.00,0.00,TWD
2026-06-07,MARKETPLACE,SKU-009,CARE,2,2380.00,261.80,38.13,1273.30,TWD
2026-06-07,MARKETPLACE,SKU-010,CARE,2,2580.00,283.80,62.00,1496.40,TWD
2026-06-07,MARKETPLACE,SKU-011,ACCESSORIES,4,5560.00,611.60,89.07,2224.00,TWD
2026-06-07,MARKETPLACE,SKU-012,ACCESSORIES,2,2980.00,327.80,23.87,1326.10,TWD
2026-06-07,MARKETPLACE,SKU-013,ACCESSORIES,6,9540.00,1049.40,229.25,4674.60,TWD
2026-06-07,MARKETPLACE,SKU-014,ACCESSORIES,5,8450.00,929.50,203.05,4520.75,TWD
2026-06-07,MARKETPLACE,SKU-015,ACCESSORIES,6,10740.00,1181.40,86.03,6229.20,TWD
2026-06-07,MARKETPLACE,SKU-016,ELECTRONICS,5,9450.00,1039.50,75.69,3780.00,TWD
2026-06-07,MARKETPLACE,SKU-017,ELECTRONICS,5,9950.00,1094.50,159.40,4427.75,TWD
2026-06-07,MARKETPLACE,SKU-018,ELECTRONICS,0,0.00,0.00,0.00,0.00,TWD
2026-06-07,MARKETPLACE,SKU-019,ELECTRONICS,2,4580.00,503.80,36.69,2450.30,TWD
2026-06-07,MARKETPLACE,SKU-020,ELECTRONICS,5,12450.00,1369.50,299.17,7221.00,TWD
2026-06-08,DTC,SKU-001,HOME,6,2340.00,163.80,58.76,936.00,TWD
2026-06-08,DTC,SKU-002,HOME,4,1960.00,137.20,49.22,872.20,TWD
2026-06-08,DTC,SKU-003,HOME,0,0.00,0.00,0.00,0.00,TWD
2026-06-08,DTC,SKU-004,HOME,3,2070.00,144.90,51.98,1107.45,TWD
2026-06-08,DTC,SKU-005,HOME,0,0.00,0.00,0.00,0.00,TWD
2026-06-08,DTC,SKU-006,CARE,5,4450.00,311.50,74.49,1780.00,TWD
2026-06-08,DTC,SKU-007,CARE,6,5940.00,415.80,99.44,2643.30,TWD
2026-06-08,DTC,SKU-008,CARE,4,4360.00,305.20,36.49,2136.40,TWD
2026-06-08,DTC,SKU-009,CARE,5,5950.00,416.50,99.60,3183.25,TWD
2026-06-08,DTC,SKU-010,CARE,1,1290.00,90.30,32.39,748.20,TWD
2026-06-08,DTC,SKU-011,ACCESSORIES,1,1390.00,97.30,23.27,556.00,TWD
2026-06-08,DTC,SKU-012,ACCESSORIES,0,0.00,0.00,0.00,0.00,TWD
2026-06-08,DTC,SKU-013,ACCESSORIES,6,9540.00,667.80,239.55,4674.60,TWD
2026-06-08,DTC,SKU-014,ACCESSORIES,5,8450.00,591.50,141.45,4520.75,TWD
2026-06-08,DTC,SKU-015,ACCESSORIES,3,5370.00,375.90,134.84,3114.60,TWD
2026-06-08,DTC,SKU-016,ELECTRONICS,5,9450.00,661.50,79.10,3780.00,TWD
2026-06-08,DTC,SKU-017,ELECTRONICS,1,1990.00,139.30,49.97,885.55,TWD
2026-06-08,DTC,SKU-018,ELECTRONICS,4,8360.00,585.20,69.97,4096.40,TWD
2026-06-08,DTC,SKU-019,ELECTRONICS,3,6870.00,480.90,57.50,3675.45,TWD
2026-06-08,DTC,SKU-020,ELECTRONICS,0,0.00,0.00,0.00,0.00,TWD
2026-06-08,MARKETPLACE,SKU-001,HOME,2,780.00,85.80,12.50,312.00,TWD
2026-06-08,MARKETPLACE,SKU-002,HOME,1,490.00,53.90,11.77,218.05,TWD
2026-06-08,MARKETPLACE,SKU-003,HOME,1,590.00,64.90,4.73,289.10,TWD
2026-06-08,MARKETPLACE,SKU-004,HOME,2,1380.00,151.80,33.16,738.30,TWD
2026-06-08,MARKETPLACE,SKU-005,HOME,2,1580.00,173.80,37.97,916.40,TWD
2026-06-08,MARKETPLACE,SKU-006,CARE,4,3560.00,391.60,57.03,1424.00,TWD
2026-06-08,MARKETPLACE,SKU-007,CARE,4,3960.00,435.60,63.44,1762.20,TWD
2026-06-08,MARKETPLACE,SKU-008,CARE,5,5450.00,599.50,130.96,2670.50,TWD
2026-06-08,MARKETPLACE,SKU-009,CARE,4,4760.00,523.60,76.26,2546.60,TWD
2026-06-08,MARKETPLACE,SKU-010,CARE,1,1290.00,141.90,10.33,748.20,TWD
2026-06-08,MARKETPLACE,SKU-011,ACCESSORIES,3,4170.00,458.70,33.40,1668.00,TWD
2026-06-08,MARKETPLACE,SKU-012,ACCESSORIES,6,8940.00,983.40,214.83,3978.30,TWD
2026-06-08,MARKETPLACE,SKU-013,ACCESSORIES,1,1590.00,174.90,38.21,779.10,TWD
2026-06-08,MARKETPLACE,SKU-014,ACCESSORIES,3,5070.00,557.70,40.61,2712.45,TWD
2026-06-08,MARKETPLACE,SKU-015,ACCESSORIES,5,8950.00,984.50,215.07,5191.00,TWD
2026-06-08,MARKETPLACE,SKU-016,ELECTRONICS,6,11340.00,1247.40,181.67,4536.00,TWD
2026-06-08,MARKETPLACE,SKU-017,ELECTRONICS,4,7960.00,875.60,63.76,3542.20,TWD
2026-06-08,MARKETPLACE,SKU-018,ELECTRONICS,5,10450.00,1149.50,167.41,5120.50,TWD
2026-06-08,MARKETPLACE,SKU-019,ELECTRONICS,3,6870.00,755.70,165.09,3675.45,TWD
2026-06-08,MARKETPLACE,SKU-020,ELECTRONICS,3,7470.00,821.70,179.50,4332.60,TWD
2026-06-09,DTC,SKU-001,HOME,3,1170.00,81.90,19.59,468.00,TWD
2026-06-09,DTC,SKU-002,HOME,6,2940.00,205.80,49.22,1308.30,TWD
2026-06-09,DTC,SKU-003,HOME,5,2950.00,206.50,49.38,1445.50,TWD
2026-06-09,DTC,SKU-004,HOME,6,4140.00,289.80,103.96,2214.90,TWD
2026-06-09,DTC,SKU-005,HOME,3,2370.00,165.90,59.51,1374.60,TWD
2026-06-09,DTC,SKU-006,CARE,1,890.00,62.30,14.90,356.00,TWD
2026-06-09,DTC,SKU-007,CARE,4,3960.00,277.20,99.44,1762.20,TWD
2026-06-09,DTC,SKU-008,CARE,5,5450.00,381.50,91.23,2670.50,TWD
2026-06-09,DTC,SKU-009,CARE,5,5950.00,416.50,149.40,3183.25,TWD
2026-06-09,DTC,SKU-010,CARE,0,0.00,0.00,0.00,0.00,TWD
2026-06-09,DTC,SKU-011,ACCESSORIES,2,2780.00,194.60,69.81,1112.00,TWD
2026-06-09,DTC,SKU-012,ACCESSORIES,4,5960.00,417.20,49.89,2652.20,TWD
2026-06-09,DTC,SKU-013,ACCESSORIES,2,3180.00,222.60,26.62,1558.20,TWD
2026-06-09,DTC,SKU-014,ACCESSORIES,1,1690.00,118.30,14.15,904.15,TWD
2026-06-09,DTC,SKU-015,ACCESSORIES,3,5370.00,375.90,134.84,3114.60,TWD
2026-06-09,DTC,SKU-016,ELECTRONICS,3,5670.00,396.90,142.37,2268.00,TWD
2026-06-09,DTC,SKU-017,ELECTRONICS,1,1990.00,139.30,49.97,885.55,TWD
2026-06-09,DTC,SKU-018,ELECTRONICS,1,2090.00,146.30,34.99,1024.10,TWD
2026-06-09,DTC,SKU-019,ELECTRONICS,6,13740.00,961.80,345.01,7350.90,TWD
2026-06-09,DTC,SKU-020,ELECTRONICS,4,9960.00,697.20,166.73,5776.80,TWD
2026-06-09,MARKETPLACE,SKU-001,HOME,3,1170.00,128.70,28.12,468.00,TWD
2026-06-09,MARKETPLACE,SKU-002,HOME,4,1960.00,215.60,47.10,872.20,TWD
2026-06-09,MARKETPLACE,SKU-003,HOME,4,2360.00,259.60,37.81,1156.40,TWD
2026-06-09,MARKETPLACE,SKU-004,HOME,2,1380.00,151.80,33.16,738.30,TWD
2026-06-09,MARKETPLACE,SKU-005,HOME,4,3160.00,347.60,25.31,1832.80,TWD
2026-06-09,MARKETPLACE,SKU-006,CARE,4,3560.00,391.60,57.03,1424.00,TWD
2026-06-09,MARKETPLACE,SKU-007,CARE,2,1980.00,217.80,15.86,881.10,TWD
2026-06-09,MARKETPLACE,SKU-008,CARE,5,5450.00,599.50,87.31,2670.50,TWD
2026-06-09,MARKETPLACE,SKU-009,CARE,0,0.00,0.00,0.00,0.00,TWD
2026-06-09,MARKETPLACE,SKU-010,CARE,5,6450.00,709.50,154.99,3741.00,TWD
2026-06-09,MARKETPLACE,SKU-011,ACCESSORIES,5,6950.00,764.50,167.01,2780.00,TWD
2026-06-09,MARKETPLACE,SKU-012,ACCESSORIES,1,1490.00,163.90,35.80,663.05,TWD
2026-06-09,MARKETPLACE,SKU-013,ACCESSORIES,1,1590.00,174.90,12.74,779.10,TWD
2026-06-09,MARKETPLACE,SKU-014,ACCESSORIES,0,0.00,0.00,0.00,0.00,TWD
2026-06-09,MARKETPLACE,SKU-015,ACCESSORIES,6,10740.00,1181.40,258.08,6229.20,TWD
2026-06-09,MARKETPLACE,SKU-016,ELECTRONICS,2,3780.00,415.80,90.83,1512.00,TWD
2026-06-09,MARKETPLACE,SKU-017,ELECTRONICS,2,3980.00,437.80,95.64,1771.10,TWD
2026-06-09,MARKETPLACE,SKU-018,ELECTRONICS,5,10450.00,1149.50,83.70,5120.50,TWD
2026-06-09,MARKETPLACE,SKU-019,ELECTRONICS,6,13740.00,1511.40,220.11,7350.90,TWD
2026-06-09,MARKETPLACE,SKU-020,ELECTRONICS,3,7470.00,821.70,179.50,4332.60,TWD
2026-06-10,DTC,SKU-001,HOME,0,0.00,0.00,0.00,0.00,TWD
2026-06-10,DTC,SKU-002,HOME,3,1470.00,102.90,12.30,654.15,TWD
2026-06-10,DTC,SKU-003,HOME,2,1180.00,82.60,19.75,578.20,TWD
2026-06-10,DTC,SKU-004,HOME,1,690.00,48.30,5.78,369.15,TWD
2026-06-10,DTC,SKU-005,HOME,1,790.00,55.30,13.22,458.20,TWD
2026-06-10,DTC,SKU-006,CARE,5,4450.00,311.50,74.49,1780.00,TWD
2026-06-10,DTC,SKU-007,CARE,3,2970.00,207.90,49.72,1321.65,TWD
2026-06-10,DTC,SKU-008,CARE,0,0.00,0.00,0.00,0.00,TWD
2026-06-10,DTC,SKU-009,CARE,3,3570.00,249.90,29.88,1909.95,TWD
2026-06-10,DTC,SKU-010,CARE,4,5160.00,361.20,86.38,2992.80,TWD
2026-06-10,DTC,SKU-011,ACCESSORIES,0,0.00,0.00,0.00,0.00,TWD
2026-06-10,DTC,SKU-012,ACCESSORIES,1,1490.00,104.30,12.47,663.05,TWD
2026-06-10,DTC,SKU-013,ACCESSORIES,3,4770.00,333.90,79.85,2337.30,TWD
2026-06-10,DTC,SKU-014,ACCESSORIES,2,3380.00,236.60,56.58,1808.30,TWD
2026-06-10,DTC,SKU-015,ACCESSORIES,1,1790.00,125.30,44.95,1038.20,TWD
2026-06-10,DTC,SKU-016,ELECTRONICS,1,1890.00,132.30,31.64,756.00,TWD
2026-06-10,DTC,SKU-017,ELECTRONICS,1,1990.00,139.30,33.31,885.55,TWD
2026-06-10,DTC,SKU-018,ELECTRONICS,2,4180.00,292.60,104.96,2048.20,TWD
2026-06-10,DTC,SKU-019,ELECTRONICS,0,0.00,0.00,0.00,0.00,TWD
2026-06-10,DTC,SKU-020,ELECTRONICS,5,12450.00,871.50,104.21,7221.00,TWD
2026-06-10,MARKETPLACE,SKU-001,HOME,4,1560.00,171.60,37.49,624.00,TWD
2026-06-10,MARKETPLACE,SKU-002,HOME,4,1960.00,215.60,15.70,872.20,TWD
2026-06-10,MARKETPLACE,SKU-003,HOME,2,1180.00,129.80,18.90,578.20,TWD
2026-06-10,MARKETPLACE,SKU-004,HOME,0,0.00,0.00,0.00,0.00,TWD
2026-06-10,MARKETPLACE,SKU-005,HOME,4,3160.00,347.60,75.93,1832.80,TWD
2026-06-10,MARKETPLACE,SKU-006,CARE,4,3560.00,391.60,57.03,1424.00,TWD
2026-06-10,MARKETPLACE,SKU-007,CARE,3,2970.00,326.70,71.37,1321.65,TWD
2026-06-10,MARKETPLACE,SKU-008,CARE,2,2180.00,239.80,17.46,1068.20,TWD
2026-06-10,MARKETPLACE,SKU-009,CARE,5,5950.00,654.50,95.32,3183.25,TWD
2026-06-10,MARKETPLACE,SKU-010,CARE,2,2580.00,283.80,41.33,1496.40,TWD
2026-06-10,MARKETPLACE,SKU-011,ACCESSORIES,1,1390.00,152.90,11.13,556.00,TWD
2026-06-10,MARKETPLACE,SKU-012,ACCESSORIES,3,4470.00,491.70,107.41,1989.15,TWD
2026-06-10,MARKETPLACE,SKU-013,ACCESSORIES,4,6360.00,699.60,50.94,3116.40,TWD
2026-06-10,MARKETPLACE,SKU-014,ACCESSORIES,5,8450.00,929.50,67.68,4520.75,TWD
2026-06-10,MARKETPLACE,SKU-015,ACCESSORIES,2,3580.00,393.80,28.68,2076.40,TWD
2026-06-10,MARKETPLACE,SKU-016,ELECTRONICS,0,0.00,0.00,0.00,0.00,TWD
2026-06-10,MARKETPLACE,SKU-017,ELECTRONICS,4,7960.00,875.60,127.52,3542.20,TWD
2026-06-10,MARKETPLACE,SKU-018,ELECTRONICS,1,2090.00,229.90,50.22,1024.10,TWD
2026-06-10,MARKETPLACE,SKU-019,ELECTRONICS,3,6870.00,755.70,110.06,3675.45,TWD
2026-06-10,MARKETPLACE,SKU-020,ELECTRONICS,1,2490.00,273.90,19.94,1444.20,TWD
2026-06-11,DTC,SKU-001,HOME,4,1560.00,109.20,39.17,624.00,TWD
2026-06-11,DTC,SKU-002,HOME,4,1960.00,137.20,32.81,872.20,TWD
2026-06-11,DTC,SKU-003,HOME,1,590.00,41.30,4.94,289.10,TWD
2026-06-11,DTC,SKU-004,HOME,1,690.00,48.30,17.33,369.15,TWD
2026-06-11,DTC,SKU-005,HOME,3,2370.00,165.90,19.84,1374.60,TWD
2026-06-11,DTC,SKU-006,CARE,3,2670.00,186.90,44.70,1068.00,TWD
2026-06-11,DTC,SKU-007,CARE,6,5940.00,415.80,99.44,2643.30,TWD
2026-06-11,DTC,SKU-008,CARE,3,3270.00,228.90,27.37,1602.30,TWD
2026-06-11,DTC,SKU-009,CARE,0,0.00,0.00,0.00,0.00,TWD
2026-06-11,DTC,SKU-010,CARE,5,6450.00,451.50,161.96,3741.00,TWD
2026-06-11,DTC,SKU-011,ACCESSORIES,0,0.00,0.00,0.00,0.00,TWD
2026-06-11,DTC,SKU-012,ACCESSORIES,0,0.00,0.00,0.00,0.00,TWD
2026-06-11,DTC,SKU-013,ACCESSORIES,6,9540.00,667.80,239.55,4674.60,TWD
2026-06-11,DTC,SKU-014,ACCESSORIES,0,0.00,0.00,0.00,0.00,TWD
2026-06-11,DTC,SKU-015,ACCESSORIES,4,7160.00,501.20,179.79,4152.80,TWD
2026-06-11,DTC,SKU-016,ELECTRONICS,5,9450.00,661.50,237.29,3780.00,TWD
2026-06-11,DTC,SKU-017,ELECTRONICS,1,1990.00,139.30,49.97,885.55,TWD
2026-06-11,DTC,SKU-018,ELECTRONICS,5,10450.00,731.50,262.40,5120.50,TWD
2026-06-11,DTC,SKU-019,ELECTRONICS,3,6870.00,480.90,172.51,3675.45,TWD
2026-06-11,DTC,SKU-020,ELECTRONICS,6,14940.00,1045.80,375.14,8665.20,TWD
2026-06-11,MARKETPLACE,SKU-001,HOME,3,1170.00,128.70,28.12,468.00,TWD
2026-06-11,MARKETPLACE,SKU-002,HOME,4,1960.00,215.60,31.40,872.20,TWD
2026-06-11,MARKETPLACE,SKU-003,HOME,6,3540.00,389.40,28.36,1734.60,TWD
2026-06-11,MARKETPLACE,SKU-004,HOME,0,0.00,0.00,0.00,0.00,TWD
2026-06-11,MARKETPLACE,SKU-005,HOME,1,790.00,86.90,12.66,458.20,TWD
2026-06-11,MARKETPLACE,SKU-006,CARE,2,1780.00,195.80,28.52,712.00,TWD
2026-06-11,MARKETPLACE,SKU-007,CARE,6,5940.00,653.40,142.74,2643.30,TWD
2026-06-11,MARKETPLACE,SKU-008,CARE,5,5450.00,599.50,43.65,2670.50,TWD
2026-06-11,MARKETPLACE,SKU-009,CARE,6,7140.00,785.40,114.38,3819.90,TWD
2026-06-11,MARKETPLACE,SKU-010,CARE,0,0.00,0.00,0.00,0.00,TWD
2026-06-11,MARKETPLACE,SKU-011,ACCESSORIES,6,8340.00,917.40,133.61,3336.00,TWD
2026-06-11,MARKETPLACE,SKU-012,ACCESSORIES,3,4470.00,491.70,71.61,1989.15,TWD
2026-06-11,MARKETPLACE,SKU-013,ACCESSORIES,1,1590.00,174.90,12.74,779.10,TWD
2026-06-11,MARKETPLACE,SKU-014,ACCESSORIES,5,8450.00,929.50,67.68,4520.75,TWD
2026-06-11,MARKETPLACE,SKU-015,ACCESSORIES,2,3580.00,393.80,57.35,2076.40,TWD
2026-06-11,MARKETPLACE,SKU-016,ELECTRONICS,3,5670.00,623.70,90.83,2268.00,TWD
2026-06-11,MARKETPLACE,SKU-017,ELECTRONICS,4,7960.00,875.60,127.52,3542.20,TWD
2026-06-11,MARKETPLACE,SKU-018,ELECTRONICS,0,0.00,0.00,0.00,0.00,TWD
2026-06-11,MARKETPLACE,SKU-019,ELECTRONICS,4,9160.00,1007.60,73.37,4900.60,TWD
2026-06-11,MARKETPLACE,SKU-020,ELECTRONICS,0,0.00,0.00,0.00,0.00,TWD
2026-06-12,DTC,SKU-001,HOME,6,2340.00,163.80,39.17,936.00,TWD
2026-06-12,DTC,SKU-002,HOME,5,2450.00,171.50,20.51,1090.25,TWD
2026-06-12,DTC,SKU-003,HOME,6,3540.00,247.80,29.63,1734.60,TWD
2026-06-12,DTC,SKU-004,HOME,6,4140.00,289.80,103.96,2214.90,TWD
2026-06-12,DTC,SKU-005,HOME,3,2370.00,165.90,59.51,1374.60,TWD
2026-06-12,DTC,SKU-006,CARE,4,3560.00,249.20,59.59,1424.00,TWD
2026-06-12,DTC,SKU-007,CARE,5,4950.00,346.50,41.43,2202.75,TWD
2026-06-12,DTC,SKU-008,CARE,2,2180.00,152.60,36.49,1068.20,TWD
2026-06-12,DTC,SKU-009,CARE,3,3570.00,249.90,89.64,1909.95,TWD
2026-06-12,DTC,SKU-010,CARE,0,0.00,0.00,0.00,0.00,TWD
2026-06-12,DTC,SKU-011,ACCESSORIES,3,4170.00,291.90,34.90,1668.00,TWD
2026-06-12,DTC,SKU-012,ACCESSORIES,2,2980.00,208.60,74.83,1326.10,TWD
2026-06-12,DTC,SKU-013,ACCESSORIES,2,3180.00,222.60,53.23,1558.20,TWD
2026-06-12,DTC,SKU-014,ACCESSORIES,0,0.00,0.00,0.00,0.00,TWD
2026-06-12,DTC,SKU-015,ACCESSORIES,2,3580.00,250.60,59.93,2076.40,TWD
2026-06-12,DTC,SKU-016,ELECTRONICS,6,11340.00,793.80,189.83,4536.00,TWD
2026-06-12,DTC,SKU-017,ELECTRONICS,6,11940.00,835.80,99.94,5313.30,TWD
2026-06-12,DTC,SKU-018,ELECTRONICS,6,12540.00,877.80,209.92,6144.60,TWD
2026-06-12,DTC,SKU-019,ELECTRONICS,6,13740.00,961.80,230.01,7350.90,TWD
2026-06-12,DTC,SKU-020,ELECTRONICS,0,0.00,0.00,0.00,0.00,TWD
2026-06-12,MARKETPLACE,SKU-001,HOME,3,1170.00,128.70,9.37,468.00,TWD
2026-06-12,MARKETPLACE,SKU-002,HOME,5,2450.00,269.50,58.87,1090.25,TWD
2026-06-12,MARKETPLACE,SKU-003,HOME,6,3540.00,389.40,56.71,1734.60,TWD
2026-06-12,MARKETPLACE,SKU-004,HOME,2,1380.00,151.80,11.05,738.30,TWD
2026-06-12,MARKETPLACE,SKU-005,HOME,4,3160.00,347.60,50.62,1832.80,TWD
2026-06-12,MARKETPLACE,SKU-006,CARE,1,890.00,97.90,7.13,356.00,TWD
2026-06-12,MARKETPLACE,SKU-007,CARE,5,4950.00,544.50,118.95,2202.75,TWD
2026-06-12,MARKETPLACE,SKU-008,CARE,6,6540.00,719.40,52.39,3204.60,TWD
2026-06-12,MARKETPLACE,SKU-009,CARE,1,1190.00,130.90,9.53,636.65,TWD
2026-06-12,MARKETPLACE,SKU-010,CARE,0,0.00,0.00,0.00,0.00,TWD
2026-06-12,MARKETPLACE,SKU-011,ACCESSORIES,2,2780.00,305.80,22.27,1112.00,TWD
2026-06-12,MARKETPLACE,SKU-012,ACCESSORIES,6,8940.00,983.40,71.61,3978.30,TWD
2026-06-12,MARKETPLACE,SKU-013,ACCESSORIES,3,4770.00,524.70,76.42,2337.30,TWD
2026-06-12,MARKETPLACE,SKU-014,ACCESSORIES,4,6760.00,743.60,162.44,3616.60,TWD
2026-06-12,MARKETPLACE,SKU-015,ACCESSORIES,5,8950.00,984.50,71.69,5191.00,TWD
2026-06-12,MARKETPLACE,SKU-016,ELECTRONICS,1,1890.00,207.90,15.14,756.00,TWD
2026-06-12,MARKETPLACE,SKU-017,ELECTRONICS,5,9950.00,1094.50,79.70,4427.75,TWD
2026-06-12,MARKETPLACE,SKU-018,ELECTRONICS,3,6270.00,689.70,50.22,3072.30,TWD
2026-06-12,MARKETPLACE,SKU-019,ELECTRONICS,4,9160.00,1007.60,146.74,4900.60,TWD
2026-06-12,MARKETPLACE,SKU-020,ELECTRONICS,4,9960.00,1095.60,159.56,5776.80,TWD
2026-06-13,DTC,SKU-001,HOME,5,1950.00,136.50,32.64,780.00,TWD
2026-06-13,DTC,SKU-002,HOME,4,1960.00,137.20,32.81,872.20,TWD
2026-06-13,DTC,SKU-003,HOME,2,1180.00,82.60,29.63,578.20,TWD
2026-06-13,DTC,SKU-004,HOME,4,2760.00,193.20,69.30,1476.60,TWD
2026-06-13,DTC,SKU-005,HOME,5,3950.00,276.50,66.12,2291.00,TWD
2026-06-13,DTC,SKU-006,CARE,5,4450.00,311.50,111.74,1780.00,TWD
2026-06-13,DTC,SKU-007,CARE,2,1980.00,138.60,33.15,881.10,TWD
2026-06-13,DTC,SKU-008,CARE,1,1090.00,76.30,27.37,534.10,TWD
2026-06-13,DTC,SKU-009,CARE,5,5950.00,416.50,99.60,3183.25,TWD
2026-06-13,DTC,SKU-010,CARE,0,0.00,0.00,0.00,0.00,TWD
2026-06-13,DTC,SKU-011,ACCESSORIES,6,8340.00,583.80,139.61,3336.00,TWD
2026-06-13,DTC,SKU-012,ACCESSORIES,6,8940.00,625.80,224.48,3978.30,TWD
2026-06-13,DTC,SKU-013,ACCESSORIES,4,6360.00,445.20,159.70,3116.40,TWD
2026-06-13,DTC,SKU-014,ACCESSORIES,6,10140.00,709.80,254.62,5424.90,TWD
2026-06-13,DTC,SKU-015,ACCESSORIES,0,0.00,0.00,0.00,0.00,TWD
2026-06-13,DTC,SKU-016,ELECTRONICS,3,5670.00,396.90,47.46,2268.00,TWD
2026-06-13,DTC,SKU-017,ELECTRONICS,0,0.00,0.00,0.00,0.00,TWD
2026-06-13,DTC,SKU-018,ELECTRONICS,6,12540.00,877.80,209.92,6144.60,TWD
2026-06-13,DTC,SKU-019,ELECTRONICS,4,9160.00,641.20,76.67,4900.60,TWD
2026-06-13,DTC,SKU-020,ELECTRONICS,3,7470.00,522.90,125.05,4332.60,TWD
2026-06-13,MARKETPLACE,SKU-001,HOME,0,0.00,0.00,0.00,0.00,TWD
2026-06-13,MARKETPLACE,SKU-002,HOME,3,1470.00,161.70,11.77,654.15,TWD
2026-06-13,MARKETPLACE,SKU-003,HOME,0,0.00,0.00,0.00,0.00,TWD
2026-06-13,MARKETPLACE,SKU-004,HOME,1,690.00,75.90,16.58,369.15,TWD
2026-06-13,MARKETPLACE,SKU-005,HOME,4,3160.00,347.60,75.93,1832.80,TWD
2026-06-13,MARKETPLACE,SKU-006,CARE,2,1780.00,195.80,42.77,712.00,TWD
2026-06-13,MARKETPLACE,SKU-007,CARE,6,5940.00,653.40,47.58,2643.30,TWD
2026-06-13,MARKETPLACE,SKU-008,CARE,4,4360.00,479.60,69.85,2136.40,TWD
2026-06-13,MARKETPLACE,SKU-009,CARE,1,1190.00,130.90,19.06,636.65,TWD
2026-06-13,MARKETPLACE,SKU-010,CARE,4,5160.00,567.60,82.66,2992.80,TWD
2026-06-13,MARKETPLACE,SKU-011,ACCESSORIES,1,1390.00,152.90,22.27,556.00,TWD
2026-06-13,MARKETPLACE,SKU-012,ACCESSORIES,5,7450.00,819.50,179.02,3315.25,TWD
2026-06-13,MARKETPLACE,SKU-013,ACCESSORIES,0,0.00,0.00,0.00,0.00,TWD
2026-06-13,MARKETPLACE,SKU-014,ACCESSORIES,0,0.00,0.00,0.00,0.00,TWD
2026-06-13,MARKETPLACE,SKU-015,ACCESSORIES,3,5370.00,590.70,43.01,3114.60,TWD
2026-06-13,MARKETPLACE,SKU-016,ELECTRONICS,6,11340.00,1247.40,272.50,4536.00,TWD
2026-06-13,MARKETPLACE,SKU-017,ELECTRONICS,1,1990.00,218.90,47.82,885.55,TWD
2026-06-13,MARKETPLACE,SKU-018,ELECTRONICS,5,10450.00,1149.50,251.11,5120.50,TWD
2026-06-13,MARKETPLACE,SKU-019,ELECTRONICS,4,9160.00,1007.60,220.11,4900.60,TWD
2026-06-13,MARKETPLACE,SKU-020,ELECTRONICS,0,0.00,0.00,0.00,0.00,TWD
2026-06-14,DTC,SKU-001,HOME,2,780.00,54.60,6.53,312.00,TWD
2026-06-14,DTC,SKU-002,HOME,6,2940.00,205.80,73.82,1308.30,TWD
2026-06-14,DTC,SKU-003,HOME,2,1180.00,82.60,9.88,578.20,TWD
2026-06-14,DTC,SKU-004,HOME,5,3450.00,241.50,86.63,1845.75,TWD
2026-06-14,DTC,SKU-005,HOME,5,3950.00,276.50,66.12,2291.00,TWD
2026-06-14,DTC,SKU-006,CARE,3,2670.00,186.90,44.70,1068.00,TWD
2026-06-14,DTC,SKU-007,CARE,2,1980.00,138.60,33.15,881.10,TWD
2026-06-14,DTC,SKU-008,CARE,0,0.00,0.00,0.00,0.00,TWD
2026-06-14,DTC,SKU-009,CARE,1,1190.00,83.30,9.96,636.65,TWD
2026-06-14,DTC,SKU-010,CARE,2,2580.00,180.60,43.19,1496.40,TWD
2026-06-14,DTC,SKU-011,ACCESSORIES,3,4170.00,291.90,104.71,1668.00,TWD
2026-06-14,DTC,SKU-012,ACCESSORIES,0,0.00,0.00,0.00,0.00,TWD
2026-06-14,DTC,SKU-013,ACCESSORIES,5,7950.00,556.50,66.54,3895.50,TWD
2026-06-14,DTC,SKU-014,ACCESSORIES,3,5070.00,354.90,127.31,2712.45,TWD
2026-06-14,DTC,SKU-015,ACCESSORIES,2,3580.00,250.60,29.96,2076.40,TWD
2026-06-14,DTC,SKU-016,ELECTRONICS,6,11340.00,793.80,284.75,4536.00,TWD
2026-06-14,DTC,SKU-017,ELECTRONICS,1,1990.00,139.30,33.31,885.55,TWD
2026-06-14,DTC,SKU-018,ELECTRONICS,3,6270.00,438.90,104.96,3072.30,TWD
2026-06-14,DTC,SKU-019,ELECTRONICS,6,13740.00,961.80,345.01,7350.90,TWD
2026-06-14,DTC,SKU-020,ELECTRONICS,3,7470.00,522.90,187.57,4332.60,TWD
2026-06-14,MARKETPLACE,SKU-001,HOME,0,0.00,0.00,0.00,0.00,TWD
2026-06-14,MARKETPLACE,SKU-002,HOME,6,2940.00,323.40,70.65,1308.30,TWD
2026-06-14,MARKETPLACE,SKU-003,HOME,5,2950.00,324.50,23.63,1445.50,TWD
2026-06-14,MARKETPLACE,SKU-004,HOME,3,2070.00,227.70,33.16,1107.45,TWD
2026-06-14,MARKETPLACE,SKU-005,HOME,0,0.00,0.00,0.00,0.00,TWD
2026-06-14,MARKETPLACE,SKU-006,CARE,6,5340.00,587.40,42.77,2136.00,TWD
2026-06-14,MARKETPLACE,SKU-007,CARE,3,2970.00,326.70,71.37,1321.65,TWD
2026-06-14,MARKETPLACE,SKU-008,CARE,0,0.00,0.00,0.00,0.00,TWD
2026-06-14,MARKETPLACE,SKU-009,CARE,3,3570.00,392.70,85.79,1909.95,TWD
2026-06-14,MARKETPLACE,SKU-010,CARE,5,6450.00,709.50,103.33,3741.00,TWD
2026-06-14,MARKETPLACE,SKU-011,ACCESSORIES,1,1390.00,152.90,11.13,556.00,TWD
2026-06-14,MARKETPLACE,SKU-012,ACCESSORIES,6,8940.00,983.40,214.83,3978.30,TWD
2026-06-14,MARKETPLACE,SKU-013,ACCESSORIES,1,1590.00,174.90,38.21,779.10,TWD
2026-06-14,MARKETPLACE,SKU-014,ACCESSORIES,6,10140.00,1115.40,243.66,5424.90,TWD
2026-06-14,MARKETPLACE,SKU-015,ACCESSORIES,4,7160.00,787.60,114.70,4152.80,TWD
2026-06-14,MARKETPLACE,SKU-016,ELECTRONICS,3,5670.00,623.70,136.25,2268.00,TWD
2026-06-14,MARKETPLACE,SKU-017,ELECTRONICS,3,5970.00,656.70,95.64,2656.65,TWD
2026-06-14,MARKETPLACE,SKU-018,ELECTRONICS,4,8360.00,919.60,66.96,4096.40,TWD
2026-06-14,MARKETPLACE,SKU-019,ELECTRONICS,1,2290.00,251.90,18.34,1225.15,TWD
2026-06-14,MARKETPLACE,SKU-020,ELECTRONICS,6,14940.00,1643.40,119.67,8665.20,TWD
2026-06-15,DTC,SKU-001,HOME,2,780.00,54.60,13.06,312.00,TWD
2026-06-15,DTC,SKU-002,HOME,1,490.00,34.30,12.30,218.05,TWD
2026-06-15,DTC,SKU-003,HOME,3,1770.00,123.90,29.63,867.30,TWD
2026-06-15,DTC,SKU-004,HOME,3,2070.00,144.90,34.65,1107.45,TWD
2026-06-15,DTC,SKU-005,HOME,2,1580.00,110.60,26.45,916.40,TWD
2026-06-15,DTC,SKU-006,CARE,5,4450.00,311.50,111.74,1780.00,TWD
2026-06-15,DTC,SKU-007,CARE,2,1980.00,138.60,49.72,881.10,TWD
2026-06-15,DTC,SKU-008,CARE,6,6540.00,457.80,164.22,3204.60,TWD
2026-06-15,DTC,SKU-009,CARE,5,5950.00,416.50,99.60,3183.25,TWD
2026-06-15,DTC,SKU-010,CARE,1,1290.00,90.30,10.80,748.20,TWD
2026-06-15,DTC,SKU-011,ACCESSORIES,4,5560.00,389.20,139.61,2224.00,TWD
2026-06-15,DTC,SKU-012,ACCESSORIES,3,4470.00,312.90,74.83,1989.15,TWD
2026-06-15,DTC,SKU-013,ACCESSORIES,1,1590.00,111.30,13.31,779.10,TWD
2026-06-15,DTC,SKU-014,ACCESSORIES,0,0.00,0.00,0.00,0.00,TWD
2026-06-15,DTC,SKU-015,ACCESSORIES,3,5370.00,375.90,134.84,3114.60,TWD
2026-06-15,DTC,SKU-016,ELECTRONICS,3,5670.00,396.90,142.37,2268.00,TWD
2026-06-15,DTC,SKU-017,ELECTRONICS,5,9950.00,696.50,249.84,4427.75,TWD
2026-06-15,DTC,SKU-018,ELECTRONICS,4,8360.00,585.20,209.92,4096.40,TWD
2026-06-15,DTC,SKU-019,ELECTRONICS,2,4580.00,320.60,76.67,2450.30,TWD
2026-06-15,DTC,SKU-020,ELECTRONICS,0,0.00,0.00,0.00,0.00,TWD
2026-06-15,MARKETPLACE,SKU-001,HOME,4,1560.00,171.60,12.50,624.00,TWD
2026-06-15,MARKETPLACE,SKU-002,HOME,4,1960.00,215.60,47.10,872.20,TWD
2026-06-15,MARKETPLACE,SKU-003,HOME,6,3540.00,389.40,56.71,1734.60,TWD
2026-06-15,MARKETPLACE,SKU-004,HOME,5,3450.00,379.50,82.90,1845.75,TWD
2026-06-15,MARKETPLACE,SKU-005,HOME,6,4740.00,521.40,75.93,2749.20,TWD
2026-06-15,MARKETPLACE,SKU-006,CARE,0,0.00,0.00,0.00,0.00,TWD
2026-06-15,MARKETPLACE,SKU-007,CARE,4,3960.00,435.60,95.16,1762.20,TWD
2026-06-15,MARKETPLACE,SKU-008,CARE,6,6540.00,719.40,104.77,3204.60,TWD
2026-06-15,MARKETPLACE,SKU-009,CARE,6,7140.00,785.40,114.38,3819.90,TWD
2026-06-15,MARKETPLACE,SKU-010,CARE,3,3870.00,425.70,62.00,2244.60,TWD
2026-06-15,MARKETPLACE,SKU-011,ACCESSORIES,4,5560.00,611.60,89.07,2224.00,TWD
2026-06-15,MARKETPLACE,SKU-012,ACCESSORIES,4,5960.00,655.60,143.22,2652.20,TWD
2026-06-15,MARKETPLACE,SKU-013,ACCESSORIES,1,1590.00,174.90,38.21,779.10,TWD
2026-06-15,MARKETPLACE,SKU-014,ACCESSORIES,3,5070.00,557.70,81.22,2712.45,TWD
2026-06-15,MARKETPLACE,SKU-015,ACCESSORIES,6,10740.00,1181.40,258.08,6229.20,TWD
2026-06-15,MARKETPLACE,SKU-016,ELECTRONICS,2,3780.00,415.80,90.83,1512.00,TWD
2026-06-15,MARKETPLACE,SKU-017,ELECTRONICS,1,1990.00,218.90,47.82,885.55,TWD
2026-06-15,MARKETPLACE,SKU-018,ELECTRONICS,5,10450.00,1149.50,167.41,5120.50,TWD
2026-06-15,MARKETPLACE,SKU-019,ELECTRONICS,6,13740.00,1511.40,330.17,7350.90,TWD
2026-06-15,MARKETPLACE,SKU-020,ELECTRONICS,0,0.00,0.00,0.00,0.00,TWD
2026-06-16,DTC,SKU-001,HOME,0,0.00,0.00,0.00,0.00,TWD
2026-06-16,DTC,SKU-002,HOME,2,980.00,68.60,24.61,436.10,TWD
2026-06-16,DTC,SKU-003,HOME,4,2360.00,165.20,59.26,1156.40,TWD
2026-06-16,DTC,SKU-004,HOME,3,2070.00,144.90,17.33,1107.45,TWD
2026-06-16,DTC,SKU-005,HOME,0,0.00,0.00,0.00,0.00,TWD
2026-06-16,DTC,SKU-006,CARE,2,1780.00,124.60,29.80,712.00,TWD
2026-06-16,DTC,SKU-007,CARE,2,1980.00,138.60,16.57,881.10,TWD
2026-06-16,DTC,SKU-008,CARE,2,2180.00,152.60,54.74,1068.20,TWD
2026-06-16,DTC,SKU-009,CARE,0,0.00,0.00,0.00,0.00,TWD
2026-06-16,DTC,SKU-010,CARE,1,1290.00,90.30,32.39,748.20,TWD
2026-06-16,DTC,SKU-011,ACCESSORIES,4,5560.00,389.20,93.07,2224.00,TWD
2026-06-16,DTC,SKU-012,ACCESSORIES,5,7450.00,521.50,187.07,3315.25,TWD
2026-06-16,DTC,SKU-013,ACCESSORIES,4,6360.00,445.20,159.70,3116.40,TWD
2026-06-16,DTC,SKU-014,ACCESSORIES,0,0.00,0.00,0.00,0.00,TWD
2026-06-16,DTC,SKU-015,ACCESSORIES,3,5370.00,375.90,44.95,3114.60,TWD
2026-06-16,DTC,SKU-016,ELECTRONICS,4,7560.00,529.20,189.83,3024.00,TWD
2026-06-16,DTC,SKU-017,ELECTRONICS,6,11940.00,835.80,299.81,5313.30,TWD
2026-06-16,DTC,SKU-018,ELECTRONICS,6,12540.00,877.80,104.96,6144.60,TWD
2026-06-16,DTC,SKU-019,ELECTRONICS,0,0.00,0.00,0.00,0.00,TWD
2026-06-16,DTC,SKU-020,ELECTRONICS,2,4980.00,348.60,125.05,2888.40,TWD
2026-06-16,MARKETPLACE,SKU-001,HOME,4,1560.00,171.60,37.49,624.00,TWD
2026-06-16,MARKETPLACE,SKU-002,HOME,3,1470.00,161.70,35.32,654.15,TWD
2026-06-16,MARKETPLACE,SKU-003,HOME,1,590.00,64.90,14.18,289.10,TWD
2026-06-16,MARKETPLACE,SKU-004,HOME,6,4140.00,455.40,99.48,2214.90,TWD
2026-06-16,MARKETPLACE,SKU-005,HOME,3,2370.00,260.70,18.98,1374.60,TWD
2026-06-16,MARKETPLACE,SKU-006,CARE,4,3560.00,391.60,28.52,1424.00,TWD
2026-06-16,MARKETPLACE,SKU-007,CARE,6,5940.00,653.40,47.58,2643.30,TWD
2026-06-16,MARKETPLACE,SKU-008,CARE,2,2180.00,239.80,17.46,1068.20,TWD
2026-06-16,MARKETPLACE,SKU-009,CARE,0,0.00,0.00,0.00,0.00,TWD
2026-06-16,MARKETPLACE,SKU-010,CARE,5,6450.00,709.50,51.66,3741.00,TWD
2026-06-16,MARKETPLACE,SKU-011,ACCESSORIES,5,6950.00,764.50,167.01,2780.00,TWD
2026-06-16,MARKETPLACE,SKU-012,ACCESSORIES,1,1490.00,163.90,11.93,663.05,TWD
2026-06-16,MARKETPLACE,SKU-013,ACCESSORIES,4,6360.00,699.60,101.89,3116.40,TWD
2026-06-16,MARKETPLACE,SKU-014,ACCESSORIES,6,10140.00,1115.40,243.66,5424.90,TWD
2026-06-16,MARKETPLACE,SKU-015,ACCESSORIES,2,3580.00,393.80,57.35,2076.40,TWD
2026-06-16,MARKETPLACE,SKU-016,ELECTRONICS,6,11340.00,1247.40,90.83,4536.00,TWD
2026-06-16,MARKETPLACE,SKU-017,ELECTRONICS,4,7960.00,875.60,63.76,3542.20,TWD
2026-06-16,MARKETPLACE,SKU-018,ELECTRONICS,4,8360.00,919.60,66.96,4096.40,TWD
2026-06-16,MARKETPLACE,SKU-019,ELECTRONICS,0,0.00,0.00,0.00,0.00,TWD
2026-06-16,MARKETPLACE,SKU-020,ELECTRONICS,2,4980.00,547.80,39.89,2888.40,TWD
2026-06-17,DTC,SKU-001,HOME,6,2340.00,163.80,39.17,936.00,TWD
2026-06-17,DTC,SKU-002,HOME,0,0.00,0.00,0.00,0.00,TWD
2026-06-17,DTC,SKU-003,HOME,5,2950.00,206.50,24.69,1445.50,TWD
2026-06-17,DTC,SKU-004,HOME,5,3450.00,241.50,57.75,1845.75,TWD
2026-06-17,DTC,SKU-005,HOME,3,2370.00,165.90,19.84,1374.60,TWD
2026-06-17,DTC,SKU-006,CARE,5,4450.00,311.50,111.74,1780.00,TWD
2026-06-17,DTC,SKU-007,CARE,3,2970.00,207.90,49.72,1321.65,TWD
2026-06-17,DTC,SKU-008,CARE,3,3270.00,228.90,54.74,1602.30,TWD
2026-06-17,DTC,SKU-009,CARE,3,3570.00,249.90,89.64,1909.95,TWD
2026-06-17,DTC,SKU-010,CARE,1,1290.00,90.30,10.80,748.20,TWD
2026-06-17,DTC,SKU-011,ACCESSORIES,3,4170.00,291.90,104.71,1668.00,TWD
2026-06-17,DTC,SKU-012,ACCESSORIES,1,1490.00,104.30,37.41,663.05,TWD
2026-06-17,DTC,SKU-013,ACCESSORIES,2,3180.00,222.60,26.62,1558.20,TWD
2026-06-17,DTC,SKU-014,ACCESSORIES,3,5070.00,354.90,42.44,2712.45,TWD
2026-06-17,DTC,SKU-015,ACCESSORIES,0,0.00,0.00,0.00,0.00,TWD
2026-06-17,DTC,SKU-016,ELECTRONICS,6,11340.00,793.80,284.75,4536.00,TWD
2026-06-17,DTC,SKU-017,ELECTRONICS,0,0.00,0.00,0.00,0.00,TWD
2026-06-17,DTC,SKU-018,ELECTRONICS,2,4180.00,292.60,34.99,2048.20,TWD
2026-06-17,DTC,SKU-019,ELECTRONICS,5,11450.00,801.50,287.51,6125.75,TWD
2026-06-17,DTC,SKU-020,ELECTRONICS,4,9960.00,697.20,166.73,5776.80,TWD
2026-06-17,MARKETPLACE,SKU-001,HOME,1,390.00,42.90,6.25,156.00,TWD
2026-06-17,MARKETPLACE,SKU-002,HOME,0,0.00,0.00,0.00,0.00,TWD
2026-06-17,MARKETPLACE,SKU-003,HOME,6,3540.00,389.40,28.36,1734.60,TWD
2026-06-17,MARKETPLACE,SKU-004,HOME,4,2760.00,303.60,66.32,1476.60,TWD
2026-06-17,MARKETPLACE,SKU-005,HOME,1,790.00,86.90,6.33,458.20,TWD
2026-06-17,MARKETPLACE,SKU-006,CARE,5,4450.00,489.50,35.64,1780.00,TWD
2026-06-17,MARKETPLACE,SKU-007,CARE,0,0.00,0.00,0.00,0.00,TWD
2026-06-17,MARKETPLACE,SKU-008,CARE,2,2180.00,239.80,52.39,1068.20,TWD
2026-06-17,MARKETPLACE,SKU-009,CARE,5,5950.00,654.50,47.66,3183.25,TWD
2026-06-17,MARKETPLACE,SKU-010,CARE,4,5160.00,567.60,41.33,2992.80,TWD
2026-06-17,MARKETPLACE,SKU-011,ACCESSORIES,5,6950.00,764.50,111.34,2780.00,TWD
2026-06-17,MARKETPLACE,SKU-012,ACCESSORIES,6,8940.00,983.40,143.22,3978.30,TWD
2026-06-17,MARKETPLACE,SKU-013,ACCESSORIES,2,3180.00,349.80,25.47,1558.20,TWD
2026-06-17,MARKETPLACE,SKU-014,ACCESSORIES,6,10140.00,1115.40,162.44,5424.90,TWD
2026-06-17,MARKETPLACE,SKU-015,ACCESSORIES,6,10740.00,1181.40,86.03,6229.20,TWD
2026-06-17,MARKETPLACE,SKU-016,ELECTRONICS,0,0.00,0.00,0.00,0.00,TWD
2026-06-17,MARKETPLACE,SKU-017,ELECTRONICS,0,0.00,0.00,0.00,0.00,TWD
2026-06-17,MARKETPLACE,SKU-018,ELECTRONICS,3,6270.00,689.70,150.67,3072.30,TWD
2026-06-17,MARKETPLACE,SKU-019,ELECTRONICS,0,0.00,0.00,0.00,0.00,TWD
2026-06-17,MARKETPLACE,SKU-020,ELECTRONICS,5,12450.00,1369.50,199.45,7221.00,TWD
2026-06-18,DTC,SKU-001,HOME,1,390.00,27.30,9.79,156.00,TWD
2026-06-18,DTC,SKU-002,HOME,5,2450.00,171.50,41.01,1090.25,TWD
2026-06-18,DTC,SKU-003,HOME,0,0.00,0.00,0.00,0.00,TWD
2026-06-18,DTC,SKU-004,HOME,1,690.00,48.30,17.33,369.15,TWD
2026-06-18,DTC,SKU-005,HOME,3,2370.00,165.90,39.67,1374.60,TWD
2026-06-18,DTC,SKU-006,CARE,6,5340.00,373.80,44.70,2136.00,TWD
2026-06-18,DTC,SKU-007,CARE,5,4950.00,346.50,41.43,2202.75,TWD
2026-06-18,DTC,SKU-008,CARE,6,6540.00,457.80,54.74,3204.60,TWD
2026-06-18,DTC,SKU-009,CARE,6,7140.00,499.80,59.76,3819.90,TWD
2026-06-18,DTC,SKU-010,CARE,0,0.00,0.00,0.00,0.00,TWD
2026-06-18,DTC,SKU-011,ACCESSORIES,1,1390.00,97.30,11.63,556.00,TWD
2026-06-18,DTC,SKU-012,ACCESSORIES,6,8940.00,625.80,149.66,3978.30,TWD
2026-06-18,DTC,SKU-013,ACCESSORIES,0,0.00,0.00,0.00,0.00,TWD
2026-06-18,DTC,SKU-014,ACCESSORIES,6,10140.00,709.80,84.87,5424.90,TWD
2026-06-18,DTC,SKU-015,ACCESSORIES,5,8950.00,626.50,74.91,5191.00,TWD
2026-06-18,DTC,SKU-016,ELECTRONICS,6,11340.00,793.80,94.92,4536.00,TWD
2026-06-18,DTC,SKU-017,ELECTRONICS,0,0.00,0.00,0.00,0.00,TWD
2026-06-18,DTC,SKU-018,ELECTRONICS,3,6270.00,438.90,157.44,3072.30,TWD
2026-06-18,DTC,SKU-019,ELECTRONICS,6,13740.00,961.80,115.00,7350.90,TWD
2026-06-18,DTC,SKU-020,ELECTRONICS,0,0.00,0.00,0.00,0.00,TWD
2026-06-18,MARKETPLACE,SKU-001,HOME,6,2340.00,257.40,37.49,936.00,TWD
2026-06-18,MARKETPLACE,SKU-002,HOME,1,490.00,53.90,3.92,218.05,TWD
2026-06-18,MARKETPLACE,SKU-003,HOME,4,2360.00,259.60,56.71,1156.40,TWD
2026-06-18,MARKETPLACE,SKU-004,HOME,3,2070.00,227.70,49.74,1107.45,TWD
2026-06-18,MARKETPLACE,SKU-005,HOME,6,4740.00,521.40,113.90,2749.20,TWD
2026-06-18,MARKETPLACE,SKU-006,CARE,1,890.00,97.90,21.39,356.00,TWD
2026-06-18,MARKETPLACE,SKU-007,CARE,6,5940.00,653.40,95.16,2643.30,TWD
2026-06-18,MARKETPLACE,SKU-008,CARE,0,0.00,0.00,0.00,0.00,TWD
2026-06-18,MARKETPLACE,SKU-009,CARE,2,2380.00,261.80,38.13,1273.30,TWD
2026-06-18,MARKETPLACE,SKU-010,CARE,2,2580.00,283.80,41.33,1496.40,TWD
2026-06-18,MARKETPLACE,SKU-011,ACCESSORIES,3,4170.00,458.70,66.80,1668.00,TWD
2026-06-18,MARKETPLACE,SKU-012,ACCESSORIES,1,1490.00,163.90,35.80,663.05,TWD
2026-06-18,MARKETPLACE,SKU-013,ACCESSORIES,3,4770.00,524.70,38.21,2337.30,TWD
2026-06-18,MARKETPLACE,SKU-014,ACCESSORIES,4,6760.00,743.60,162.44,3616.60,TWD
2026-06-18,MARKETPLACE,SKU-015,ACCESSORIES,5,8950.00,984.50,215.07,5191.00,TWD
2026-06-18,MARKETPLACE,SKU-016,ELECTRONICS,1,1890.00,207.90,30.28,756.00,TWD
2026-06-18,MARKETPLACE,SKU-017,ELECTRONICS,6,11940.00,1313.40,95.64,5313.30,TWD
2026-06-18,MARKETPLACE,SKU-018,ELECTRONICS,4,8360.00,919.60,66.96,4096.40,TWD
2026-06-18,MARKETPLACE,SKU-019,ELECTRONICS,2,4580.00,503.80,36.69,2450.30,TWD
2026-06-18,MARKETPLACE,SKU-020,ELECTRONICS,3,7470.00,821.70,119.67,4332.60,TWD
2026-06-19,DTC,SKU-001,HOME,5,1950.00,136.50,32.64,780.00,TWD
2026-06-19,DTC,SKU-002,HOME,5,2450.00,171.50,41.01,1090.25,TWD
2026-06-19,DTC,SKU-003,HOME,2,1180.00,82.60,29.63,578.20,TWD
2026-06-19,DTC,SKU-004,HOME,5,3450.00,241.50,28.88,1845.75,TWD
2026-06-19,DTC,SKU-005,HOME,0,0.00,0.00,0.00,0.00,TWD
2026-06-19,DTC,SKU-006,CARE,5,4450.00,311.50,111.74,1780.00,TWD
2026-06-19,DTC,SKU-007,CARE,6,5940.00,415.80,49.72,2643.30,TWD
2026-06-19,DTC,SKU-008,CARE,4,4360.00,305.20,36.49,2136.40,TWD
2026-06-19,DTC,SKU-009,CARE,5,5950.00,416.50,49.80,3183.25,TWD
2026-06-19,DTC,SKU-010,CARE,0,0.00,0.00,0.00,0.00,TWD
2026-06-19,DTC,SKU-011,ACCESSORIES,4,5560.00,389.20,46.54,2224.00,TWD
2026-06-19,DTC,SKU-012,ACCESSORIES,4,5960.00,417.20,49.89,2652.20,TWD
2026-06-19,DTC,SKU-013,ACCESSORIES,5,7950.00,556.50,133.08,3895.50,TWD
2026-06-19,DTC,SKU-014,ACCESSORIES,2,3380.00,236.60,84.87,1808.30,TWD
2026-06-19,DTC,SKU-015,ACCESSORIES,1,1790.00,125.30,14.98,1038.20,TWD
2026-06-19,DTC,SKU-016,ELECTRONICS,0,0.00,0.00,0.00,0.00,TWD
2026-06-19,DTC,SKU-017,ELECTRONICS,2,3980.00,278.60,33.31,1771.10,TWD
2026-06-19,DTC,SKU-018,ELECTRONICS,0,0.00,0.00,0.00,0.00,TWD
2026-06-19,DTC,SKU-019,ELECTRONICS,1,2290.00,160.30,57.50,1225.15,TWD
2026-06-19,DTC,SKU-020,ELECTRONICS,4,9960.00,697.20,250.10,5776.80,TWD
2026-06-19,MARKETPLACE,SKU-001,HOME,3,1170.00,128.70,18.74,468.00,TWD
2026-06-19,MARKETPLACE,SKU-002,HOME,1,490.00,53.90,7.85,218.05,TWD
2026-06-19,MARKETPLACE,SKU-003,HOME,3,1770.00,194.70,42.53,867.30,TWD
2026-06-19,MARKETPLACE,SKU-004,HOME,2,1380.00,151.80,33.16,738.30,TWD
2026-06-19,MARKETPLACE,SKU-005,HOME,3,2370.00,260.70,37.97,1374.60,TWD
2026-06-19,MARKETPLACE,SKU-006,CARE,0,0.00,0.00,0.00,0.00,TWD
2026-06-19,MARKETPLACE,SKU-007,CARE,3,2970.00,326.70,23.79,1321.65,TWD
2026-06-19,MARKETPLACE,SKU-008,CARE,0,0.00,0.00,0.00,0.00,TWD
2026-06-19,MARKETPLACE,SKU-009,CARE,0,0.00,0.00,0.00,0.00,TWD
2026-06-19,MARKETPLACE,SKU-010,CARE,5,6450.00,709.50,154.99,3741.00,TWD
2026-06-19,MARKETPLACE,SKU-011,ACCESSORIES,2,2780.00,305.80,44.54,1112.00,TWD
2026-06-19,MARKETPLACE,SKU-012,ACCESSORIES,6,8940.00,983.40,143.22,3978.30,TWD
2026-06-19,MARKETPLACE,SKU-013,ACCESSORIES,3,4770.00,524.70,38.21,2337.30,TWD
2026-06-19,MARKETPLACE,SKU-014,ACCESSORIES,3,5070.00,557.70,121.83,2712.45,TWD
2026-06-19,MARKETPLACE,SKU-015,ACCESSORIES,6,10740.00,1181.40,258.08,6229.20,TWD
2026-06-19,MARKETPLACE,SKU-016,ELECTRONICS,3,5670.00,623.70,45.42,2268.00,TWD
2026-06-19,MARKETPLACE,SKU-017,ELECTRONICS,6,11940.00,1313.40,191.28,5313.30,TWD
2026-06-19,MARKETPLACE,SKU-018,ELECTRONICS,0,0.00,0.00,0.00,0.00,TWD
2026-06-19,MARKETPLACE,SKU-019,ELECTRONICS,5,11450.00,1259.50,91.71,6125.75,TWD
2026-06-19,MARKETPLACE,SKU-020,ELECTRONICS,3,7470.00,821.70,119.67,4332.60,TWD
2026-06-20,DTC,SKU-001,HOME,1,390.00,27.30,3.26,156.00,TWD
2026-06-20,DTC,SKU-002,HOME,5,2450.00,171.50,61.52,1090.25,TWD
2026-06-20,DTC,SKU-003,HOME,1,590.00,41.30,4.94,289.10,TWD
2026-06-20,DTC,SKU-004,HOME,0,0.00,0.00,0.00,0.00,TWD
2026-06-20,DTC,SKU-005,HOME,0,0.00,0.00,0.00,0.00,TWD
2026-06-20,DTC,SKU-006,CARE,3,2670.00,186.90,44.70,1068.00,TWD
2026-06-20,DTC,SKU-007,CARE,0,0.00,0.00,0.00,0.00,TWD
2026-06-20,DTC,SKU-008,CARE,5,5450.00,381.50,91.23,2670.50,TWD
2026-06-20,DTC,SKU-009,CARE,6,7140.00,499.80,59.76,3819.90,TWD
2026-06-20,DTC,SKU-010,CARE,6,7740.00,541.80,129.57,4489.20,TWD
2026-06-20,DTC,SKU-011,ACCESSORIES,5,6950.00,486.50,58.17,2780.00,TWD
2026-06-20,DTC,SKU-012,ACCESSORIES,0,0.00,0.00,0.00,0.00,TWD
2026-06-20,DTC,SKU-013,ACCESSORIES,2,3180.00,222.60,53.23,1558.20,TWD
2026-06-20,DTC,SKU-014,ACCESSORIES,5,8450.00,591.50,141.45,4520.75,TWD
2026-06-20,DTC,SKU-015,ACCESSORIES,6,10740.00,751.80,269.68,6229.20,TWD
2026-06-20,DTC,SKU-016,ELECTRONICS,4,7560.00,529.20,126.55,3024.00,TWD
2026-06-20,DTC,SKU-017,ELECTRONICS,2,3980.00,278.60,99.94,1771.10,TWD
2026-06-20,DTC,SKU-018,ELECTRONICS,0,0.00,0.00,0.00,0.00,TWD
2026-06-20,DTC,SKU-019,ELECTRONICS,5,11450.00,801.50,287.51,6125.75,TWD
2026-06-20,DTC,SKU-020,ELECTRONICS,6,14940.00,1045.80,125.05,8665.20,TWD
2026-06-20,MARKETPLACE,SKU-001,HOME,5,1950.00,214.50,15.62,780.00,TWD
2026-06-20,MARKETPLACE,SKU-002,HOME,1,490.00,53.90,3.92,218.05,TWD
2026-06-20,MARKETPLACE,SKU-003,HOME,4,2360.00,259.60,18.90,1156.40,TWD
2026-06-20,MARKETPLACE,SKU-004,HOME,3,2070.00,227.70,16.58,1107.45,TWD
2026-06-20,MARKETPLACE,SKU-005,HOME,6,4740.00,521.40,75.93,2749.20,TWD
2026-06-20,MARKETPLACE,SKU-006,CARE,6,5340.00,587.40,85.55,2136.00,TWD
2026-06-20,MARKETPLACE,SKU-007,CARE,3,2970.00,326.70,47.58,1321.65,TWD
2026-06-20,MARKETPLACE,SKU-008,CARE,1,1090.00,119.90,26.19,534.10,TWD
2026-06-20,MARKETPLACE,SKU-009,CARE,1,1190.00,130.90,9.53,636.65,TWD
2026-06-20,MARKETPLACE,SKU-010,CARE,1,1290.00,141.90,10.33,748.20,TWD
2026-06-20,MARKETPLACE,SKU-011,ACCESSORIES,2,2780.00,305.80,66.80,1112.00,TWD
2026-06-20,MARKETPLACE,SKU-012,ACCESSORIES,0,0.00,0.00,0.00,0.00,TWD
2026-06-20,MARKETPLACE,SKU-013,ACCESSORIES,6,9540.00,1049.40,76.42,4674.60,TWD
2026-06-20,MARKETPLACE,SKU-014,ACCESSORIES,6,10140.00,1115.40,81.22,5424.90,TWD
2026-06-20,MARKETPLACE,SKU-015,ACCESSORIES,1,1790.00,196.90,43.01,1038.20,TWD
2026-06-20,MARKETPLACE,SKU-016,ELECTRONICS,0,0.00,0.00,0.00,0.00,TWD
2026-06-20,MARKETPLACE,SKU-017,ELECTRONICS,3,5970.00,656.70,47.82,2656.65,TWD
2026-06-20,MARKETPLACE,SKU-018,ELECTRONICS,0,0.00,0.00,0.00,0.00,TWD
2026-06-20,MARKETPLACE,SKU-019,ELECTRONICS,2,4580.00,503.80,36.69,2450.30,TWD
2026-06-20,MARKETPLACE,SKU-020,ELECTRONICS,4,9960.00,1095.60,159.56,5776.80,TWD
2026-06-21,DTC,SKU-001,HOME,0,0.00,0.00,0.00,0.00,TWD
2026-06-21,DTC,SKU-002,HOME,4,1960.00,137.20,16.41,872.20,TWD
2026-06-21,DTC,SKU-003,HOME,0,0.00,0.00,0.00,0.00,TWD
2026-06-21,DTC,SKU-004,HOME,6,4140.00,289.80,103.96,2214.90,TWD
2026-06-21,DTC,SKU-005,HOME,6,4740.00,331.80,79.35,2749.20,TWD
2026-06-21,DTC,SKU-006,CARE,2,1780.00,124.60,14.90,712.00,TWD
2026-06-21,DTC,SKU-007,CARE,1,990.00,69.30,8.29,440.55,TWD
2026-06-21,DTC,SKU-008,CARE,1,1090.00,76.30,27.37,534.10,TWD
2026-06-21,DTC,SKU-009,CARE,4,4760.00,333.20,39.84,2546.60,TWD
2026-06-21,DTC,SKU-010,CARE,4,5160.00,361.20,43.19,2992.80,TWD
2026-06-21,DTC,SKU-011,ACCESSORIES,4,5560.00,389.20,93.07,2224.00,TWD
2026-06-21,DTC,SKU-012,ACCESSORIES,6,8940.00,625.80,224.48,3978.30,TWD
2026-06-21,DTC,SKU-013,ACCESSORIES,4,6360.00,445.20,159.70,3116.40,TWD
2026-06-21,DTC,SKU-014,ACCESSORIES,5,8450.00,591.50,141.45,4520.75,TWD
2026-06-21,DTC,SKU-015,ACCESSORIES,5,8950.00,626.50,149.82,5191.00,TWD
2026-06-21,DTC,SKU-016,ELECTRONICS,2,3780.00,264.60,31.64,1512.00,TWD
2026-06-21,DTC,SKU-017,ELECTRONICS,6,11940.00,835.80,299.81,5313.30,TWD
2026-06-21,DTC,SKU-018,ELECTRONICS,1,2090.00,146.30,34.99,1024.10,TWD
2026-06-21,DTC,SKU-019,ELECTRONICS,6,13740.00,961.80,345.01,7350.90,TWD
2026-06-21,DTC,SKU-020,ELECTRONICS,5,12450.00,871.50,104.21,7221.00,TWD
2026-06-21,MARKETPLACE,SKU-001,HOME,3,1170.00,128.70,18.74,468.00,TWD
2026-06-21,MARKETPLACE,SKU-002,HOME,3,1470.00,161.70,23.55,654.15,TWD
2026-06-21,MARKETPLACE,SKU-003,HOME,2,1180.00,129.80,28.36,578.20,TWD
2026-06-21,MARKETPLACE,SKU-004,HOME,2,1380.00,151.80,11.05,738.30,TWD
2026-06-21,MARKETPLACE,SKU-005,HOME,2,1580.00,173.80,12.66,916.40,TWD
2026-06-21,MARKETPLACE,SKU-006,CARE,1,890.00,97.90,21.39,356.00,TWD
2026-06-21,MARKETPLACE,SKU-007,CARE,1,990.00,108.90,7.93,440.55,TWD
2026-06-21,MARKETPLACE,SKU-008,CARE,4,4360.00,479.60,104.77,2136.40,TWD
2026-06-21,MARKETPLACE,SKU-009,CARE,5,5950.00,654.50,142.98,3183.25,TWD
2026-06-21,MARKETPLACE,SKU-010,CARE,6,7740.00,851.40,62.00,4489.20,TWD
2026-06-21,MARKETPLACE,SKU-011,ACCESSORIES,3,4170.00,458.70,100.21,1668.00,TWD
2026-06-21,MARKETPLACE,SKU-012,ACCESSORIES,2,2980.00,327.80,71.61,1326.10,TWD
2026-06-21,MARKETPLACE,SKU-013,ACCESSORIES,4,6360.00,699.60,50.94,3116.40,TWD
2026-06-21,MARKETPLACE,SKU-014,ACCESSORIES,6,10140.00,1115.40,243.66,5424.90,TWD
2026-06-21,MARKETPLACE,SKU-015,ACCESSORIES,3,5370.00,590.70,86.03,3114.60,TWD
2026-06-21,MARKETPLACE,SKU-016,ELECTRONICS,6,11340.00,1247.40,181.67,4536.00,TWD
2026-06-21,MARKETPLACE,SKU-017,ELECTRONICS,3,5970.00,656.70,95.64,2656.65,TWD
2026-06-21,MARKETPLACE,SKU-018,ELECTRONICS,2,4180.00,459.80,66.96,2048.20,TWD
2026-06-21,MARKETPLACE,SKU-019,ELECTRONICS,6,13740.00,1511.40,110.06,7350.90,TWD
2026-06-21,MARKETPLACE,SKU-020,ELECTRONICS,2,4980.00,547.80,119.67,2888.40,TWD
2026-06-22,DTC,SKU-001,HOME,0,0.00,0.00,0.00,0.00,TWD
2026-06-22,DTC,SKU-002,HOME,4,1960.00,137.20,16.41,872.20,TWD
2026-06-22,DTC,SKU-003,HOME,5,2950.00,206.50,24.69,1445.50,TWD
2026-06-22,DTC,SKU-004,HOME,4,2760.00,193.20,46.20,1476.60,TWD
2026-06-22,DTC,SKU-005,HOME,6,4740.00,331.80,79.35,2749.20,TWD
2026-06-22,DTC,SKU-006,CARE,0,0.00,0.00,0.00,0.00,TWD
2026-06-22,DTC,SKU-007,CARE,1,990.00,69.30,16.57,440.55,TWD
2026-06-22,DTC,SKU-008,CARE,4,4360.00,305.20,72.99,2136.40,TWD
2026-06-22,DTC,SKU-009,CARE,5,5950.00,416.50,99.60,3183.25,TWD
2026-06-22,DTC,SKU-010,CARE,3,3870.00,270.90,97.18,2244.60,TWD
2026-06-22,DTC,SKU-011,ACCESSORIES,2,2780.00,194.60,69.81,1112.00,TWD
2026-06-22,DTC,SKU-012,ACCESSORIES,0,0.00,0.00,0.00,0.00,TWD
2026-06-22,DTC,SKU-013,ACCESSORIES,5,7950.00,556.50,133.08,3895.50,TWD
2026-06-22,DTC,SKU-014,ACCESSORIES,1,1690.00,118.30,28.29,904.15,TWD
2026-06-22,DTC,SKU-015,ACCESSORIES,0,0.00,0.00,0.00,0.00,TWD
2026-06-22,DTC,SKU-016,ELECTRONICS,6,11340.00,793.80,284.75,4536.00,TWD
2026-06-22,DTC,SKU-017,ELECTRONICS,3,5970.00,417.90,49.97,2656.65,TWD
2026-06-22,DTC,SKU-018,ELECTRONICS,3,6270.00,438.90,52.48,3072.30,TWD
2026-06-22,DTC,SKU-019,ELECTRONICS,0,0.00,0.00,0.00,0.00,TWD
2026-06-22,DTC,SKU-020,ELECTRONICS,3,7470.00,522.90,125.05,4332.60,TWD
2026-06-22,MARKETPLACE,SKU-001,HOME,2,780.00,85.80,18.74,312.00,TWD
2026-06-22,MARKETPLACE,SKU-002,HOME,5,2450.00,269.50,19.62,1090.25,TWD
2026-06-22,MARKETPLACE,SKU-003,HOME,6,3540.00,389.40,85.07,1734.60,TWD
2026-06-22,MARKETPLACE,SKU-004,HOME,3,2070.00,227.70,49.74,1107.45,TWD
2026-06-22,MARKETPLACE,SKU-005,HOME,6,4740.00,521.40,37.97,2749.20,TWD
2026-06-22,MARKETPLACE,SKU-006,CARE,1,890.00,97.90,14.26,356.00,TWD
2026-06-22,MARKETPLACE,SKU-007,CARE,0,0.00,0.00,0.00,0.00,TWD
2026-06-22,MARKETPLACE,SKU-008,CARE,6,6540.00,719.40,52.39,3204.60,TWD
2026-06-22,MARKETPLACE,SKU-009,CARE,4,4760.00,523.60,114.38,2546.60,TWD
2026-06-22,MARKETPLACE,SKU-010,CARE,2,2580.00,283.80,41.33,1496.40,TWD
2026-06-22,MARKETPLACE,SKU-011,ACCESSORIES,3,4170.00,458.70,33.40,1668.00,TWD
2026-06-22,MARKETPLACE,SKU-012,ACCESSORIES,5,7450.00,819.50,119.35,3315.25,TWD
2026-06-22,MARKETPLACE,SKU-013,ACCESSORIES,6,9540.00,1049.40,76.42,4674.60,TWD
2026-06-22,MARKETPLACE,SKU-014,ACCESSORIES,4,6760.00,743.60,54.15,3616.60,TWD
2026-06-22,MARKETPLACE,SKU-015,ACCESSORIES,4,7160.00,787.60,57.35,4152.80,TWD
2026-06-22,MARKETPLACE,SKU-016,ELECTRONICS,0,0.00,0.00,0.00,0.00,TWD
2026-06-22,MARKETPLACE,SKU-017,ELECTRONICS,1,1990.00,218.90,47.82,885.55,TWD
2026-06-22,MARKETPLACE,SKU-018,ELECTRONICS,5,10450.00,1149.50,251.11,5120.50,TWD
2026-06-22,MARKETPLACE,SKU-019,ELECTRONICS,4,9160.00,1007.60,73.37,4900.60,TWD
2026-06-22,MARKETPLACE,SKU-020,ELECTRONICS,4,9960.00,1095.60,159.56,5776.80,TWD
2026-06-23,DTC,SKU-001,HOME,1,390.00,27.30,9.79,156.00,TWD
2026-06-23,DTC,SKU-002,HOME,5,2450.00,171.50,20.51,1090.25,TWD
2026-06-23,DTC,SKU-003,HOME,3,1770.00,123.90,29.63,867.30,TWD
2026-06-23,DTC,SKU-004,HOME,3,2070.00,144.90,34.65,1107.45,TWD
2026-06-23,DTC,SKU-005,HOME,1,790.00,55.30,19.84,458.20,TWD
2026-06-23,DTC,SKU-006,CARE,1,890.00,62.30,22.35,356.00,TWD
2026-06-23,DTC,SKU-007,CARE,2,1980.00,138.60,49.72,881.10,TWD
2026-06-23,DTC,SKU-008,CARE,3,3270.00,228.90,27.37,1602.30,TWD
2026-06-23,DTC,SKU-009,CARE,5,5950.00,416.50,99.60,3183.25,TWD
2026-06-23,DTC,SKU-010,CARE,6,7740.00,541.80,129.57,4489.20,TWD
2026-06-23,DTC,SKU-011,ACCESSORIES,0,0.00,0.00,0.00,0.00,TWD
2026-06-23,DTC,SKU-012,ACCESSORIES,0,0.00,0.00,0.00,0.00,TWD
2026-06-23,DTC,SKU-013,ACCESSORIES,1,1590.00,111.30,26.62,779.10,TWD
2026-06-23,DTC,SKU-014,ACCESSORIES,5,8450.00,591.50,70.73,4520.75,TWD
2026-06-23,DTC,SKU-015,ACCESSORIES,0,0.00,0.00,0.00,0.00,TWD
2026-06-23,DTC,SKU-016,ELECTRONICS,4,7560.00,529.20,63.28,3024.00,TWD
2026-06-23,DTC,SKU-017,ELECTRONICS,4,7960.00,557.20,133.25,3542.20,TWD
2026-06-23,DTC,SKU-018,ELECTRONICS,1,2090.00,146.30,52.48,1024.10,TWD
2026-06-23,DTC,SKU-019,ELECTRONICS,3,6870.00,480.90,115.00,3675.45,TWD
2026-06-23,DTC,SKU-020,ELECTRONICS,1,2490.00,174.30,41.68,1444.20,TWD
2026-06-23,MARKETPLACE,SKU-001,HOME,2,780.00,85.80,12.50,312.00,TWD
2026-06-23,MARKETPLACE,SKU-002,HOME,3,1470.00,161.70,23.55,654.15,TWD
2026-06-23,MARKETPLACE,SKU-003,HOME,6,3540.00,389.40,85.07,1734.60,TWD
2026-06-23,MARKETPLACE,SKU-004,HOME,3,2070.00,227.70,33.16,1107.45,TWD
2026-06-23,MARKETPLACE,SKU-005,HOME,0,0.00,0.00,0.00,0.00,TWD
2026-06-23,MARKETPLACE,SKU-006,CARE,5,4450.00,489.50,106.93,1780.00,TWD
2026-06-23,MARKETPLACE,SKU-007,CARE,5,4950.00,544.50,39.65,2202.75,TWD
2026-06-23,MARKETPLACE,SKU-008,CARE,1,1090.00,119.90,8.73,534.10,TWD
2026-06-23,MARKETPLACE,SKU-009,CARE,6,7140.00,785.40,114.38,3819.90,TWD
2026-06-23,MARKETPLACE,SKU-010,CARE,2,2580.00,283.80,62.00,1496.40,TWD
2026-06-23,MARKETPLACE,SKU-011,ACCESSORIES,2,2780.00,305.80,44.54,1112.00,TWD
2026-06-23,MARKETPLACE,SKU-012,ACCESSORIES,4,5960.00,655.60,95.48,2652.20,TWD
2026-06-23,MARKETPLACE,SKU-013,ACCESSORIES,3,4770.00,524.70,76.42,2337.30,TWD
2026-06-23,MARKETPLACE,SKU-014,ACCESSORIES,4,6760.00,743.60,54.15,3616.60,TWD
2026-06-23,MARKETPLACE,SKU-015,ACCESSORIES,6,10740.00,1181.40,86.03,6229.20,TWD
2026-06-23,MARKETPLACE,SKU-016,ELECTRONICS,5,9450.00,1039.50,75.69,3780.00,TWD
2026-06-23,MARKETPLACE,SKU-017,ELECTRONICS,3,5970.00,656.70,143.46,2656.65,TWD
2026-06-23,MARKETPLACE,SKU-018,ELECTRONICS,3,6270.00,689.70,150.67,3072.30,TWD
2026-06-23,MARKETPLACE,SKU-019,ELECTRONICS,5,11450.00,1259.50,183.43,6125.75,TWD
2026-06-23,MARKETPLACE,SKU-020,ELECTRONICS,6,14940.00,1643.40,359.01,8665.20,TWD
2026-06-24,DTC,SKU-001,HOME,1,390.00,27.30,3.26,156.00,TWD
2026-06-24,DTC,SKU-002,HOME,6,2940.00,205.80,73.82,1308.30,TWD
2026-06-24,DTC,SKU-003,HOME,4,2360.00,165.20,59.26,1156.40,TWD
2026-06-24,DTC,SKU-004,HOME,2,1380.00,96.60,34.65,738.30,TWD
2026-06-24,DTC,SKU-005,HOME,0,0.00,0.00,0.00,0.00,TWD
2026-06-24,DTC,SKU-006,CARE,0,0.00,0.00,0.00,0.00,TWD
2026-06-24,DTC,SKU-007,CARE,0,0.00,0.00,0.00,0.00,TWD
2026-06-24,DTC,SKU-008,CARE,5,5450.00,381.50,136.85,2670.50,TWD
2026-06-24,DTC,SKU-009,CARE,6,7140.00,499.80,119.52,3819.90,TWD
2026-06-24,DTC,SKU-010,CARE,5,6450.00,451.50,107.97,3741.00,TWD
2026-06-24,DTC,SKU-011,ACCESSORIES,3,4170.00,291.90,34.90,1668.00,TWD
2026-06-24,DTC,SKU-012,ACCESSORIES,2,2980.00,208.60,49.89,1326.10,TWD
2026-06-24,DTC,SKU-013,ACCESSORIES,3,4770.00,333.90,39.92,2337.30,TWD
2026-06-24,DTC,SKU-014,ACCESSORIES,1,1690.00,118.30,42.44,904.15,TWD
2026-06-24,DTC,SKU-015,ACCESSORIES,0,0.00,0.00,0.00,0.00,TWD
2026-06-24,DTC,SKU-016,ELECTRONICS,1,1890.00,132.30,15.82,756.00,TWD
2026-06-24,DTC,SKU-017,ELECTRONICS,3,5970.00,417.90,99.94,2656.65,TWD
2026-06-24,DTC,SKU-018,ELECTRONICS,2,4180.00,292.60,34.99,2048.20,TWD
2026-06-24,DTC,SKU-019,ELECTRONICS,5,11450.00,801.50,95.84,6125.75,TWD
2026-06-24,DTC,SKU-020,ELECTRONICS,5,12450.00,871.50,208.41,7221.00,TWD
2026-06-24,MARKETPLACE,SKU-001,HOME,5,1950.00,214.50,46.86,780.00,TWD
2026-06-24,MARKETPLACE,SKU-002,HOME,2,980.00,107.80,7.85,436.10,TWD
2026-06-24,MARKETPLACE,SKU-003,HOME,5,2950.00,324.50,23.63,1445.50,TWD
2026-06-24,MARKETPLACE,SKU-004,HOME,0,0.00,0.00,0.00,0.00,TWD
2026-06-24,MARKETPLACE,SKU-005,HOME,0,0.00,0.00,0.00,0.00,TWD
2026-06-24,MARKETPLACE,SKU-006,CARE,5,4450.00,489.50,71.29,1780.00,TWD
2026-06-24,MARKETPLACE,SKU-007,CARE,6,5940.00,653.40,47.58,2643.30,TWD
2026-06-24,MARKETPLACE,SKU-008,CARE,1,1090.00,119.90,17.46,534.10,TWD
2026-06-24,MARKETPLACE,SKU-009,CARE,1,1190.00,130.90,28.60,636.65,TWD
2026-06-24,MARKETPLACE,SKU-010,CARE,4,5160.00,567.60,82.66,2992.80,TWD
2026-06-24,MARKETPLACE,SKU-011,ACCESSORIES,6,8340.00,917.40,200.41,3336.00,TWD
2026-06-24,MARKETPLACE,SKU-012,ACCESSORIES,4,5960.00,655.60,47.74,2652.20,TWD
2026-06-24,MARKETPLACE,SKU-013,ACCESSORIES,3,4770.00,524.70,114.62,2337.30,TWD
2026-06-24,MARKETPLACE,SKU-014,ACCESSORIES,4,6760.00,743.60,54.15,3616.60,TWD
2026-06-24,MARKETPLACE,SKU-015,ACCESSORIES,2,3580.00,393.80,28.68,2076.40,TWD
2026-06-24,MARKETPLACE,SKU-016,ELECTRONICS,1,1890.00,207.90,45.42,756.00,TWD
2026-06-24,MARKETPLACE,SKU-017,ELECTRONICS,4,7960.00,875.60,191.28,3542.20,TWD
2026-06-24,MARKETPLACE,SKU-018,ELECTRONICS,0,0.00,0.00,0.00,0.00,TWD
2026-06-24,MARKETPLACE,SKU-019,ELECTRONICS,2,4580.00,503.80,110.06,2450.30,TWD
2026-06-24,MARKETPLACE,SKU-020,ELECTRONICS,3,7470.00,821.70,119.67,4332.60,TWD
2026-06-25,DTC,SKU-001,HOME,5,1950.00,136.50,32.64,780.00,TWD
2026-06-25,DTC,SKU-002,HOME,6,2940.00,205.80,49.22,1308.30,TWD
2026-06-25,DTC,SKU-003,HOME,1,590.00,41.30,9.88,289.10,TWD
2026-06-25,DTC,SKU-004,HOME,5,3450.00,241.50,57.75,1845.75,TWD
2026-06-25,DTC,SKU-005,HOME,4,3160.00,221.20,79.35,1832.80,TWD
2026-06-25,DTC,SKU-006,CARE,4,3560.00,249.20,29.80,1424.00,TWD
2026-06-25,DTC,SKU-007,CARE,2,1980.00,138.60,16.57,881.10,TWD
2026-06-25,DTC,SKU-008,CARE,3,3270.00,228.90,54.74,1602.30,TWD
2026-06-25,DTC,SKU-009,CARE,6,7140.00,499.80,179.29,3819.90,TWD
2026-06-25,DTC,SKU-010,CARE,0,0.00,0.00,0.00,0.00,TWD
2026-06-25,DTC,SKU-011,ACCESSORIES,1,1390.00,97.30,11.63,556.00,TWD
2026-06-25,DTC,SKU-012,ACCESSORIES,2,2980.00,208.60,49.89,1326.10,TWD
2026-06-25,DTC,SKU-013,ACCESSORIES,4,6360.00,445.20,53.23,3116.40,TWD
2026-06-25,DTC,SKU-014,ACCESSORIES,3,5070.00,354.90,42.44,2712.45,TWD
2026-06-25,DTC,SKU-015,ACCESSORIES,6,10740.00,751.80,179.79,6229.20,TWD
2026-06-25,DTC,SKU-016,ELECTRONICS,2,3780.00,264.60,63.28,1512.00,TWD
2026-06-25,DTC,SKU-017,ELECTRONICS,1,1990.00,139.30,49.97,885.55,TWD
2026-06-25,DTC,SKU-018,ELECTRONICS,0,0.00,0.00,0.00,0.00,TWD
2026-06-25,DTC,SKU-019,ELECTRONICS,1,2290.00,160.30,38.33,1225.15,TWD
2026-06-25,DTC,SKU-020,ELECTRONICS,6,14940.00,1045.80,250.10,8665.20,TWD
2026-06-25,MARKETPLACE,SKU-001,HOME,3,1170.00,128.70,18.74,468.00,TWD
2026-06-25,MARKETPLACE,SKU-002,HOME,5,2450.00,269.50,58.87,1090.25,TWD
2026-06-25,MARKETPLACE,SKU-003,HOME,5,2950.00,324.50,23.63,1445.50,TWD
2026-06-25,MARKETPLACE,SKU-004,HOME,1,690.00,75.90,5.53,369.15,TWD
2026-06-25,MARKETPLACE,SKU-005,HOME,1,790.00,86.90,12.66,458.20,TWD
2026-06-25,MARKETPLACE,SKU-006,CARE,2,1780.00,195.80,28.52,712.00,TWD
2026-06-25,MARKETPLACE,SKU-007,CARE,4,3960.00,435.60,63.44,1762.20,TWD
2026-06-25,MARKETPLACE,SKU-008,CARE,1,1090.00,119.90,26.19,534.10,TWD
2026-06-25,MARKETPLACE,SKU-009,CARE,0,0.00,0.00,0.00,0.00,TWD
2026-06-25,MARKETPLACE,SKU-010,CARE,6,7740.00,851.40,185.99,4489.20,TWD
2026-06-25,MARKETPLACE,SKU-011,ACCESSORIES,5,6950.00,764.50,55.67,2780.00,TWD
2026-06-25,MARKETPLACE,SKU-012,ACCESSORIES,4,5960.00,655.60,47.74,2652.20,TWD
2026-06-25,MARKETPLACE,SKU-013,ACCESSORIES,2,3180.00,349.80,50.94,1558.20,TWD
2026-06-25,MARKETPLACE,SKU-014,ACCESSORIES,2,3380.00,371.80,27.07,1808.30,TWD
2026-06-25,MARKETPLACE,SKU-015,ACCESSORIES,1,1790.00,196.90,14.34,1038.20,TWD
2026-06-25,MARKETPLACE,SKU-016,ELECTRONICS,1,1890.00,207.90,15.14,756.00,TWD
2026-06-25,MARKETPLACE,SKU-017,ELECTRONICS,5,9950.00,1094.50,159.40,4427.75,TWD
2026-06-25,MARKETPLACE,SKU-018,ELECTRONICS,2,4180.00,459.80,33.48,2048.20,TWD
2026-06-25,MARKETPLACE,SKU-019,ELECTRONICS,6,13740.00,1511.40,330.17,7350.90,TWD
2026-06-25,MARKETPLACE,SKU-020,ELECTRONICS,4,9960.00,1095.60,79.78,5776.80,TWD
2026-06-26,DTC,SKU-001,HOME,0,0.00,0.00,0.00,0.00,TWD
2026-06-26,DTC,SKU-002,HOME,5,2450.00,171.50,41.01,1090.25,TWD
2026-06-26,DTC,SKU-003,HOME,2,1180.00,82.60,19.75,578.20,TWD
2026-06-26,DTC,SKU-004,HOME,4,2760.00,193.20,69.30,1476.60,TWD
2026-06-26,DTC,SKU-005,HOME,5,3950.00,276.50,33.06,2291.00,TWD
2026-06-26,DTC,SKU-006,CARE,4,3560.00,249.20,89.39,1424.00,TWD
2026-06-26,DTC,SKU-007,CARE,1,990.00,69.30,16.57,440.55,TWD
2026-06-26,DTC,SKU-008,CARE,2,2180.00,152.60,36.49,1068.20,TWD
2026-06-26,DTC,SKU-009,CARE,5,5950.00,416.50,99.60,3183.25,TWD
2026-06-26,DTC,SKU-010,CARE,1,1290.00,90.30,10.80,748.20,TWD
2026-06-26,DTC,SKU-011,ACCESSORIES,6,8340.00,583.80,139.61,3336.00,TWD
2026-06-26,DTC,SKU-012,ACCESSORIES,5,7450.00,521.50,62.36,3315.25,TWD
2026-06-26,DTC,SKU-013,ACCESSORIES,3,4770.00,333.90,119.77,2337.30,TWD
2026-06-26,DTC,SKU-014,ACCESSORIES,6,10140.00,709.80,169.74,5424.90,TWD
2026-06-26,DTC,SKU-015,ACCESSORIES,6,10740.00,751.80,269.68,6229.20,TWD
2026-06-26,DTC,SKU-016,ELECTRONICS,6,11340.00,793.80,284.75,4536.00,TWD
2026-06-26,DTC,SKU-017,ELECTRONICS,5,9950.00,696.50,249.84,4427.75,TWD
2026-06-26,DTC,SKU-018,ELECTRONICS,3,6270.00,438.90,52.48,3072.30,TWD
2026-06-26,DTC,SKU-019,ELECTRONICS,3,6870.00,480.90,115.00,3675.45,TWD
2026-06-26,DTC,SKU-020,ELECTRONICS,4,9960.00,697.20,166.73,5776.80,TWD
2026-06-26,MARKETPLACE,SKU-001,HOME,6,2340.00,257.40,37.49,936.00,TWD
2026-06-26,MARKETPLACE,SKU-002,HOME,3,1470.00,161.70,11.77,654.15,TWD
2026-06-26,MARKETPLACE,SKU-003,HOME,5,2950.00,324.50,47.26,1445.50,TWD
2026-06-26,MARKETPLACE,SKU-004,HOME,3,2070.00,227.70,33.16,1107.45,TWD
2026-06-26,MARKETPLACE,SKU-005,HOME,6,4740.00,521.40,75.93,2749.20,TWD
2026-06-26,MARKETPLACE,SKU-006,CARE,5,4450.00,489.50,106.93,1780.00,TWD
2026-06-26,MARKETPLACE,SKU-007,CARE,6,5940.00,653.40,47.58,2643.30,TWD
2026-06-26,MARKETPLACE,SKU-008,CARE,3,3270.00,359.70,52.39,1602.30,TWD
2026-06-26,MARKETPLACE,SKU-009,CARE,5,5950.00,654.50,95.32,3183.25,TWD
2026-06-26,MARKETPLACE,SKU-010,CARE,5,6450.00,709.50,103.33,3741.00,TWD
2026-06-26,MARKETPLACE,SKU-011,ACCESSORIES,6,8340.00,917.40,200.41,3336.00,TWD
2026-06-26,MARKETPLACE,SKU-012,ACCESSORIES,3,4470.00,491.70,35.80,1989.15,TWD
2026-06-26,MARKETPLACE,SKU-013,ACCESSORIES,2,3180.00,349.80,50.94,1558.20,TWD
2026-06-26,MARKETPLACE,SKU-014,ACCESSORIES,0,0.00,0.00,0.00,0.00,TWD
2026-06-26,MARKETPLACE,SKU-015,ACCESSORIES,0,0.00,0.00,0.00,0.00,TWD
2026-06-26,MARKETPLACE,SKU-016,ELECTRONICS,6,11340.00,1247.40,181.67,4536.00,TWD
2026-06-26,MARKETPLACE,SKU-017,ELECTRONICS,0,0.00,0.00,0.00,0.00,TWD
2026-06-26,MARKETPLACE,SKU-018,ELECTRONICS,0,0.00,0.00,0.00,0.00,TWD
2026-06-26,MARKETPLACE,SKU-019,ELECTRONICS,0,0.00,0.00,0.00,0.00,TWD
2026-06-26,MARKETPLACE,SKU-020,ELECTRONICS,1,2490.00,273.90,19.94,1444.20,TWD
2026-06-27,DTC,SKU-001,HOME,1,390.00,27.30,6.53,156.00,TWD
2026-06-27,DTC,SKU-002,HOME,3,1470.00,102.90,24.61,654.15,TWD
2026-06-27,DTC,SKU-003,HOME,3,1770.00,123.90,44.44,867.30,TWD
2026-06-27,DTC,SKU-004,HOME,4,2760.00,193.20,46.20,1476.60,TWD
2026-06-27,DTC,SKU-005,HOME,2,1580.00,110.60,13.22,916.40,TWD
2026-06-27,DTC,SKU-006,CARE,1,890.00,62.30,14.90,356.00,TWD
2026-06-27,DTC,SKU-007,CARE,1,990.00,69.30,8.29,440.55,TWD
2026-06-27,DTC,SKU-008,CARE,1,1090.00,76.30,9.12,534.10,TWD
2026-06-27,DTC,SKU-009,CARE,6,7140.00,499.80,179.29,3819.90,TWD
2026-06-27,DTC,SKU-010,CARE,0,0.00,0.00,0.00,0.00,TWD
2026-06-27,DTC,SKU-011,ACCESSORIES,1,1390.00,97.30,11.63,556.00,TWD
2026-06-27,DTC,SKU-012,ACCESSORIES,4,5960.00,417.20,99.77,2652.20,TWD
2026-06-27,DTC,SKU-013,ACCESSORIES,5,7950.00,556.50,199.62,3895.50,TWD
2026-06-27,DTC,SKU-014,ACCESSORIES,0,0.00,0.00,0.00,0.00,TWD
2026-06-27,DTC,SKU-015,ACCESSORIES,1,1790.00,125.30,44.95,1038.20,TWD
2026-06-27,DTC,SKU-016,ELECTRONICS,0,0.00,0.00,0.00,0.00,TWD
2026-06-27,DTC,SKU-017,ELECTRONICS,1,1990.00,139.30,16.66,885.55,TWD
2026-06-27,DTC,SKU-018,ELECTRONICS,0,0.00,0.00,0.00,0.00,TWD
2026-06-27,DTC,SKU-019,ELECTRONICS,0,0.00,0.00,0.00,0.00,TWD
2026-06-27,DTC,SKU-020,ELECTRONICS,1,2490.00,174.30,41.68,1444.20,TWD
2026-06-27,MARKETPLACE,SKU-001,HOME,5,1950.00,214.50,46.86,780.00,TWD
2026-06-27,MARKETPLACE,SKU-002,HOME,0,0.00,0.00,0.00,0.00,TWD
2026-06-27,MARKETPLACE,SKU-003,HOME,3,1770.00,194.70,42.53,867.30,TWD
2026-06-27,MARKETPLACE,SKU-004,HOME,2,1380.00,151.80,22.11,738.30,TWD
2026-06-27,MARKETPLACE,SKU-005,HOME,3,2370.00,260.70,56.95,1374.60,TWD
2026-06-27,MARKETPLACE,SKU-006,CARE,5,4450.00,489.50,106.93,1780.00,TWD
2026-06-27,MARKETPLACE,SKU-007,CARE,2,1980.00,217.80,31.72,881.10,TWD
2026-06-27,MARKETPLACE,SKU-008,CARE,6,6540.00,719.40,157.16,3204.60,TWD
2026-06-27,MARKETPLACE,SKU-009,CARE,4,4760.00,523.60,114.38,2546.60,TWD
2026-06-27,MARKETPLACE,SKU-010,CARE,5,6450.00,709.50,103.33,3741.00,TWD
2026-06-27,MARKETPLACE,SKU-011,ACCESSORIES,1,1390.00,152.90,22.27,556.00,TWD
2026-06-27,MARKETPLACE,SKU-012,ACCESSORIES,1,1490.00,163.90,11.93,663.05,TWD
2026-06-27,MARKETPLACE,SKU-013,ACCESSORIES,0,0.00,0.00,0.00,0.00,TWD
2026-06-27,MARKETPLACE,SKU-014,ACCESSORIES,6,10140.00,1115.40,243.66,5424.90,TWD
2026-06-27,MARKETPLACE,SKU-015,ACCESSORIES,5,8950.00,984.50,143.38,5191.00,TWD
2026-06-27,MARKETPLACE,SKU-016,ELECTRONICS,1,1890.00,207.90,45.42,756.00,TWD
2026-06-27,MARKETPLACE,SKU-017,ELECTRONICS,1,1990.00,218.90,47.82,885.55,TWD
2026-06-27,MARKETPLACE,SKU-018,ELECTRONICS,6,12540.00,1379.40,301.34,6144.60,TWD
2026-06-27,MARKETPLACE,SKU-019,ELECTRONICS,6,13740.00,1511.40,220.11,7350.90,TWD
2026-06-27,MARKETPLACE,SKU-020,ELECTRONICS,0,0.00,0.00,0.00,0.00,TWD
2026-06-28,DTC,SKU-001,HOME,0,0.00,0.00,0.00,0.00,TWD
2026-06-28,DTC,SKU-002,HOME,2,980.00,68.60,16.41,436.10,TWD
2026-06-28,DTC,SKU-003,HOME,5,2950.00,206.50,74.07,1445.50,TWD
2026-06-28,DTC,SKU-004,HOME,3,2070.00,144.90,51.98,1107.45,TWD
2026-06-28,DTC,SKU-005,HOME,3,2370.00,165.90,39.67,1374.60,TWD
2026-06-28,DTC,SKU-006,CARE,3,2670.00,186.90,22.35,1068.00,TWD
2026-06-28,DTC,SKU-007,CARE,5,4950.00,346.50,82.86,2202.75,TWD
2026-06-28,DTC,SKU-008,CARE,1,1090.00,76.30,18.25,534.10,TWD
2026-06-28,DTC,SKU-009,CARE,6,7140.00,499.80,119.52,3819.90,TWD
2026-06-28,DTC,SKU-010,CARE,1,1290.00,90.30,21.59,748.20,TWD
2026-06-28,DTC,SKU-011,ACCESSORIES,6,8340.00,583.80,69.81,3336.00,TWD
2026-06-28,DTC,SKU-012,ACCESSORIES,5,7450.00,521.50,124.71,3315.25,TWD
2026-06-28,DTC,SKU-013,ACCESSORIES,1,1590.00,111.30,26.62,779.10,TWD
2026-06-28,DTC,SKU-014,ACCESSORIES,6,10140.00,709.80,254.62,5424.90,TWD
2026-06-28,DTC,SKU-015,ACCESSORIES,3,5370.00,375.90,134.84,3114.60,TWD
2026-06-28,DTC,SKU-016,ELECTRONICS,4,7560.00,529.20,126.55,3024.00,TWD
2026-06-28,DTC,SKU-017,ELECTRONICS,1,1990.00,139.30,49.97,885.55,TWD
2026-06-28,DTC,SKU-018,ELECTRONICS,0,0.00,0.00,0.00,0.00,TWD
2026-06-28,DTC,SKU-019,ELECTRONICS,0,0.00,0.00,0.00,0.00,TWD
2026-06-28,DTC,SKU-020,ELECTRONICS,5,12450.00,871.50,208.41,7221.00,TWD
2026-06-28,MARKETPLACE,SKU-001,HOME,2,780.00,85.80,18.74,312.00,TWD
2026-06-28,MARKETPLACE,SKU-002,HOME,1,490.00,53.90,7.85,218.05,TWD
2026-06-28,MARKETPLACE,SKU-003,HOME,2,1180.00,129.80,28.36,578.20,TWD
2026-06-28,MARKETPLACE,SKU-004,HOME,3,2070.00,227.70,33.16,1107.45,TWD
2026-06-28,MARKETPLACE,SKU-005,HOME,1,790.00,86.90,6.33,458.20,TWD
2026-06-28,MARKETPLACE,SKU-006,CARE,0,0.00,0.00,0.00,0.00,TWD
2026-06-28,MARKETPLACE,SKU-007,CARE,3,2970.00,326.70,23.79,1321.65,TWD
2026-06-28,MARKETPLACE,SKU-008,CARE,1,1090.00,119.90,26.19,534.10,TWD
2026-06-28,MARKETPLACE,SKU-009,CARE,4,4760.00,523.60,76.26,2546.60,TWD
2026-06-28,MARKETPLACE,SKU-010,CARE,1,1290.00,141.90,10.33,748.20,TWD
2026-06-28,MARKETPLACE,SKU-011,ACCESSORIES,2,2780.00,305.80,66.80,1112.00,TWD
2026-06-28,MARKETPLACE,SKU-012,ACCESSORIES,0,0.00,0.00,0.00,0.00,TWD
2026-06-28,MARKETPLACE,SKU-013,ACCESSORIES,5,7950.00,874.50,191.04,3895.50,TWD
2026-06-28,MARKETPLACE,SKU-014,ACCESSORIES,4,6760.00,743.60,54.15,3616.60,TWD
2026-06-28,MARKETPLACE,SKU-015,ACCESSORIES,5,8950.00,984.50,215.07,5191.00,TWD
2026-06-28,MARKETPLACE,SKU-016,ELECTRONICS,6,11340.00,1247.40,272.50,4536.00,TWD
2026-06-28,MARKETPLACE,SKU-017,ELECTRONICS,2,3980.00,437.80,63.76,1771.10,TWD
2026-06-28,MARKETPLACE,SKU-018,ELECTRONICS,0,0.00,0.00,0.00,0.00,TWD
2026-06-28,MARKETPLACE,SKU-019,ELECTRONICS,2,4580.00,503.80,73.37,2450.30,TWD
2026-06-28,MARKETPLACE,SKU-020,ELECTRONICS,3,7470.00,821.70,119.67,4332.60,TWD
2026-06-29,DTC,SKU-001,HOME,0,0.00,0.00,0.00,0.00,TWD
2026-06-29,DTC,SKU-002,HOME,1,490.00,34.30,12.30,218.05,TWD
2026-06-29,DTC,SKU-003,HOME,4,2360.00,165.20,59.26,1156.40,TWD
2026-06-29,DTC,SKU-004,HOME,4,2760.00,193.20,69.30,1476.60,TWD
2026-06-29,DTC,SKU-005,HOME,5,3950.00,276.50,33.06,2291.00,TWD
2026-06-29,DTC,SKU-006,CARE,1,890.00,62.30,22.35,356.00,TWD
2026-06-29,DTC,SKU-007,CARE,1,990.00,69.30,16.57,440.55,TWD
2026-06-29,DTC,SKU-008,CARE,3,3270.00,228.90,82.11,1602.30,TWD
2026-06-29,DTC,SKU-009,CARE,3,3570.00,249.90,59.76,1909.95,TWD
2026-06-29,DTC,SKU-010,CARE,5,6450.00,451.50,53.99,3741.00,TWD
2026-06-29,DTC,SKU-011,ACCESSORIES,1,1390.00,97.30,23.27,556.00,TWD
2026-06-29,DTC,SKU-012,ACCESSORIES,0,0.00,0.00,0.00,0.00,TWD
2026-06-29,DTC,SKU-013,ACCESSORIES,3,4770.00,333.90,79.85,2337.30,TWD
2026-06-29,DTC,SKU-014,ACCESSORIES,3,5070.00,354.90,42.44,2712.45,TWD
2026-06-29,DTC,SKU-015,ACCESSORIES,3,5370.00,375.90,134.84,3114.60,TWD
2026-06-29,DTC,SKU-016,ELECTRONICS,3,5670.00,396.90,47.46,2268.00,TWD
2026-06-29,DTC,SKU-017,ELECTRONICS,3,5970.00,417.90,49.97,2656.65,TWD
2026-06-29,DTC,SKU-018,ELECTRONICS,2,4180.00,292.60,104.96,2048.20,TWD
2026-06-29,DTC,SKU-019,ELECTRONICS,0,0.00,0.00,0.00,0.00,TWD
2026-06-29,DTC,SKU-020,ELECTRONICS,6,14940.00,1045.80,375.14,8665.20,TWD
2026-06-29,MARKETPLACE,SKU-001,HOME,4,1560.00,171.60,12.50,624.00,TWD
2026-06-29,MARKETPLACE,SKU-002,HOME,3,1470.00,161.70,23.55,654.15,TWD
2026-06-29,MARKETPLACE,SKU-003,HOME,0,0.00,0.00,0.00,0.00,TWD
2026-06-29,MARKETPLACE,SKU-004,HOME,2,1380.00,151.80,33.16,738.30,TWD
2026-06-29,MARKETPLACE,SKU-005,HOME,0,0.00,0.00,0.00,0.00,TWD
2026-06-29,MARKETPLACE,SKU-006,CARE,0,0.00,0.00,0.00,0.00,TWD
2026-06-29,MARKETPLACE,SKU-007,CARE,4,3960.00,435.60,95.16,1762.20,TWD
2026-06-29,MARKETPLACE,SKU-008,CARE,0,0.00,0.00,0.00,0.00,TWD
2026-06-29,MARKETPLACE,SKU-009,CARE,1,1190.00,130.90,19.06,636.65,TWD
2026-06-29,MARKETPLACE,SKU-010,CARE,2,2580.00,283.80,41.33,1496.40,TWD
2026-06-29,MARKETPLACE,SKU-011,ACCESSORIES,6,8340.00,917.40,200.41,3336.00,TWD
2026-06-29,MARKETPLACE,SKU-012,ACCESSORIES,3,4470.00,491.70,35.80,1989.15,TWD
2026-06-29,MARKETPLACE,SKU-013,ACCESSORIES,1,1590.00,174.90,38.21,779.10,TWD
2026-06-29,MARKETPLACE,SKU-014,ACCESSORIES,6,10140.00,1115.40,243.66,5424.90,TWD
2026-06-29,MARKETPLACE,SKU-015,ACCESSORIES,3,5370.00,590.70,129.04,3114.60,TWD
2026-06-29,MARKETPLACE,SKU-016,ELECTRONICS,0,0.00,0.00,0.00,0.00,TWD
2026-06-29,MARKETPLACE,SKU-017,ELECTRONICS,2,3980.00,437.80,31.88,1771.10,TWD
2026-06-29,MARKETPLACE,SKU-018,ELECTRONICS,4,8360.00,919.60,200.89,4096.40,TWD
2026-06-29,MARKETPLACE,SKU-019,ELECTRONICS,5,11450.00,1259.50,183.43,6125.75,TWD
2026-06-29,MARKETPLACE,SKU-020,ELECTRONICS,0,0.00,0.00,0.00,0.00,TWD
2026-06-30,DTC,SKU-001,HOME,3,1170.00,81.90,9.79,468.00,TWD
2026-06-30,DTC,SKU-002,HOME,5,2450.00,171.50,61.52,1090.25,TWD
2026-06-30,DTC,SKU-003,HOME,6,3540.00,247.80,88.89,1734.60,TWD
2026-06-30,DTC,SKU-004,HOME,5,3450.00,241.50,57.75,1845.75,TWD
2026-06-30,DTC,SKU-005,HOME,4,3160.00,221.20,52.90,1832.80,TWD
2026-06-30,DTC,SKU-006,CARE,6,5340.00,373.80,134.09,2136.00,TWD
2026-06-30,DTC,SKU-007,CARE,2,1980.00,138.60,33.15,881.10,TWD
2026-06-30,DTC,SKU-008,CARE,2,2180.00,152.60,18.25,1068.20,TWD
2026-06-30,DTC,SKU-009,CARE,2,2380.00,166.60,59.76,1273.30,TWD
2026-06-30,DTC,SKU-010,CARE,6,7740.00,541.80,129.57,4489.20,TWD
2026-06-30,DTC,SKU-011,ACCESSORIES,4,5560.00,389.20,46.54,2224.00,TWD
2026-06-30,DTC,SKU-012,ACCESSORIES,3,4470.00,312.90,112.24,1989.15,TWD
2026-06-30,DTC,SKU-013,ACCESSORIES,0,0.00,0.00,0.00,0.00,TWD
2026-06-30,DTC,SKU-014,ACCESSORIES,4,6760.00,473.20,113.16,3616.60,TWD
2026-06-30,DTC,SKU-015,ACCESSORIES,5,8950.00,626.50,74.91,5191.00,TWD
2026-06-30,DTC,SKU-016,ELECTRONICS,1,1890.00,132.30,31.64,756.00,TWD
2026-06-30,DTC,SKU-017,ELECTRONICS,4,7960.00,557.20,66.63,3542.20,TWD
2026-06-30,DTC,SKU-018,ELECTRONICS,3,6270.00,438.90,52.48,3072.30,TWD
2026-06-30,DTC,SKU-019,ELECTRONICS,0,0.00,0.00,0.00,0.00,TWD
2026-06-30,DTC,SKU-020,ELECTRONICS,0,0.00,0.00,0.00,0.00,TWD
2026-06-30,MARKETPLACE,SKU-001,HOME,6,2340.00,257.40,56.23,936.00,TWD
2026-06-30,MARKETPLACE,SKU-002,HOME,1,490.00,53.90,7.85,218.05,TWD
2026-06-30,MARKETPLACE,SKU-003,HOME,0,0.00,0.00,0.00,0.00,TWD
2026-06-30,MARKETPLACE,SKU-004,HOME,6,4140.00,455.40,66.32,2214.90,TWD
2026-06-30,MARKETPLACE,SKU-005,HOME,0,0.00,0.00,0.00,0.00,TWD
2026-06-30,MARKETPLACE,SKU-006,CARE,5,4450.00,489.50,35.64,1780.00,TWD
2026-06-30,MARKETPLACE,SKU-007,CARE,6,5940.00,653.40,142.74,2643.30,TWD
2026-06-30,MARKETPLACE,SKU-008,CARE,4,4360.00,479.60,34.92,2136.40,TWD
2026-06-30,MARKETPLACE,SKU-009,CARE,2,2380.00,261.80,38.13,1273.30,TWD
2026-06-30,MARKETPLACE,SKU-010,CARE,1,1290.00,141.90,31.00,748.20,TWD
2026-06-30,MARKETPLACE,SKU-011,ACCESSORIES,6,8340.00,917.40,66.80,3336.00,TWD
2026-06-30,MARKETPLACE,SKU-012,ACCESSORIES,4,5960.00,655.60,143.22,2652.20,TWD
2026-06-30,MARKETPLACE,SKU-013,ACCESSORIES,0,0.00,0.00,0.00,0.00,TWD
2026-06-30,MARKETPLACE,SKU-014,ACCESSORIES,0,0.00,0.00,0.00,0.00,TWD
2026-06-30,MARKETPLACE,SKU-015,ACCESSORIES,3,5370.00,590.70,86.03,3114.60,TWD
2026-06-30,MARKETPLACE,SKU-016,ELECTRONICS,5,9450.00,1039.50,75.69,3780.00,TWD
2026-06-30,MARKETPLACE,SKU-017,ELECTRONICS,6,11940.00,1313.40,191.28,5313.30,TWD
2026-06-30,MARKETPLACE,SKU-018,ELECTRONICS,1,2090.00,229.90,33.48,1024.10,TWD
2026-06-30,MARKETPLACE,SKU-019,ELECTRONICS,2,4580.00,503.80,110.06,2450.30,TWD
2026-06-30,MARKETPLACE,SKU-020,ELECTRONICS,1,2490.00,273.90,19.94,1444.20,TWD
2026-07-01,DTC,SKU-001,HOME,3,1170.00,81.90,19.59,468.00,TWD
2026-07-01,DTC,SKU-002,HOME,1,490.00,34.30,8.20,218.05,TWD
2026-07-01,DTC,SKU-003,HOME,6,3540.00,247.80,29.63,1734.60,TWD
2026-07-01,DTC,SKU-004,HOME,4,2760.00,193.20,23.10,1476.60,TWD
2026-07-01,DTC,SKU-005,HOME,1,790.00,55.30,13.22,458.20,TWD
2026-07-01,DTC,SKU-006,CARE,2,1780.00,124.60,44.70,712.00,TWD
2026-07-01,DTC,SKU-007,CARE,1,990.00,69.30,8.29,440.55,TWD
2026-07-01,DTC,SKU-008,CARE,6,6540.00,457.80,109.48,3204.60,TWD
2026-07-01,DTC,SKU-009,CARE,3,3570.00,249.90,29.88,1909.95,TWD
2026-07-01,DTC,SKU-010,CARE,1,1290.00,90.30,10.80,748.20,TWD
2026-07-01,DTC,SKU-011,ACCESSORIES,1,1390.00,97.30,23.27,556.00,TWD
2026-07-01,DTC,SKU-012,ACCESSORIES,5,7450.00,521.50,187.07,3315.25,TWD
2026-07-01,DTC,SKU-013,ACCESSORIES,6,9540.00,667.80,239.55,4674.60,TWD
2026-07-01,DTC,SKU-014,ACCESSORIES,6,10140.00,709.80,254.62,5424.90,TWD
2026-07-01,DTC,SKU-015,ACCESSORIES,4,7160.00,501.20,59.93,4152.80,TWD
2026-07-01,DTC,SKU-016,ELECTRONICS,2,3780.00,264.60,94.92,1512.00,TWD
2026-07-01,DTC,SKU-017,ELECTRONICS,3,5970.00,417.90,49.97,2656.65,TWD
2026-07-01,DTC,SKU-018,ELECTRONICS,6,12540.00,877.80,104.96,6144.60,TWD
2026-07-01,DTC,SKU-019,ELECTRONICS,5,11450.00,801.50,287.51,6125.75,TWD
2026-07-01,DTC,SKU-020,ELECTRONICS,6,14940.00,1045.80,125.05,8665.20,TWD
2026-07-01,MARKETPLACE,SKU-001,HOME,4,1560.00,171.60,37.49,624.00,TWD
2026-07-01,MARKETPLACE,SKU-002,HOME,4,1960.00,215.60,15.70,872.20,TWD
2026-07-01,MARKETPLACE,SKU-003,HOME,0,0.00,0.00,0.00,0.00,TWD
2026-07-01,MARKETPLACE,SKU-004,HOME,5,3450.00,379.50,27.63,1845.75,TWD
2026-07-01,MARKETPLACE,SKU-005,HOME,1,790.00,86.90,18.98,458.20,TWD
2026-07-01,MARKETPLACE,SKU-006,CARE,6,5340.00,587.40,85.55,2136.00,TWD
2026-07-01,MARKETPLACE,SKU-007,CARE,5,4950.00,544.50,39.65,2202.75,TWD
2026-07-01,MARKETPLACE,SKU-008,CARE,5,5450.00,599.50,43.65,2670.50,TWD
2026-07-01,MARKETPLACE,SKU-009,CARE,5,5950.00,654.50,142.98,3183.25,TWD
2026-07-01,MARKETPLACE,SKU-010,CARE,4,5160.00,567.60,123.99,2992.80,TWD
2026-07-01,MARKETPLACE,SKU-011,ACCESSORIES,2,2780.00,305.80,44.54,1112.00,TWD
2026-07-01,MARKETPLACE,SKU-012,ACCESSORIES,2,2980.00,327.80,71.61,1326.10,TWD
2026-07-01,MARKETPLACE,SKU-013,ACCESSORIES,6,9540.00,1049.40,229.25,4674.60,TWD
2026-07-01,MARKETPLACE,SKU-014,ACCESSORIES,2,3380.00,371.80,54.15,1808.30,TWD
2026-07-01,MARKETPLACE,SKU-015,ACCESSORIES,0,0.00,0.00,0.00,0.00,TWD
2026-07-01,MARKETPLACE,SKU-016,ELECTRONICS,2,3780.00,415.80,60.56,1512.00,TWD
2026-07-01,MARKETPLACE,SKU-017,ELECTRONICS,2,3980.00,437.80,31.88,1771.10,TWD
2026-07-01,MARKETPLACE,SKU-018,ELECTRONICS,5,10450.00,1149.50,167.41,5120.50,TWD
2026-07-01,MARKETPLACE,SKU-019,ELECTRONICS,5,11450.00,1259.50,183.43,6125.75,TWD
2026-07-01,MARKETPLACE,SKU-020,ELECTRONICS,3,7470.00,821.70,179.50,4332.60,TWD
2026-07-02,DTC,SKU-001,HOME,3,1170.00,81.90,29.38,468.00,TWD
2026-07-02,DTC,SKU-002,HOME,2,980.00,68.60,24.61,436.10,TWD
2026-07-02,DTC,SKU-003,HOME,3,1770.00,123.90,14.81,867.30,TWD
2026-07-02,DTC,SKU-004,HOME,1,690.00,48.30,17.33,369.15,TWD
2026-07-02,DTC,SKU-005,HOME,6,4740.00,331.80,119.02,2749.20,TWD
2026-07-02,DTC,SKU-006,CARE,5,4450.00,311.50,74.49,1780.00,TWD
2026-07-02,DTC,SKU-007,CARE,6,5940.00,415.80,99.44,2643.30,TWD
2026-07-02,DTC,SKU-008,CARE,5,5450.00,381.50,91.23,2670.50,TWD
2026-07-02,DTC,SKU-009,CARE,5,5950.00,416.50,99.60,3183.25,TWD
2026-07-02,DTC,SKU-010,CARE,5,6450.00,451.50,107.97,3741.00,TWD
2026-07-02,DTC,SKU-011,ACCESSORIES,5,6950.00,486.50,174.51,2780.00,TWD
2026-07-02,DTC,SKU-012,ACCESSORIES,3,4470.00,312.90,74.83,1989.15,TWD
2026-07-02,DTC,SKU-013,ACCESSORIES,1,1590.00,111.30,13.31,779.10,TWD
2026-07-02,DTC,SKU-014,ACCESSORIES,4,6760.00,473.20,169.74,3616.60,TWD
2026-07-02,DTC,SKU-015,ACCESSORIES,0,0.00,0.00,0.00,0.00,TWD
2026-07-02,DTC,SKU-016,ELECTRONICS,6,11340.00,793.80,94.92,4536.00,TWD
2026-07-02,DTC,SKU-017,ELECTRONICS,5,9950.00,696.50,249.84,4427.75,TWD
2026-07-02,DTC,SKU-018,ELECTRONICS,0,0.00,0.00,0.00,0.00,TWD
2026-07-02,DTC,SKU-019,ELECTRONICS,2,4580.00,320.60,115.00,2450.30,TWD
2026-07-02,DTC,SKU-020,ELECTRONICS,1,2490.00,174.30,62.52,1444.20,TWD
2026-07-02,MARKETPLACE,SKU-001,HOME,4,1560.00,171.60,37.49,624.00,TWD
2026-07-02,MARKETPLACE,SKU-002,HOME,4,1960.00,215.60,31.40,872.20,TWD
2026-07-02,MARKETPLACE,SKU-003,HOME,2,1180.00,129.80,28.36,578.20,TWD
2026-07-02,MARKETPLACE,SKU-004,HOME,2,1380.00,151.80,22.11,738.30,TWD
2026-07-02,MARKETPLACE,SKU-005,HOME,0,0.00,0.00,0.00,0.00,TWD
2026-07-02,MARKETPLACE,SKU-006,CARE,0,0.00,0.00,0.00,0.00,TWD
2026-07-02,MARKETPLACE,SKU-007,CARE,5,4950.00,544.50,79.30,2202.75,TWD
2026-07-02,MARKETPLACE,SKU-008,CARE,2,2180.00,239.80,52.39,1068.20,TWD
2026-07-02,MARKETPLACE,SKU-009,CARE,1,1190.00,130.90,28.60,636.65,TWD
2026-07-02,MARKETPLACE,SKU-010,CARE,6,7740.00,851.40,185.99,4489.20,TWD
2026-07-02,MARKETPLACE,SKU-011,ACCESSORIES,3,4170.00,458.70,100.21,1668.00,TWD
2026-07-02,MARKETPLACE,SKU-012,ACCESSORIES,6,8940.00,983.40,143.22,3978.30,TWD
2026-07-02,MARKETPLACE,SKU-013,ACCESSORIES,0,0.00,0.00,0.00,0.00,TWD
2026-07-02,MARKETPLACE,SKU-014,ACCESSORIES,6,10140.00,1115.40,162.44,5424.90,TWD
2026-07-02,MARKETPLACE,SKU-015,ACCESSORIES,3,5370.00,590.70,129.04,3114.60,TWD
2026-07-02,MARKETPLACE,SKU-016,ELECTRONICS,0,0.00,0.00,0.00,0.00,TWD
2026-07-02,MARKETPLACE,SKU-017,ELECTRONICS,0,0.00,0.00,0.00,0.00,TWD
2026-07-02,MARKETPLACE,SKU-018,ELECTRONICS,4,8360.00,919.60,200.89,4096.40,TWD
2026-07-02,MARKETPLACE,SKU-019,ELECTRONICS,2,4580.00,503.80,73.37,2450.30,TWD
2026-07-02,MARKETPLACE,SKU-020,ELECTRONICS,3,7470.00,821.70,119.67,4332.60,TWD
2026-07-03,DTC,SKU-001,HOME,6,2340.00,163.80,39.17,936.00,TWD
2026-07-03,DTC,SKU-002,HOME,6,2940.00,205.80,49.22,1308.30,TWD
2026-07-03,DTC,SKU-003,HOME,0,0.00,0.00,0.00,0.00,TWD
2026-07-03,DTC,SKU-004,HOME,3,2070.00,144.90,34.65,1107.45,TWD
2026-07-03,DTC,SKU-005,HOME,5,3950.00,276.50,66.12,2291.00,TWD
2026-07-03,DTC,SKU-006,CARE,3,2670.00,186.90,44.70,1068.00,TWD
2026-07-03,DTC,SKU-007,CARE,0,0.00,0.00,0.00,0.00,TWD
2026-07-03,DTC,SKU-008,CARE,2,2180.00,152.60,18.25,1068.20,TWD
2026-07-03,DTC,SKU-009,CARE,3,3570.00,249.90,59.76,1909.95,TWD
2026-07-03,DTC,SKU-010,CARE,1,1290.00,90.30,21.59,748.20,TWD
2026-07-03,DTC,SKU-011,ACCESSORIES,3,4170.00,291.90,34.90,1668.00,TWD
2026-07-03,DTC,SKU-012,ACCESSORIES,3,4470.00,312.90,37.41,1989.15,TWD
2026-07-03,DTC,SKU-013,ACCESSORIES,2,3180.00,222.60,79.85,1558.20,TWD
2026-07-03,DTC,SKU-014,ACCESSORIES,1,1690.00,118.30,42.44,904.15,TWD
2026-07-03,DTC,SKU-015,ACCESSORIES,2,3580.00,250.60,29.96,2076.40,TWD
2026-07-03,DTC,SKU-016,ELECTRONICS,2,3780.00,264.60,31.64,1512.00,TWD
2026-07-03,DTC,SKU-017,ELECTRONICS,3,5970.00,417.90,49.97,2656.65,TWD
2026-07-03,DTC,SKU-018,ELECTRONICS,1,2090.00,146.30,17.49,1024.10,TWD
2026-07-03,DTC,SKU-019,ELECTRONICS,4,9160.00,641.20,153.34,4900.60,TWD
2026-07-03,DTC,SKU-020,ELECTRONICS,3,7470.00,522.90,62.52,4332.60,TWD
2026-07-03,MARKETPLACE,SKU-001,HOME,3,1170.00,128.70,18.74,468.00,TWD
2026-07-03,MARKETPLACE,SKU-002,HOME,1,490.00,53.90,11.77,218.05,TWD
2026-07-03,MARKETPLACE,SKU-003,HOME,2,1180.00,129.80,28.36,578.20,TWD
2026-07-03,MARKETPLACE,SKU-004,HOME,1,690.00,75.90,5.53,369.15,TWD
2026-07-03,MARKETPLACE,SKU-005,HOME,3,2370.00,260.70,56.95,1374.60,TWD
2026-07-03,MARKETPLACE,SKU-006,CARE,4,3560.00,391.60,57.03,1424.00,TWD
2026-07-03,MARKETPLACE,SKU-007,CARE,3,2970.00,326.70,71.37,1321.65,TWD
2026-07-03,MARKETPLACE,SKU-008,CARE,2,2180.00,239.80,52.39,1068.20,TWD
2026-07-03,MARKETPLACE,SKU-009,CARE,2,2380.00,261.80,38.13,1273.30,TWD
2026-07-03,MARKETPLACE,SKU-010,CARE,6,7740.00,851.40,123.99,4489.20,TWD
2026-07-03,MARKETPLACE,SKU-011,ACCESSORIES,5,6950.00,764.50,111.34,2780.00,TWD
2026-07-03,MARKETPLACE,SKU-012,ACCESSORIES,0,0.00,0.00,0.00,0.00,TWD
2026-07-03,MARKETPLACE,SKU-013,ACCESSORIES,2,3180.00,349.80,50.94,1558.20,TWD
2026-07-03,MARKETPLACE,SKU-014,ACCESSORIES,4,6760.00,743.60,108.30,3616.60,TWD
2026-07-03,MARKETPLACE,SKU-015,ACCESSORIES,3,5370.00,590.70,129.04,3114.60,TWD
2026-07-03,MARKETPLACE,SKU-016,ELECTRONICS,0,0.00,0.00,0.00,0.00,TWD
2026-07-03,MARKETPLACE,SKU-017,ELECTRONICS,1,1990.00,218.90,47.82,885.55,TWD
2026-07-03,MARKETPLACE,SKU-018,ELECTRONICS,5,10450.00,1149.50,167.41,5120.50,TWD
2026-07-03,MARKETPLACE,SKU-019,ELECTRONICS,1,2290.00,251.90,36.69,1225.15,TWD
2026-07-03,MARKETPLACE,SKU-020,ELECTRONICS,5,12450.00,1369.50,199.45,7221.00,TWD
2026-07-04,DTC,SKU-001,HOME,6,2340.00,163.80,58.76,936.00,TWD
2026-07-04,DTC,SKU-002,HOME,5,2450.00,171.50,61.52,1090.25,TWD
2026-07-04,DTC,SKU-003,HOME,4,2360.00,165.20,39.51,1156.40,TWD
2026-07-04,DTC,SKU-004,HOME,1,690.00,48.30,5.78,369.15,TWD
2026-07-04,DTC,SKU-005,HOME,2,1580.00,110.60,13.22,916.40,TWD
2026-07-04,DTC,SKU-006,CARE,2,1780.00,124.60,14.90,712.00,TWD
2026-07-04,DTC,SKU-007,CARE,5,4950.00,346.50,124.29,2202.75,TWD
2026-07-04,DTC,SKU-008,CARE,2,2180.00,152.60,54.74,1068.20,TWD
2026-07-04,DTC,SKU-009,CARE,0,0.00,0.00,0.00,0.00,TWD
2026-07-04,DTC,SKU-010,CARE,6,7740.00,541.80,64.78,4489.20,TWD
2026-07-04,DTC,SKU-011,ACCESSORIES,6,8340.00,583.80,69.81,3336.00,TWD
2026-07-04,DTC,SKU-012,ACCESSORIES,6,8940.00,625.80,224.48,3978.30,TWD
2026-07-04,DTC,SKU-013,ACCESSORIES,5,7950.00,556.50,199.62,3895.50,TWD
2026-07-04,DTC,SKU-014,ACCESSORIES,4,6760.00,473.20,56.58,3616.60,TWD
2026-07-04,DTC,SKU-015,ACCESSORIES,3,5370.00,375.90,89.89,3114.60,TWD
2026-07-04,DTC,SKU-016,ELECTRONICS,1,1890.00,132.30,15.82,756.00,TWD
2026-07-04,DTC,SKU-017,ELECTRONICS,4,7960.00,557.20,199.88,3542.20,TWD
2026-07-04,DTC,SKU-018,ELECTRONICS,3,6270.00,438.90,157.44,3072.30,TWD
2026-07-04,DTC,SKU-019,ELECTRONICS,2,4580.00,320.60,76.67,2450.30,TWD
2026-07-04,DTC,SKU-020,ELECTRONICS,3,7470.00,522.90,125.05,4332.60,TWD
2026-07-04,MARKETPLACE,SKU-001,HOME,0,0.00,0.00,0.00,0.00,TWD
2026-07-04,MARKETPLACE,SKU-002,HOME,4,1960.00,215.60,31.40,872.20,TWD
2026-07-04,MARKETPLACE,SKU-003,HOME,3,1770.00,194.70,28.36,867.30,TWD
2026-07-04,MARKETPLACE,SKU-004,HOME,1,690.00,75.90,16.58,369.15,TWD
2026-07-04,MARKETPLACE,SKU-005,HOME,3,2370.00,260.70,18.98,1374.60,TWD
2026-07-04,MARKETPLACE,SKU-006,CARE,0,0.00,0.00,0.00,0.00,TWD
2026-07-04,MARKETPLACE,SKU-007,CARE,3,2970.00,326.70,47.58,1321.65,TWD
2026-07-04,MARKETPLACE,SKU-008,CARE,1,1090.00,119.90,26.19,534.10,TWD
2026-07-04,MARKETPLACE,SKU-009,CARE,5,5950.00,654.50,142.98,3183.25,TWD
2026-07-04,MARKETPLACE,SKU-010,CARE,6,7740.00,851.40,185.99,4489.20,TWD
2026-07-04,MARKETPLACE,SKU-011,ACCESSORIES,5,6950.00,764.50,111.34,2780.00,TWD
2026-07-04,MARKETPLACE,SKU-012,ACCESSORIES,3,4470.00,491.70,71.61,1989.15,TWD
2026-07-04,MARKETPLACE,SKU-013,ACCESSORIES,0,0.00,0.00,0.00,0.00,TWD
2026-07-04,MARKETPLACE,SKU-014,ACCESSORIES,4,6760.00,743.60,108.30,3616.60,TWD
2026-07-04,MARKETPLACE,SKU-015,ACCESSORIES,5,8950.00,984.50,71.69,5191.00,TWD
2026-07-04,MARKETPLACE,SKU-016,ELECTRONICS,6,11340.00,1247.40,181.67,4536.00,TWD
2026-07-04,MARKETPLACE,SKU-017,ELECTRONICS,1,1990.00,218.90,31.88,885.55,TWD
2026-07-04,MARKETPLACE,SKU-018,ELECTRONICS,3,6270.00,689.70,100.45,3072.30,TWD
2026-07-04,MARKETPLACE,SKU-019,ELECTRONICS,1,2290.00,251.90,18.34,1225.15,TWD
2026-07-04,MARKETPLACE,SKU-020,ELECTRONICS,0,0.00,0.00,0.00,0.00,TWD
2026-07-05,DTC,SKU-001,HOME,0,0.00,0.00,0.00,0.00,TWD
2026-07-05,DTC,SKU-002,HOME,6,2940.00,205.80,73.82,1308.30,TWD
2026-07-05,DTC,SKU-003,HOME,3,1770.00,123.90,44.44,867.30,TWD
2026-07-05,DTC,SKU-004,HOME,3,2070.00,144.90,17.33,1107.45,TWD
2026-07-05,DTC,SKU-005,HOME,1,790.00,55.30,13.22,458.20,TWD
2026-07-05,DTC,SKU-006,CARE,6,5340.00,373.80,44.70,2136.00,TWD
2026-07-05,DTC,SKU-007,CARE,5,4950.00,346.50,41.43,2202.75,TWD
2026-07-05,DTC,SKU-008,CARE,6,6540.00,457.80,164.22,3204.60,TWD
2026-07-05,DTC,SKU-009,CARE,3,3570.00,249.90,89.64,1909.95,TWD
2026-07-05,DTC,SKU-010,CARE,5,6450.00,451.50,53.99,3741.00,TWD
2026-07-05,DTC,SKU-011,ACCESSORIES,1,1390.00,97.30,34.90,556.00,TWD
2026-07-05,DTC,SKU-012,ACCESSORIES,2,2980.00,208.60,49.89,1326.10,TWD
2026-07-05,DTC,SKU-013,ACCESSORIES,6,9540.00,667.80,159.70,4674.60,TWD
2026-07-05,DTC,SKU-014,ACCESSORIES,1,1690.00,118.30,14.15,904.15,TWD
2026-07-05,DTC,SKU-015,ACCESSORIES,5,8950.00,626.50,149.82,5191.00,TWD
2026-07-05,DTC,SKU-016,ELECTRONICS,6,11340.00,793.80,94.92,4536.00,TWD
2026-07-05,DTC,SKU-017,ELECTRONICS,1,1990.00,139.30,16.66,885.55,TWD
2026-07-05,DTC,SKU-018,ELECTRONICS,1,2090.00,146.30,17.49,1024.10,TWD
2026-07-05,DTC,SKU-019,ELECTRONICS,5,11450.00,801.50,95.84,6125.75,TWD
2026-07-05,DTC,SKU-020,ELECTRONICS,1,2490.00,174.30,62.52,1444.20,TWD
2026-07-05,MARKETPLACE,SKU-001,HOME,4,1560.00,171.60,37.49,624.00,TWD
2026-07-05,MARKETPLACE,SKU-002,HOME,2,980.00,107.80,15.70,436.10,TWD
2026-07-05,MARKETPLACE,SKU-003,HOME,6,3540.00,389.40,28.36,1734.60,TWD
2026-07-05,MARKETPLACE,SKU-004,HOME,6,4140.00,455.40,33.16,2214.90,TWD
2026-07-05,MARKETPLACE,SKU-005,HOME,4,3160.00,347.60,75.93,1832.80,TWD
2026-07-05,MARKETPLACE,SKU-006,CARE,5,4450.00,489.50,35.64,1780.00,TWD
2026-07-05,MARKETPLACE,SKU-007,CARE,3,2970.00,326.70,71.37,1321.65,TWD
2026-07-05,MARKETPLACE,SKU-008,CARE,2,2180.00,239.80,52.39,1068.20,TWD
2026-07-05,MARKETPLACE,SKU-009,CARE,5,5950.00,654.50,95.32,3183.25,TWD
2026-07-05,MARKETPLACE,SKU-010,CARE,3,3870.00,425.70,62.00,2244.60,TWD
2026-07-05,MARKETPLACE,SKU-011,ACCESSORIES,0,0.00,0.00,0.00,0.00,TWD
2026-07-05,MARKETPLACE,SKU-012,ACCESSORIES,2,2980.00,327.80,23.87,1326.10,TWD
2026-07-05,MARKETPLACE,SKU-013,ACCESSORIES,2,3180.00,349.80,76.42,1558.20,TWD
2026-07-05,MARKETPLACE,SKU-014,ACCESSORIES,1,1690.00,185.90,27.07,904.15,TWD
2026-07-05,MARKETPLACE,SKU-015,ACCESSORIES,1,1790.00,196.90,28.68,1038.20,TWD
2026-07-05,MARKETPLACE,SKU-016,ELECTRONICS,0,0.00,0.00,0.00,0.00,TWD
2026-07-05,MARKETPLACE,SKU-017,ELECTRONICS,5,9950.00,1094.50,79.70,4427.75,TWD
2026-07-05,MARKETPLACE,SKU-018,ELECTRONICS,0,0.00,0.00,0.00,0.00,TWD
2026-07-05,MARKETPLACE,SKU-019,ELECTRONICS,0,0.00,0.00,0.00,0.00,TWD
2026-07-05,MARKETPLACE,SKU-020,ELECTRONICS,1,2490.00,273.90,19.94,1444.20,TWD
2026-07-06,DTC,SKU-001,HOME,5,1950.00,136.50,32.64,780.00,TWD
2026-07-06,DTC,SKU-002,HOME,5,2450.00,171.50,41.01,1090.25,TWD
2026-07-06,DTC,SKU-003,HOME,4,2360.00,165.20,19.75,1156.40,TWD
2026-07-06,DTC,SKU-004,HOME,5,3450.00,241.50,57.75,1845.75,TWD
2026-07-06,DTC,SKU-005,HOME,5,3950.00,276.50,99.18,2291.00,TWD
2026-07-06,DTC,SKU-006,CARE,0,0.00,0.00,0.00,0.00,TWD
2026-07-06,DTC,SKU-007,CARE,2,1980.00,138.60,49.72,881.10,TWD
2026-07-06,DTC,SKU-008,CARE,6,6540.00,457.80,54.74,3204.60,TWD
2026-07-06,DTC,SKU-009,CARE,0,0.00,0.00,0.00,0.00,TWD
2026-07-06,DTC,SKU-010,CARE,4,5160.00,361.20,86.38,2992.80,TWD
2026-07-06,DTC,SKU-011,ACCESSORIES,0,0.00,0.00,0.00,0.00,TWD
2026-07-06,DTC,SKU-012,ACCESSORIES,2,2980.00,208.60,49.89,1326.10,TWD
2026-07-06,DTC,SKU-013,ACCESSORIES,1,1590.00,111.30,13.31,779.10,TWD
2026-07-06,DTC,SKU-014,ACCESSORIES,2,3380.00,236.60,28.29,1808.30,TWD
2026-07-06,DTC,SKU-015,ACCESSORIES,3,5370.00,375.90,44.95,3114.60,TWD
2026-07-06,DTC,SKU-016,ELECTRONICS,0,0.00,0.00,0.00,0.00,TWD
2026-07-06,DTC,SKU-017,ELECTRONICS,6,11940.00,835.80,299.81,5313.30,TWD
2026-07-06,DTC,SKU-018,ELECTRONICS,1,2090.00,146.30,52.48,1024.10,TWD
2026-07-06,DTC,SKU-019,ELECTRONICS,3,6870.00,480.90,57.50,3675.45,TWD
2026-07-06,DTC,SKU-020,ELECTRONICS,0,0.00,0.00,0.00,0.00,TWD
2026-07-06,MARKETPLACE,SKU-001,HOME,3,1170.00,128.70,9.37,468.00,TWD
2026-07-06,MARKETPLACE,SKU-002,HOME,3,1470.00,161.70,11.77,654.15,TWD
2026-07-06,MARKETPLACE,SKU-003,HOME,2,1180.00,129.80,9.45,578.20,TWD
2026-07-06,MARKETPLACE,SKU-004,HOME,0,0.00,0.00,0.00,0.00,TWD
2026-07-06,MARKETPLACE,SKU-005,HOME,2,1580.00,173.80,37.97,916.40,TWD
2026-07-06,MARKETPLACE,SKU-006,CARE,3,2670.00,293.70,64.16,1068.00,TWD
2026-07-06,MARKETPLACE,SKU-007,CARE,0,0.00,0.00,0.00,0.00,TWD
2026-07-06,MARKETPLACE,SKU-008,CARE,6,6540.00,719.40,157.16,3204.60,TWD
2026-07-06,MARKETPLACE,SKU-009,CARE,3,3570.00,392.70,28.60,1909.95,TWD
2026-07-06,MARKETPLACE,SKU-010,CARE,6,7740.00,851.40,123.99,4489.20,TWD
2026-07-06,MARKETPLACE,SKU-011,ACCESSORIES,1,1390.00,152.90,22.27,556.00,TWD
2026-07-06,MARKETPLACE,SKU-012,ACCESSORIES,5,7450.00,819.50,119.35,3315.25,TWD
2026-07-06,MARKETPLACE,SKU-013,ACCESSORIES,0,0.00,0.00,0.00,0.00,TWD
2026-07-06,MARKETPLACE,SKU-014,ACCESSORIES,4,6760.00,743.60,108.30,3616.60,TWD
2026-07-06,MARKETPLACE,SKU-015,ACCESSORIES,3,5370.00,590.70,86.03,3114.60,TWD
2026-07-06,MARKETPLACE,SKU-016,ELECTRONICS,5,9450.00,1039.50,75.69,3780.00,TWD
2026-07-06,MARKETPLACE,SKU-017,ELECTRONICS,4,7960.00,875.60,63.76,3542.20,TWD
2026-07-06,MARKETPLACE,SKU-018,ELECTRONICS,2,4180.00,459.80,100.45,2048.20,TWD
2026-07-06,MARKETPLACE,SKU-019,ELECTRONICS,2,4580.00,503.80,73.37,2450.30,TWD
2026-07-06,MARKETPLACE,SKU-020,ELECTRONICS,6,14940.00,1643.40,239.34,8665.20,TWD
2026-07-07,DTC,SKU-001,HOME,5,1950.00,136.50,48.96,780.00,TWD
2026-07-07,DTC,SKU-002,HOME,4,1960.00,137.20,49.22,872.20,TWD
2026-07-07,DTC,SKU-003,HOME,6,3540.00,247.80,88.89,1734.60,TWD
2026-07-07,DTC,SKU-004,HOME,6,4140.00,289.80,103.96,2214.90,TWD
2026-07-07,DTC,SKU-005,HOME,1,790.00,55.30,6.61,458.20,TWD
2026-07-07,DTC,SKU-006,CARE,4,3560.00,249.20,89.39,1424.00,TWD
2026-07-07,DTC,SKU-007,CARE,4,3960.00,277.20,99.44,1762.20,TWD
2026-07-07,DTC,SKU-008,CARE,5,5450.00,381.50,45.62,2670.50,TWD
2026-07-07,DTC,SKU-009,CARE,4,4760.00,333.20,79.68,2546.60,TWD
2026-07-07,DTC,SKU-010,CARE,5,6450.00,451.50,53.99,3741.00,TWD
2026-07-07,DTC,SKU-011,ACCESSORIES,3,4170.00,291.90,34.90,1668.00,TWD
2026-07-07,DTC,SKU-012,ACCESSORIES,3,4470.00,312.90,37.41,1989.15,TWD
2026-07-07,DTC,SKU-013,ACCESSORIES,4,6360.00,445.20,106.47,3116.40,TWD
2026-07-07,DTC,SKU-014,ACCESSORIES,5,8450.00,591.50,70.73,4520.75,TWD
2026-07-07,DTC,SKU-015,ACCESSORIES,0,0.00,0.00,0.00,0.00,TWD
2026-07-07,DTC,SKU-016,ELECTRONICS,4,7560.00,529.20,189.83,3024.00,TWD
2026-07-07,DTC,SKU-017,ELECTRONICS,2,3980.00,278.60,99.94,1771.10,TWD
2026-07-07,DTC,SKU-018,ELECTRONICS,6,12540.00,877.80,104.96,6144.60,TWD
2026-07-07,DTC,SKU-019,ELECTRONICS,1,2290.00,160.30,19.17,1225.15,TWD
2026-07-07,DTC,SKU-020,ELECTRONICS,5,12450.00,871.50,312.62,7221.00,TWD
2026-07-07,MARKETPLACE,SKU-001,HOME,4,1560.00,171.60,12.50,624.00,TWD
2026-07-07,MARKETPLACE,SKU-002,HOME,1,490.00,53.90,11.77,218.05,TWD
2026-07-07,MARKETPLACE,SKU-003,HOME,2,1180.00,129.80,28.36,578.20,TWD
2026-07-07,MARKETPLACE,SKU-004,HOME,4,2760.00,303.60,22.11,1476.60,TWD
2026-07-07,MARKETPLACE,SKU-005,HOME,0,0.00,0.00,0.00,0.00,TWD
2026-07-07,MARKETPLACE,SKU-006,CARE,6,5340.00,587.40,85.55,2136.00,TWD
2026-07-07,MARKETPLACE,SKU-007,CARE,4,3960.00,435.60,95.16,1762.20,TWD
2026-07-07,MARKETPLACE,SKU-008,CARE,6,6540.00,719.40,104.77,3204.60,TWD
2026-07-07,MARKETPLACE,SKU-009,CARE,6,7140.00,785.40,171.57,3819.90,TWD
2026-07-07,MARKETPLACE,SKU-010,CARE,5,6450.00,709.50,154.99,3741.00,TWD
2026-07-07,MARKETPLACE,SKU-011,ACCESSORIES,2,2780.00,305.80,66.80,1112.00,TWD
2026-07-07,MARKETPLACE,SKU-012,ACCESSORIES,6,8940.00,983.40,214.83,3978.30,TWD
2026-07-07,MARKETPLACE,SKU-013,ACCESSORIES,5,7950.00,874.50,191.04,3895.50,TWD
2026-07-07,MARKETPLACE,SKU-014,ACCESSORIES,1,1690.00,185.90,27.07,904.15,TWD
2026-07-07,MARKETPLACE,SKU-015,ACCESSORIES,2,3580.00,393.80,86.03,2076.40,TWD
2026-07-07,MARKETPLACE,SKU-016,ELECTRONICS,5,9450.00,1039.50,75.69,3780.00,TWD
2026-07-07,MARKETPLACE,SKU-017,ELECTRONICS,1,1990.00,218.90,15.94,885.55,TWD
2026-07-07,MARKETPLACE,SKU-018,ELECTRONICS,0,0.00,0.00,0.00,0.00,TWD
2026-07-07,MARKETPLACE,SKU-019,ELECTRONICS,0,0.00,0.00,0.00,0.00,TWD
2026-07-07,MARKETPLACE,SKU-020,ELECTRONICS,1,2490.00,273.90,39.89,1444.20,TWD
2026-07-08,DTC,SKU-001,HOME,4,1560.00,109.20,13.06,624.00,TWD
2026-07-08,DTC,SKU-002,HOME,1,490.00,34.30,12.30,218.05,TWD
2026-07-08,DTC,SKU-003,HOME,5,2950.00,206.50,74.07,1445.50,TWD
2026-07-08,DTC,SKU-004,HOME,1,690.00,48.30,17.33,369.15,TWD
2026-07-08,DTC,SKU-005,HOME,5,3950.00,276.50,99.18,2291.00,TWD
2026-07-08,DTC,SKU-006,CARE,0,0.00,0.00,0.00,0.00,TWD
2026-07-08,DTC,SKU-007,CARE,1,990.00,69.30,8.29,440.55,TWD
2026-07-08,DTC,SKU-008,CARE,4,4360.00,305.20,109.48,2136.40,TWD
2026-07-08,DTC,SKU-009,CARE,3,3570.00,249.90,29.88,1909.95,TWD
2026-07-08,DTC,SKU-010,CARE,3,3870.00,270.90,64.78,2244.60,TWD
2026-07-08,DTC,SKU-011,ACCESSORIES,5,6950.00,486.50,116.34,2780.00,TWD
2026-07-08,DTC,SKU-012,ACCESSORIES,5,7450.00,521.50,187.07,3315.25,TWD
2026-07-08,DTC,SKU-013,ACCESSORIES,3,4770.00,333.90,119.77,2337.30,TWD
2026-07-08,DTC,SKU-014,ACCESSORIES,3,5070.00,354.90,42.44,2712.45,TWD
2026-07-08,DTC,SKU-015,ACCESSORIES,0,0.00,0.00,0.00,0.00,TWD
2026-07-08,DTC,SKU-016,ELECTRONICS,5,9450.00,661.50,237.29,3780.00,TWD
2026-07-08,DTC,SKU-017,ELECTRONICS,0,0.00,0.00,0.00,0.00,TWD
2026-07-08,DTC,SKU-018,ELECTRONICS,0,0.00,0.00,0.00,0.00,TWD
2026-07-08,DTC,SKU-019,ELECTRONICS,5,11450.00,801.50,191.67,6125.75,TWD
2026-07-08,DTC,SKU-020,ELECTRONICS,2,4980.00,348.60,125.05,2888.40,TWD
2026-07-08,MARKETPLACE,SKU-001,HOME,6,2340.00,257.40,18.74,936.00,TWD
2026-07-08,MARKETPLACE,SKU-002,HOME,3,1470.00,161.70,23.55,654.15,TWD
2026-07-08,MARKETPLACE,SKU-003,HOME,3,1770.00,194.70,42.53,867.30,TWD
2026-07-08,MARKETPLACE,SKU-004,HOME,4,2760.00,303.60,66.32,1476.60,TWD
2026-07-08,MARKETPLACE,SKU-005,HOME,2,1580.00,173.80,12.66,916.40,TWD
2026-07-08,MARKETPLACE,SKU-006,CARE,3,2670.00,293.70,64.16,1068.00,TWD
2026-07-08,MARKETPLACE,SKU-007,CARE,2,1980.00,217.80,31.72,881.10,TWD
2026-07-08,MARKETPLACE,SKU-008,CARE,2,2180.00,239.80,52.39,1068.20,TWD
2026-07-08,MARKETPLACE,SKU-009,CARE,0,0.00,0.00,0.00,0.00,TWD
2026-07-08,MARKETPLACE,SKU-010,CARE,0,0.00,0.00,0.00,0.00,TWD
2026-07-08,MARKETPLACE,SKU-011,ACCESSORIES,6,8340.00,917.40,133.61,3336.00,TWD
2026-07-08,MARKETPLACE,SKU-012,ACCESSORIES,3,4470.00,491.70,107.41,1989.15,TWD
2026-07-08,MARKETPLACE,SKU-013,ACCESSORIES,1,1590.00,174.90,38.21,779.10,TWD
2026-07-08,MARKETPLACE,SKU-014,ACCESSORIES,6,10140.00,1115.40,81.22,5424.90,TWD
2026-07-08,MARKETPLACE,SKU-015,ACCESSORIES,0,0.00,0.00,0.00,0.00,TWD
2026-07-08,MARKETPLACE,SKU-016,ELECTRONICS,3,5670.00,623.70,90.83,2268.00,TWD
2026-07-08,MARKETPLACE,SKU-017,ELECTRONICS,6,11940.00,1313.40,286.92,5313.30,TWD
2026-07-08,MARKETPLACE,SKU-018,ELECTRONICS,4,8360.00,919.60,133.93,4096.40,TWD
2026-07-08,MARKETPLACE,SKU-019,ELECTRONICS,4,9160.00,1007.60,220.11,4900.60,TWD
2026-07-08,MARKETPLACE,SKU-020,ELECTRONICS,0,0.00,0.00,0.00,0.00,TWD
2026-07-09,DTC,SKU-001,HOME,4,1560.00,109.20,39.17,624.00,TWD
2026-07-09,DTC,SKU-002,HOME,6,2940.00,205.80,24.61,1308.30,TWD
2026-07-09,DTC,SKU-003,HOME,6,3540.00,247.80,29.63,1734.60,TWD
2026-07-09,DTC,SKU-004,HOME,1,690.00,48.30,17.33,369.15,TWD
2026-07-09,DTC,SKU-005,HOME,0,0.00,0.00,0.00,0.00,TWD
2026-07-09,DTC,SKU-006,CARE,4,3560.00,249.20,59.59,1424.00,TWD
2026-07-09,DTC,SKU-007,CARE,0,0.00,0.00,0.00,0.00,TWD
2026-07-09,DTC,SKU-008,CARE,2,2180.00,152.60,18.25,1068.20,TWD
2026-07-09,DTC,SKU-009,CARE,6,7140.00,499.80,119.52,3819.90,TWD
2026-07-09,DTC,SKU-010,CARE,0,0.00,0.00,0.00,0.00,TWD
2026-07-09,DTC,SKU-011,ACCESSORIES,6,8340.00,583.80,139.61,3336.00,TWD
2026-07-09,DTC,SKU-012,ACCESSORIES,0,0.00,0.00,0.00,0.00,TWD
2026-07-09,DTC,SKU-013,ACCESSORIES,1,1590.00,111.30,13.31,779.10,TWD
2026-07-09,DTC,SKU-014,ACCESSORIES,5,8450.00,591.50,70.73,4520.75,TWD
2026-07-09,DTC,SKU-015,ACCESSORIES,0,0.00,0.00,0.00,0.00,TWD
2026-07-09,DTC,SKU-016,ELECTRONICS,5,9450.00,661.50,158.19,3780.00,TWD
2026-07-09,DTC,SKU-017,ELECTRONICS,5,9950.00,696.50,249.84,4427.75,TWD
2026-07-09,DTC,SKU-018,ELECTRONICS,2,4180.00,292.60,34.99,2048.20,TWD
2026-07-09,DTC,SKU-019,ELECTRONICS,0,0.00,0.00,0.00,0.00,TWD
2026-07-09,DTC,SKU-020,ELECTRONICS,2,4980.00,348.60,125.05,2888.40,TWD
2026-07-09,MARKETPLACE,SKU-001,HOME,6,2340.00,257.40,18.74,936.00,TWD
2026-07-09,MARKETPLACE,SKU-002,HOME,6,2940.00,323.40,47.10,1308.30,TWD
2026-07-09,MARKETPLACE,SKU-003,HOME,4,2360.00,259.60,56.71,1156.40,TWD
2026-07-09,MARKETPLACE,SKU-004,HOME,4,2760.00,303.60,44.22,1476.60,TWD
2026-07-09,MARKETPLACE,SKU-005,HOME,2,1580.00,173.80,37.97,916.40,TWD
2026-07-09,MARKETPLACE,SKU-006,CARE,2,1780.00,195.80,42.77,712.00,TWD
2026-07-09,MARKETPLACE,SKU-007,CARE,3,2970.00,326.70,23.79,1321.65,TWD
2026-07-09,MARKETPLACE,SKU-008,CARE,4,4360.00,479.60,104.77,2136.40,TWD
2026-07-09,MARKETPLACE,SKU-009,CARE,4,4760.00,523.60,114.38,2546.60,TWD
2026-07-09,MARKETPLACE,SKU-010,CARE,5,6450.00,709.50,51.66,3741.00,TWD
2026-07-09,MARKETPLACE,SKU-011,ACCESSORIES,2,2780.00,305.80,22.27,1112.00,TWD
2026-07-09,MARKETPLACE,SKU-012,ACCESSORIES,0,0.00,0.00,0.00,0.00,TWD
2026-07-09,MARKETPLACE,SKU-013,ACCESSORIES,6,9540.00,1049.40,229.25,4674.60,TWD
2026-07-09,MARKETPLACE,SKU-014,ACCESSORIES,6,10140.00,1115.40,162.44,5424.90,TWD
2026-07-09,MARKETPLACE,SKU-015,ACCESSORIES,0,0.00,0.00,0.00,0.00,TWD
2026-07-09,MARKETPLACE,SKU-016,ELECTRONICS,5,9450.00,1039.50,75.69,3780.00,TWD
2026-07-09,MARKETPLACE,SKU-017,ELECTRONICS,6,11940.00,1313.40,95.64,5313.30,TWD
2026-07-09,MARKETPLACE,SKU-018,ELECTRONICS,3,6270.00,689.70,150.67,3072.30,TWD
2026-07-09,MARKETPLACE,SKU-019,ELECTRONICS,2,4580.00,503.80,36.69,2450.30,TWD
2026-07-09,MARKETPLACE,SKU-020,ELECTRONICS,6,14940.00,1643.40,239.34,8665.20,TWD
2026-07-10,DTC,SKU-001,HOME,1,390.00,27.30,3.26,156.00,TWD
2026-07-10,DTC,SKU-002,HOME,5,2450.00,171.50,20.51,1090.25,TWD
2026-07-10,DTC,SKU-003,HOME,1,590.00,41.30,14.81,289.10,TWD
2026-07-10,DTC,SKU-004,HOME,3,2070.00,144.90,34.65,1107.45,TWD
2026-07-10,DTC,SKU-005,HOME,3,2370.00,165.90,39.67,1374.60,TWD
2026-07-10,DTC,SKU-006,CARE,5,4450.00,311.50,111.74,1780.00,TWD
2026-07-10,DTC,SKU-007,CARE,5,4950.00,346.50,41.43,2202.75,TWD
2026-07-10,DTC,SKU-008,CARE,6,6540.00,457.80,109.48,3204.60,TWD
2026-07-10,DTC,SKU-009,CARE,5,5950.00,416.50,99.60,3183.25,TWD
2026-07-10,DTC,SKU-010,CARE,3,3870.00,270.90,64.78,2244.60,TWD
2026-07-10,DTC,SKU-011,ACCESSORIES,6,8340.00,583.80,139.61,3336.00,TWD
2026-07-10,DTC,SKU-012,ACCESSORIES,0,0.00,0.00,0.00,0.00,TWD
2026-07-10,DTC,SKU-013,ACCESSORIES,2,3180.00,222.60,53.23,1558.20,TWD
2026-07-10,DTC,SKU-014,ACCESSORIES,1,1690.00,118.30,14.15,904.15,TWD
2026-07-10,DTC,SKU-015,ACCESSORIES,3,5370.00,375.90,89.89,3114.60,TWD
2026-07-10,DTC,SKU-016,ELECTRONICS,2,3780.00,264.60,63.28,1512.00,TWD
2026-07-10,DTC,SKU-017,ELECTRONICS,0,0.00,0.00,0.00,0.00,TWD
2026-07-10,DTC,SKU-018,ELECTRONICS,0,0.00,0.00,0.00,0.00,TWD
2026-07-10,DTC,SKU-019,ELECTRONICS,1,2290.00,160.30,19.17,1225.15,TWD
2026-07-10,DTC,SKU-020,ELECTRONICS,1,2490.00,174.30,20.84,1444.20,TWD
2026-07-10,MARKETPLACE,SKU-001,HOME,3,1170.00,128.70,28.12,468.00,TWD
2026-07-10,MARKETPLACE,SKU-002,HOME,3,1470.00,161.70,23.55,654.15,TWD
2026-07-10,MARKETPLACE,SKU-003,HOME,4,2360.00,259.60,56.71,1156.40,TWD
2026-07-10,MARKETPLACE,SKU-004,HOME,0,0.00,0.00,0.00,0.00,TWD
2026-07-10,MARKETPLACE,SKU-005,HOME,5,3950.00,434.50,63.28,2291.00,TWD
2026-07-10,MARKETPLACE,SKU-006,CARE,4,3560.00,391.60,57.03,1424.00,TWD
2026-07-10,MARKETPLACE,SKU-007,CARE,5,4950.00,544.50,39.65,2202.75,TWD
2026-07-10,MARKETPLACE,SKU-008,CARE,2,2180.00,239.80,52.39,1068.20,TWD
2026-07-10,MARKETPLACE,SKU-009,CARE,0,0.00,0.00,0.00,0.00,TWD
2026-07-10,MARKETPLACE,SKU-010,CARE,6,7740.00,851.40,62.00,4489.20,TWD
2026-07-10,MARKETPLACE,SKU-011,ACCESSORIES,6,8340.00,917.40,200.41,3336.00,TWD
2026-07-10,MARKETPLACE,SKU-012,ACCESSORIES,2,2980.00,327.80,23.87,1326.10,TWD
2026-07-10,MARKETPLACE,SKU-013,ACCESSORIES,1,1590.00,174.90,25.47,779.10,TWD
2026-07-10,MARKETPLACE,SKU-014,ACCESSORIES,4,6760.00,743.60,108.30,3616.60,TWD
2026-07-10,MARKETPLACE,SKU-015,ACCESSORIES,5,8950.00,984.50,71.69,5191.00,TWD
2026-07-10,MARKETPLACE,SKU-016,ELECTRONICS,6,11340.00,1247.40,90.83,4536.00,TWD
2026-07-10,MARKETPLACE,SKU-017,ELECTRONICS,3,5970.00,656.70,47.82,2656.65,TWD
2026-07-10,MARKETPLACE,SKU-018,ELECTRONICS,2,4180.00,459.80,33.48,2048.20,TWD
2026-07-10,MARKETPLACE,SKU-019,ELECTRONICS,0,0.00,0.00,0.00,0.00,TWD
2026-07-10,MARKETPLACE,SKU-020,ELECTRONICS,6,14940.00,1643.40,239.34,8665.20,TWD
2026-07-11,DTC,SKU-001,HOME,0,0.00,0.00,0.00,0.00,TWD
2026-07-11,DTC,SKU-002,HOME,2,980.00,68.60,16.41,436.10,TWD
2026-07-11,DTC,SKU-003,HOME,4,2360.00,165.20,19.75,1156.40,TWD
2026-07-11,DTC,SKU-004,HOME,2,1380.00,96.60,34.65,738.30,TWD
2026-07-11,DTC,SKU-005,HOME,2,1580.00,110.60,39.67,916.40,TWD
2026-07-11,DTC,SKU-006,CARE,0,0.00,0.00,0.00,0.00,TWD
2026-07-11,DTC,SKU-007,CARE,6,5940.00,415.80,99.44,2643.30,TWD
2026-07-11,DTC,SKU-008,CARE,6,6540.00,457.80,54.74,3204.60,TWD
2026-07-11,DTC,SKU-009,CARE,2,2380.00,166.60,59.76,1273.30,TWD
2026-07-11,DTC,SKU-010,CARE,5,6450.00,451.50,161.96,3741.00,TWD
2026-07-11,DTC,SKU-011,ACCESSORIES,5,6950.00,486.50,58.17,2780.00,TWD
2026-07-11,DTC,SKU-012,ACCESSORIES,5,7450.00,521.50,62.36,3315.25,TWD
2026-07-11,DTC,SKU-013,ACCESSORIES,6,9540.00,667.80,239.55,4674.60,TWD
2026-07-11,DTC,SKU-014,ACCESSORIES,0,0.00,0.00,0.00,0.00,TWD
2026-07-11,DTC,SKU-015,ACCESSORIES,3,5370.00,375.90,134.84,3114.60,TWD
2026-07-11,DTC,SKU-016,ELECTRONICS,0,0.00,0.00,0.00,0.00,TWD
2026-07-11,DTC,SKU-017,ELECTRONICS,2,3980.00,278.60,33.31,1771.10,TWD
2026-07-11,DTC,SKU-018,ELECTRONICS,2,4180.00,292.60,69.97,2048.20,TWD
2026-07-11,DTC,SKU-019,ELECTRONICS,3,6870.00,480.90,172.51,3675.45,TWD
2026-07-11,DTC,SKU-020,ELECTRONICS,3,7470.00,522.90,187.57,4332.60,TWD
2026-07-11,MARKETPLACE,SKU-001,HOME,1,390.00,42.90,9.37,156.00,TWD
2026-07-11,MARKETPLACE,SKU-002,HOME,0,0.00,0.00,0.00,0.00,TWD
2026-07-11,MARKETPLACE,SKU-003,HOME,5,2950.00,324.50,47.26,1445.50,TWD
2026-07-11,MARKETPLACE,SKU-004,HOME,3,2070.00,227.70,16.58,1107.45,TWD
2026-07-11,MARKETPLACE,SKU-005,HOME,6,4740.00,521.40,37.97,2749.20,TWD
2026-07-11,MARKETPLACE,SKU-006,CARE,5,4450.00,489.50,35.64,1780.00,TWD
2026-07-11,MARKETPLACE,SKU-007,CARE,0,0.00,0.00,0.00,0.00,TWD
2026-07-11,MARKETPLACE,SKU-008,CARE,6,6540.00,719.40,52.39,3204.60,TWD
2026-07-11,MARKETPLACE,SKU-009,CARE,0,0.00,0.00,0.00,0.00,TWD
2026-07-11,MARKETPLACE,SKU-010,CARE,5,6450.00,709.50,154.99,3741.00,TWD
2026-07-11,MARKETPLACE,SKU-011,ACCESSORIES,6,8340.00,917.40,133.61,3336.00,TWD
2026-07-11,MARKETPLACE,SKU-012,ACCESSORIES,2,2980.00,327.80,23.87,1326.10,TWD
2026-07-11,MARKETPLACE,SKU-013,ACCESSORIES,3,4770.00,524.70,114.62,2337.30,TWD
2026-07-11,MARKETPLACE,SKU-014,ACCESSORIES,2,3380.00,371.80,27.07,1808.30,TWD
2026-07-11,MARKETPLACE,SKU-015,ACCESSORIES,5,8950.00,984.50,71.69,5191.00,TWD
2026-07-11,MARKETPLACE,SKU-016,ELECTRONICS,4,7560.00,831.60,121.11,3024.00,TWD
2026-07-11,MARKETPLACE,SKU-017,ELECTRONICS,6,11940.00,1313.40,286.92,5313.30,TWD
2026-07-11,MARKETPLACE,SKU-018,ELECTRONICS,3,6270.00,689.70,100.45,3072.30,TWD
2026-07-11,MARKETPLACE,SKU-019,ELECTRONICS,3,6870.00,755.70,110.06,3675.45,TWD
2026-07-11,MARKETPLACE,SKU-020,ELECTRONICS,6,14940.00,1643.40,119.67,8665.20,TWD
2026-07-12,DTC,SKU-001,HOME,1,390.00,27.30,3.26,156.00,TWD
2026-07-12,DTC,SKU-002,HOME,5,2450.00,171.50,41.01,1090.25,TWD
2026-07-12,DTC,SKU-003,HOME,0,0.00,0.00,0.00,0.00,TWD
2026-07-12,DTC,SKU-004,HOME,2,1380.00,96.60,23.10,738.30,TWD
2026-07-12,DTC,SKU-005,HOME,5,3950.00,276.50,99.18,2291.00,TWD
2026-07-12,DTC,SKU-006,CARE,3,2670.00,186.90,67.04,1068.00,TWD
2026-07-12,DTC,SKU-007,CARE,6,5940.00,415.80,149.15,2643.30,TWD
2026-07-12,DTC,SKU-008,CARE,3,3270.00,228.90,82.11,1602.30,TWD
2026-07-12,DTC,SKU-009,CARE,5,5950.00,416.50,49.80,3183.25,TWD
2026-07-12,DTC,SKU-010,CARE,5,6450.00,451.50,161.96,3741.00,TWD
2026-07-12,DTC,SKU-011,ACCESSORIES,2,2780.00,194.60,23.27,1112.00,TWD
2026-07-12,DTC,SKU-012,ACCESSORIES,6,8940.00,625.80,74.83,3978.30,TWD
2026-07-12,DTC,SKU-013,ACCESSORIES,4,6360.00,445.20,159.70,3116.40,TWD
2026-07-12,DTC,SKU-014,ACCESSORIES,0,0.00,0.00,0.00,0.00,TWD
2026-07-12,DTC,SKU-015,ACCESSORIES,0,0.00,0.00,0.00,0.00,TWD
2026-07-12,DTC,SKU-016,ELECTRONICS,2,3780.00,264.60,63.28,1512.00,TWD
2026-07-12,DTC,SKU-017,ELECTRONICS,3,5970.00,417.90,49.97,2656.65,TWD
2026-07-12,DTC,SKU-018,ELECTRONICS,6,12540.00,877.80,104.96,6144.60,TWD
2026-07-12,DTC,SKU-019,ELECTRONICS,5,11450.00,801.50,287.51,6125.75,TWD
2026-07-12,DTC,SKU-020,ELECTRONICS,5,12450.00,871.50,104.21,7221.00,TWD
2026-07-12,MARKETPLACE,SKU-001,HOME,5,1950.00,214.50,15.62,780.00,TWD
2026-07-12,MARKETPLACE,SKU-002,HOME,1,490.00,53.90,7.85,218.05,TWD
2026-07-12,MARKETPLACE,SKU-003,HOME,1,590.00,64.90,4.73,289.10,TWD
2026-07-12,MARKETPLACE,SKU-004,HOME,2,1380.00,151.80,11.05,738.30,TWD
2026-07-12,MARKETPLACE,SKU-005,HOME,3,2370.00,260.70,56.95,1374.60,TWD
2026-07-12,MARKETPLACE,SKU-006,CARE,6,5340.00,587.40,85.55,2136.00,TWD
2026-07-12,MARKETPLACE,SKU-007,CARE,3,2970.00,326.70,47.58,1321.65,TWD
2026-07-12,MARKETPLACE,SKU-008,CARE,4,4360.00,479.60,69.85,2136.40,TWD
2026-07-12,MARKETPLACE,SKU-009,CARE,1,1190.00,130.90,9.53,636.65,TWD
2026-07-12,MARKETPLACE,SKU-010,CARE,3,3870.00,425.70,62.00,2244.60,TWD
2026-07-12,MARKETPLACE,SKU-011,ACCESSORIES,1,1390.00,152.90,22.27,556.00,TWD
2026-07-12,MARKETPLACE,SKU-012,ACCESSORIES,0,0.00,0.00,0.00,0.00,TWD
2026-07-12,MARKETPLACE,SKU-013,ACCESSORIES,0,0.00,0.00,0.00,0.00,TWD
2026-07-12,MARKETPLACE,SKU-014,ACCESSORIES,0,0.00,0.00,0.00,0.00,TWD
2026-07-12,MARKETPLACE,SKU-015,ACCESSORIES,3,5370.00,590.70,86.03,3114.60,TWD
2026-07-12,MARKETPLACE,SKU-016,ELECTRONICS,6,11340.00,1247.40,181.67,4536.00,TWD
2026-07-12,MARKETPLACE,SKU-017,ELECTRONICS,1,1990.00,218.90,15.94,885.55,TWD
2026-07-12,MARKETPLACE,SKU-018,ELECTRONICS,2,4180.00,459.80,66.96,2048.20,TWD
2026-07-12,MARKETPLACE,SKU-019,ELECTRONICS,3,6870.00,755.70,165.09,3675.45,TWD
2026-07-12,MARKETPLACE,SKU-020,ELECTRONICS,3,7470.00,821.70,59.83,4332.60,TWD
2026-07-13,DTC,SKU-001,HOME,7,2730.00,286.65,31.76,1092.00,TWD
2026-07-13,DTC,SKU-002,HOME,6,2940.00,308.70,102.62,1308.30,TWD
2026-07-13,DTC,SKU-003,HOME,4,2360.00,247.80,82.38,1156.40,TWD
2026-07-13,DTC,SKU-004,HOME,4,2760.00,289.80,32.11,1476.60,TWD
2026-07-13,DTC,SKU-005,HOME,6,4740.00,497.70,55.15,2749.20,TWD
2026-07-13,DTC,SKU-006,CARE,6,5340.00,560.70,124.26,2136.00,TWD
2026-07-13,DTC,SKU-007,CARE,5,4950.00,519.75,115.19,2202.75,TWD
2026-07-13,DTC,SKU-008,CARE,1,1090.00,114.45,38.05,534.10,TWD
2026-07-13,DTC,SKU-009,CARE,6,7140.00,749.70,83.07,3819.90,TWD
2026-07-13,DTC,SKU-010,CARE,4,5160.00,541.80,180.11,2992.80,TWD
2026-07-13,DTC,SKU-011,ACCESSORIES,4,5560.00,583.80,194.07,2224.00,TWD
2026-07-13,DTC,SKU-012,ACCESSORIES,2,2980.00,312.90,34.67,1326.10,TWD
2026-07-13,DTC,SKU-013,ACCESSORIES,2,3180.00,333.90,111.00,1558.20,TWD
2026-07-13,DTC,SKU-014,ACCESSORIES,7,11830.00,1242.15,137.64,6329.05,TWD
2026-07-13,DTC,SKU-015,ACCESSORIES,3,5370.00,563.85,187.44,3114.60,TWD
2026-07-13,DTC,SKU-016,ELECTRONICS,2,3780.00,396.90,43.98,1512.00,TWD
2026-07-13,DTC,SKU-017,ELECTRONICS,5,9950.00,1044.75,347.30,4427.75,TWD
2026-07-13,DTC,SKU-018,ELECTRONICS,7,14630.00,1536.15,340.44,7168.70,TWD
2026-07-13,DTC,SKU-019,ELECTRONICS,7,16030.00,1683.15,186.51,8576.05,TWD
2026-07-13,DTC,SKU-020,ELECTRONICS,5,12450.00,1307.25,144.86,7221.00,TWD
2026-07-13,MARKETPLACE,SKU-001,HOME,3,1170.00,280.80,86.70,468.00,TWD
2026-07-13,MARKETPLACE,SKU-002,HOME,7,3430.00,823.20,84.72,1526.35,TWD
2026-07-13,MARKETPLACE,SKU-003,HOME,7,4130.00,991.20,204.02,2023.70,TWD
2026-07-13,MARKETPLACE,SKU-004,HOME,6,4140.00,993.60,204.52,2214.90,TWD
2026-07-13,MARKETPLACE,SKU-005,HOME,5,3950.00,948.00,97.57,2291.00,TWD
2026-07-13,MARKETPLACE,SKU-006,CARE,5,4450.00,1068.00,329.75,1780.00,TWD
2026-07-13,MARKETPLACE,SKU-007,CARE,6,5940.00,1425.60,146.72,2643.30,TWD
2026-07-13,MARKETPLACE,SKU-008,CARE,2,2180.00,523.20,161.54,1068.20,TWD
2026-07-13,MARKETPLACE,SKU-009,CARE,2,2380.00,571.20,117.57,1273.30,TWD
2026-07-13,MARKETPLACE,SKU-010,CARE,8,10320.00,2476.80,764.71,5985.60,TWD
2026-07-13,MARKETPLACE,SKU-011,ACCESSORIES,6,8340.00,2001.60,206.00,3336.00,TWD
2026-07-13,MARKETPLACE,SKU-012,ACCESSORIES,8,11920.00,2860.80,294.42,5304.40,TWD
2026-07-13,MARKETPLACE,SKU-013,ACCESSORIES,2,3180.00,763.20,157.09,1558.20,TWD
2026-07-13,MARKETPLACE,SKU-014,ACCESSORIES,7,11830.00,2839.20,584.40,6329.05,TWD
2026-07-13,MARKETPLACE,SKU-015,ACCESSORIES,5,8950.00,2148.00,221.07,5191.00,TWD
2026-07-13,MARKETPLACE,SKU-016,ELECTRONICS,2,3780.00,907.20,186.73,1512.00,TWD
2026-07-13,MARKETPLACE,SKU-017,ELECTRONICS,8,15920.00,3820.80,1179.67,7084.40,TWD
2026-07-13,MARKETPLACE,SKU-018,ELECTRONICS,2,4180.00,1003.20,206.49,2048.20,TWD
2026-07-13,MARKETPLACE,SKU-019,ELECTRONICS,4,9160.00,2198.40,452.50,4900.60,TWD
2026-07-13,MARKETPLACE,SKU-020,ELECTRONICS,2,4980.00,1195.20,369.02,2888.40,TWD
2026-07-14,DTC,SKU-001,HOME,1,390.00,40.95,13.61,156.00,TWD
2026-07-14,DTC,SKU-002,HOME,6,2940.00,308.70,102.62,1308.30,TWD
2026-07-14,DTC,SKU-003,HOME,7,4130.00,433.65,96.11,2023.70,TWD
2026-07-14,DTC,SKU-004,HOME,4,2760.00,289.80,32.11,1476.60,TWD
2026-07-14,DTC,SKU-005,HOME,3,2370.00,248.85,55.15,1374.60,TWD
2026-07-14,DTC,SKU-006,CARE,4,3560.00,373.80,41.42,1424.00,TWD
2026-07-14,DTC,SKU-007,CARE,4,3960.00,415.80,138.22,1762.20,TWD
2026-07-14,DTC,SKU-008,CARE,1,1090.00,114.45,25.36,534.10,TWD
2026-07-14,DTC,SKU-009,CARE,2,2380.00,249.90,83.07,1273.30,TWD
2026-07-14,DTC,SKU-010,CARE,6,7740.00,812.70,90.05,4489.20,TWD
2026-07-14,DTC,SKU-011,ACCESSORIES,7,9730.00,1021.65,226.42,3892.00,TWD
2026-07-14,DTC,SKU-012,ACCESSORIES,5,7450.00,782.25,86.68,3315.25,TWD
2026-07-14,DTC,SKU-013,ACCESSORIES,7,11130.00,1168.65,129.50,5453.70,TWD
2026-07-14,DTC,SKU-014,ACCESSORIES,1,1690.00,177.45,58.99,904.15,TWD
2026-07-14,DTC,SKU-015,ACCESSORIES,1,1790.00,187.95,62.48,1038.20,TWD
2026-07-14,DTC,SKU-016,ELECTRONICS,4,7560.00,793.80,87.96,3024.00,TWD
2026-07-14,DTC,SKU-017,ELECTRONICS,6,11940.00,1253.70,138.92,5313.30,TWD
2026-07-14,DTC,SKU-018,ELECTRONICS,6,12540.00,1316.70,437.71,6144.60,TWD
2026-07-14,DTC,SKU-019,ELECTRONICS,3,6870.00,721.35,159.86,3675.45,TWD
2026-07-14,DTC,SKU-020,ELECTRONICS,5,12450.00,1307.25,434.57,7221.00,TWD
2026-07-14,MARKETPLACE,SKU-001,HOME,4,1560.00,374.40,77.06,624.00,TWD
2026-07-14,MARKETPLACE,SKU-002,HOME,5,2450.00,588.00,60.52,1090.25,TWD
2026-07-14,MARKETPLACE,SKU-003,HOME,3,1770.00,424.80,43.72,867.30,TWD
2026-07-14,MARKETPLACE,SKU-004,HOME,6,4140.00,993.60,102.26,2214.90,TWD
2026-07-14,MARKETPLACE,SKU-005,HOME,2,1580.00,379.20,78.05,916.40,TWD
2026-07-14,MARKETPLACE,SKU-006,CARE,2,1780.00,427.20,87.93,712.00,TWD
2026-07-14,MARKETPLACE,SKU-007,CARE,5,4950.00,1188.00,244.53,2202.75,TWD
2026-07-14,MARKETPLACE,SKU-008,CARE,8,8720.00,2092.80,430.77,4272.80,TWD
2026-07-14,MARKETPLACE,SKU-009,CARE,2,2380.00,571.20,117.57,1273.30,TWD
2026-07-14,MARKETPLACE,SKU-010,CARE,7,9030.00,2167.20,223.04,5237.40,TWD
2026-07-14,MARKETPLACE,SKU-011,ACCESSORIES,2,2780.00,667.20,68.67,1112.00,TWD
2026-07-14,MARKETPLACE,SKU-012,ACCESSORIES,5,7450.00,1788.00,368.03,3315.25,TWD
2026-07-14,MARKETPLACE,SKU-013,ACCESSORIES,2,3180.00,763.20,157.09,1558.20,TWD
2026-07-14,MARKETPLACE,SKU-014,ACCESSORIES,5,8450.00,2028.00,208.72,4520.75,TWD
2026-07-14,MARKETPLACE,SKU-015,ACCESSORIES,4,7160.00,1718.40,176.85,4152.80,TWD
2026-07-14,MARKETPLACE,SKU-016,ELECTRONICS,2,3780.00,907.20,280.10,1512.00,TWD
2026-07-14,MARKETPLACE,SKU-017,ELECTRONICS,4,7960.00,1910.40,589.84,3542.20,TWD
2026-07-14,MARKETPLACE,SKU-018,ELECTRONICS,5,10450.00,2508.00,258.12,5120.50,TWD
2026-07-14,MARKETPLACE,SKU-019,ELECTRONICS,5,11450.00,2748.00,565.63,6125.75,TWD
2026-07-14,MARKETPLACE,SKU-020,ELECTRONICS,5,12450.00,2988.00,307.52,7221.00,TWD
2026-07-15,DTC,SKU-001,HOME,5,1950.00,204.75,68.06,780.00,TWD
2026-07-15,DTC,SKU-002,HOME,5,2450.00,257.25,57.01,1090.25,TWD
2026-07-15,DTC,SKU-003,HOME,2,1180.00,123.90,13.73,578.20,TWD
2026-07-15,DTC,SKU-004,HOME,4,2760.00,289.80,32.11,1476.60,TWD
2026-07-15,DTC,SKU-005,HOME,3,2370.00,248.85,27.57,1374.60,TWD
2026-07-15,DTC,SKU-006,CARE,3,2670.00,280.35,31.07,1068.00,TWD
2026-07-15,DTC,SKU-007,CARE,5,4950.00,519.75,57.59,2202.75,TWD
2026-07-15,DTC,SKU-008,CARE,7,7630.00,801.15,88.78,3738.70,TWD
2026-07-15,DTC,SKU-009,CARE,6,7140.00,749.70,249.22,3819.90,TWD
2026-07-15,DTC,SKU-010,CARE,5,6450.00,677.25,75.05,3741.00,TWD
2026-07-15,DTC,SKU-011,ACCESSORIES,7,9730.00,1021.65,113.21,3892.00,TWD
2026-07-15,DTC,SKU-012,ACCESSORIES,4,5960.00,625.80,208.03,2652.20,TWD
2026-07-15,DTC,SKU-013,ACCESSORIES,5,7950.00,834.75,277.49,3895.50,TWD
2026-07-15,DTC,SKU-014,ACCESSORIES,7,11830.00,1242.15,412.93,6329.05,TWD
2026-07-15,DTC,SKU-015,ACCESSORIES,3,5370.00,563.85,62.48,3114.60,TWD
2026-07-15,DTC,SKU-016,ELECTRONICS,1,1890.00,198.45,43.98,756.00,TWD
2026-07-15,DTC,SKU-017,ELECTRONICS,2,3980.00,417.90,138.92,1771.10,TWD
2026-07-15,DTC,SKU-018,ELECTRONICS,1,2090.00,219.45,72.95,1024.10,TWD
2026-07-15,DTC,SKU-019,ELECTRONICS,5,11450.00,1202.25,399.66,6125.75,TWD
2026-07-15,DTC,SKU-020,ELECTRONICS,4,9960.00,1045.80,231.77,5776.80,TWD
2026-07-15,MARKETPLACE,SKU-001,HOME,7,2730.00,655.20,202.29,1092.00,TWD
2026-07-15,MARKETPLACE,SKU-002,HOME,7,3430.00,823.20,169.44,1526.35,TWD
2026-07-15,MARKETPLACE,SKU-003,HOME,5,2950.00,708.00,72.87,1445.50,TWD
2026-07-15,MARKETPLACE,SKU-004,HOME,6,4140.00,993.60,204.52,2214.90,TWD
2026-07-15,MARKETPLACE,SKU-005,HOME,5,3950.00,948.00,195.13,2291.00,TWD
2026-07-15,MARKETPLACE,SKU-006,CARE,4,3560.00,854.40,87.93,1424.00,TWD
2026-07-15,MARKETPLACE,SKU-007,CARE,4,3960.00,950.40,97.81,1762.20,TWD
2026-07-15,MARKETPLACE,SKU-008,CARE,4,4360.00,1046.40,107.69,2136.40,TWD
2026-07-15,MARKETPLACE,SKU-009,CARE,4,4760.00,1142.40,235.14,2546.60,TWD
2026-07-15,MARKETPLACE,SKU-010,CARE,3,3870.00,928.80,191.18,2244.60,TWD
2026-07-15,MARKETPLACE,SKU-011,ACCESSORIES,4,5560.00,1334.40,412.00,2224.00,TWD
2026-07-15,MARKETPLACE,SKU-012,ACCESSORIES,3,4470.00,1072.80,110.41,1989.15,TWD
2026-07-15,MARKETPLACE,SKU-013,ACCESSORIES,3,4770.00,1144.80,117.82,2337.30,TWD
2026-07-15,MARKETPLACE,SKU-014,ACCESSORIES,5,8450.00,2028.00,208.72,4520.75,TWD
2026-07-15,MARKETPLACE,SKU-015,ACCESSORIES,6,10740.00,2577.60,795.83,6229.20,TWD
2026-07-15,MARKETPLACE,SKU-016,ELECTRONICS,6,11340.00,2721.60,840.29,4536.00,TWD
2026-07-15,MARKETPLACE,SKU-017,ELECTRONICS,4,7960.00,1910.40,393.22,3542.20,TWD
2026-07-15,MARKETPLACE,SKU-018,ELECTRONICS,4,8360.00,2006.40,619.48,4096.40,TWD
2026-07-15,MARKETPLACE,SKU-019,ELECTRONICS,5,11450.00,2748.00,565.63,6125.75,TWD
2026-07-15,MARKETPLACE,SKU-020,ELECTRONICS,2,4980.00,1195.20,246.01,2888.40,TWD
2026-07-16,DTC,SKU-001,HOME,7,2730.00,286.65,63.53,1092.00,TWD
2026-07-16,DTC,SKU-002,HOME,2,980.00,102.90,34.21,436.10,TWD
2026-07-16,DTC,SKU-003,HOME,6,3540.00,371.70,82.38,1734.60,TWD
2026-07-16,DTC,SKU-004,HOME,6,4140.00,434.70,144.51,2214.90,TWD
2026-07-16,DTC,SKU-005,HOME,6,4740.00,497.70,55.15,2749.20,TWD
2026-07-16,DTC,SKU-006,CARE,5,4450.00,467.25,103.55,1780.00,TWD
2026-07-16,DTC,SKU-007,CARE,1,990.00,103.95,23.04,440.55,TWD
2026-07-16,DTC,SKU-008,CARE,1,1090.00,114.45,25.36,534.10,TWD
2026-07-16,DTC,SKU-009,CARE,4,4760.00,499.80,166.15,2546.60,TWD
2026-07-16,DTC,SKU-010,CARE,3,3870.00,406.35,90.05,2244.60,TWD
2026-07-16,DTC,SKU-011,ACCESSORIES,2,2780.00,291.90,32.35,1112.00,TWD
2026-07-16,DTC,SKU-012,ACCESSORIES,5,7450.00,782.25,86.68,3315.25,TWD
2026-07-16,DTC,SKU-013,ACCESSORIES,6,9540.00,1001.70,222.00,4674.60,TWD
2026-07-16,DTC,SKU-014,ACCESSORIES,4,6760.00,709.80,78.65,3616.60,TWD
2026-07-16,DTC,SKU-015,ACCESSORIES,1,1790.00,187.95,20.83,1038.20,TWD
2026-07-16,DTC,SKU-016,ELECTRONICS,6,11340.00,1190.70,263.88,4536.00,TWD
2026-07-16,DTC,SKU-017,ELECTRONICS,4,7960.00,835.80,185.23,3542.20,TWD
2026-07-16,DTC,SKU-018,ELECTRONICS,5,10450.00,1097.25,243.17,5120.50,TWD
2026-07-16,DTC,SKU-019,ELECTRONICS,2,4580.00,480.90,53.29,2450.30,TWD
2026-07-16,DTC,SKU-020,ELECTRONICS,4,9960.00,1045.80,347.65,5776.80,TWD
2026-07-16,MARKETPLACE,SKU-001,HOME,8,3120.00,748.80,154.13,1248.00,TWD
2026-07-16,MARKETPLACE,SKU-002,HOME,6,2940.00,705.60,145.24,1308.30,TWD
2026-07-16,MARKETPLACE,SKU-003,HOME,6,3540.00,849.60,262.31,1734.60,TWD
2026-07-16,MARKETPLACE,SKU-004,HOME,6,4140.00,993.60,306.77,2214.90,TWD
2026-07-16,MARKETPLACE,SKU-005,HOME,7,5530.00,1327.20,409.77,3207.40,TWD
2026-07-16,MARKETPLACE,SKU-006,CARE,6,5340.00,1281.60,131.90,2136.00,TWD
2026-07-16,MARKETPLACE,SKU-007,CARE,3,2970.00,712.80,73.36,1321.65,TWD
2026-07-16,MARKETPLACE,SKU-008,CARE,2,2180.00,523.20,161.54,1068.20,TWD
2026-07-16,MARKETPLACE,SKU-009,CARE,3,3570.00,856.80,88.18,1909.95,TWD
2026-07-16,MARKETPLACE,SKU-010,CARE,3,3870.00,928.80,286.77,2244.60,TWD
2026-07-16,MARKETPLACE,SKU-011,ACCESSORIES,6,8340.00,2001.60,412.00,3336.00,TWD
2026-07-16,MARKETPLACE,SKU-012,ACCESSORIES,3,4470.00,1072.80,110.41,1989.15,TWD
2026-07-16,MARKETPLACE,SKU-013,ACCESSORIES,3,4770.00,1144.80,353.46,2337.30,TWD
2026-07-16,MARKETPLACE,SKU-014,ACCESSORIES,4,6760.00,1622.40,333.94,3616.60,TWD
2026-07-16,MARKETPLACE,SKU-015,ACCESSORIES,3,5370.00,1288.80,397.92,3114.60,TWD
2026-07-16,MARKETPLACE,SKU-016,ELECTRONICS,6,11340.00,2721.60,560.20,4536.00,TWD
2026-07-16,MARKETPLACE,SKU-017,ELECTRONICS,7,13930.00,3343.20,688.14,6198.85,TWD
2026-07-16,MARKETPLACE,SKU-018,ELECTRONICS,2,4180.00,1003.20,103.25,2048.20,TWD
2026-07-16,MARKETPLACE,SKU-019,ELECTRONICS,8,18320.00,4396.80,905.01,9801.20,TWD
2026-07-16,MARKETPLACE,SKU-020,ELECTRONICS,2,4980.00,1195.20,369.02,2888.40,TWD
2026-07-17,DTC,SKU-001,HOME,7,2730.00,286.65,95.29,1092.00,TWD
2026-07-17,DTC,SKU-002,HOME,1,490.00,51.45,5.70,218.05,TWD
2026-07-17,DTC,SKU-003,HOME,1,590.00,61.95,13.73,289.10,TWD
2026-07-17,DTC,SKU-004,HOME,6,4140.00,434.70,96.34,2214.90,TWD
2026-07-17,DTC,SKU-005,HOME,6,4740.00,497.70,55.15,2749.20,TWD
2026-07-17,DTC,SKU-006,CARE,1,890.00,93.45,10.36,356.00,TWD
2026-07-17,DTC,SKU-007,CARE,1,990.00,103.95,23.04,440.55,TWD
2026-07-17,DTC,SKU-008,CARE,2,2180.00,228.90,50.73,1068.20,TWD
2026-07-17,DTC,SKU-009,CARE,3,3570.00,374.85,41.54,1909.95,TWD
2026-07-17,DTC,SKU-010,CARE,2,2580.00,270.90,60.04,1496.40,TWD
2026-07-17,DTC,SKU-011,ACCESSORIES,3,4170.00,437.85,145.55,1668.00,TWD
2026-07-17,DTC,SKU-012,ACCESSORIES,7,10430.00,1095.15,242.71,4641.35,TWD
2026-07-17,DTC,SKU-013,ACCESSORIES,5,7950.00,834.75,277.49,3895.50,TWD
2026-07-17,DTC,SKU-014,ACCESSORIES,5,8450.00,887.25,294.95,4520.75,TWD
2026-07-17,DTC,SKU-015,ACCESSORIES,6,10740.00,1127.70,374.88,6229.20,TWD
2026-07-17,DTC,SKU-016,ELECTRONICS,5,9450.00,992.25,109.95,3780.00,TWD
2026-07-17,DTC,SKU-017,ELECTRONICS,7,13930.00,1462.65,486.23,6198.85,TWD
2026-07-17,DTC,SKU-018,ELECTRONICS,1,2090.00,219.45,48.63,1024.10,TWD
2026-07-17,DTC,SKU-019,ELECTRONICS,3,6870.00,721.35,79.93,3675.45,TWD
2026-07-17,DTC,SKU-020,ELECTRONICS,5,12450.00,1307.25,434.57,7221.00,TWD
2026-07-17,MARKETPLACE,SKU-001,HOME,3,1170.00,280.80,57.80,468.00,TWD
2026-07-17,MARKETPLACE,SKU-002,HOME,3,1470.00,352.80,72.62,654.15,TWD
2026-07-17,MARKETPLACE,SKU-003,HOME,2,1180.00,283.20,58.29,578.20,TWD
2026-07-17,MARKETPLACE,SKU-004,HOME,4,2760.00,662.40,136.34,1476.60,TWD
2026-07-17,MARKETPLACE,SKU-005,HOME,8,6320.00,1516.80,156.10,3665.60,TWD
2026-07-17,MARKETPLACE,SKU-006,CARE,2,1780.00,427.20,87.93,712.00,TWD
2026-07-17,MARKETPLACE,SKU-007,CARE,7,6930.00,1663.20,171.17,3083.85,TWD
2026-07-17,MARKETPLACE,SKU-008,CARE,4,4360.00,1046.40,323.08,2136.40,TWD
2026-07-17,MARKETPLACE,SKU-009,CARE,4,4760.00,1142.40,117.57,2546.60,TWD
2026-07-17,MARKETPLACE,SKU-010,CARE,6,7740.00,1857.60,191.18,4489.20,TWD
2026-07-17,MARKETPLACE,SKU-011,ACCESSORIES,5,6950.00,1668.00,515.00,2780.00,TWD
2026-07-17,MARKETPLACE,SKU-012,ACCESSORIES,3,4470.00,1072.80,110.41,1989.15,TWD
2026-07-17,MARKETPLACE,SKU-013,ACCESSORIES,8,12720.00,3052.80,942.55,6232.80,TWD
2026-07-17,MARKETPLACE,SKU-014,ACCESSORIES,4,6760.00,1622.40,166.97,3616.60,TWD
2026-07-17,MARKETPLACE,SKU-015,ACCESSORIES,3,5370.00,1288.80,265.28,3114.60,TWD
2026-07-17,MARKETPLACE,SKU-016,ELECTRONICS,7,13230.00,3175.20,980.34,5292.00,TWD
2026-07-17,MARKETPLACE,SKU-017,ELECTRONICS,2,3980.00,955.20,294.92,1771.10,TWD
2026-07-17,MARKETPLACE,SKU-018,ELECTRONICS,4,8360.00,2006.40,412.98,4096.40,TWD
2026-07-17,MARKETPLACE,SKU-019,ELECTRONICS,5,11450.00,2748.00,565.63,6125.75,TWD
2026-07-17,MARKETPLACE,SKU-020,ELECTRONICS,6,14940.00,3585.60,738.04,8665.20,TWD
2026-07-18,DTC,SKU-001,HOME,4,1560.00,163.80,18.15,624.00,TWD
2026-07-18,DTC,SKU-002,HOME,6,2940.00,308.70,68.41,1308.30,TWD
2026-07-18,DTC,SKU-003,HOME,3,1770.00,185.85,61.78,867.30,TWD
2026-07-18,DTC,SKU-004,HOME,4,2760.00,289.80,32.11,1476.60,TWD
2026-07-18,DTC,SKU-005,HOME,7,5530.00,580.65,128.68,3207.40,TWD
2026-07-18,DTC,SKU-006,CARE,4,3560.00,373.80,124.26,1424.00,TWD
2026-07-18,DTC,SKU-007,CARE,3,2970.00,311.85,69.11,1321.65,TWD
2026-07-18,DTC,SKU-008,CARE,5,5450.00,572.25,126.82,2670.50,TWD
2026-07-18,DTC,SKU-009,CARE,5,5950.00,624.75,69.23,3183.25,TWD
2026-07-18,DTC,SKU-010,CARE,1,1290.00,135.45,15.01,748.20,TWD
2026-07-18,DTC,SKU-011,ACCESSORIES,7,9730.00,1021.65,113.21,3892.00,TWD
2026-07-18,DTC,SKU-012,ACCESSORIES,5,7450.00,782.25,260.04,3315.25,TWD
2026-07-18,DTC,SKU-013,ACCESSORIES,3,4770.00,500.85,166.50,2337.30,TWD
2026-07-18,DTC,SKU-014,ACCESSORIES,6,10140.00,1064.70,235.96,5424.90,TWD
2026-07-18,DTC,SKU-015,ACCESSORIES,3,5370.00,563.85,187.44,3114.60,TWD
2026-07-18,DTC,SKU-016,ELECTRONICS,3,5670.00,595.35,131.94,2268.00,TWD
2026-07-18,DTC,SKU-017,ELECTRONICS,1,1990.00,208.95,69.46,885.55,TWD
2026-07-18,DTC,SKU-018,ELECTRONICS,5,10450.00,1097.25,121.59,5120.50,TWD
2026-07-18,DTC,SKU-019,ELECTRONICS,6,13740.00,1442.70,479.59,7350.90,TWD
2026-07-18,DTC,SKU-020,ELECTRONICS,5,12450.00,1307.25,144.86,7221.00,TWD
2026-07-18,MARKETPLACE,SKU-001,HOME,4,1560.00,374.40,38.53,624.00,TWD
2026-07-18,MARKETPLACE,SKU-002,HOME,5,2450.00,588.00,60.52,1090.25,TWD
2026-07-18,MARKETPLACE,SKU-003,HOME,4,2360.00,566.40,174.88,1156.40,TWD
2026-07-18,MARKETPLACE,SKU-004,HOME,6,4140.00,993.60,102.26,2214.90,TWD
2026-07-18,MARKETPLACE,SKU-005,HOME,7,5530.00,1327.20,409.77,3207.40,TWD
2026-07-18,MARKETPLACE,SKU-006,CARE,2,1780.00,427.20,87.93,712.00,TWD
2026-07-18,MARKETPLACE,SKU-007,CARE,2,1980.00,475.20,48.91,881.10,TWD
2026-07-18,MARKETPLACE,SKU-008,CARE,2,2180.00,523.20,107.69,1068.20,TWD
2026-07-18,MARKETPLACE,SKU-009,CARE,5,5950.00,1428.00,146.97,3183.25,TWD
2026-07-18,MARKETPLACE,SKU-010,CARE,5,6450.00,1548.00,318.63,3741.00,TWD
2026-07-18,MARKETPLACE,SKU-011,ACCESSORIES,8,11120.00,2668.80,549.33,4448.00,TWD
2026-07-18,MARKETPLACE,SKU-012,ACCESSORIES,2,2980.00,715.20,220.82,1326.10,TWD
2026-07-18,MARKETPLACE,SKU-013,ACCESSORIES,2,3180.00,763.20,78.55,1558.20,TWD
2026-07-18,MARKETPLACE,SKU-014,ACCESSORIES,6,10140.00,2433.60,500.92,5424.90,TWD
2026-07-18,MARKETPLACE,SKU-015,ACCESSORIES,7,12530.00,3007.20,618.98,7267.40,TWD
2026-07-18,MARKETPLACE,SKU-016,ELECTRONICS,7,13230.00,3175.20,653.56,5292.00,TWD
2026-07-18,MARKETPLACE,SKU-017,ELECTRONICS,6,11940.00,2865.60,884.75,5313.30,TWD
2026-07-18,MARKETPLACE,SKU-018,ELECTRONICS,4,8360.00,2006.40,206.49,4096.40,TWD
2026-07-18,MARKETPLACE,SKU-019,ELECTRONICS,6,13740.00,3297.60,1018.13,7350.90,TWD
2026-07-18,MARKETPLACE,SKU-020,ELECTRONICS,5,12450.00,2988.00,922.55,7221.00,TWD
2026-07-19,DTC,SKU-001,HOME,7,2730.00,286.65,95.29,1092.00,TWD
2026-07-19,DTC,SKU-002,HOME,6,2940.00,308.70,34.21,1308.30,TWD
2026-07-19,DTC,SKU-003,HOME,5,2950.00,309.75,102.97,1445.50,TWD
2026-07-19,DTC,SKU-004,HOME,4,2760.00,289.80,32.11,1476.60,TWD
2026-07-19,DTC,SKU-005,HOME,6,4740.00,497.70,110.30,2749.20,TWD
2026-07-19,DTC,SKU-006,CARE,6,5340.00,560.70,62.13,2136.00,TWD
2026-07-19,DTC,SKU-007,CARE,7,6930.00,727.65,161.26,3083.85,TWD
2026-07-19,DTC,SKU-008,CARE,1,1090.00,114.45,12.68,534.10,TWD
2026-07-19,DTC,SKU-009,CARE,1,1190.00,124.95,41.54,636.65,TWD
2026-07-19,DTC,SKU-010,CARE,1,1290.00,135.45,15.01,748.20,TWD
2026-07-19,DTC,SKU-011,ACCESSORIES,7,9730.00,1021.65,339.63,3892.00,TWD
2026-07-19,DTC,SKU-012,ACCESSORIES,5,7450.00,782.25,260.04,3315.25,TWD
2026-07-19,DTC,SKU-013,ACCESSORIES,2,3180.00,333.90,37.00,1558.20,TWD
2026-07-19,DTC,SKU-014,ACCESSORIES,4,6760.00,709.80,157.31,3616.60,TWD
2026-07-19,DTC,SKU-015,ACCESSORIES,5,8950.00,939.75,104.13,5191.00,TWD
2026-07-19,DTC,SKU-016,ELECTRONICS,1,1890.00,198.45,43.98,756.00,TWD
2026-07-19,DTC,SKU-017,ELECTRONICS,5,9950.00,1044.75,347.30,4427.75,TWD
2026-07-19,DTC,SKU-018,ELECTRONICS,1,2090.00,219.45,72.95,1024.10,TWD
2026-07-19,DTC,SKU-019,ELECTRONICS,2,4580.00,480.90,159.86,2450.30,TWD
2026-07-19,DTC,SKU-020,ELECTRONICS,4,9960.00,1045.80,115.88,5776.80,TWD
2026-07-19,MARKETPLACE,SKU-001,HOME,3,1170.00,280.80,57.80,468.00,TWD
2026-07-19,MARKETPLACE,SKU-002,HOME,2,980.00,235.20,48.41,436.10,TWD
2026-07-19,MARKETPLACE,SKU-003,HOME,3,1770.00,424.80,43.72,867.30,TWD
2026-07-19,MARKETPLACE,SKU-004,HOME,7,4830.00,1159.20,357.90,2584.05,TWD
2026-07-19,MARKETPLACE,SKU-005,HOME,5,3950.00,948.00,97.57,2291.00,TWD
2026-07-19,MARKETPLACE,SKU-006,CARE,6,5340.00,1281.60,395.69,2136.00,TWD
2026-07-19,MARKETPLACE,SKU-007,CARE,3,2970.00,712.80,146.72,1321.65,TWD
2026-07-19,MARKETPLACE,SKU-008,CARE,4,4360.00,1046.40,107.69,2136.40,TWD
2026-07-19,MARKETPLACE,SKU-009,CARE,6,7140.00,1713.60,352.72,3819.90,TWD
2026-07-19,MARKETPLACE,SKU-010,CARE,6,7740.00,1857.60,191.18,4489.20,TWD
2026-07-19,MARKETPLACE,SKU-011,ACCESSORIES,4,5560.00,1334.40,412.00,2224.00,TWD
2026-07-19,MARKETPLACE,SKU-012,ACCESSORIES,2,2980.00,715.20,147.21,1326.10,TWD
2026-07-19,MARKETPLACE,SKU-013,ACCESSORIES,8,12720.00,3052.80,942.55,6232.80,TWD
2026-07-19,MARKETPLACE,SKU-014,ACCESSORIES,8,13520.00,3244.80,667.89,7233.20,TWD
2026-07-19,MARKETPLACE,SKU-015,ACCESSORIES,4,7160.00,1718.40,530.56,4152.80,TWD
2026-07-19,MARKETPLACE,SKU-016,ELECTRONICS,3,5670.00,1360.80,420.15,2268.00,TWD
2026-07-19,MARKETPLACE,SKU-017,ELECTRONICS,2,3980.00,955.20,196.61,1771.10,TWD
2026-07-19,MARKETPLACE,SKU-018,ELECTRONICS,2,4180.00,1003.20,103.25,2048.20,TWD
2026-07-19,MARKETPLACE,SKU-019,ELECTRONICS,7,16030.00,3847.20,791.88,8576.05,TWD
2026-07-19,MARKETPLACE,SKU-020,ELECTRONICS,5,12450.00,2988.00,922.55,7221.00,TWD
2026-07-20,DTC,SKU-001,HOME,2,780.00,81.90,18.15,312.00,TWD
2026-07-20,DTC,SKU-002,HOME,3,1470.00,154.35,34.21,654.15,TWD
2026-07-20,DTC,SKU-003,HOME,1,590.00,61.95,13.73,289.10,TWD
2026-07-20,DTC,SKU-004,HOME,2,1380.00,144.90,32.11,738.30,TWD
2026-07-20,DTC,SKU-005,HOME,4,3160.00,331.80,36.77,1832.80,TWD
2026-07-20,DTC,SKU-006,CARE,4,3560.00,373.80,82.84,1424.00,TWD
2026-07-20,DTC,SKU-007,CARE,1,990.00,103.95,11.52,440.55,TWD
2026-07-20,DTC,SKU-008,CARE,2,2180.00,228.90,50.73,1068.20,TWD
2026-07-20,DTC,SKU-009,CARE,4,4760.00,499.80,166.15,2546.60,TWD
2026-07-20,DTC,SKU-010,CARE,3,3870.00,406.35,45.03,2244.60,TWD
2026-07-20,DTC,SKU-011,ACCESSORIES,6,8340.00,875.70,194.07,3336.00,TWD
2026-07-20,DTC,SKU-012,ACCESSORIES,3,4470.00,469.35,52.01,1989.15,TWD
2026-07-20,DTC,SKU-013,ACCESSORIES,4,6360.00,667.80,222.00,3116.40,TWD
2026-07-20,DTC,SKU-014,ACCESSORIES,4,6760.00,709.80,157.31,3616.60,TWD
2026-07-20,DTC,SKU-015,ACCESSORIES,2,3580.00,375.90,83.31,2076.40,TWD
2026-07-20,DTC,SKU-016,ELECTRONICS,4,7560.00,793.80,263.88,3024.00,TWD
2026-07-20,DTC,SKU-017,ELECTRONICS,6,11940.00,1253.70,138.92,5313.30,TWD
2026-07-20,DTC,SKU-018,ELECTRONICS,1,2090.00,219.45,72.95,1024.10,TWD
2026-07-20,DTC,SKU-019,ELECTRONICS,4,9160.00,961.80,106.58,4900.60,TWD
2026-07-20,DTC,SKU-020,ELECTRONICS,2,4980.00,522.90,173.83,2888.40,TWD
2026-07-20,MARKETPLACE,SKU-001,HOME,6,2340.00,561.60,57.80,936.00,TWD
2026-07-20,MARKETPLACE,SKU-002,HOME,3,1470.00,352.80,108.93,654.15,TWD
2026-07-20,MARKETPLACE,SKU-003,HOME,3,1770.00,424.80,131.16,867.30,TWD
2026-07-20,MARKETPLACE,SKU-004,HOME,3,2070.00,496.80,153.39,1107.45,TWD
2026-07-20,MARKETPLACE,SKU-005,HOME,3,2370.00,568.80,58.54,1374.60,TWD
2026-07-20,MARKETPLACE,SKU-006,CARE,8,7120.00,1708.80,527.59,2848.00,TWD
2026-07-20,MARKETPLACE,SKU-007,CARE,3,2970.00,712.80,220.08,1321.65,TWD
2026-07-20,MARKETPLACE,SKU-008,CARE,2,2180.00,523.20,107.69,1068.20,TWD
2026-07-20,MARKETPLACE,SKU-009,CARE,3,3570.00,856.80,176.36,1909.95,TWD
2026-07-20,MARKETPLACE,SKU-010,CARE,5,6450.00,1548.00,318.63,3741.00,TWD
2026-07-20,MARKETPLACE,SKU-011,ACCESSORIES,4,5560.00,1334.40,274.66,2224.00,TWD
2026-07-20,MARKETPLACE,SKU-012,ACCESSORIES,7,10430.00,2503.20,772.86,4641.35,TWD
2026-07-20,MARKETPLACE,SKU-013,ACCESSORIES,6,9540.00,2289.60,235.64,4674.60,TWD
2026-07-20,MARKETPLACE,SKU-014,ACCESSORIES,5,8450.00,2028.00,208.72,4520.75,TWD
2026-07-20,MARKETPLACE,SKU-015,ACCESSORIES,4,7160.00,1718.40,176.85,4152.80,TWD
2026-07-20,MARKETPLACE,SKU-016,ELECTRONICS,2,3780.00,907.20,186.73,1512.00,TWD
2026-07-20,MARKETPLACE,SKU-017,ELECTRONICS,2,3980.00,955.20,196.61,1771.10,TWD
2026-07-20,MARKETPLACE,SKU-018,ELECTRONICS,3,6270.00,1504.80,154.87,3072.30,TWD
2026-07-20,MARKETPLACE,SKU-019,ELECTRONICS,8,18320.00,4396.80,1357.51,9801.20,TWD
2026-07-20,MARKETPLACE,SKU-020,ELECTRONICS,3,7470.00,1792.80,553.53,4332.60,TWD
2026-07-21,DTC,SKU-001,HOME,3,1170.00,122.85,27.23,468.00,TWD
2026-07-21,DTC,SKU-002,HOME,6,2940.00,308.70,102.62,1308.30,TWD
2026-07-21,DTC,SKU-003,HOME,2,1180.00,123.90,41.19,578.20,TWD
2026-07-21,DTC,SKU-004,HOME,7,4830.00,507.15,112.39,2584.05,TWD
2026-07-21,DTC,SKU-005,HOME,5,3950.00,414.75,45.96,2291.00,TWD
2026-07-21,DTC,SKU-006,CARE,2,1780.00,186.90,62.13,712.00,TWD
2026-07-21,DTC,SKU-007,CARE,1,990.00,103.95,11.52,440.55,TWD
2026-07-21,DTC,SKU-008,CARE,4,4360.00,457.80,152.19,2136.40,TWD
2026-07-21,DTC,SKU-009,CARE,1,1190.00,124.95,27.69,636.65,TWD
2026-07-21,DTC,SKU-010,CARE,7,9030.00,948.15,105.06,5237.40,TWD
2026-07-21,DTC,SKU-011,ACCESSORIES,3,4170.00,437.85,97.04,1668.00,TWD
2026-07-21,DTC,SKU-012,ACCESSORIES,3,4470.00,469.35,52.01,1989.15,TWD
2026-07-21,DTC,SKU-013,ACCESSORIES,3,4770.00,500.85,166.50,2337.30,TWD
2026-07-21,DTC,SKU-014,ACCESSORIES,6,10140.00,1064.70,235.96,5424.90,TWD
2026-07-21,DTC,SKU-015,ACCESSORIES,6,10740.00,1127.70,374.88,6229.20,TWD
2026-07-21,DTC,SKU-016,ELECTRONICS,1,1890.00,198.45,43.98,756.00,TWD
2026-07-21,DTC,SKU-017,ELECTRONICS,4,7960.00,835.80,92.61,3542.20,TWD
2026-07-21,DTC,SKU-018,ELECTRONICS,1,2090.00,219.45,48.63,1024.10,TWD
2026-07-21,DTC,SKU-019,ELECTRONICS,1,2290.00,240.45,26.64,1225.15,TWD
2026-07-21,DTC,SKU-020,ELECTRONICS,4,9960.00,1045.80,347.65,5776.80,TWD
2026-07-21,MARKETPLACE,SKU-001,HOME,7,2730.00,655.20,202.29,1092.00,TWD
2026-07-21,MARKETPLACE,SKU-002,HOME,3,1470.00,352.80,108.93,654.15,TWD
2026-07-21,MARKETPLACE,SKU-003,HOME,8,4720.00,1132.80,116.58,2312.80,TWD
2026-07-21,MARKETPLACE,SKU-004,HOME,2,1380.00,331.20,68.17,738.30,TWD
2026-07-21,MARKETPLACE,SKU-005,HOME,7,5530.00,1327.20,136.59,3207.40,TWD
2026-07-21,MARKETPLACE,SKU-006,CARE,6,5340.00,1281.60,263.80,2136.00,TWD
2026-07-21,MARKETPLACE,SKU-007,CARE,7,6930.00,1663.20,513.51,3083.85,TWD
2026-07-21,MARKETPLACE,SKU-008,CARE,7,7630.00,1831.20,376.92,3738.70,TWD
2026-07-21,MARKETPLACE,SKU-009,CARE,6,7140.00,1713.60,352.72,3819.90,TWD
2026-07-21,MARKETPLACE,SKU-010,CARE,2,2580.00,619.20,63.73,1496.40,TWD
2026-07-21,MARKETPLACE,SKU-011,ACCESSORIES,3,4170.00,1000.80,206.00,1668.00,TWD
2026-07-21,MARKETPLACE,SKU-012,ACCESSORIES,7,10430.00,2503.20,515.24,4641.35,TWD
2026-07-21,MARKETPLACE,SKU-013,ACCESSORIES,8,12720.00,3052.80,314.18,6232.80,TWD
2026-07-21,MARKETPLACE,SKU-014,ACCESSORIES,4,6760.00,1622.40,333.94,3616.60,TWD
2026-07-21,MARKETPLACE,SKU-015,ACCESSORIES,5,8950.00,2148.00,221.07,5191.00,TWD
2026-07-21,MARKETPLACE,SKU-016,ELECTRONICS,7,13230.00,3175.20,326.78,5292.00,TWD
2026-07-21,MARKETPLACE,SKU-017,ELECTRONICS,4,7960.00,1910.40,589.84,3542.20,TWD
2026-07-21,MARKETPLACE,SKU-018,ELECTRONICS,3,6270.00,1504.80,154.87,3072.30,TWD
2026-07-21,MARKETPLACE,SKU-019,ELECTRONICS,3,6870.00,1648.80,339.38,3675.45,TWD
2026-07-21,MARKETPLACE,SKU-020,ELECTRONICS,2,4980.00,1195.20,246.01,2888.40,TWD
2026-07-22,DTC,SKU-001,HOME,2,780.00,81.90,18.15,312.00,TWD
2026-07-22,DTC,SKU-002,HOME,3,1470.00,154.35,17.10,654.15,TWD
2026-07-22,DTC,SKU-003,HOME,2,1180.00,123.90,13.73,578.20,TWD
2026-07-22,DTC,SKU-004,HOME,4,2760.00,289.80,64.23,1476.60,TWD
2026-07-22,DTC,SKU-005,HOME,4,3160.00,331.80,36.77,1832.80,TWD
2026-07-22,DTC,SKU-006,CARE,7,6230.00,654.15,144.97,2492.00,TWD
2026-07-22,DTC,SKU-007,CARE,7,6930.00,727.65,80.63,3083.85,TWD
2026-07-22,DTC,SKU-008,CARE,5,5450.00,572.25,63.41,2670.50,TWD
2026-07-22,DTC,SKU-009,CARE,3,3570.00,374.85,41.54,1909.95,TWD
2026-07-22,DTC,SKU-010,CARE,4,5160.00,541.80,60.04,2992.80,TWD
2026-07-22,DTC,SKU-011,ACCESSORIES,1,1390.00,145.95,48.52,556.00,TWD
2026-07-22,DTC,SKU-012,ACCESSORIES,4,5960.00,625.80,208.03,2652.20,TWD
2026-07-22,DTC,SKU-013,ACCESSORIES,5,7950.00,834.75,92.50,3895.50,TWD
2026-07-22,DTC,SKU-014,ACCESSORIES,2,3380.00,354.90,117.98,1808.30,TWD
2026-07-22,DTC,SKU-015,ACCESSORIES,3,5370.00,563.85,187.44,3114.60,TWD
2026-07-22,DTC,SKU-016,ELECTRONICS,2,3780.00,396.90,131.94,1512.00,TWD
2026-07-22,DTC,SKU-017,ELECTRONICS,4,7960.00,835.80,277.84,3542.20,TWD
2026-07-22,DTC,SKU-018,ELECTRONICS,3,6270.00,658.35,218.85,3072.30,TWD
2026-07-22,DTC,SKU-019,ELECTRONICS,1,2290.00,240.45,53.29,1225.15,TWD
2026-07-22,DTC,SKU-020,ELECTRONICS,1,2490.00,261.45,57.94,1444.20,TWD
2026-07-22,MARKETPLACE,SKU-001,HOME,4,1560.00,374.40,38.53,624.00,TWD
2026-07-22,MARKETPLACE,SKU-002,HOME,5,2450.00,588.00,121.03,1090.25,TWD
2026-07-22,MARKETPLACE,SKU-003,HOME,2,1180.00,283.20,58.29,578.20,TWD
2026-07-22,MARKETPLACE,SKU-004,HOME,8,5520.00,1324.80,409.03,2953.20,TWD
2026-07-22,MARKETPLACE,SKU-005,HOME,8,6320.00,1516.80,156.10,3665.60,TWD
2026-07-22,MARKETPLACE,SKU-006,CARE,6,5340.00,1281.60,263.80,2136.00,TWD
2026-07-22,MARKETPLACE,SKU-007,CARE,6,5940.00,1425.60,146.72,2643.30,TWD
2026-07-22,MARKETPLACE,SKU-008,CARE,3,3270.00,784.80,161.54,1602.30,TWD
2026-07-22,MARKETPLACE,SKU-009,CARE,8,9520.00,2284.80,235.14,5093.20,TWD
2026-07-22,MARKETPLACE,SKU-010,CARE,5,6450.00,1548.00,318.63,3741.00,TWD
2026-07-22,MARKETPLACE,SKU-011,ACCESSORIES,6,8340.00,2001.60,617.99,3336.00,TWD
2026-07-22,MARKETPLACE,SKU-012,ACCESSORIES,5,7450.00,1788.00,184.02,3315.25,TWD
2026-07-22,MARKETPLACE,SKU-013,ACCESSORIES,2,3180.00,763.20,157.09,1558.20,TWD
2026-07-22,MARKETPLACE,SKU-014,ACCESSORIES,7,11830.00,2839.20,584.40,6329.05,TWD
2026-07-22,MARKETPLACE,SKU-015,ACCESSORIES,7,12530.00,3007.20,309.49,7267.40,TWD
2026-07-22,MARKETPLACE,SKU-016,ELECTRONICS,5,9450.00,2268.00,466.83,3780.00,TWD
2026-07-22,MARKETPLACE,SKU-017,ELECTRONICS,2,3980.00,955.20,196.61,1771.10,TWD
2026-07-22,MARKETPLACE,SKU-018,ELECTRONICS,3,6270.00,1504.80,309.74,3072.30,TWD
2026-07-22,MARKETPLACE,SKU-019,ELECTRONICS,2,4580.00,1099.20,226.25,2450.30,TWD
2026-07-22,MARKETPLACE,SKU-020,ELECTRONICS,2,4980.00,1195.20,123.01,2888.40,TWD
2026-07-23,DTC,SKU-001,HOME,1,390.00,40.95,13.61,156.00,TWD
2026-07-23,DTC,SKU-002,HOME,3,1470.00,154.35,17.10,654.15,TWD
2026-07-23,DTC,SKU-003,HOME,4,2360.00,247.80,54.92,1156.40,TWD
2026-07-23,DTC,SKU-004,HOME,2,1380.00,144.90,48.17,738.30,TWD
2026-07-23,DTC,SKU-005,HOME,5,3950.00,414.75,91.92,2291.00,TWD
2026-07-23,DTC,SKU-006,CARE,1,890.00,93.45,31.07,356.00,TWD
2026-07-23,DTC,SKU-007,CARE,5,4950.00,519.75,57.59,2202.75,TWD
2026-07-23,DTC,SKU-008,CARE,2,2180.00,228.90,25.36,1068.20,TWD
2026-07-23,DTC,SKU-009,CARE,7,8330.00,874.65,290.76,4456.55,TWD
2026-07-23,DTC,SKU-010,CARE,6,7740.00,812.70,270.16,4489.20,TWD
2026-07-23,DTC,SKU-011,ACCESSORIES,5,6950.00,729.75,242.59,2780.00,TWD
2026-07-23,DTC,SKU-012,ACCESSORIES,3,4470.00,469.35,104.02,1989.15,TWD
2026-07-23,DTC,SKU-013,ACCESSORIES,3,4770.00,500.85,166.50,2337.30,TWD
2026-07-23,DTC,SKU-014,ACCESSORIES,5,8450.00,887.25,294.95,4520.75,TWD
2026-07-23,DTC,SKU-015,ACCESSORIES,2,3580.00,375.90,83.31,2076.40,TWD
2026-07-23,DTC,SKU-016,ELECTRONICS,5,9450.00,992.25,219.90,3780.00,TWD
2026-07-23,DTC,SKU-017,ELECTRONICS,4,7960.00,835.80,185.23,3542.20,TWD
2026-07-23,DTC,SKU-018,ELECTRONICS,2,4180.00,438.90,145.90,2048.20,TWD
2026-07-23,DTC,SKU-019,ELECTRONICS,2,4580.00,480.90,106.58,2450.30,TWD
2026-07-23,DTC,SKU-020,ELECTRONICS,1,2490.00,261.45,86.91,1444.20,TWD
2026-07-23,MARKETPLACE,SKU-001,HOME,2,780.00,187.20,38.53,312.00,TWD
2026-07-23,MARKETPLACE,SKU-002,HOME,3,1470.00,352.80,108.93,654.15,TWD
2026-07-23,MARKETPLACE,SKU-003,HOME,7,4130.00,991.20,102.01,2023.70,TWD
2026-07-23,MARKETPLACE,SKU-004,HOME,8,5520.00,1324.80,136.34,2953.20,TWD
2026-07-23,MARKETPLACE,SKU-005,HOME,7,5530.00,1327.20,273.18,3207.40,TWD
2026-07-23,MARKETPLACE,SKU-006,CARE,2,1780.00,427.20,87.93,712.00,TWD
2026-07-23,MARKETPLACE,SKU-007,CARE,2,1980.00,475.20,146.72,881.10,TWD
2026-07-23,MARKETPLACE,SKU-008,CARE,7,7630.00,1831.20,565.38,3738.70,TWD
2026-07-23,MARKETPLACE,SKU-009,CARE,7,8330.00,1999.20,205.75,4456.55,TWD
2026-07-23,MARKETPLACE,SKU-010,CARE,8,10320.00,2476.80,509.81,5985.60,TWD
2026-07-23,MARKETPLACE,SKU-011,ACCESSORIES,6,8340.00,2001.60,617.99,3336.00,TWD
2026-07-23,MARKETPLACE,SKU-012,ACCESSORIES,6,8940.00,2145.60,220.82,3978.30,TWD
2026-07-23,MARKETPLACE,SKU-013,ACCESSORIES,6,9540.00,2289.60,706.91,4674.60,TWD
2026-07-23,MARKETPLACE,SKU-014,ACCESSORIES,5,8450.00,2028.00,626.15,4520.75,TWD
2026-07-23,MARKETPLACE,SKU-015,ACCESSORIES,6,10740.00,2577.60,265.28,6229.20,TWD
2026-07-23,MARKETPLACE,SKU-016,ELECTRONICS,8,15120.00,3628.80,746.93,6048.00,TWD
2026-07-23,MARKETPLACE,SKU-017,ELECTRONICS,5,9950.00,2388.00,245.77,4427.75,TWD
2026-07-23,MARKETPLACE,SKU-018,ELECTRONICS,7,14630.00,3511.20,722.72,7168.70,TWD
2026-07-23,MARKETPLACE,SKU-019,ELECTRONICS,7,16030.00,3847.20,791.88,8576.05,TWD
2026-07-23,MARKETPLACE,SKU-020,ELECTRONICS,3,7470.00,1792.80,553.53,4332.60,TWD
2026-07-24,DTC,SKU-001,HOME,2,780.00,81.90,9.08,312.00,TWD
2026-07-24,DTC,SKU-002,HOME,4,1960.00,205.80,45.61,872.20,TWD
2026-07-24,DTC,SKU-003,HOME,4,2360.00,247.80,82.38,1156.40,TWD
2026-07-24,DTC,SKU-004,HOME,1,690.00,72.45,24.08,369.15,TWD
2026-07-24,DTC,SKU-005,HOME,2,1580.00,165.90,36.77,916.40,TWD
2026-07-24,DTC,SKU-006,CARE,2,1780.00,186.90,20.71,712.00,TWD
2026-07-24,DTC,SKU-007,CARE,3,2970.00,311.85,103.67,1321.65,TWD
2026-07-24,DTC,SKU-008,CARE,3,3270.00,343.35,38.05,1602.30,TWD
2026-07-24,DTC,SKU-009,CARE,7,8330.00,874.65,193.84,4456.55,TWD
2026-07-24,DTC,SKU-010,CARE,7,9030.00,948.15,105.06,5237.40,TWD
2026-07-24,DTC,SKU-011,ACCESSORIES,5,6950.00,729.75,242.59,2780.00,TWD
2026-07-24,DTC,SKU-012,ACCESSORIES,1,1490.00,156.45,17.34,663.05,TWD
2026-07-24,DTC,SKU-013,ACCESSORIES,4,6360.00,667.80,148.00,3116.40,TWD
2026-07-24,DTC,SKU-014,ACCESSORIES,7,11830.00,1242.15,137.64,6329.05,TWD
2026-07-24,DTC,SKU-015,ACCESSORIES,2,3580.00,375.90,124.96,2076.40,TWD
2026-07-24,DTC,SKU-016,ELECTRONICS,1,1890.00,198.45,65.97,756.00,TWD
2026-07-24,DTC,SKU-017,ELECTRONICS,6,11940.00,1253.70,277.84,5313.30,TWD
2026-07-24,DTC,SKU-018,ELECTRONICS,4,8360.00,877.80,194.54,4096.40,TWD
2026-07-24,DTC,SKU-019,ELECTRONICS,2,4580.00,480.90,53.29,2450.30,TWD
2026-07-24,DTC,SKU-020,ELECTRONICS,3,7470.00,784.35,260.74,4332.60,TWD
2026-07-24,MARKETPLACE,SKU-001,HOME,2,780.00,187.20,38.53,312.00,TWD
2026-07-24,MARKETPLACE,SKU-002,HOME,7,3430.00,823.20,254.16,1526.35,TWD
2026-07-24,MARKETPLACE,SKU-003,HOME,4,2360.00,566.40,58.29,1156.40,TWD
2026-07-24,MARKETPLACE,SKU-004,HOME,3,2070.00,496.80,153.39,1107.45,TWD
2026-07-24,MARKETPLACE,SKU-005,HOME,3,2370.00,568.80,58.54,1374.60,TWD
2026-07-24,MARKETPLACE,SKU-006,CARE,7,6230.00,1495.20,153.88,2492.00,TWD
2026-07-24,MARKETPLACE,SKU-007,CARE,3,2970.00,712.80,73.36,1321.65,TWD
2026-07-24,MARKETPLACE,SKU-008,CARE,7,7630.00,1831.20,188.46,3738.70,TWD
2026-07-24,MARKETPLACE,SKU-009,CARE,2,2380.00,571.20,176.36,1273.30,TWD
2026-07-24,MARKETPLACE,SKU-010,CARE,2,2580.00,619.20,191.18,1496.40,TWD
2026-07-24,MARKETPLACE,SKU-011,ACCESSORIES,5,6950.00,1668.00,515.00,2780.00,TWD
2026-07-24,MARKETPLACE,SKU-012,ACCESSORIES,3,4470.00,1072.80,110.41,1989.15,TWD
2026-07-24,MARKETPLACE,SKU-013,ACCESSORIES,6,9540.00,2289.60,706.91,4674.60,TWD
2026-07-24,MARKETPLACE,SKU-014,ACCESSORIES,2,3380.00,811.20,166.97,1808.30,TWD
2026-07-24,MARKETPLACE,SKU-015,ACCESSORIES,3,5370.00,1288.80,265.28,3114.60,TWD
2026-07-24,MARKETPLACE,SKU-016,ELECTRONICS,4,7560.00,1814.40,186.73,3024.00,TWD
2026-07-24,MARKETPLACE,SKU-017,ELECTRONICS,3,5970.00,1432.80,147.46,2656.65,TWD
2026-07-24,MARKETPLACE,SKU-018,ELECTRONICS,8,16720.00,4012.80,1238.95,8192.80,TWD
2026-07-24,MARKETPLACE,SKU-019,ELECTRONICS,5,11450.00,2748.00,565.63,6125.75,TWD
2026-07-24,MARKETPLACE,SKU-020,ELECTRONICS,2,4980.00,1195.20,369.02,2888.40,TWD
2026-07-25,DTC,SKU-001,HOME,3,1170.00,122.85,27.23,468.00,TWD
2026-07-25,DTC,SKU-002,HOME,2,980.00,102.90,34.21,436.10,TWD
2026-07-25,DTC,SKU-003,HOME,6,3540.00,371.70,123.56,1734.60,TWD
2026-07-25,DTC,SKU-004,HOME,1,690.00,72.45,16.06,369.15,TWD
2026-07-25,DTC,SKU-005,HOME,2,1580.00,165.90,18.38,916.40,TWD
2026-07-25,DTC,SKU-006,CARE,1,890.00,93.45,31.07,356.00,TWD
2026-07-25,DTC,SKU-007,CARE,6,5940.00,623.70,69.11,2643.30,TWD
2026-07-25,DTC,SKU-008,CARE,1,1090.00,114.45,38.05,534.10,TWD
2026-07-25,DTC,SKU-009,CARE,2,2380.00,249.90,55.38,1273.30,TWD
2026-07-25,DTC,SKU-010,CARE,7,9030.00,948.15,210.13,5237.40,TWD
2026-07-25,DTC,SKU-011,ACCESSORIES,3,4170.00,437.85,97.04,1668.00,TWD
2026-07-25,DTC,SKU-012,ACCESSORIES,2,2980.00,312.90,69.34,1326.10,TWD
2026-07-25,DTC,SKU-013,ACCESSORIES,2,3180.00,333.90,74.00,1558.20,TWD
2026-07-25,DTC,SKU-014,ACCESSORIES,3,5070.00,532.35,58.99,2712.45,TWD
2026-07-25,DTC,SKU-015,ACCESSORIES,3,5370.00,563.85,124.96,3114.60,TWD
2026-07-25,DTC,SKU-016,ELECTRONICS,6,11340.00,1190.70,395.82,4536.00,TWD
2026-07-25,DTC,SKU-017,ELECTRONICS,2,3980.00,417.90,138.92,1771.10,TWD
2026-07-25,DTC,SKU-018,ELECTRONICS,3,6270.00,658.35,218.85,3072.30,TWD
2026-07-25,DTC,SKU-019,ELECTRONICS,4,9160.00,961.80,106.58,4900.60,TWD
2026-07-25,DTC,SKU-020,ELECTRONICS,4,9960.00,1045.80,231.77,5776.80,TWD
2026-07-25,MARKETPLACE,SKU-001,HOME,3,1170.00,280.80,28.90,468.00,TWD
2026-07-25,MARKETPLACE,SKU-002,HOME,2,980.00,235.20,48.41,436.10,TWD
2026-07-25,MARKETPLACE,SKU-003,HOME,8,4720.00,1132.80,233.17,2312.80,TWD
2026-07-25,MARKETPLACE,SKU-004,HOME,2,1380.00,331.20,68.17,738.30,TWD
2026-07-25,MARKETPLACE,SKU-005,HOME,5,3950.00,948.00,292.70,2291.00,TWD
2026-07-25,MARKETPLACE,SKU-006,CARE,8,7120.00,1708.80,175.86,2848.00,TWD
2026-07-25,MARKETPLACE,SKU-007,CARE,7,6930.00,1663.20,513.51,3083.85,TWD
2026-07-25,MARKETPLACE,SKU-008,CARE,5,5450.00,1308.00,134.62,2670.50,TWD
2026-07-25,MARKETPLACE,SKU-009,CARE,8,9520.00,2284.80,235.14,5093.20,TWD
2026-07-25,MARKETPLACE,SKU-010,CARE,8,10320.00,2476.80,764.71,5985.60,TWD
2026-07-25,MARKETPLACE,SKU-011,ACCESSORIES,6,8340.00,2001.60,206.00,3336.00,TWD
2026-07-25,MARKETPLACE,SKU-012,ACCESSORIES,6,8940.00,2145.60,441.64,3978.30,TWD
2026-07-25,MARKETPLACE,SKU-013,ACCESSORIES,7,11130.00,2671.20,274.91,5453.70,TWD
2026-07-25,MARKETPLACE,SKU-014,ACCESSORIES,2,3380.00,811.20,250.46,1808.30,TWD
2026-07-25,MARKETPLACE,SKU-015,ACCESSORIES,2,3580.00,859.20,265.28,2076.40,TWD
2026-07-25,MARKETPLACE,SKU-016,ELECTRONICS,5,9450.00,2268.00,466.83,3780.00,TWD
2026-07-25,MARKETPLACE,SKU-017,ELECTRONICS,2,3980.00,955.20,196.61,1771.10,TWD
2026-07-25,MARKETPLACE,SKU-018,ELECTRONICS,4,8360.00,2006.40,206.49,4096.40,TWD
2026-07-25,MARKETPLACE,SKU-019,ELECTRONICS,4,9160.00,2198.40,452.50,4900.60,TWD
2026-07-25,MARKETPLACE,SKU-020,ELECTRONICS,2,4980.00,1195.20,123.01,2888.40,TWD
2026-07-26,DTC,SKU-001,HOME,6,2340.00,245.70,81.68,936.00,TWD
2026-07-26,DTC,SKU-002,HOME,7,3430.00,360.15,79.82,1526.35,TWD
2026-07-26,DTC,SKU-003,HOME,5,2950.00,309.75,34.32,1445.50,TWD
2026-07-26,DTC,SKU-004,HOME,6,4140.00,434.70,48.17,2214.90,TWD
2026-07-26,DTC,SKU-005,HOME,1,790.00,82.95,27.57,458.20,TWD
2026-07-26,DTC,SKU-006,CARE,5,4450.00,467.25,103.55,1780.00,TWD
2026-07-26,DTC,SKU-007,CARE,4,3960.00,415.80,46.07,1762.20,TWD
2026-07-26,DTC,SKU-008,CARE,4,4360.00,457.80,50.73,2136.40,TWD
2026-07-26,DTC,SKU-009,CARE,5,5950.00,624.75,207.68,3183.25,TWD
2026-07-26,DTC,SKU-010,CARE,5,6450.00,677.25,150.09,3741.00,TWD
2026-07-26,DTC,SKU-011,ACCESSORIES,6,8340.00,875.70,194.07,3336.00,TWD
2026-07-26,DTC,SKU-012,ACCESSORIES,7,10430.00,1095.15,121.35,4641.35,TWD
2026-07-26,DTC,SKU-013,ACCESSORIES,3,4770.00,500.85,55.50,2337.30,TWD
2026-07-26,DTC,SKU-014,ACCESSORIES,4,6760.00,709.80,235.96,3616.60,TWD
2026-07-26,DTC,SKU-015,ACCESSORIES,4,7160.00,751.80,166.61,4152.80,TWD
2026-07-26,DTC,SKU-016,ELECTRONICS,3,5670.00,595.35,197.91,2268.00,TWD
2026-07-26,DTC,SKU-017,ELECTRONICS,3,5970.00,626.85,208.38,2656.65,TWD
2026-07-26,DTC,SKU-018,ELECTRONICS,7,14630.00,1536.15,170.22,7168.70,TWD
2026-07-26,DTC,SKU-019,ELECTRONICS,1,2290.00,240.45,26.64,1225.15,TWD
2026-07-26,DTC,SKU-020,ELECTRONICS,5,12450.00,1307.25,144.86,7221.00,TWD
2026-07-26,MARKETPLACE,SKU-001,HOME,4,1560.00,374.40,115.60,624.00,TWD
2026-07-26,MARKETPLACE,SKU-002,HOME,8,3920.00,940.80,193.65,1744.40,TWD
2026-07-26,MARKETPLACE,SKU-003,HOME,8,4720.00,1132.80,349.75,2312.80,TWD
2026-07-26,MARKETPLACE,SKU-004,HOME,4,2760.00,662.40,136.34,1476.60,TWD
2026-07-26,MARKETPLACE,SKU-005,HOME,4,3160.00,758.40,156.10,1832.80,TWD
2026-07-26,MARKETPLACE,SKU-006,CARE,7,6230.00,1495.20,307.76,2492.00,TWD
2026-07-26,MARKETPLACE,SKU-007,CARE,4,3960.00,950.40,97.81,1762.20,TWD
2026-07-26,MARKETPLACE,SKU-008,CARE,6,6540.00,1569.60,484.61,3204.60,TWD
2026-07-26,MARKETPLACE,SKU-009,CARE,6,7140.00,1713.60,529.07,3819.90,TWD
2026-07-26,MARKETPLACE,SKU-010,CARE,6,7740.00,1857.60,191.18,4489.20,TWD
2026-07-26,MARKETPLACE,SKU-011,ACCESSORIES,8,11120.00,2668.80,823.99,4448.00,TWD
2026-07-26,MARKETPLACE,SKU-012,ACCESSORIES,3,4470.00,1072.80,110.41,1989.15,TWD
2026-07-26,MARKETPLACE,SKU-013,ACCESSORIES,4,6360.00,1526.40,314.18,3116.40,TWD
2026-07-26,MARKETPLACE,SKU-014,ACCESSORIES,8,13520.00,3244.80,333.94,7233.20,TWD
2026-07-26,MARKETPLACE,SKU-015,ACCESSORIES,8,14320.00,3436.80,707.41,8305.60,TWD
2026-07-26,MARKETPLACE,SKU-016,ELECTRONICS,4,7560.00,1814.40,186.73,3024.00,TWD
2026-07-26,MARKETPLACE,SKU-017,ELECTRONICS,6,11940.00,2865.60,294.92,5313.30,TWD
2026-07-26,MARKETPLACE,SKU-018,ELECTRONICS,6,12540.00,3009.60,309.74,6144.60,TWD
2026-07-26,MARKETPLACE,SKU-019,ELECTRONICS,3,6870.00,1648.80,509.07,3675.45,TWD
2026-07-26,MARKETPLACE,SKU-020,ELECTRONICS,6,14940.00,3585.60,369.02,8665.20,TWD
2026-07-27,DTC,SKU-001,HOME,4,1560.00,163.80,36.30,624.00,TWD
2026-07-27,DTC,SKU-002,HOME,1,490.00,51.45,11.40,218.05,TWD
2026-07-27,DTC,SKU-003,HOME,2,1180.00,123.90,13.73,578.20,TWD
2026-07-27,DTC,SKU-004,HOME,4,2760.00,289.80,64.23,1476.60,TWD
2026-07-27,DTC,SKU-005,HOME,6,4740.00,497.70,165.45,2749.20,TWD
2026-07-27,DTC,SKU-006,CARE,7,6230.00,654.15,217.46,2492.00,TWD
2026-07-27,DTC,SKU-007,CARE,1,990.00,103.95,34.56,440.55,TWD
2026-07-27,DTC,SKU-008,CARE,3,3270.00,343.35,114.14,1602.30,TWD
2026-07-27,DTC,SKU-009,CARE,4,4760.00,499.80,110.77,2546.60,TWD
2026-07-27,DTC,SKU-010,CARE,3,3870.00,406.35,90.05,2244.60,TWD
2026-07-27,DTC,SKU-011,ACCESSORIES,5,6950.00,729.75,242.59,2780.00,TWD
2026-07-27,DTC,SKU-012,ACCESSORIES,5,7450.00,782.25,86.68,3315.25,TWD
2026-07-27,DTC,SKU-013,ACCESSORIES,7,11130.00,1168.65,259.00,5453.70,TWD
2026-07-27,DTC,SKU-014,ACCESSORIES,4,6760.00,709.80,235.96,3616.60,TWD
2026-07-27,DTC,SKU-015,ACCESSORIES,5,8950.00,939.75,208.27,5191.00,TWD
2026-07-27,DTC,SKU-016,ELECTRONICS,4,7560.00,793.80,175.92,3024.00,TWD
2026-07-27,DTC,SKU-017,ELECTRONICS,1,1990.00,208.95,69.46,885.55,TWD
2026-07-27,DTC,SKU-018,ELECTRONICS,2,4180.00,438.90,97.27,2048.20,TWD
2026-07-27,DTC,SKU-019,ELECTRONICS,5,11450.00,1202.25,399.66,6125.75,TWD
2026-07-27,DTC,SKU-020,ELECTRONICS,3,7470.00,784.35,86.91,4332.60,TWD
2026-07-27,MARKETPLACE,SKU-001,HOME,4,1560.00,374.40,77.06,624.00,TWD
2026-07-27,MARKETPLACE,SKU-002,HOME,2,980.00,235.20,48.41,436.10,TWD
2026-07-27,MARKETPLACE,SKU-003,HOME,5,2950.00,708.00,218.60,1445.50,TWD
2026-07-27,MARKETPLACE,SKU-004,HOME,4,2760.00,662.40,204.52,1476.60,TWD
2026-07-27,MARKETPLACE,SKU-005,HOME,2,1580.00,379.20,39.03,916.40,TWD
2026-07-27,MARKETPLACE,SKU-006,CARE,8,7120.00,1708.80,527.59,2848.00,TWD
2026-07-27,MARKETPLACE,SKU-007,CARE,2,1980.00,475.20,97.81,881.10,TWD
2026-07-27,MARKETPLACE,SKU-008,CARE,6,6540.00,1569.60,484.61,3204.60,TWD
2026-07-27,MARKETPLACE,SKU-009,CARE,2,2380.00,571.20,176.36,1273.30,TWD
2026-07-27,MARKETPLACE,SKU-010,CARE,6,7740.00,1857.60,382.36,4489.20,TWD
2026-07-27,MARKETPLACE,SKU-011,ACCESSORIES,8,11120.00,2668.80,549.33,4448.00,TWD
2026-07-27,MARKETPLACE,SKU-012,ACCESSORIES,5,7450.00,1788.00,552.05,3315.25,TWD
2026-07-27,MARKETPLACE,SKU-013,ACCESSORIES,4,6360.00,1526.40,471.28,3116.40,TWD
2026-07-27,MARKETPLACE,SKU-014,ACCESSORIES,2,3380.00,811.20,166.97,1808.30,TWD
2026-07-27,MARKETPLACE,SKU-015,ACCESSORIES,7,12530.00,3007.20,928.47,7267.40,TWD
2026-07-27,MARKETPLACE,SKU-016,ELECTRONICS,2,3780.00,907.20,93.37,1512.00,TWD
2026-07-27,MARKETPLACE,SKU-017,ELECTRONICS,7,13930.00,3343.20,344.07,6198.85,TWD
2026-07-27,MARKETPLACE,SKU-018,ELECTRONICS,8,16720.00,4012.80,412.98,8192.80,TWD
2026-07-27,MARKETPLACE,SKU-019,ELECTRONICS,2,4580.00,1099.20,113.13,2450.30,TWD
2026-07-27,MARKETPLACE,SKU-020,ELECTRONICS,2,4980.00,1195.20,369.02,2888.40,TWD
2026-07-28,DTC,SKU-001,HOME,5,1950.00,204.75,22.69,780.00,TWD
2026-07-28,DTC,SKU-002,HOME,3,1470.00,154.35,34.21,654.15,TWD
2026-07-28,DTC,SKU-003,HOME,4,2360.00,247.80,82.38,1156.40,TWD
2026-07-28,DTC,SKU-004,HOME,7,4830.00,507.15,112.39,2584.05,TWD
2026-07-28,DTC,SKU-005,HOME,3,2370.00,248.85,27.57,1374.60,TWD
2026-07-28,DTC,SKU-006,CARE,1,890.00,93.45,10.36,356.00,TWD
2026-07-28,DTC,SKU-007,CARE,3,2970.00,311.85,103.67,1321.65,TWD
2026-07-28,DTC,SKU-008,CARE,4,4360.00,457.80,152.19,2136.40,TWD
2026-07-28,DTC,SKU-009,CARE,1,1190.00,124.95,41.54,636.65,TWD
2026-07-28,DTC,SKU-010,CARE,3,3870.00,406.35,45.03,2244.60,TWD
2026-07-28,DTC,SKU-011,ACCESSORIES,7,9730.00,1021.65,113.21,3892.00,TWD
2026-07-28,DTC,SKU-012,ACCESSORIES,2,2980.00,312.90,69.34,1326.10,TWD
2026-07-28,DTC,SKU-013,ACCESSORIES,2,3180.00,333.90,37.00,1558.20,TWD
2026-07-28,DTC,SKU-014,ACCESSORIES,5,8450.00,887.25,98.32,4520.75,TWD
2026-07-28,DTC,SKU-015,ACCESSORIES,6,10740.00,1127.70,249.92,6229.20,TWD
2026-07-28,DTC,SKU-016,ELECTRONICS,1,1890.00,198.45,65.97,756.00,TWD
2026-07-28,DTC,SKU-017,ELECTRONICS,5,9950.00,1044.75,115.77,4427.75,TWD
2026-07-28,DTC,SKU-018,ELECTRONICS,5,10450.00,1097.25,121.59,5120.50,TWD
2026-07-28,DTC,SKU-019,ELECTRONICS,7,16030.00,1683.15,186.51,8576.05,TWD
2026-07-28,DTC,SKU-020,ELECTRONICS,5,12450.00,1307.25,434.57,7221.00,TWD
2026-07-28,MARKETPLACE,SKU-001,HOME,4,1560.00,374.40,77.06,624.00,TWD
2026-07-28,MARKETPLACE,SKU-002,HOME,4,1960.00,470.40,48.41,872.20,TWD
2026-07-28,MARKETPLACE,SKU-003,HOME,8,4720.00,1132.80,116.58,2312.80,TWD
2026-07-28,MARKETPLACE,SKU-004,HOME,2,1380.00,331.20,68.17,738.30,TWD
2026-07-28,MARKETPLACE,SKU-005,HOME,7,5530.00,1327.20,136.59,3207.40,TWD
2026-07-28,MARKETPLACE,SKU-006,CARE,4,3560.00,854.40,87.93,1424.00,TWD
2026-07-28,MARKETPLACE,SKU-007,CARE,3,2970.00,712.80,73.36,1321.65,TWD
2026-07-28,MARKETPLACE,SKU-008,CARE,7,7630.00,1831.20,188.46,3738.70,TWD
2026-07-28,MARKETPLACE,SKU-009,CARE,3,3570.00,856.80,176.36,1909.95,TWD
2026-07-28,MARKETPLACE,SKU-010,CARE,8,10320.00,2476.80,254.90,5985.60,TWD
2026-07-28,MARKETPLACE,SKU-011,ACCESSORIES,5,6950.00,1668.00,515.00,2780.00,TWD
2026-07-28,MARKETPLACE,SKU-012,ACCESSORIES,7,10430.00,2503.20,257.62,4641.35,TWD
2026-07-28,MARKETPLACE,SKU-013,ACCESSORIES,2,3180.00,763.20,78.55,1558.20,TWD
2026-07-28,MARKETPLACE,SKU-014,ACCESSORIES,2,3380.00,811.20,250.46,1808.30,TWD
2026-07-28,MARKETPLACE,SKU-015,ACCESSORIES,7,12530.00,3007.20,928.47,7267.40,TWD
2026-07-28,MARKETPLACE,SKU-016,ELECTRONICS,4,7560.00,1814.40,560.20,3024.00,TWD
2026-07-28,MARKETPLACE,SKU-017,ELECTRONICS,3,5970.00,1432.80,442.38,2656.65,TWD
2026-07-28,MARKETPLACE,SKU-018,ELECTRONICS,6,12540.00,3009.60,929.21,6144.60,TWD
2026-07-28,MARKETPLACE,SKU-019,ELECTRONICS,6,13740.00,3297.60,1018.13,7350.90,TWD
2026-07-28,MARKETPLACE,SKU-020,ELECTRONICS,2,4980.00,1195.20,246.01,2888.40,TWD
2026-07-29,DTC,SKU-001,HOME,1,390.00,40.95,13.61,156.00,TWD
2026-07-29,DTC,SKU-002,HOME,6,2940.00,308.70,102.62,1308.30,TWD
2026-07-29,DTC,SKU-003,HOME,3,1770.00,185.85,20.59,867.30,TWD
2026-07-29,DTC,SKU-004,HOME,2,1380.00,144.90,48.17,738.30,TWD
2026-07-29,DTC,SKU-005,HOME,4,3160.00,331.80,73.53,1832.80,TWD
2026-07-29,DTC,SKU-006,CARE,2,1780.00,186.90,62.13,712.00,TWD
2026-07-29,DTC,SKU-007,CARE,5,4950.00,519.75,115.19,2202.75,TWD
2026-07-29,DTC,SKU-008,CARE,6,6540.00,686.70,228.28,3204.60,TWD
2026-07-29,DTC,SKU-009,CARE,1,1190.00,124.95,27.69,636.65,TWD
2026-07-29,DTC,SKU-010,CARE,3,3870.00,406.35,90.05,2244.60,TWD
2026-07-29,DTC,SKU-011,ACCESSORIES,7,9730.00,1021.65,339.63,3892.00,TWD
2026-07-29,DTC,SKU-012,ACCESSORIES,5,7450.00,782.25,260.04,3315.25,TWD
2026-07-29,DTC,SKU-013,ACCESSORIES,5,7950.00,834.75,92.50,3895.50,TWD
2026-07-29,DTC,SKU-014,ACCESSORIES,7,11830.00,1242.15,412.93,6329.05,TWD
2026-07-29,DTC,SKU-015,ACCESSORIES,3,5370.00,563.85,187.44,3114.60,TWD
2026-07-29,DTC,SKU-016,ELECTRONICS,1,1890.00,198.45,65.97,756.00,TWD
2026-07-29,DTC,SKU-017,ELECTRONICS,3,5970.00,626.85,208.38,2656.65,TWD
2026-07-29,DTC,SKU-018,ELECTRONICS,2,4180.00,438.90,145.90,2048.20,TWD
2026-07-29,DTC,SKU-019,ELECTRONICS,4,9160.00,961.80,319.73,4900.60,TWD
2026-07-29,DTC,SKU-020,ELECTRONICS,1,2490.00,261.45,57.94,1444.20,TWD
2026-07-29,MARKETPLACE,SKU-001,HOME,4,1560.00,374.40,38.53,624.00,TWD
2026-07-29,MARKETPLACE,SKU-002,HOME,6,2940.00,705.60,72.62,1308.30,TWD
2026-07-29,MARKETPLACE,SKU-003,HOME,6,3540.00,849.60,87.44,1734.60,TWD
2026-07-29,MARKETPLACE,SKU-004,HOME,8,5520.00,1324.80,136.34,2953.20,TWD
2026-07-29,MARKETPLACE,SKU-005,HOME,8,6320.00,1516.80,312.21,3665.60,TWD
2026-07-29,MARKETPLACE,SKU-006,CARE,5,4450.00,1068.00,329.75,1780.00,TWD
2026-07-29,MARKETPLACE,SKU-007,CARE,8,7920.00,1900.80,586.87,3524.40,TWD
2026-07-29,MARKETPLACE,SKU-008,CARE,7,7630.00,1831.20,565.38,3738.70,TWD
2026-07-29,MARKETPLACE,SKU-009,CARE,4,4760.00,1142.40,117.57,2546.60,TWD
2026-07-29,MARKETPLACE,SKU-010,CARE,2,2580.00,619.20,63.73,1496.40,TWD
2026-07-29,MARKETPLACE,SKU-011,ACCESSORIES,5,6950.00,1668.00,515.00,2780.00,TWD
2026-07-29,MARKETPLACE,SKU-012,ACCESSORIES,8,11920.00,2860.80,883.27,5304.40,TWD
2026-07-29,MARKETPLACE,SKU-013,ACCESSORIES,4,6360.00,1526.40,314.18,3116.40,TWD
2026-07-29,MARKETPLACE,SKU-014,ACCESSORIES,7,11830.00,2839.20,876.60,6329.05,TWD
2026-07-29,MARKETPLACE,SKU-015,ACCESSORIES,7,12530.00,3007.20,928.47,7267.40,TWD
2026-07-29,MARKETPLACE,SKU-016,ELECTRONICS,8,15120.00,3628.80,746.93,6048.00,TWD
2026-07-29,MARKETPLACE,SKU-017,ELECTRONICS,8,15920.00,3820.80,393.22,7084.40,TWD
2026-07-29,MARKETPLACE,SKU-018,ELECTRONICS,2,4180.00,1003.20,309.74,2048.20,TWD
2026-07-29,MARKETPLACE,SKU-019,ELECTRONICS,5,11450.00,2748.00,282.82,6125.75,TWD
2026-07-29,MARKETPLACE,SKU-020,ELECTRONICS,4,9960.00,2390.40,492.02,5776.80,TWD
2026-07-30,DTC,SKU-001,HOME,1,390.00,40.95,9.08,156.00,TWD
2026-07-30,DTC,SKU-002,HOME,2,980.00,102.90,34.21,436.10,TWD
2026-07-30,DTC,SKU-003,HOME,6,3540.00,371.70,82.38,1734.60,TWD
2026-07-30,DTC,SKU-004,HOME,6,4140.00,434.70,48.17,2214.90,TWD
2026-07-30,DTC,SKU-005,HOME,1,790.00,82.95,27.57,458.20,TWD
2026-07-30,DTC,SKU-006,CARE,7,6230.00,654.15,72.49,2492.00,TWD
2026-07-30,DTC,SKU-007,CARE,1,990.00,103.95,23.04,440.55,TWD
2026-07-30,DTC,SKU-008,CARE,7,7630.00,801.15,177.55,3738.70,TWD
2026-07-30,DTC,SKU-009,CARE,3,3570.00,374.85,124.61,1909.95,TWD
2026-07-30,DTC,SKU-010,CARE,4,5160.00,541.80,60.04,2992.80,TWD
2026-07-30,DTC,SKU-011,ACCESSORIES,1,1390.00,145.95,48.52,556.00,TWD
2026-07-30,DTC,SKU-012,ACCESSORIES,4,5960.00,625.80,138.69,2652.20,TWD
2026-07-30,DTC,SKU-013,ACCESSORIES,3,4770.00,500.85,111.00,2337.30,TWD
2026-07-30,DTC,SKU-014,ACCESSORIES,1,1690.00,177.45,58.99,904.15,TWD
2026-07-30,DTC,SKU-015,ACCESSORIES,3,5370.00,563.85,124.96,3114.60,TWD
2026-07-30,DTC,SKU-016,ELECTRONICS,2,3780.00,396.90,131.94,1512.00,TWD
2026-07-30,DTC,SKU-017,ELECTRONICS,1,1990.00,208.95,46.31,885.55,TWD
2026-07-30,DTC,SKU-018,ELECTRONICS,6,12540.00,1316.70,437.71,6144.60,TWD
2026-07-30,DTC,SKU-019,ELECTRONICS,3,6870.00,721.35,159.86,3675.45,TWD
2026-07-30,DTC,SKU-020,ELECTRONICS,6,14940.00,1568.70,173.83,8665.20,TWD
2026-07-30,MARKETPLACE,SKU-001,HOME,8,3120.00,748.80,77.06,1248.00,TWD
2026-07-30,MARKETPLACE,SKU-002,HOME,8,3920.00,940.80,290.47,1744.40,TWD
2026-07-30,MARKETPLACE,SKU-003,HOME,6,3540.00,849.60,262.31,1734.60,TWD
2026-07-30,MARKETPLACE,SKU-004,HOME,3,2070.00,496.80,51.13,1107.45,TWD
2026-07-30,MARKETPLACE,SKU-005,HOME,8,6320.00,1516.80,156.10,3665.60,TWD
2026-07-30,MARKETPLACE,SKU-006,CARE,2,1780.00,427.20,43.97,712.00,TWD
2026-07-30,MARKETPLACE,SKU-007,CARE,6,5940.00,1425.60,293.44,2643.30,TWD
2026-07-30,MARKETPLACE,SKU-008,CARE,8,8720.00,2092.80,215.38,4272.80,TWD
2026-07-30,MARKETPLACE,SKU-009,CARE,8,9520.00,2284.80,705.43,5093.20,TWD
2026-07-30,MARKETPLACE,SKU-010,CARE,7,9030.00,2167.20,223.04,5237.40,TWD
2026-07-30,MARKETPLACE,SKU-011,ACCESSORIES,2,2780.00,667.20,68.67,1112.00,TWD
2026-07-30,MARKETPLACE,SKU-012,ACCESSORIES,3,4470.00,1072.80,220.82,1989.15,TWD
2026-07-30,MARKETPLACE,SKU-013,ACCESSORIES,4,6360.00,1526.40,157.09,3116.40,TWD
2026-07-30,MARKETPLACE,SKU-014,ACCESSORIES,4,6760.00,1622.40,500.92,3616.60,TWD
2026-07-30,MARKETPLACE,SKU-015,ACCESSORIES,3,5370.00,1288.80,397.92,3114.60,TWD
2026-07-30,MARKETPLACE,SKU-016,ELECTRONICS,6,11340.00,2721.60,560.20,4536.00,TWD
2026-07-30,MARKETPLACE,SKU-017,ELECTRONICS,3,5970.00,1432.80,294.92,2656.65,TWD
2026-07-30,MARKETPLACE,SKU-018,ELECTRONICS,8,16720.00,4012.80,825.97,8192.80,TWD
2026-07-30,MARKETPLACE,SKU-019,ELECTRONICS,8,18320.00,4396.80,905.01,9801.20,TWD
2026-07-30,MARKETPLACE,SKU-020,ELECTRONICS,2,4980.00,1195.20,246.01,2888.40,TWD
2026-07-31,DTC,SKU-001,HOME,3,1170.00,122.85,40.84,468.00,TWD
2026-07-31,DTC,SKU-002,HOME,4,1960.00,205.80,45.61,872.20,TWD
2026-07-31,DTC,SKU-003,HOME,7,4130.00,433.65,96.11,2023.70,TWD
2026-07-31,DTC,SKU-004,HOME,5,3450.00,362.25,80.28,1845.75,TWD
2026-07-31,DTC,SKU-005,HOME,6,4740.00,497.70,110.30,2749.20,TWD
2026-07-31,DTC,SKU-006,CARE,6,5340.00,560.70,62.13,2136.00,TWD
2026-07-31,DTC,SKU-007,CARE,7,6930.00,727.65,161.26,3083.85,TWD
2026-07-31,DTC,SKU-008,CARE,4,4360.00,457.80,101.46,2136.40,TWD
2026-07-31,DTC,SKU-009,CARE,5,5950.00,624.75,207.68,3183.25,TWD
2026-07-31,DTC,SKU-010,CARE,2,2580.00,270.90,30.02,1496.40,TWD
2026-07-31,DTC,SKU-011,ACCESSORIES,7,9730.00,1021.65,226.42,3892.00,TWD
2026-07-31,DTC,SKU-012,ACCESSORIES,7,10430.00,1095.15,364.06,4641.35,TWD
2026-07-31,DTC,SKU-013,ACCESSORIES,1,1590.00,166.95,37.00,779.10,TWD
2026-07-31,DTC,SKU-014,ACCESSORIES,1,1690.00,177.45,58.99,904.15,TWD
2026-07-31,DTC,SKU-015,ACCESSORIES,1,1790.00,187.95,20.83,1038.20,TWD
2026-07-31,DTC,SKU-016,ELECTRONICS,6,11340.00,1190.70,395.82,4536.00,TWD
2026-07-31,DTC,SKU-017,ELECTRONICS,2,3980.00,417.90,92.61,1771.10,TWD
2026-07-31,DTC,SKU-018,ELECTRONICS,7,14630.00,1536.15,170.22,7168.70,TWD
2026-07-31,DTC,SKU-019,ELECTRONICS,6,13740.00,1442.70,159.86,7350.90,TWD
2026-07-31,DTC,SKU-020,ELECTRONICS,2,4980.00,522.90,173.83,2888.40,TWD
2026-07-31,MARKETPLACE,SKU-001,HOME,3,1170.00,280.80,28.90,468.00,TWD
2026-07-31,MARKETPLACE,SKU-002,HOME,7,3430.00,823.20,84.72,1526.35,TWD
2026-07-31,MARKETPLACE,SKU-003,HOME,8,4720.00,1132.80,349.75,2312.80,TWD
2026-07-31,MARKETPLACE,SKU-004,HOME,3,2070.00,496.80,102.26,1107.45,TWD
2026-07-31,MARKETPLACE,SKU-005,HOME,2,1580.00,379.20,78.05,916.40,TWD
2026-07-31,MARKETPLACE,SKU-006,CARE,2,1780.00,427.20,131.90,712.00,TWD
2026-07-31,MARKETPLACE,SKU-007,CARE,5,4950.00,1188.00,244.53,2202.75,TWD
2026-07-31,MARKETPLACE,SKU-008,CARE,4,4360.00,1046.40,323.08,2136.40,TWD
2026-07-31,MARKETPLACE,SKU-009,CARE,7,8330.00,1999.20,617.25,4456.55,TWD
2026-07-31,MARKETPLACE,SKU-010,CARE,6,7740.00,1857.60,573.53,4489.20,TWD
2026-07-31,MARKETPLACE,SKU-011,ACCESSORIES,6,8340.00,2001.60,412.00,3336.00,TWD
2026-07-31,MARKETPLACE,SKU-012,ACCESSORIES,7,10430.00,2503.20,515.24,4641.35,TWD
2026-07-31,MARKETPLACE,SKU-013,ACCESSORIES,6,9540.00,2289.60,706.91,4674.60,TWD
2026-07-31,MARKETPLACE,SKU-014,ACCESSORIES,5,8450.00,2028.00,626.15,4520.75,TWD
2026-07-31,MARKETPLACE,SKU-015,ACCESSORIES,2,3580.00,859.20,88.43,2076.40,TWD
2026-07-31,MARKETPLACE,SKU-016,ELECTRONICS,8,15120.00,3628.80,373.46,6048.00,TWD
2026-07-31,MARKETPLACE,SKU-017,ELECTRONICS,8,15920.00,3820.80,1179.67,7084.40,TWD
2026-07-31,MARKETPLACE,SKU-018,ELECTRONICS,7,14630.00,3511.20,1084.08,7168.70,TWD
2026-07-31,MARKETPLACE,SKU-019,ELECTRONICS,6,13740.00,3297.60,678.76,7350.90,TWD
2026-07-31,MARKETPLACE,SKU-020,ELECTRONICS,5,12450.00,2988.00,922.55,7221.00,TWD
2026-08-01,DTC,SKU-001,HOME,5,1950.00,204.75,68.06,780.00,TWD
2026-08-01,DTC,SKU-002,HOME,4,1960.00,205.80,22.80,872.20,TWD
2026-08-01,DTC,SKU-003,HOME,2,1180.00,123.90,13.73,578.20,TWD
2026-08-01,DTC,SKU-004,HOME,7,4830.00,507.15,112.39,2584.05,TWD
2026-08-01,DTC,SKU-005,HOME,1,790.00,82.95,27.57,458.20,TWD
2026-08-01,DTC,SKU-006,CARE,3,2670.00,280.35,93.20,1068.00,TWD
2026-08-01,DTC,SKU-007,CARE,5,4950.00,519.75,172.78,2202.75,TWD
2026-08-01,DTC,SKU-008,CARE,3,3270.00,343.35,114.14,1602.30,TWD
2026-08-01,DTC,SKU-009,CARE,5,5950.00,624.75,69.23,3183.25,TWD
2026-08-01,DTC,SKU-010,CARE,6,7740.00,812.70,90.05,4489.20,TWD
2026-08-01,DTC,SKU-011,ACCESSORIES,7,9730.00,1021.65,113.21,3892.00,TWD
2026-08-01,DTC,SKU-012,ACCESSORIES,4,5960.00,625.80,208.03,2652.20,TWD
2026-08-01,DTC,SKU-013,ACCESSORIES,2,3180.00,333.90,74.00,1558.20,TWD
2026-08-01,DTC,SKU-014,ACCESSORIES,6,10140.00,1064.70,235.96,5424.90,TWD
2026-08-01,DTC,SKU-015,ACCESSORIES,5,8950.00,939.75,208.27,5191.00,TWD
2026-08-01,DTC,SKU-016,ELECTRONICS,3,5670.00,595.35,65.97,2268.00,TWD
2026-08-01,DTC,SKU-017,ELECTRONICS,3,5970.00,626.85,138.92,2656.65,TWD
2026-08-01,DTC,SKU-018,ELECTRONICS,2,4180.00,438.90,48.63,2048.20,TWD
2026-08-01,DTC,SKU-019,ELECTRONICS,2,4580.00,480.90,159.86,2450.30,TWD
2026-08-01,DTC,SKU-020,ELECTRONICS,5,12450.00,1307.25,144.86,7221.00,TWD
2026-08-01,MARKETPLACE,SKU-001,HOME,5,1950.00,468.00,48.17,780.00,TWD
2026-08-01,MARKETPLACE,SKU-002,HOME,4,1960.00,470.40,48.41,872.20,TWD
2026-08-01,MARKETPLACE,SKU-003,HOME,3,1770.00,424.80,131.16,867.30,TWD
2026-08-01,MARKETPLACE,SKU-004,HOME,2,1380.00,331.20,102.26,738.30,TWD
2026-08-01,MARKETPLACE,SKU-005,HOME,4,3160.00,758.40,78.05,1832.80,TWD
2026-08-01,MARKETPLACE,SKU-006,CARE,5,4450.00,1068.00,109.92,1780.00,TWD
2026-08-01,MARKETPLACE,SKU-007,CARE,5,4950.00,1188.00,122.27,2202.75,TWD
2026-08-01,MARKETPLACE,SKU-008,CARE,5,5450.00,1308.00,269.23,2670.50,TWD
2026-08-01,MARKETPLACE,SKU-009,CARE,2,2380.00,571.20,117.57,1273.30,TWD
2026-08-01,MARKETPLACE,SKU-010,CARE,7,9030.00,2167.20,446.08,5237.40,TWD
2026-08-01,MARKETPLACE,SKU-011,ACCESSORIES,8,11120.00,2668.80,274.66,4448.00,TWD
2026-08-01,MARKETPLACE,SKU-012,ACCESSORIES,4,5960.00,1430.40,441.64,2652.20,TWD
2026-08-01,MARKETPLACE,SKU-013,ACCESSORIES,3,4770.00,1144.80,235.64,2337.30,TWD
2026-08-01,MARKETPLACE,SKU-014,ACCESSORIES,8,13520.00,3244.80,1001.83,7233.20,TWD
2026-08-01,MARKETPLACE,SKU-015,ACCESSORIES,3,5370.00,1288.80,132.64,3114.60,TWD
2026-08-01,MARKETPLACE,SKU-016,ELECTRONICS,3,5670.00,1360.80,420.15,2268.00,TWD
2026-08-01,MARKETPLACE,SKU-017,ELECTRONICS,4,7960.00,1910.40,393.22,3542.20,TWD
2026-08-01,MARKETPLACE,SKU-018,ELECTRONICS,8,16720.00,4012.80,825.97,8192.80,TWD
2026-08-01,MARKETPLACE,SKU-019,ELECTRONICS,4,9160.00,2198.40,226.25,4900.60,TWD
2026-08-01,MARKETPLACE,SKU-020,ELECTRONICS,3,7470.00,1792.80,369.02,4332.60,TWD
2026-08-02,DTC,SKU-001,HOME,7,2730.00,286.65,95.29,1092.00,TWD
2026-08-02,DTC,SKU-002,HOME,2,980.00,102.90,22.80,436.10,TWD
2026-08-02,DTC,SKU-003,HOME,2,1180.00,123.90,41.19,578.20,TWD
2026-08-02,DTC,SKU-004,HOME,6,4140.00,434.70,144.51,2214.90,TWD
2026-08-02,DTC,SKU-005,HOME,4,3160.00,331.80,73.53,1832.80,TWD
2026-08-02,DTC,SKU-006,CARE,7,6230.00,654.15,144.97,2492.00,TWD
2026-08-02,DTC,SKU-007,CARE,5,4950.00,519.75,57.59,2202.75,TWD
2026-08-02,DTC,SKU-008,CARE,7,7630.00,801.15,266.33,3738.70,TWD
2026-08-02,DTC,SKU-009,CARE,3,3570.00,374.85,83.07,1909.95,TWD
2026-08-02,DTC,SKU-010,CARE,2,2580.00,270.90,30.02,1496.40,TWD
2026-08-02,DTC,SKU-011,ACCESSORIES,1,1390.00,145.95,32.35,556.00,TWD
2026-08-02,DTC,SKU-012,ACCESSORIES,1,1490.00,156.45,17.34,663.05,TWD
2026-08-02,DTC,SKU-013,ACCESSORIES,1,1590.00,166.95,55.50,779.10,TWD
2026-08-02,DTC,SKU-014,ACCESSORIES,3,5070.00,532.35,117.98,2712.45,TWD
2026-08-02,DTC,SKU-015,ACCESSORIES,7,12530.00,1315.65,291.57,7267.40,TWD
2026-08-02,DTC,SKU-016,ELECTRONICS,2,3780.00,396.90,131.94,1512.00,TWD
2026-08-02,DTC,SKU-017,ELECTRONICS,5,9950.00,1044.75,347.30,4427.75,TWD
2026-08-02,DTC,SKU-018,ELECTRONICS,5,10450.00,1097.25,243.17,5120.50,TWD
2026-08-02,DTC,SKU-019,ELECTRONICS,4,9160.00,961.80,106.58,4900.60,TWD
2026-08-02,DTC,SKU-020,ELECTRONICS,4,9960.00,1045.80,347.65,5776.80,TWD
2026-08-02,MARKETPLACE,SKU-001,HOME,2,780.00,187.20,38.53,312.00,TWD
2026-08-02,MARKETPLACE,SKU-002,HOME,4,1960.00,470.40,145.24,872.20,TWD
2026-08-02,MARKETPLACE,SKU-003,HOME,8,4720.00,1132.80,233.17,2312.80,TWD
2026-08-02,MARKETPLACE,SKU-004,HOME,3,2070.00,496.80,51.13,1107.45,TWD
2026-08-02,MARKETPLACE,SKU-005,HOME,6,4740.00,1137.60,234.16,2749.20,TWD
2026-08-02,MARKETPLACE,SKU-006,CARE,6,5340.00,1281.60,395.69,2136.00,TWD
2026-08-02,MARKETPLACE,SKU-007,CARE,3,2970.00,712.80,220.08,1321.65,TWD
2026-08-02,MARKETPLACE,SKU-008,CARE,8,8720.00,2092.80,430.77,4272.80,TWD
2026-08-02,MARKETPLACE,SKU-009,CARE,5,5950.00,1428.00,440.90,3183.25,TWD
2026-08-02,MARKETPLACE,SKU-010,CARE,6,7740.00,1857.60,382.36,4489.20,TWD
2026-08-02,MARKETPLACE,SKU-011,ACCESSORIES,3,4170.00,1000.80,206.00,1668.00,TWD
2026-08-02,MARKETPLACE,SKU-012,ACCESSORIES,6,8940.00,2145.60,220.82,3978.30,TWD
2026-08-02,MARKETPLACE,SKU-013,ACCESSORIES,4,6360.00,1526.40,157.09,3116.40,TWD
2026-08-02,MARKETPLACE,SKU-014,ACCESSORIES,4,6760.00,1622.40,333.94,3616.60,TWD
2026-08-02,MARKETPLACE,SKU-015,ACCESSORIES,6,10740.00,2577.60,265.28,6229.20,TWD
2026-08-02,MARKETPLACE,SKU-016,ELECTRONICS,6,11340.00,2721.60,840.29,4536.00,TWD
2026-08-02,MARKETPLACE,SKU-017,ELECTRONICS,4,7960.00,1910.40,589.84,3542.20,TWD
2026-08-02,MARKETPLACE,SKU-018,ELECTRONICS,8,16720.00,4012.80,412.98,8192.80,TWD
2026-08-02,MARKETPLACE,SKU-019,ELECTRONICS,8,18320.00,4396.80,452.50,9801.20,TWD
2026-08-02,MARKETPLACE,SKU-020,ELECTRONICS,5,12450.00,2988.00,922.55,7221.00,TWD
2026-08-03,DTC,SKU-001,HOME,6,2340.00,245.70,27.23,936.00,TWD
2026-08-03,DTC,SKU-002,HOME,6,2940.00,308.70,34.21,1308.30,TWD
2026-08-03,DTC,SKU-003,HOME,7,4130.00,433.65,96.11,2023.70,TWD
2026-08-03,DTC,SKU-004,HOME,4,2760.00,289.80,32.11,1476.60,TWD
2026-08-03,DTC,SKU-005,HOME,7,5530.00,580.65,64.34,3207.40,TWD
2026-08-03,DTC,SKU-006,CARE,6,5340.00,560.70,62.13,2136.00,TWD
2026-08-03,DTC,SKU-007,CARE,2,1980.00,207.90,23.04,881.10,TWD
2026-08-03,DTC,SKU-008,CARE,4,4360.00,457.80,101.46,2136.40,TWD
2026-08-03,DTC,SKU-009,CARE,4,4760.00,499.80,110.77,2546.60,TWD
2026-08-03,DTC,SKU-010,CARE,3,3870.00,406.35,135.08,2244.60,TWD
2026-08-03,DTC,SKU-011,ACCESSORIES,1,1390.00,145.95,32.35,556.00,TWD
2026-08-03,DTC,SKU-012,ACCESSORIES,3,4470.00,469.35,156.03,1989.15,TWD
2026-08-03,DTC,SKU-013,ACCESSORIES,6,9540.00,1001.70,332.99,4674.60,TWD
2026-08-03,DTC,SKU-014,ACCESSORIES,2,3380.00,354.90,39.33,1808.30,TWD
2026-08-03,DTC,SKU-015,ACCESSORIES,5,8950.00,939.75,312.40,5191.00,TWD
2026-08-03,DTC,SKU-016,ELECTRONICS,7,13230.00,1389.15,153.93,5292.00,TWD
2026-08-03,DTC,SKU-017,ELECTRONICS,3,5970.00,626.85,208.38,2656.65,TWD
2026-08-03,DTC,SKU-018,ELECTRONICS,4,8360.00,877.80,291.81,4096.40,TWD
2026-08-03,DTC,SKU-019,ELECTRONICS,4,9160.00,961.80,213.15,4900.60,TWD
2026-08-03,DTC,SKU-020,ELECTRONICS,4,9960.00,1045.80,347.65,5776.80,TWD
2026-08-03,MARKETPLACE,SKU-001,HOME,2,780.00,187.20,57.80,312.00,TWD
2026-08-03,MARKETPLACE,SKU-002,HOME,7,3430.00,823.20,169.44,1526.35,TWD
2026-08-03,MARKETPLACE,SKU-003,HOME,2,1180.00,283.20,58.29,578.20,TWD
2026-08-03,MARKETPLACE,SKU-004,HOME,5,3450.00,828.00,85.22,1845.75,TWD
2026-08-03,MARKETPLACE,SKU-005,HOME,6,4740.00,1137.60,234.16,2749.20,TWD
2026-08-03,MARKETPLACE,SKU-006,CARE,3,2670.00,640.80,131.90,1068.00,TWD
2026-08-03,MARKETPLACE,SKU-007,CARE,4,3960.00,950.40,293.44,1762.20,TWD
2026-08-03,MARKETPLACE,SKU-008,CARE,7,7630.00,1831.20,565.38,3738.70,TWD
2026-08-03,MARKETPLACE,SKU-009,CARE,2,2380.00,571.20,176.36,1273.30,TWD
2026-08-03,MARKETPLACE,SKU-010,CARE,4,5160.00,1238.40,382.36,2992.80,TWD
2026-08-03,MARKETPLACE,SKU-011,ACCESSORIES,6,8340.00,2001.60,412.00,3336.00,TWD
2026-08-03,MARKETPLACE,SKU-012,ACCESSORIES,7,10430.00,2503.20,772.86,4641.35,TWD
2026-08-03,MARKETPLACE,SKU-013,ACCESSORIES,7,11130.00,2671.20,549.82,5453.70,TWD
2026-08-03,MARKETPLACE,SKU-014,ACCESSORIES,3,5070.00,1216.80,125.23,2712.45,TWD
2026-08-03,MARKETPLACE,SKU-015,ACCESSORIES,3,5370.00,1288.80,397.92,3114.60,TWD
2026-08-03,MARKETPLACE,SKU-016,ELECTRONICS,6,11340.00,2721.60,560.20,4536.00,TWD
2026-08-03,MARKETPLACE,SKU-017,ELECTRONICS,8,15920.00,3820.80,1179.67,7084.40,TWD
2026-08-03,MARKETPLACE,SKU-018,ELECTRONICS,3,6270.00,1504.80,464.61,3072.30,TWD
2026-08-03,MARKETPLACE,SKU-019,ELECTRONICS,6,13740.00,3297.60,1018.13,7350.90,TWD
2026-08-03,MARKETPLACE,SKU-020,ELECTRONICS,7,17430.00,4183.20,430.52,10109.40,TWD
2026-08-04,DTC,SKU-001,HOME,4,1560.00,163.80,54.45,624.00,TWD
2026-08-04,DTC,SKU-002,HOME,1,490.00,51.45,17.10,218.05,TWD
2026-08-04,DTC,SKU-003,HOME,3,1770.00,185.85,41.19,867.30,TWD
2026-08-04,DTC,SKU-004,HOME,3,2070.00,217.35,24.08,1107.45,TWD
2026-08-04,DTC,SKU-005,HOME,7,5530.00,580.65,193.02,3207.40,TWD
2026-08-04,DTC,SKU-006,CARE,1,890.00,93.45,20.71,356.00,TWD
2026-08-04,DTC,SKU-007,CARE,4,3960.00,415.80,46.07,1762.20,TWD
2026-08-04,DTC,SKU-008,CARE,7,7630.00,801.15,177.55,3738.70,TWD
2026-08-04,DTC,SKU-009,CARE,5,5950.00,624.75,138.46,3183.25,TWD
2026-08-04,DTC,SKU-010,CARE,4,5160.00,541.80,60.04,2992.80,TWD
2026-08-04,DTC,SKU-011,ACCESSORIES,5,6950.00,729.75,80.86,2780.00,TWD
2026-08-04,DTC,SKU-012,ACCESSORIES,1,1490.00,156.45,52.01,663.05,TWD
2026-08-04,DTC,SKU-013,ACCESSORIES,7,11130.00,1168.65,129.50,5453.70,TWD
2026-08-04,DTC,SKU-014,ACCESSORIES,2,3380.00,354.90,78.65,1808.30,TWD
2026-08-04,DTC,SKU-015,ACCESSORIES,3,5370.00,563.85,124.96,3114.60,TWD
2026-08-04,DTC,SKU-016,ELECTRONICS,6,11340.00,1190.70,263.88,4536.00,TWD
2026-08-04,DTC,SKU-017,ELECTRONICS,3,5970.00,626.85,69.46,2656.65,TWD
2026-08-04,DTC,SKU-018,ELECTRONICS,3,6270.00,658.35,145.90,3072.30,TWD
2026-08-04,DTC,SKU-019,ELECTRONICS,6,13740.00,1442.70,479.59,7350.90,TWD
2026-08-04,DTC,SKU-020,ELECTRONICS,4,9960.00,1045.80,231.77,5776.80,TWD
2026-08-04,MARKETPLACE,SKU-001,HOME,7,2730.00,655.20,202.29,1092.00,TWD
2026-08-04,MARKETPLACE,SKU-002,HOME,3,1470.00,352.80,36.31,654.15,TWD
2026-08-04,MARKETPLACE,SKU-003,HOME,6,3540.00,849.60,87.44,1734.60,TWD
2026-08-04,MARKETPLACE,SKU-004,HOME,8,5520.00,1324.80,272.69,2953.20,TWD
2026-08-04,MARKETPLACE,SKU-005,HOME,5,3950.00,948.00,195.13,2291.00,TWD
2026-08-04,MARKETPLACE,SKU-006,CARE,5,4450.00,1068.00,329.75,1780.00,TWD
2026-08-04,MARKETPLACE,SKU-007,CARE,7,6930.00,1663.20,342.34,3083.85,TWD
2026-08-04,MARKETPLACE,SKU-008,CARE,7,7630.00,1831.20,188.46,3738.70,TWD
2026-08-04,MARKETPLACE,SKU-009,CARE,8,9520.00,2284.80,705.43,5093.20,TWD
2026-08-04,MARKETPLACE,SKU-010,CARE,7,9030.00,2167.20,669.12,5237.40,TWD
2026-08-04,MARKETPLACE,SKU-011,ACCESSORIES,4,5560.00,1334.40,137.33,2224.00,TWD
2026-08-04,MARKETPLACE,SKU-012,ACCESSORIES,8,11920.00,2860.80,883.27,5304.40,TWD
2026-08-04,MARKETPLACE,SKU-013,ACCESSORIES,2,3180.00,763.20,157.09,1558.20,TWD
2026-08-04,MARKETPLACE,SKU-014,ACCESSORIES,2,3380.00,811.20,166.97,1808.30,TWD
2026-08-04,MARKETPLACE,SKU-015,ACCESSORIES,3,5370.00,1288.80,265.28,3114.60,TWD
2026-08-04,MARKETPLACE,SKU-016,ELECTRONICS,5,9450.00,2268.00,700.25,3780.00,TWD
2026-08-04,MARKETPLACE,SKU-017,ELECTRONICS,7,13930.00,3343.20,1032.21,6198.85,TWD
2026-08-04,MARKETPLACE,SKU-018,ELECTRONICS,7,14630.00,3511.20,361.36,7168.70,TWD
2026-08-04,MARKETPLACE,SKU-019,ELECTRONICS,8,18320.00,4396.80,905.01,9801.20,TWD
2026-08-04,MARKETPLACE,SKU-020,ELECTRONICS,5,12450.00,2988.00,615.03,7221.00,TWD
2026-08-05,DTC,SKU-001,HOME,1,390.00,40.95,13.61,156.00,TWD
2026-08-05,DTC,SKU-002,HOME,7,3430.00,360.15,119.72,1526.35,TWD
2026-08-05,DTC,SKU-003,HOME,1,590.00,61.95,13.73,289.10,TWD
2026-08-05,DTC,SKU-004,HOME,5,3450.00,362.25,80.28,1845.75,TWD
2026-08-05,DTC,SKU-005,HOME,4,3160.00,331.80,36.77,1832.80,TWD
2026-08-05,DTC,SKU-006,CARE,1,890.00,93.45,20.71,356.00,TWD
2026-08-05,DTC,SKU-007,CARE,6,5940.00,623.70,207.34,2643.30,TWD
2026-08-05,DTC,SKU-008,CARE,4,4360.00,457.80,50.73,2136.40,TWD
2026-08-05,DTC,SKU-009,CARE,5,5950.00,624.75,138.46,3183.25,TWD
2026-08-05,DTC,SKU-010,CARE,5,6450.00,677.25,150.09,3741.00,TWD
2026-08-05,DTC,SKU-011,ACCESSORIES,4,5560.00,583.80,194.07,2224.00,TWD
2026-08-05,DTC,SKU-012,ACCESSORIES,7,10430.00,1095.15,121.35,4641.35,TWD
2026-08-05,DTC,SKU-013,ACCESSORIES,1,1590.00,166.95,18.50,779.10,TWD
2026-08-05,DTC,SKU-014,ACCESSORIES,3,5070.00,532.35,117.98,2712.45,TWD
2026-08-05,DTC,SKU-015,ACCESSORIES,2,3580.00,375.90,124.96,2076.40,TWD
2026-08-05,DTC,SKU-016,ELECTRONICS,7,13230.00,1389.15,307.86,5292.00,TWD
2026-08-05,DTC,SKU-017,ELECTRONICS,6,11940.00,1253.70,138.92,5313.30,TWD
2026-08-05,DTC,SKU-018,ELECTRONICS,3,6270.00,658.35,72.95,3072.30,TWD
2026-08-05,DTC,SKU-019,ELECTRONICS,6,13740.00,1442.70,319.73,7350.90,TWD
2026-08-05,DTC,SKU-020,ELECTRONICS,4,9960.00,1045.80,347.65,5776.80,TWD
2026-08-05,MARKETPLACE,SKU-001,HOME,5,1950.00,468.00,144.50,780.00,TWD
2026-08-05,MARKETPLACE,SKU-002,HOME,5,2450.00,588.00,60.52,1090.25,TWD
2026-08-05,MARKETPLACE,SKU-003,HOME,7,4130.00,991.20,306.03,2023.70,TWD
2026-08-05,MARKETPLACE,SKU-004,HOME,8,5520.00,1324.80,136.34,2953.20,TWD
2026-08-05,MARKETPLACE,SKU-005,HOME,4,3160.00,758.40,156.10,1832.80,TWD
2026-08-05,MARKETPLACE,SKU-006,CARE,2,1780.00,427.20,87.93,712.00,TWD
2026-08-05,MARKETPLACE,SKU-007,CARE,4,3960.00,950.40,97.81,1762.20,TWD
2026-08-05,MARKETPLACE,SKU-008,CARE,8,8720.00,2092.80,430.77,4272.80,TWD
2026-08-05,MARKETPLACE,SKU-009,CARE,6,7140.00,1713.60,176.36,3819.90,TWD
2026-08-05,MARKETPLACE,SKU-010,CARE,5,6450.00,1548.00,477.95,3741.00,TWD
2026-08-05,MARKETPLACE,SKU-011,ACCESSORIES,3,4170.00,1000.80,103.00,1668.00,TWD
2026-08-05,MARKETPLACE,SKU-012,ACCESSORIES,8,11920.00,2860.80,883.27,5304.40,TWD
2026-08-05,MARKETPLACE,SKU-013,ACCESSORIES,2,3180.00,763.20,78.55,1558.20,TWD
2026-08-05,MARKETPLACE,SKU-014,ACCESSORIES,3,5070.00,1216.80,250.46,2712.45,TWD
2026-08-05,MARKETPLACE,SKU-015,ACCESSORIES,7,12530.00,3007.20,618.98,7267.40,TWD
2026-08-05,MARKETPLACE,SKU-016,ELECTRONICS,7,13230.00,3175.20,326.78,5292.00,TWD
2026-08-05,MARKETPLACE,SKU-017,ELECTRONICS,3,5970.00,1432.80,442.38,2656.65,TWD
2026-08-05,MARKETPLACE,SKU-018,ELECTRONICS,2,4180.00,1003.20,309.74,2048.20,TWD
2026-08-05,MARKETPLACE,SKU-019,ELECTRONICS,6,13740.00,3297.60,1018.13,7350.90,TWD
2026-08-05,MARKETPLACE,SKU-020,ELECTRONICS,6,14940.00,3585.60,369.02,8665.20,TWD
2026-08-06,DTC,SKU-001,HOME,1,390.00,40.95,9.08,156.00,TWD
2026-08-06,DTC,SKU-002,HOME,4,1960.00,205.80,45.61,872.20,TWD
2026-08-06,DTC,SKU-003,HOME,3,1770.00,185.85,61.78,867.30,TWD
2026-08-06,DTC,SKU-004,HOME,3,2070.00,217.35,48.17,1107.45,TWD
2026-08-06,DTC,SKU-005,HOME,3,2370.00,248.85,82.72,1374.60,TWD
2026-08-06,DTC,SKU-006,CARE,1,890.00,93.45,10.36,356.00,TWD
2026-08-06,DTC,SKU-007,CARE,7,6930.00,727.65,80.63,3083.85,TWD
2026-08-06,DTC,SKU-008,CARE,2,2180.00,228.90,25.36,1068.20,TWD
2026-08-06,DTC,SKU-009,CARE,6,7140.00,749.70,83.07,3819.90,TWD
2026-08-06,DTC,SKU-010,CARE,3,3870.00,406.35,45.03,2244.60,TWD
2026-08-06,DTC,SKU-011,ACCESSORIES,2,2780.00,291.90,32.35,1112.00,TWD
2026-08-06,DTC,SKU-012,ACCESSORIES,6,8940.00,938.70,104.02,3978.30,TWD
2026-08-06,DTC,SKU-013,ACCESSORIES,1,1590.00,166.95,37.00,779.10,TWD
2026-08-06,DTC,SKU-014,ACCESSORIES,4,6760.00,709.80,157.31,3616.60,TWD
2026-08-06,DTC,SKU-015,ACCESSORIES,2,3580.00,375.90,41.65,2076.40,TWD
2026-08-06,DTC,SKU-016,ELECTRONICS,4,7560.00,793.80,175.92,3024.00,TWD
2026-08-06,DTC,SKU-017,ELECTRONICS,4,7960.00,835.80,277.84,3542.20,TWD
2026-08-06,DTC,SKU-018,ELECTRONICS,5,10450.00,1097.25,364.76,5120.50,TWD
2026-08-06,DTC,SKU-019,ELECTRONICS,1,2290.00,240.45,53.29,1225.15,TWD
2026-08-06,DTC,SKU-020,ELECTRONICS,7,17430.00,1830.15,405.60,10109.40,TWD
2026-08-06,MARKETPLACE,SKU-001,HOME,4,1560.00,374.40,77.06,624.00,TWD
2026-08-06,MARKETPLACE,SKU-002,HOME,7,3430.00,823.20,169.44,1526.35,TWD
2026-08-06,MARKETPLACE,SKU-003,HOME,8,4720.00,1132.80,349.75,2312.80,TWD
2026-08-06,MARKETPLACE,SKU-004,HOME,2,1380.00,331.20,102.26,738.30,TWD
2026-08-06,MARKETPLACE,SKU-005,HOME,8,6320.00,1516.80,312.21,3665.60,TWD
2026-08-06,MARKETPLACE,SKU-006,CARE,4,3560.00,854.40,263.80,1424.00,TWD
2026-08-06,MARKETPLACE,SKU-007,CARE,2,1980.00,475.20,48.91,881.10,TWD
2026-08-06,MARKETPLACE,SKU-008,CARE,7,7630.00,1831.20,565.38,3738.70,TWD
2026-08-06,MARKETPLACE,SKU-009,CARE,2,2380.00,571.20,176.36,1273.30,TWD
2026-08-06,MARKETPLACE,SKU-010,CARE,5,6450.00,1548.00,318.63,3741.00,TWD
2026-08-06,MARKETPLACE,SKU-011,ACCESSORIES,2,2780.00,667.20,137.33,1112.00,TWD
2026-08-06,MARKETPLACE,SKU-012,ACCESSORIES,7,10430.00,2503.20,515.24,4641.35,TWD
2026-08-06,MARKETPLACE,SKU-013,ACCESSORIES,2,3180.00,763.20,157.09,1558.20,TWD
2026-08-06,MARKETPLACE,SKU-014,ACCESSORIES,8,13520.00,3244.80,333.94,7233.20,TWD
2026-08-06,MARKETPLACE,SKU-015,ACCESSORIES,5,8950.00,2148.00,221.07,5191.00,TWD
2026-08-06,MARKETPLACE,SKU-016,ELECTRONICS,7,13230.00,3175.20,326.78,5292.00,TWD
2026-08-06,MARKETPLACE,SKU-017,ELECTRONICS,8,15920.00,3820.80,786.45,7084.40,TWD
2026-08-06,MARKETPLACE,SKU-018,ELECTRONICS,3,6270.00,1504.80,464.61,3072.30,TWD
2026-08-06,MARKETPLACE,SKU-019,ELECTRONICS,7,16030.00,3847.20,791.88,8576.05,TWD
2026-08-06,MARKETPLACE,SKU-020,ELECTRONICS,2,4980.00,1195.20,369.02,2888.40,TWD
2026-08-07,DTC,SKU-001,HOME,6,2340.00,245.70,27.23,936.00,TWD
2026-08-07,DTC,SKU-002,HOME,5,2450.00,257.25,57.01,1090.25,TWD
2026-08-07,DTC,SKU-003,HOME,1,590.00,61.95,6.86,289.10,TWD
2026-08-07,DTC,SKU-004,HOME,3,2070.00,217.35,24.08,1107.45,TWD
2026-08-07,DTC,SKU-005,HOME,7,5530.00,580.65,64.34,3207.40,TWD
2026-08-07,DTC,SKU-006,CARE,4,3560.00,373.80,82.84,1424.00,TWD
2026-08-07,DTC,SKU-007,CARE,1,990.00,103.95,23.04,440.55,TWD
2026-08-07,DTC,SKU-008,CARE,3,3270.00,343.35,114.14,1602.30,TWD
2026-08-07,DTC,SKU-009,CARE,2,2380.00,249.90,55.38,1273.30,TWD
2026-08-07,DTC,SKU-010,CARE,2,2580.00,270.90,30.02,1496.40,TWD
2026-08-07,DTC,SKU-011,ACCESSORIES,5,6950.00,729.75,80.86,2780.00,TWD
2026-08-07,DTC,SKU-012,ACCESSORIES,3,4470.00,469.35,52.01,1989.15,TWD
2026-08-07,DTC,SKU-013,ACCESSORIES,7,11130.00,1168.65,388.49,5453.70,TWD
2026-08-07,DTC,SKU-014,ACCESSORIES,2,3380.00,354.90,39.33,1808.30,TWD
2026-08-07,DTC,SKU-015,ACCESSORIES,4,7160.00,751.80,249.92,4152.80,TWD
2026-08-07,DTC,SKU-016,ELECTRONICS,4,7560.00,793.80,175.92,3024.00,TWD
2026-08-07,DTC,SKU-017,ELECTRONICS,7,13930.00,1462.65,486.23,6198.85,TWD
2026-08-07,DTC,SKU-018,ELECTRONICS,4,8360.00,877.80,97.27,4096.40,TWD
2026-08-07,DTC,SKU-019,ELECTRONICS,6,13740.00,1442.70,479.59,7350.90,TWD
2026-08-07,DTC,SKU-020,ELECTRONICS,6,14940.00,1568.70,173.83,8665.20,TWD
2026-08-07,MARKETPLACE,SKU-001,HOME,2,780.00,187.20,57.80,312.00,TWD
2026-08-07,MARKETPLACE,SKU-002,HOME,4,1960.00,470.40,145.24,872.20,TWD
2026-08-07,MARKETPLACE,SKU-003,HOME,3,1770.00,424.80,43.72,867.30,TWD
2026-08-07,MARKETPLACE,SKU-004,HOME,4,2760.00,662.40,136.34,1476.60,TWD
2026-08-07,MARKETPLACE,SKU-005,HOME,5,3950.00,948.00,292.70,2291.00,TWD
2026-08-07,MARKETPLACE,SKU-006,CARE,6,5340.00,1281.60,263.80,2136.00,TWD
2026-08-07,MARKETPLACE,SKU-007,CARE,5,4950.00,1188.00,366.80,2202.75,TWD
2026-08-07,MARKETPLACE,SKU-008,CARE,8,8720.00,2092.80,215.38,4272.80,TWD
2026-08-07,MARKETPLACE,SKU-009,CARE,8,9520.00,2284.80,705.43,5093.20,TWD
2026-08-07,MARKETPLACE,SKU-010,CARE,3,3870.00,928.80,191.18,2244.60,TWD
2026-08-07,MARKETPLACE,SKU-011,ACCESSORIES,2,2780.00,667.20,137.33,1112.00,TWD
2026-08-07,MARKETPLACE,SKU-012,ACCESSORIES,4,5960.00,1430.40,147.21,2652.20,TWD
2026-08-07,MARKETPLACE,SKU-013,ACCESSORIES,3,4770.00,1144.80,235.64,2337.30,TWD
2026-08-07,MARKETPLACE,SKU-014,ACCESSORIES,8,13520.00,3244.80,333.94,7233.20,TWD
2026-08-07,MARKETPLACE,SKU-015,ACCESSORIES,2,3580.00,859.20,176.85,2076.40,TWD
2026-08-07,MARKETPLACE,SKU-016,ELECTRONICS,4,7560.00,1814.40,373.46,3024.00,TWD
2026-08-07,MARKETPLACE,SKU-017,ELECTRONICS,6,11940.00,2865.60,294.92,5313.30,TWD
2026-08-07,MARKETPLACE,SKU-018,ELECTRONICS,2,4180.00,1003.20,309.74,2048.20,TWD
2026-08-07,MARKETPLACE,SKU-019,ELECTRONICS,5,11450.00,2748.00,282.82,6125.75,TWD
2026-08-07,MARKETPLACE,SKU-020,ELECTRONICS,6,14940.00,3585.60,1107.05,8665.20,TWD
2026-08-08,DTC,SKU-001,HOME,6,2340.00,245.70,27.23,936.00,TWD
2026-08-08,DTC,SKU-002,HOME,7,3430.00,360.15,119.72,1526.35,TWD
2026-08-08,DTC,SKU-003,HOME,6,3540.00,371.70,82.38,1734.60,TWD
2026-08-08,DTC,SKU-004,HOME,1,690.00,72.45,16.06,369.15,TWD
2026-08-08,DTC,SKU-005,HOME,6,4740.00,497.70,165.45,2749.20,TWD
2026-08-08,DTC,SKU-006,CARE,4,3560.00,373.80,41.42,1424.00,TWD
2026-08-08,DTC,SKU-007,CARE,2,1980.00,207.90,23.04,881.10,TWD
2026-08-08,DTC,SKU-008,CARE,2,2180.00,228.90,76.09,1068.20,TWD
2026-08-08,DTC,SKU-009,CARE,6,7140.00,749.70,83.07,3819.90,TWD
2026-08-08,DTC,SKU-010,CARE,4,5160.00,541.80,180.11,2992.80,TWD
2026-08-08,DTC,SKU-011,ACCESSORIES,4,5560.00,583.80,64.69,2224.00,TWD
2026-08-08,DTC,SKU-012,ACCESSORIES,7,10430.00,1095.15,364.06,4641.35,TWD
2026-08-08,DTC,SKU-013,ACCESSORIES,6,9540.00,1001.70,332.99,4674.60,TWD
2026-08-08,DTC,SKU-014,ACCESSORIES,5,8450.00,887.25,294.95,4520.75,TWD
2026-08-08,DTC,SKU-015,ACCESSORIES,6,10740.00,1127.70,374.88,6229.20,TWD
2026-08-08,DTC,SKU-016,ELECTRONICS,3,5670.00,595.35,131.94,2268.00,TWD
2026-08-08,DTC,SKU-017,ELECTRONICS,1,1990.00,208.95,69.46,885.55,TWD
2026-08-08,DTC,SKU-018,ELECTRONICS,1,2090.00,219.45,48.63,1024.10,TWD
2026-08-08,DTC,SKU-019,ELECTRONICS,6,13740.00,1442.70,319.73,7350.90,TWD
2026-08-08,DTC,SKU-020,ELECTRONICS,6,14940.00,1568.70,521.48,8665.20,TWD
2026-08-08,MARKETPLACE,SKU-001,HOME,4,1560.00,374.40,38.53,624.00,TWD
2026-08-08,MARKETPLACE,SKU-002,HOME,4,1960.00,470.40,145.24,872.20,TWD
2026-08-08,MARKETPLACE,SKU-003,HOME,5,2950.00,708.00,72.87,1445.50,TWD
2026-08-08,MARKETPLACE,SKU-004,HOME,5,3450.00,828.00,170.43,1845.75,TWD
2026-08-08,MARKETPLACE,SKU-005,HOME,5,3950.00,948.00,195.13,2291.00,TWD
2026-08-08,MARKETPLACE,SKU-006,CARE,6,5340.00,1281.60,131.90,2136.00,TWD
2026-08-08,MARKETPLACE,SKU-007,CARE,3,2970.00,712.80,146.72,1321.65,TWD
2026-08-08,MARKETPLACE,SKU-008,CARE,3,3270.00,784.80,80.77,1602.30,TWD
2026-08-08,MARKETPLACE,SKU-009,CARE,2,2380.00,571.20,117.57,1273.30,TWD
2026-08-08,MARKETPLACE,SKU-010,CARE,5,6450.00,1548.00,159.32,3741.00,TWD
2026-08-08,MARKETPLACE,SKU-011,ACCESSORIES,4,5560.00,1334.40,137.33,2224.00,TWD
2026-08-08,MARKETPLACE,SKU-012,ACCESSORIES,6,8940.00,2145.60,220.82,3978.30,TWD
2026-08-08,MARKETPLACE,SKU-013,ACCESSORIES,4,6360.00,1526.40,471.28,3116.40,TWD
2026-08-08,MARKETPLACE,SKU-014,ACCESSORIES,6,10140.00,2433.60,500.92,5424.90,TWD
2026-08-08,MARKETPLACE,SKU-015,ACCESSORIES,8,14320.00,3436.80,707.41,8305.60,TWD
2026-08-08,MARKETPLACE,SKU-016,ELECTRONICS,6,11340.00,2721.60,840.29,4536.00,TWD
2026-08-08,MARKETPLACE,SKU-017,ELECTRONICS,4,7960.00,1910.40,196.61,3542.20,TWD
2026-08-08,MARKETPLACE,SKU-018,ELECTRONICS,8,16720.00,4012.80,412.98,8192.80,TWD
2026-08-08,MARKETPLACE,SKU-019,ELECTRONICS,8,18320.00,4396.80,1357.51,9801.20,TWD
2026-08-08,MARKETPLACE,SKU-020,ELECTRONICS,5,12450.00,2988.00,307.52,7221.00,TWD
2026-08-09,DTC,SKU-001,HOME,5,1950.00,204.75,68.06,780.00,TWD
2026-08-09,DTC,SKU-002,HOME,1,490.00,51.45,17.10,218.05,TWD
2026-08-09,DTC,SKU-003,HOME,6,3540.00,371.70,123.56,1734.60,TWD
2026-08-09,DTC,SKU-004,HOME,2,1380.00,144.90,48.17,738.30,TWD
2026-08-09,DTC,SKU-005,HOME,7,5530.00,580.65,193.02,3207.40,TWD
2026-08-09,DTC,SKU-006,CARE,1,890.00,93.45,31.07,356.00,TWD
2026-08-09,DTC,SKU-007,CARE,5,4950.00,519.75,115.19,2202.75,TWD
2026-08-09,DTC,SKU-008,CARE,1,1090.00,114.45,25.36,534.10,TWD
2026-08-09,DTC,SKU-009,CARE,1,1190.00,124.95,41.54,636.65,TWD
2026-08-09,DTC,SKU-010,CARE,6,7740.00,812.70,270.16,4489.20,TWD
2026-08-09,DTC,SKU-011,ACCESSORIES,3,4170.00,437.85,48.52,1668.00,TWD
2026-08-09,DTC,SKU-012,ACCESSORIES,5,7450.00,782.25,173.36,3315.25,TWD
2026-08-09,DTC,SKU-013,ACCESSORIES,1,1590.00,166.95,55.50,779.10,TWD
2026-08-09,DTC,SKU-014,ACCESSORIES,3,5070.00,532.35,58.99,2712.45,TWD
2026-08-09,DTC,SKU-015,ACCESSORIES,1,1790.00,187.95,62.48,1038.20,TWD
2026-08-09,DTC,SKU-016,ELECTRONICS,5,9450.00,992.25,109.95,3780.00,TWD
2026-08-09,DTC,SKU-017,ELECTRONICS,4,7960.00,835.80,277.84,3542.20,TWD
2026-08-09,DTC,SKU-018,ELECTRONICS,5,10450.00,1097.25,121.59,5120.50,TWD
2026-08-09,DTC,SKU-019,ELECTRONICS,2,4580.00,480.90,53.29,2450.30,TWD
2026-08-09,DTC,SKU-020,ELECTRONICS,3,7470.00,784.35,86.91,4332.60,TWD
2026-08-09,MARKETPLACE,SKU-001,HOME,4,1560.00,374.40,38.53,624.00,TWD
2026-08-09,MARKETPLACE,SKU-002,HOME,4,1960.00,470.40,48.41,872.20,TWD
2026-08-09,MARKETPLACE,SKU-003,HOME,6,3540.00,849.60,262.31,1734.60,TWD
2026-08-09,MARKETPLACE,SKU-004,HOME,5,3450.00,828.00,255.65,1845.75,TWD
2026-08-09,MARKETPLACE,SKU-005,HOME,7,5530.00,1327.20,273.18,3207.40,TWD
2026-08-09,MARKETPLACE,SKU-006,CARE,5,4450.00,1068.00,109.92,1780.00,TWD
2026-08-09,MARKETPLACE,SKU-007,CARE,2,1980.00,475.20,97.81,881.10,TWD
2026-08-09,MARKETPLACE,SKU-008,CARE,6,6540.00,1569.60,484.61,3204.60,TWD
2026-08-09,MARKETPLACE,SKU-009,CARE,4,4760.00,1142.40,352.72,2546.60,TWD
2026-08-09,MARKETPLACE,SKU-010,CARE,3,3870.00,928.80,286.77,2244.60,TWD
2026-08-09,MARKETPLACE,SKU-011,ACCESSORIES,2,2780.00,667.20,137.33,1112.00,TWD
2026-08-09,MARKETPLACE,SKU-012,ACCESSORIES,6,8940.00,2145.60,441.64,3978.30,TWD
2026-08-09,MARKETPLACE,SKU-013,ACCESSORIES,7,11130.00,2671.20,274.91,5453.70,TWD
2026-08-09,MARKETPLACE,SKU-014,ACCESSORIES,5,8450.00,2028.00,208.72,4520.75,TWD
2026-08-09,MARKETPLACE,SKU-015,ACCESSORIES,2,3580.00,859.20,265.28,2076.40,TWD
2026-08-09,MARKETPLACE,SKU-016,ELECTRONICS,2,3780.00,907.20,93.37,1512.00,TWD
2026-08-09,MARKETPLACE,SKU-017,ELECTRONICS,8,15920.00,3820.80,786.45,7084.40,TWD
2026-08-09,MARKETPLACE,SKU-018,ELECTRONICS,7,14630.00,3511.20,361.36,7168.70,TWD
2026-08-09,MARKETPLACE,SKU-019,ELECTRONICS,5,11450.00,2748.00,565.63,6125.75,TWD
2026-08-09,MARKETPLACE,SKU-020,ELECTRONICS,2,4980.00,1195.20,246.01,2888.40,TWD
2026-08-10,DTC,SKU-001,HOME,2,780.00,81.90,9.08,312.00,TWD
2026-08-10,DTC,SKU-002,HOME,1,490.00,51.45,17.10,218.05,TWD
2026-08-10,DTC,SKU-003,HOME,5,2950.00,309.75,34.32,1445.50,TWD
2026-08-10,DTC,SKU-004,HOME,1,690.00,72.45,8.03,369.15,TWD
2026-08-10,DTC,SKU-005,HOME,1,790.00,82.95,18.38,458.20,TWD
2026-08-10,DTC,SKU-006,CARE,6,5340.00,560.70,62.13,2136.00,TWD
2026-08-10,DTC,SKU-007,CARE,2,1980.00,207.90,23.04,881.10,TWD
2026-08-10,DTC,SKU-008,CARE,3,3270.00,343.35,38.05,1602.30,TWD
2026-08-10,DTC,SKU-009,CARE,2,2380.00,249.90,27.69,1273.30,TWD
2026-08-10,DTC,SKU-010,CARE,2,2580.00,270.90,60.04,1496.40,TWD
2026-08-10,DTC,SKU-011,ACCESSORIES,5,6950.00,729.75,161.73,2780.00,TWD
2026-08-10,DTC,SKU-012,ACCESSORIES,3,4470.00,469.35,104.02,1989.15,TWD
2026-08-10,DTC,SKU-013,ACCESSORIES,5,7950.00,834.75,185.00,3895.50,TWD
2026-08-10,DTC,SKU-014,ACCESSORIES,5,8450.00,887.25,98.32,4520.75,TWD
2026-08-10,DTC,SKU-015,ACCESSORIES,4,7160.00,751.80,249.92,4152.80,TWD
2026-08-10,DTC,SKU-016,ELECTRONICS,3,5670.00,595.35,65.97,2268.00,TWD
2026-08-10,DTC,SKU-017,ELECTRONICS,5,9950.00,1044.75,115.77,4427.75,TWD
2026-08-10,DTC,SKU-018,ELECTRONICS,6,12540.00,1316.70,145.90,6144.60,TWD
2026-08-10,DTC,SKU-019,ELECTRONICS,4,9160.00,961.80,106.58,4900.60,TWD
2026-08-10,DTC,SKU-020,ELECTRONICS,4,9960.00,1045.80,347.65,5776.80,TWD
2026-08-10,MARKETPLACE,SKU-001,HOME,2,780.00,187.20,57.80,312.00,TWD
2026-08-10,MARKETPLACE,SKU-002,HOME,5,2450.00,588.00,181.55,1090.25,TWD
2026-08-10,MARKETPLACE,SKU-003,HOME,7,4130.00,991.20,204.02,2023.70,TWD
2026-08-10,MARKETPLACE,SKU-004,HOME,5,3450.00,828.00,255.65,1845.75,TWD
2026-08-10,MARKETPLACE,SKU-005,HOME,5,3950.00,948.00,97.57,2291.00,TWD
2026-08-10,MARKETPLACE,SKU-006,CARE,4,3560.00,854.40,87.93,1424.00,TWD
2026-08-10,MARKETPLACE,SKU-007,CARE,8,7920.00,1900.80,586.87,3524.40,TWD
2026-08-10,MARKETPLACE,SKU-008,CARE,5,5450.00,1308.00,269.23,2670.50,TWD
2026-08-10,MARKETPLACE,SKU-009,CARE,8,9520.00,2284.80,470.29,5093.20,TWD
2026-08-10,MARKETPLACE,SKU-010,CARE,3,3870.00,928.80,191.18,2244.60,TWD
2026-08-10,MARKETPLACE,SKU-011,ACCESSORIES,4,5560.00,1334.40,412.00,2224.00,TWD
2026-08-10,MARKETPLACE,SKU-012,ACCESSORIES,5,7450.00,1788.00,552.05,3315.25,TWD
2026-08-10,MARKETPLACE,SKU-013,ACCESSORIES,4,6360.00,1526.40,157.09,3116.40,TWD
2026-08-10,MARKETPLACE,SKU-014,ACCESSORIES,8,13520.00,3244.80,1001.83,7233.20,TWD
2026-08-10,MARKETPLACE,SKU-015,ACCESSORIES,3,5370.00,1288.80,265.28,3114.60,TWD
2026-08-10,MARKETPLACE,SKU-016,ELECTRONICS,2,3780.00,907.20,280.10,1512.00,TWD
2026-08-10,MARKETPLACE,SKU-017,ELECTRONICS,7,13930.00,3343.20,344.07,6198.85,TWD
2026-08-10,MARKETPLACE,SKU-018,ELECTRONICS,6,12540.00,3009.60,309.74,6144.60,TWD
2026-08-10,MARKETPLACE,SKU-019,ELECTRONICS,4,9160.00,2198.40,678.76,4900.60,TWD
2026-08-10,MARKETPLACE,SKU-020,ELECTRONICS,6,14940.00,3585.60,1107.05,8665.20,TWD
2026-08-11,DTC,SKU-001,HOME,6,2340.00,245.70,54.45,936.00,TWD
2026-08-11,DTC,SKU-002,HOME,5,2450.00,257.25,85.52,1090.25,TWD
2026-08-11,DTC,SKU-003,HOME,7,4130.00,433.65,48.05,2023.70,TWD
2026-08-11,DTC,SKU-004,HOME,3,2070.00,217.35,48.17,1107.45,TWD
2026-08-11,DTC,SKU-005,HOME,1,790.00,82.95,9.19,458.20,TWD
2026-08-11,DTC,SKU-006,CARE,1,890.00,93.45,31.07,356.00,TWD
2026-08-11,DTC,SKU-007,CARE,2,1980.00,207.90,69.11,881.10,TWD
2026-08-11,DTC,SKU-008,CARE,4,4360.00,457.80,152.19,2136.40,TWD
2026-08-11,DTC,SKU-009,CARE,5,5950.00,624.75,69.23,3183.25,TWD
2026-08-11,DTC,SKU-010,CARE,3,3870.00,406.35,135.08,2244.60,TWD
2026-08-11,DTC,SKU-011,ACCESSORIES,4,5560.00,583.80,194.07,2224.00,TWD
2026-08-11,DTC,SKU-012,ACCESSORIES,7,10430.00,1095.15,242.71,4641.35,TWD
2026-08-11,DTC,SKU-013,ACCESSORIES,4,6360.00,667.80,148.00,3116.40,TWD
2026-08-11,DTC,SKU-014,ACCESSORIES,3,5070.00,532.35,176.97,2712.45,TWD
2026-08-11,DTC,SKU-015,ACCESSORIES,3,5370.00,563.85,62.48,3114.60,TWD
2026-08-11,DTC,SKU-016,ELECTRONICS,3,5670.00,595.35,65.97,2268.00,TWD
2026-08-11,DTC,SKU-017,ELECTRONICS,4,7960.00,835.80,277.84,3542.20,TWD
2026-08-11,DTC,SKU-018,ELECTRONICS,3,6270.00,658.35,72.95,3072.30,TWD
2026-08-11,DTC,SKU-019,ELECTRONICS,1,2290.00,240.45,53.29,1225.15,TWD
2026-08-11,DTC,SKU-020,ELECTRONICS,2,4980.00,522.90,57.94,2888.40,TWD
2026-08-11,MARKETPLACE,SKU-001,HOME,3,1170.00,280.80,28.90,468.00,TWD
2026-08-11,MARKETPLACE,SKU-002,HOME,6,2940.00,705.60,217.85,1308.30,TWD
2026-08-11,MARKETPLACE,SKU-003,HOME,5,2950.00,708.00,218.60,1445.50,TWD
2026-08-11,MARKETPLACE,SKU-004,HOME,6,4140.00,993.60,204.52,2214.90,TWD
2026-08-11,MARKETPLACE,SKU-005,HOME,8,6320.00,1516.80,312.21,3665.60,TWD
2026-08-11,MARKETPLACE,SKU-006,CARE,6,5340.00,1281.60,131.90,2136.00,TWD
2026-08-11,MARKETPLACE,SKU-007,CARE,4,3960.00,950.40,97.81,1762.20,TWD
2026-08-11,MARKETPLACE,SKU-008,CARE,4,4360.00,1046.40,215.38,2136.40,TWD
2026-08-11,MARKETPLACE,SKU-009,CARE,3,3570.00,856.80,264.54,1909.95,TWD
2026-08-11,MARKETPLACE,SKU-010,CARE,5,6450.00,1548.00,318.63,3741.00,TWD
2026-08-11,MARKETPLACE,SKU-011,ACCESSORIES,2,2780.00,667.20,68.67,1112.00,TWD
2026-08-11,MARKETPLACE,SKU-012,ACCESSORIES,5,7450.00,1788.00,368.03,3315.25,TWD
2026-08-11,MARKETPLACE,SKU-013,ACCESSORIES,2,3180.00,763.20,235.64,1558.20,TWD
2026-08-11,MARKETPLACE,SKU-014,ACCESSORIES,5,8450.00,2028.00,626.15,4520.75,TWD
2026-08-11,MARKETPLACE,SKU-015,ACCESSORIES,7,12530.00,3007.20,618.98,7267.40,TWD
2026-08-11,MARKETPLACE,SKU-016,ELECTRONICS,8,15120.00,3628.80,1120.39,6048.00,TWD
2026-08-11,MARKETPLACE,SKU-017,ELECTRONICS,6,11940.00,2865.60,589.84,5313.30,TWD
2026-08-11,MARKETPLACE,SKU-018,ELECTRONICS,7,14630.00,3511.20,1084.08,7168.70,TWD
2026-08-11,MARKETPLACE,SKU-019,ELECTRONICS,6,13740.00,3297.60,339.38,7350.90,TWD
2026-08-11,MARKETPLACE,SKU-020,ELECTRONICS,8,19920.00,4780.80,1476.07,11553.60,TWD
2026-08-12,DTC,SKU-001,HOME,6,2340.00,245.70,27.23,936.00,TWD
2026-08-12,DTC,SKU-002,HOME,6,2940.00,308.70,102.62,1308.30,TWD
2026-08-12,DTC,SKU-003,HOME,6,3540.00,371.70,123.56,1734.60,TWD
2026-08-12,DTC,SKU-004,HOME,7,4830.00,507.15,56.20,2584.05,TWD
2026-08-12,DTC,SKU-005,HOME,2,1580.00,165.90,36.77,916.40,TWD
2026-08-12,DTC,SKU-006,CARE,4,3560.00,373.80,41.42,1424.00,TWD
2026-08-12,DTC,SKU-007,CARE,3,2970.00,311.85,103.67,1321.65,TWD
2026-08-12,DTC,SKU-008,CARE,1,1090.00,114.45,12.68,534.10,TWD
2026-08-12,DTC,SKU-009,CARE,2,2380.00,249.90,55.38,1273.30,TWD
2026-08-12,DTC,SKU-010,CARE,6,7740.00,812.70,180.11,4489.20,TWD
2026-08-12,DTC,SKU-011,ACCESSORIES,3,4170.00,437.85,145.55,1668.00,TWD
2026-08-12,DTC,SKU-012,ACCESSORIES,3,4470.00,469.35,104.02,1989.15,TWD
2026-08-12,DTC,SKU-013,ACCESSORIES,7,11130.00,1168.65,388.49,5453.70,TWD
2026-08-12,DTC,SKU-014,ACCESSORIES,1,1690.00,177.45,39.33,904.15,TWD
2026-08-12,DTC,SKU-015,ACCESSORIES,2,3580.00,375.90,83.31,2076.40,TWD
2026-08-12,DTC,SKU-016,ELECTRONICS,5,9450.00,992.25,109.95,3780.00,TWD
2026-08-12,DTC,SKU-017,ELECTRONICS,4,7960.00,835.80,277.84,3542.20,TWD
2026-08-12,DTC,SKU-018,ELECTRONICS,1,2090.00,219.45,48.63,1024.10,TWD
2026-08-12,DTC,SKU-019,ELECTRONICS,7,16030.00,1683.15,186.51,8576.05,TWD
2026-08-12,DTC,SKU-020,ELECTRONICS,7,17430.00,1830.15,405.60,10109.40,TWD
2026-08-12,MARKETPLACE,SKU-001,HOME,2,780.00,187.20,57.80,312.00,TWD
2026-08-12,MARKETPLACE,SKU-002,HOME,5,2450.00,588.00,121.03,1090.25,TWD
2026-08-12,MARKETPLACE,SKU-003,HOME,2,1180.00,283.20,87.44,578.20,TWD
2026-08-12,MARKETPLACE,SKU-004,HOME,7,4830.00,1159.20,119.30,2584.05,TWD
2026-08-12,MARKETPLACE,SKU-005,HOME,2,1580.00,379.20,117.08,916.40,TWD
2026-08-12,MARKETPLACE,SKU-006,CARE,7,6230.00,1495.20,153.88,2492.00,TWD
2026-08-12,MARKETPLACE,SKU-007,CARE,7,6930.00,1663.20,513.51,3083.85,TWD
2026-08-12,MARKETPLACE,SKU-008,CARE,8,8720.00,2092.80,430.77,4272.80,TWD
2026-08-12,MARKETPLACE,SKU-009,CARE,3,3570.00,856.80,88.18,1909.95,TWD
2026-08-12,MARKETPLACE,SKU-010,CARE,4,5160.00,1238.40,254.90,2992.80,TWD
2026-08-12,MARKETPLACE,SKU-011,ACCESSORIES,2,2780.00,667.20,68.67,1112.00,TWD
2026-08-12,MARKETPLACE,SKU-012,ACCESSORIES,8,11920.00,2860.80,294.42,5304.40,TWD
2026-08-12,MARKETPLACE,SKU-013,ACCESSORIES,4,6360.00,1526.40,314.18,3116.40,TWD
2026-08-12,MARKETPLACE,SKU-014,ACCESSORIES,2,3380.00,811.20,83.49,1808.30,TWD
2026-08-12,MARKETPLACE,SKU-015,ACCESSORIES,3,5370.00,1288.80,132.64,3114.60,TWD
2026-08-12,MARKETPLACE,SKU-016,ELECTRONICS,7,13230.00,3175.20,326.78,5292.00,TWD
2026-08-12,MARKETPLACE,SKU-017,ELECTRONICS,8,15920.00,3820.80,1179.67,7084.40,TWD
2026-08-12,MARKETPLACE,SKU-018,ELECTRONICS,7,14630.00,3511.20,1084.08,7168.70,TWD
2026-08-12,MARKETPLACE,SKU-019,ELECTRONICS,7,16030.00,3847.20,791.88,8576.05,TWD
2026-08-12,MARKETPLACE,SKU-020,ELECTRONICS,2,4980.00,1195.20,369.02,2888.40,TWD
2026-08-13,DTC,SKU-001,HOME,1,390.00,40.95,9.08,156.00,TWD
2026-08-13,DTC,SKU-002,HOME,3,1470.00,154.35,34.21,654.15,TWD
2026-08-13,DTC,SKU-003,HOME,2,1180.00,123.90,13.73,578.20,TWD
2026-08-13,DTC,SKU-004,HOME,1,690.00,72.45,8.03,369.15,TWD
2026-08-13,DTC,SKU-005,HOME,5,3950.00,414.75,45.96,2291.00,TWD
2026-08-13,DTC,SKU-006,CARE,6,5340.00,560.70,124.26,2136.00,TWD
2026-08-13,DTC,SKU-007,CARE,4,3960.00,415.80,138.22,1762.20,TWD
2026-08-13,DTC,SKU-008,CARE,6,6540.00,686.70,152.19,3204.60,TWD
2026-08-13,DTC,SKU-009,CARE,6,7140.00,749.70,83.07,3819.90,TWD
2026-08-13,DTC,SKU-010,CARE,5,6450.00,677.25,225.14,3741.00,TWD
2026-08-13,DTC,SKU-011,ACCESSORIES,2,2780.00,291.90,97.04,1112.00,TWD
2026-08-13,DTC,SKU-012,ACCESSORIES,4,5960.00,625.80,69.34,2652.20,TWD
2026-08-13,DTC,SKU-013,ACCESSORIES,4,6360.00,667.80,222.00,3116.40,TWD
2026-08-13,DTC,SKU-014,ACCESSORIES,5,8450.00,887.25,98.32,4520.75,TWD
2026-08-13,DTC,SKU-015,ACCESSORIES,6,10740.00,1127.70,249.92,6229.20,TWD
2026-08-13,DTC,SKU-016,ELECTRONICS,5,9450.00,992.25,329.85,3780.00,TWD
2026-08-13,DTC,SKU-017,ELECTRONICS,2,3980.00,417.90,92.61,1771.10,TWD
2026-08-13,DTC,SKU-018,ELECTRONICS,1,2090.00,219.45,48.63,1024.10,TWD
2026-08-13,DTC,SKU-019,ELECTRONICS,3,6870.00,721.35,159.86,3675.45,TWD
2026-08-13,DTC,SKU-020,ELECTRONICS,7,17430.00,1830.15,405.60,10109.40,TWD
2026-08-13,MARKETPLACE,SKU-001,HOME,7,2730.00,655.20,67.43,1092.00,TWD
2026-08-13,MARKETPLACE,SKU-002,HOME,4,1960.00,470.40,96.82,872.20,TWD
2026-08-13,MARKETPLACE,SKU-003,HOME,6,3540.00,849.60,174.88,1734.60,TWD
2026-08-13,MARKETPLACE,SKU-004,HOME,8,5520.00,1324.80,272.69,2953.20,TWD
2026-08-13,MARKETPLACE,SKU-005,HOME,5,3950.00,948.00,195.13,2291.00,TWD
2026-08-13,MARKETPLACE,SKU-006,CARE,6,5340.00,1281.60,263.80,2136.00,TWD
2026-08-13,MARKETPLACE,SKU-007,CARE,6,5940.00,1425.60,440.15,2643.30,TWD
2026-08-13,MARKETPLACE,SKU-008,CARE,6,6540.00,1569.60,323.08,3204.60,TWD
2026-08-13,MARKETPLACE,SKU-009,CARE,6,7140.00,1713.60,176.36,3819.90,TWD
2026-08-13,MARKETPLACE,SKU-010,CARE,7,9030.00,2167.20,223.04,5237.40,TWD
2026-08-13,MARKETPLACE,SKU-011,ACCESSORIES,8,11120.00,2668.80,274.66,4448.00,TWD
2026-08-13,MARKETPLACE,SKU-012,ACCESSORIES,6,8940.00,2145.60,662.45,3978.30,TWD
2026-08-13,MARKETPLACE,SKU-013,ACCESSORIES,3,4770.00,1144.80,117.82,2337.30,TWD
2026-08-13,MARKETPLACE,SKU-014,ACCESSORIES,8,13520.00,3244.80,333.94,7233.20,TWD
2026-08-13,MARKETPLACE,SKU-015,ACCESSORIES,7,12530.00,3007.20,309.49,7267.40,TWD
2026-08-13,MARKETPLACE,SKU-016,ELECTRONICS,3,5670.00,1360.80,140.05,2268.00,TWD
2026-08-13,MARKETPLACE,SKU-017,ELECTRONICS,8,15920.00,3820.80,786.45,7084.40,TWD
2026-08-13,MARKETPLACE,SKU-018,ELECTRONICS,8,16720.00,4012.80,412.98,8192.80,TWD
2026-08-13,MARKETPLACE,SKU-019,ELECTRONICS,2,4580.00,1099.20,226.25,2450.30,TWD
2026-08-13,MARKETPLACE,SKU-020,ELECTRONICS,8,19920.00,4780.80,984.05,11553.60,TWD
2026-08-14,DTC,SKU-001,HOME,6,2340.00,245.70,81.68,936.00,TWD
2026-08-14,DTC,SKU-002,HOME,4,1960.00,205.80,45.61,872.20,TWD
2026-08-14,DTC,SKU-003,HOME,1,590.00,61.95,20.59,289.10,TWD
2026-08-14,DTC,SKU-004,HOME,2,1380.00,144.90,16.06,738.30,TWD
2026-08-14,DTC,SKU-005,HOME,7,5530.00,580.65,128.68,3207.40,TWD
2026-08-14,DTC,SKU-006,CARE,5,4450.00,467.25,103.55,1780.00,TWD
2026-08-14,DTC,SKU-007,CARE,4,3960.00,415.80,46.07,1762.20,TWD
2026-08-14,DTC,SKU-008,CARE,6,6540.00,686.70,152.19,3204.60,TWD
2026-08-14,DTC,SKU-009,CARE,6,7140.00,749.70,166.15,3819.90,TWD
2026-08-14,DTC,SKU-010,CARE,2,2580.00,270.90,30.02,1496.40,TWD
2026-08-14,DTC,SKU-011,ACCESSORIES,5,6950.00,729.75,161.73,2780.00,TWD
2026-08-14,DTC,SKU-012,ACCESSORIES,1,1490.00,156.45,34.67,663.05,TWD
2026-08-14,DTC,SKU-013,ACCESSORIES,7,11130.00,1168.65,388.49,5453.70,TWD
2026-08-14,DTC,SKU-014,ACCESSORIES,2,3380.00,354.90,39.33,1808.30,TWD
2026-08-14,DTC,SKU-015,ACCESSORIES,7,12530.00,1315.65,437.36,7267.40,TWD
2026-08-14,DTC,SKU-016,ELECTRONICS,1,1890.00,198.45,65.97,756.00,TWD
2026-08-14,DTC,SKU-017,ELECTRONICS,6,11940.00,1253.70,277.84,5313.30,TWD
2026-08-14,DTC,SKU-018,ELECTRONICS,5,10450.00,1097.25,364.76,5120.50,TWD
2026-08-14,DTC,SKU-019,ELECTRONICS,5,11450.00,1202.25,266.44,6125.75,TWD
2026-08-14,DTC,SKU-020,ELECTRONICS,2,4980.00,522.90,57.94,2888.40,TWD
2026-08-14,MARKETPLACE,SKU-001,HOME,3,1170.00,280.80,28.90,468.00,TWD
2026-08-14,MARKETPLACE,SKU-002,HOME,5,2450.00,588.00,121.03,1090.25,TWD
2026-08-14,MARKETPLACE,SKU-003,HOME,2,1180.00,283.20,29.15,578.20,TWD
2026-08-14,MARKETPLACE,SKU-004,HOME,3,2070.00,496.80,51.13,1107.45,TWD
2026-08-14,MARKETPLACE,SKU-005,HOME,3,2370.00,568.80,117.08,1374.60,TWD
2026-08-14,MARKETPLACE,SKU-006,CARE,7,6230.00,1495.20,153.88,2492.00,TWD
2026-08-14,MARKETPLACE,SKU-007,CARE,4,3960.00,950.40,293.44,1762.20,TWD
2026-08-14,MARKETPLACE,SKU-008,CARE,4,4360.00,1046.40,107.69,2136.40,TWD
2026-08-14,MARKETPLACE,SKU-009,CARE,3,3570.00,856.80,176.36,1909.95,TWD
2026-08-14,MARKETPLACE,SKU-010,CARE,6,7740.00,1857.60,573.53,4489.20,TWD
2026-08-14,MARKETPLACE,SKU-011,ACCESSORIES,6,8340.00,2001.60,412.00,3336.00,TWD
2026-08-14,MARKETPLACE,SKU-012,ACCESSORIES,3,4470.00,1072.80,220.82,1989.15,TWD
2026-08-14,MARKETPLACE,SKU-013,ACCESSORIES,4,6360.00,1526.40,471.28,3116.40,TWD
2026-08-14,MARKETPLACE,SKU-014,ACCESSORIES,6,10140.00,2433.60,500.92,5424.90,TWD
2026-08-14,MARKETPLACE,SKU-015,ACCESSORIES,5,8950.00,2148.00,663.20,5191.00,TWD
2026-08-14,MARKETPLACE,SKU-016,ELECTRONICS,6,11340.00,2721.60,840.29,4536.00,TWD
2026-08-14,MARKETPLACE,SKU-017,ELECTRONICS,5,9950.00,2388.00,737.30,4427.75,TWD
2026-08-14,MARKETPLACE,SKU-018,ELECTRONICS,5,10450.00,2508.00,516.23,5120.50,TWD
2026-08-14,MARKETPLACE,SKU-019,ELECTRONICS,5,11450.00,2748.00,565.63,6125.75,TWD
2026-08-14,MARKETPLACE,SKU-020,ELECTRONICS,8,19920.00,4780.80,984.05,11553.60,TWD
2026-08-15,DTC,SKU-001,HOME,1,390.00,40.95,4.54,156.00,TWD
2026-08-15,DTC,SKU-002,HOME,7,3430.00,360.15,79.82,1526.35,TWD
2026-08-15,DTC,SKU-003,HOME,6,3540.00,371.70,123.56,1734.60,TWD
2026-08-15,DTC,SKU-004,HOME,3,2070.00,217.35,24.08,1107.45,TWD
2026-08-15,DTC,SKU-005,HOME,7,5530.00,580.65,64.34,3207.40,TWD
2026-08-15,DTC,SKU-006,CARE,4,3560.00,373.80,41.42,1424.00,TWD
2026-08-15,DTC,SKU-007,CARE,4,3960.00,415.80,46.07,1762.20,TWD
2026-08-15,DTC,SKU-008,CARE,2,2180.00,228.90,25.36,1068.20,TWD
2026-08-15,DTC,SKU-009,CARE,5,5950.00,624.75,207.68,3183.25,TWD
2026-08-15,DTC,SKU-010,CARE,5,6450.00,677.25,75.05,3741.00,TWD
2026-08-15,DTC,SKU-011,ACCESSORIES,3,4170.00,437.85,48.52,1668.00,TWD
2026-08-15,DTC,SKU-012,ACCESSORIES,3,4470.00,469.35,104.02,1989.15,TWD
2026-08-15,DTC,SKU-013,ACCESSORIES,6,9540.00,1001.70,222.00,4674.60,TWD
2026-08-15,DTC,SKU-014,ACCESSORIES,6,10140.00,1064.70,353.94,5424.90,TWD
2026-08-15,DTC,SKU-015,ACCESSORIES,3,5370.00,563.85,124.96,3114.60,TWD
2026-08-15,DTC,SKU-016,ELECTRONICS,6,11340.00,1190.70,263.88,4536.00,TWD
2026-08-15,DTC,SKU-017,ELECTRONICS,6,11940.00,1253.70,138.92,5313.30,TWD
2026-08-15,DTC,SKU-018,ELECTRONICS,2,4180.00,438.90,48.63,2048.20,TWD
2026-08-15,DTC,SKU-019,ELECTRONICS,4,9160.00,961.80,106.58,4900.60,TWD
2026-08-15,DTC,SKU-020,ELECTRONICS,5,12450.00,1307.25,289.71,7221.00,TWD
2026-08-15,MARKETPLACE,SKU-001,HOME,4,1560.00,374.40,38.53,624.00,TWD
2026-08-15,MARKETPLACE,SKU-002,HOME,6,2940.00,705.60,145.24,1308.30,TWD
2026-08-15,MARKETPLACE,SKU-003,HOME,7,4130.00,991.20,102.01,2023.70,TWD
2026-08-15,MARKETPLACE,SKU-004,HOME,2,1380.00,331.20,102.26,738.30,TWD
2026-08-15,MARKETPLACE,SKU-005,HOME,6,4740.00,1137.60,117.08,2749.20,TWD
2026-08-15,MARKETPLACE,SKU-006,CARE,2,1780.00,427.20,43.97,712.00,TWD
2026-08-15,MARKETPLACE,SKU-007,CARE,6,5940.00,1425.60,440.15,2643.30,TWD
2026-08-15,MARKETPLACE,SKU-008,CARE,3,3270.00,784.80,80.77,1602.30,TWD
2026-08-15,MARKETPLACE,SKU-009,CARE,6,7140.00,1713.60,529.07,3819.90,TWD
2026-08-15,MARKETPLACE,SKU-010,CARE,2,2580.00,619.20,191.18,1496.40,TWD
2026-08-15,MARKETPLACE,SKU-011,ACCESSORIES,5,6950.00,1668.00,343.33,2780.00,TWD
2026-08-15,MARKETPLACE,SKU-012,ACCESSORIES,8,11920.00,2860.80,294.42,5304.40,TWD
2026-08-15,MARKETPLACE,SKU-013,ACCESSORIES,2,3180.00,763.20,235.64,1558.20,TWD
2026-08-15,MARKETPLACE,SKU-014,ACCESSORIES,4,6760.00,1622.40,333.94,3616.60,TWD
2026-08-15,MARKETPLACE,SKU-015,ACCESSORIES,5,8950.00,2148.00,221.07,5191.00,TWD
2026-08-15,MARKETPLACE,SKU-016,ELECTRONICS,7,13230.00,3175.20,326.78,5292.00,TWD
2026-08-15,MARKETPLACE,SKU-017,ELECTRONICS,8,15920.00,3820.80,393.22,7084.40,TWD
2026-08-15,MARKETPLACE,SKU-018,ELECTRONICS,3,6270.00,1504.80,309.74,3072.30,TWD
2026-08-15,MARKETPLACE,SKU-019,ELECTRONICS,6,13740.00,3297.60,678.76,7350.90,TWD
2026-08-15,MARKETPLACE,SKU-020,ELECTRONICS,8,19920.00,4780.80,1476.07,11553.60,TWD
2026-08-16,DTC,SKU-001,HOME,4,1560.00,163.80,54.45,624.00,TWD
2026-08-16,DTC,SKU-002,HOME,1,490.00,51.45,11.40,218.05,TWD
2026-08-16,DTC,SKU-003,HOME,7,4130.00,433.65,144.16,2023.70,TWD
2026-08-16,DTC,SKU-004,HOME,5,3450.00,362.25,80.28,1845.75,TWD
2026-08-16,DTC,SKU-005,HOME,4,3160.00,331.80,110.30,1832.80,TWD
2026-08-16,DTC,SKU-006,CARE,1,890.00,93.45,20.71,356.00,TWD
2026-08-16,DTC,SKU-007,CARE,6,5940.00,623.70,69.11,2643.30,TWD
2026-08-16,DTC,SKU-008,CARE,4,4360.00,457.80,152.19,2136.40,TWD
2026-08-16,DTC,SKU-009,CARE,6,7140.00,749.70,249.22,3819.90,TWD
2026-08-16,DTC,SKU-010,CARE,6,7740.00,812.70,90.05,4489.20,TWD
2026-08-16,DTC,SKU-011,ACCESSORIES,4,5560.00,583.80,64.69,2224.00,TWD
2026-08-16,DTC,SKU-012,ACCESSORIES,5,7450.00,782.25,260.04,3315.25,TWD
2026-08-16,DTC,SKU-013,ACCESSORIES,4,6360.00,667.80,74.00,3116.40,TWD
2026-08-16,DTC,SKU-014,ACCESSORIES,1,1690.00,177.45,58.99,904.15,TWD
2026-08-16,DTC,SKU-015,ACCESSORIES,3,5370.00,563.85,124.96,3114.60,TWD
2026-08-16,DTC,SKU-016,ELECTRONICS,7,13230.00,1389.15,153.93,5292.00,TWD
2026-08-16,DTC,SKU-017,ELECTRONICS,4,7960.00,835.80,277.84,3542.20,TWD
2026-08-16,DTC,SKU-018,ELECTRONICS,4,8360.00,877.80,97.27,4096.40,TWD
2026-08-16,DTC,SKU-019,ELECTRONICS,7,16030.00,1683.15,559.53,8576.05,TWD
2026-08-16,DTC,SKU-020,ELECTRONICS,3,7470.00,784.35,260.74,4332.60,TWD
2026-08-16,MARKETPLACE,SKU-001,HOME,6,2340.00,561.60,115.60,936.00,TWD
2026-08-16,MARKETPLACE,SKU-002,HOME,7,3430.00,823.20,169.44,1526.35,TWD
2026-08-16,MARKETPLACE,SKU-003,HOME,7,4130.00,991.20,102.01,2023.70,TWD
2026-08-16,MARKETPLACE,SKU-004,HOME,2,1380.00,331.20,68.17,738.30,TWD
2026-08-16,MARKETPLACE,SKU-005,HOME,3,2370.00,568.80,58.54,1374.60,TWD
2026-08-16,MARKETPLACE,SKU-006,CARE,3,2670.00,640.80,65.95,1068.00,TWD
2026-08-16,MARKETPLACE,SKU-007,CARE,2,1980.00,475.20,97.81,881.10,TWD
2026-08-16,MARKETPLACE,SKU-008,CARE,2,2180.00,523.20,107.69,1068.20,TWD
2026-08-16,MARKETPLACE,SKU-009,CARE,5,5950.00,1428.00,440.90,3183.25,TWD
2026-08-16,MARKETPLACE,SKU-010,CARE,7,9030.00,2167.20,446.08,5237.40,TWD
2026-08-16,MARKETPLACE,SKU-011,ACCESSORIES,2,2780.00,667.20,206.00,1112.00,TWD
2026-08-16,MARKETPLACE,SKU-012,ACCESSORIES,3,4470.00,1072.80,110.41,1989.15,TWD
2026-08-16,MARKETPLACE,SKU-013,ACCESSORIES,8,12720.00,3052.80,628.37,6232.80,TWD
2026-08-16,MARKETPLACE,SKU-014,ACCESSORIES,3,5070.00,1216.80,375.69,2712.45,TWD
2026-08-16,MARKETPLACE,SKU-015,ACCESSORIES,2,3580.00,859.20,176.85,2076.40,TWD
2026-08-16,MARKETPLACE,SKU-016,ELECTRONICS,4,7560.00,1814.40,373.46,3024.00,TWD
2026-08-16,MARKETPLACE,SKU-017,ELECTRONICS,6,11940.00,2865.60,884.75,5313.30,TWD
2026-08-16,MARKETPLACE,SKU-018,ELECTRONICS,4,8360.00,2006.40,206.49,4096.40,TWD
2026-08-16,MARKETPLACE,SKU-019,ELECTRONICS,3,6870.00,1648.80,509.07,3675.45,TWD
2026-08-16,MARKETPLACE,SKU-020,ELECTRONICS,3,7470.00,1792.80,553.53,4332.60,TWD
2026-08-17,DTC,SKU-001,HOME,7,2730.00,286.65,95.29,1092.00,TWD
2026-08-17,DTC,SKU-002,HOME,4,1960.00,205.80,22.80,872.20,TWD
2026-08-17,DTC,SKU-003,HOME,2,1180.00,123.90,27.46,578.20,TWD
2026-08-17,DTC,SKU-004,HOME,2,1380.00,144.90,48.17,738.30,TWD
2026-08-17,DTC,SKU-005,HOME,6,4740.00,497.70,165.45,2749.20,TWD
2026-08-17,DTC,SKU-006,CARE,3,2670.00,280.35,62.13,1068.00,TWD
2026-08-17,DTC,SKU-007,CARE,4,3960.00,415.80,92.15,1762.20,TWD
2026-08-17,DTC,SKU-008,CARE,5,5450.00,572.25,190.23,2670.50,TWD
2026-08-17,DTC,SKU-009,CARE,6,7140.00,749.70,83.07,3819.90,TWD
2026-08-17,DTC,SKU-010,CARE,6,7740.00,812.70,270.16,4489.20,TWD
2026-08-17,DTC,SKU-011,ACCESSORIES,3,4170.00,437.85,48.52,1668.00,TWD
2026-08-17,DTC,SKU-012,ACCESSORIES,7,10430.00,1095.15,364.06,4641.35,TWD
2026-08-17,DTC,SKU-013,ACCESSORIES,6,9540.00,1001.70,111.00,4674.60,TWD
2026-08-17,DTC,SKU-014,ACCESSORIES,6,10140.00,1064.70,353.94,5424.90,TWD
2026-08-17,DTC,SKU-015,ACCESSORIES,6,10740.00,1127.70,249.92,6229.20,TWD
2026-08-17,DTC,SKU-016,ELECTRONICS,4,7560.00,793.80,87.96,3024.00,TWD
2026-08-17,DTC,SKU-017,ELECTRONICS,3,5970.00,626.85,138.92,2656.65,TWD
2026-08-17,DTC,SKU-018,ELECTRONICS,1,2090.00,219.45,72.95,1024.10,TWD
2026-08-17,DTC,SKU-019,ELECTRONICS,7,16030.00,1683.15,373.02,8576.05,TWD
2026-08-17,DTC,SKU-020,ELECTRONICS,1,2490.00,261.45,57.94,1444.20,TWD
2026-08-17,MARKETPLACE,SKU-001,HOME,8,3120.00,748.80,231.19,1248.00,TWD
2026-08-17,MARKETPLACE,SKU-002,HOME,2,980.00,235.20,24.21,436.10,TWD
2026-08-17,MARKETPLACE,SKU-003,HOME,6,3540.00,849.60,87.44,1734.60,TWD
2026-08-17,MARKETPLACE,SKU-004,HOME,3,2070.00,496.80,51.13,1107.45,TWD
2026-08-17,MARKETPLACE,SKU-005,HOME,8,6320.00,1516.80,468.31,3665.60,TWD
2026-08-17,MARKETPLACE,SKU-006,CARE,8,7120.00,1708.80,527.59,2848.00,TWD
2026-08-17,MARKETPLACE,SKU-007,CARE,6,5940.00,1425.60,146.72,2643.30,TWD
2026-08-17,MARKETPLACE,SKU-008,CARE,3,3270.00,784.80,242.31,1602.30,TWD
2026-08-17,MARKETPLACE,SKU-009,CARE,8,9520.00,2284.80,470.29,5093.20,TWD
2026-08-17,MARKETPLACE,SKU-010,CARE,2,2580.00,619.20,191.18,1496.40,TWD
2026-08-17,MARKETPLACE,SKU-011,ACCESSORIES,3,4170.00,1000.80,206.00,1668.00,TWD
2026-08-17,MARKETPLACE,SKU-012,ACCESSORIES,8,11920.00,2860.80,294.42,5304.40,TWD
2026-08-17,MARKETPLACE,SKU-013,ACCESSORIES,3,4770.00,1144.80,117.82,2337.30,TWD
2026-08-17,MARKETPLACE,SKU-014,ACCESSORIES,6,10140.00,2433.60,500.92,5424.90,TWD
2026-08-17,MARKETPLACE,SKU-015,ACCESSORIES,6,10740.00,2577.60,265.28,6229.20,TWD
2026-08-17,MARKETPLACE,SKU-016,ELECTRONICS,7,13230.00,3175.20,653.56,5292.00,TWD
2026-08-17,MARKETPLACE,SKU-017,ELECTRONICS,8,15920.00,3820.80,393.22,7084.40,TWD
2026-08-17,MARKETPLACE,SKU-018,ELECTRONICS,8,16720.00,4012.80,412.98,8192.80,TWD
2026-08-17,MARKETPLACE,SKU-019,ELECTRONICS,5,11450.00,2748.00,848.45,6125.75,TWD
2026-08-17,MARKETPLACE,SKU-020,ELECTRONICS,7,17430.00,4183.20,1291.56,10109.40,TWD
2026-08-18,DTC,SKU-001,HOME,5,1950.00,204.75,22.69,780.00,TWD
2026-08-18,DTC,SKU-002,HOME,1,490.00,51.45,11.40,218.05,TWD
2026-08-18,DTC,SKU-003,HOME,5,2950.00,309.75,34.32,1445.50,TWD
2026-08-18,DTC,SKU-004,HOME,4,2760.00,289.80,64.23,1476.60,TWD
2026-08-18,DTC,SKU-005,HOME,3,2370.00,248.85,27.57,1374.60,TWD
2026-08-18,DTC,SKU-006,CARE,7,6230.00,654.15,217.46,2492.00,TWD
2026-08-18,DTC,SKU-007,CARE,3,2970.00,311.85,34.56,1321.65,TWD
2026-08-18,DTC,SKU-008,CARE,1,1090.00,114.45,25.36,534.10,TWD
2026-08-18,DTC,SKU-009,CARE,2,2380.00,249.90,27.69,1273.30,TWD
2026-08-18,DTC,SKU-010,CARE,6,7740.00,812.70,180.11,4489.20,TWD
2026-08-18,DTC,SKU-011,ACCESSORIES,3,4170.00,437.85,145.55,1668.00,TWD
2026-08-18,DTC,SKU-012,ACCESSORIES,3,4470.00,469.35,104.02,1989.15,TWD
2026-08-18,DTC,SKU-013,ACCESSORIES,1,1590.00,166.95,55.50,779.10,TWD
2026-08-18,DTC,SKU-014,ACCESSORIES,1,1690.00,177.45,58.99,904.15,TWD
2026-08-18,DTC,SKU-015,ACCESSORIES,6,10740.00,1127.70,124.96,6229.20,TWD
2026-08-18,DTC,SKU-016,ELECTRONICS,5,9450.00,992.25,219.90,3780.00,TWD
2026-08-18,DTC,SKU-017,ELECTRONICS,3,5970.00,626.85,69.46,2656.65,TWD
2026-08-18,DTC,SKU-018,ELECTRONICS,7,14630.00,1536.15,510.66,7168.70,TWD
2026-08-18,DTC,SKU-019,ELECTRONICS,2,4580.00,480.90,106.58,2450.30,TWD
2026-08-18,DTC,SKU-020,ELECTRONICS,6,14940.00,1568.70,173.83,8665.20,TWD
2026-08-18,MARKETPLACE,SKU-001,HOME,8,3120.00,748.80,77.06,1248.00,TWD
2026-08-18,MARKETPLACE,SKU-002,HOME,6,2940.00,705.60,145.24,1308.30,TWD
2026-08-18,MARKETPLACE,SKU-003,HOME,7,4130.00,991.20,204.02,2023.70,TWD
2026-08-18,MARKETPLACE,SKU-004,HOME,8,5520.00,1324.80,409.03,2953.20,TWD
2026-08-18,MARKETPLACE,SKU-005,HOME,7,5530.00,1327.20,136.59,3207.40,TWD
2026-08-18,MARKETPLACE,SKU-006,CARE,3,2670.00,640.80,197.85,1068.00,TWD
2026-08-18,MARKETPLACE,SKU-007,CARE,7,6930.00,1663.20,513.51,3083.85,TWD
2026-08-18,MARKETPLACE,SKU-008,CARE,8,8720.00,2092.80,430.77,4272.80,TWD
2026-08-18,MARKETPLACE,SKU-009,CARE,8,9520.00,2284.80,705.43,5093.20,TWD
2026-08-18,MARKETPLACE,SKU-010,CARE,4,5160.00,1238.40,382.36,2992.80,TWD
2026-08-18,MARKETPLACE,SKU-011,ACCESSORIES,5,6950.00,1668.00,515.00,2780.00,TWD
2026-08-18,MARKETPLACE,SKU-012,ACCESSORIES,7,10430.00,2503.20,772.86,4641.35,TWD
2026-08-18,MARKETPLACE,SKU-013,ACCESSORIES,3,4770.00,1144.80,117.82,2337.30,TWD
2026-08-18,MARKETPLACE,SKU-014,ACCESSORIES,6,10140.00,2433.60,751.37,5424.90,TWD
2026-08-18,MARKETPLACE,SKU-015,ACCESSORIES,6,10740.00,2577.60,265.28,6229.20,TWD
2026-08-18,MARKETPLACE,SKU-016,ELECTRONICS,2,3780.00,907.20,186.73,1512.00,TWD
2026-08-18,MARKETPLACE,SKU-017,ELECTRONICS,4,7960.00,1910.40,393.22,3542.20,TWD
2026-08-18,MARKETPLACE,SKU-018,ELECTRONICS,8,16720.00,4012.80,412.98,8192.80,TWD
2026-08-18,MARKETPLACE,SKU-019,ELECTRONICS,8,18320.00,4396.80,905.01,9801.20,TWD
2026-08-18,MARKETPLACE,SKU-020,ELECTRONICS,6,14940.00,3585.60,369.02,8665.20,TWD
2026-08-19,DTC,SKU-001,HOME,5,1950.00,204.75,45.38,780.00,TWD
2026-08-19,DTC,SKU-002,HOME,6,2940.00,308.70,34.21,1308.30,TWD
2026-08-19,DTC,SKU-003,HOME,5,2950.00,309.75,102.97,1445.50,TWD
2026-08-19,DTC,SKU-004,HOME,7,4830.00,507.15,112.39,2584.05,TWD
2026-08-19,DTC,SKU-005,HOME,2,1580.00,165.90,36.77,916.40,TWD
2026-08-19,DTC,SKU-006,CARE,2,1780.00,186.90,41.42,712.00,TWD
2026-08-19,DTC,SKU-007,CARE,6,5940.00,623.70,69.11,2643.30,TWD
2026-08-19,DTC,SKU-008,CARE,1,1090.00,114.45,38.05,534.10,TWD
2026-08-19,DTC,SKU-009,CARE,4,4760.00,499.80,110.77,2546.60,TWD
2026-08-19,DTC,SKU-010,CARE,5,6450.00,677.25,150.09,3741.00,TWD
2026-08-19,DTC,SKU-011,ACCESSORIES,2,2780.00,291.90,97.04,1112.00,TWD
2026-08-19,DTC,SKU-012,ACCESSORIES,4,5960.00,625.80,138.69,2652.20,TWD
2026-08-19,DTC,SKU-013,ACCESSORIES,5,7950.00,834.75,277.49,3895.50,TWD
2026-08-19,DTC,SKU-014,ACCESSORIES,1,1690.00,177.45,19.66,904.15,TWD
2026-08-19,DTC,SKU-015,ACCESSORIES,3,5370.00,563.85,187.44,3114.60,TWD
2026-08-19,DTC,SKU-016,ELECTRONICS,1,1890.00,198.45,65.97,756.00,TWD
2026-08-19,DTC,SKU-017,ELECTRONICS,6,11940.00,1253.70,138.92,5313.30,TWD
2026-08-19,DTC,SKU-018,ELECTRONICS,7,14630.00,1536.15,340.44,7168.70,TWD
2026-08-19,DTC,SKU-019,ELECTRONICS,3,6870.00,721.35,239.80,3675.45,TWD
2026-08-19,DTC,SKU-020,ELECTRONICS,4,9960.00,1045.80,115.88,5776.80,TWD
2026-08-19,MARKETPLACE,SKU-001,HOME,2,780.00,187.20,38.53,312.00,TWD
2026-08-19,MARKETPLACE,SKU-002,HOME,2,980.00,235.20,72.62,436.10,TWD
2026-08-19,MARKETPLACE,SKU-003,HOME,3,1770.00,424.80,131.16,867.30,TWD
2026-08-19,MARKETPLACE,SKU-004,HOME,4,2760.00,662.40,204.52,1476.60,TWD
2026-08-19,MARKETPLACE,SKU-005,HOME,8,6320.00,1516.80,156.10,3665.60,TWD
2026-08-19,MARKETPLACE,SKU-006,CARE,2,1780.00,427.20,87.93,712.00,TWD
2026-08-19,MARKETPLACE,SKU-007,CARE,3,2970.00,712.80,146.72,1321.65,TWD
2026-08-19,MARKETPLACE,SKU-008,CARE,3,3270.00,784.80,80.77,1602.30,TWD
2026-08-19,MARKETPLACE,SKU-009,CARE,5,5950.00,1428.00,146.97,3183.25,TWD
2026-08-19,MARKETPLACE,SKU-010,CARE,7,9030.00,2167.20,446.08,5237.40,TWD
2026-08-19,MARKETPLACE,SKU-011,ACCESSORIES,3,4170.00,1000.80,309.00,1668.00,TWD
2026-08-19,MARKETPLACE,SKU-012,ACCESSORIES,4,5960.00,1430.40,147.21,2652.20,TWD
2026-08-19,MARKETPLACE,SKU-013,ACCESSORIES,3,4770.00,1144.80,353.46,2337.30,TWD
2026-08-19,MARKETPLACE,SKU-014,ACCESSORIES,2,3380.00,811.20,250.46,1808.30,TWD
2026-08-19,MARKETPLACE,SKU-015,ACCESSORIES,7,12530.00,3007.20,618.98,7267.40,TWD
2026-08-19,MARKETPLACE,SKU-016,ELECTRONICS,4,7560.00,1814.40,186.73,3024.00,TWD
2026-08-19,MARKETPLACE,SKU-017,ELECTRONICS,8,15920.00,3820.80,1179.67,7084.40,TWD
2026-08-19,MARKETPLACE,SKU-018,ELECTRONICS,5,10450.00,2508.00,774.35,5120.50,TWD
2026-08-19,MARKETPLACE,SKU-019,ELECTRONICS,5,11450.00,2748.00,565.63,6125.75,TWD
2026-08-19,MARKETPLACE,SKU-020,ELECTRONICS,3,7470.00,1792.80,184.51,4332.60,TWD
2026-08-20,DTC,SKU-001,HOME,1,390.00,40.95,13.61,156.00,TWD
2026-08-20,DTC,SKU-002,HOME,1,490.00,51.45,11.40,218.05,TWD
2026-08-20,DTC,SKU-003,HOME,4,2360.00,247.80,27.46,1156.40,TWD
2026-08-20,DTC,SKU-004,HOME,3,2070.00,217.35,24.08,1107.45,TWD
2026-08-20,DTC,SKU-005,HOME,6,4740.00,497.70,110.30,2749.20,TWD
2026-08-20,DTC,SKU-006,CARE,5,4450.00,467.25,155.33,1780.00,TWD
2026-08-20,DTC,SKU-007,CARE,6,5940.00,623.70,207.34,2643.30,TWD
2026-08-20,DTC,SKU-008,CARE,4,4360.00,457.80,152.19,2136.40,TWD
2026-08-20,DTC,SKU-009,CARE,2,2380.00,249.90,83.07,1273.30,TWD
2026-08-20,DTC,SKU-010,CARE,5,6450.00,677.25,225.14,3741.00,TWD
2026-08-20,DTC,SKU-011,ACCESSORIES,5,6950.00,729.75,161.73,2780.00,TWD
2026-08-20,DTC,SKU-012,ACCESSORIES,1,1490.00,156.45,52.01,663.05,TWD
2026-08-20,DTC,SKU-013,ACCESSORIES,5,7950.00,834.75,277.49,3895.50,TWD
2026-08-20,DTC,SKU-014,ACCESSORIES,4,6760.00,709.80,157.31,3616.60,TWD
2026-08-20,DTC,SKU-015,ACCESSORIES,3,5370.00,563.85,187.44,3114.60,TWD
2026-08-20,DTC,SKU-016,ELECTRONICS,4,7560.00,793.80,175.92,3024.00,TWD
2026-08-20,DTC,SKU-017,ELECTRONICS,1,1990.00,208.95,46.31,885.55,TWD
2026-08-20,DTC,SKU-018,ELECTRONICS,1,2090.00,219.45,24.32,1024.10,TWD
2026-08-20,DTC,SKU-019,ELECTRONICS,4,9160.00,961.80,319.73,4900.60,TWD
2026-08-20,DTC,SKU-020,ELECTRONICS,2,4980.00,522.90,173.83,2888.40,TWD
2026-08-20,MARKETPLACE,SKU-001,HOME,8,3120.00,748.80,154.13,1248.00,TWD
2026-08-20,MARKETPLACE,SKU-002,HOME,8,3920.00,940.80,193.65,1744.40,TWD
2026-08-20,MARKETPLACE,SKU-003,HOME,2,1180.00,283.20,29.15,578.20,TWD
2026-08-20,MARKETPLACE,SKU-004,HOME,6,4140.00,993.60,102.26,2214.90,TWD
2026-08-20,MARKETPLACE,SKU-005,HOME,3,2370.00,568.80,175.62,1374.60,TWD
2026-08-20,MARKETPLACE,SKU-006,CARE,4,3560.00,854.40,175.86,1424.00,TWD
2026-08-20,MARKETPLACE,SKU-007,CARE,6,5940.00,1425.60,293.44,2643.30,TWD
2026-08-20,MARKETPLACE,SKU-008,CARE,5,5450.00,1308.00,134.62,2670.50,TWD
2026-08-20,MARKETPLACE,SKU-009,CARE,7,8330.00,1999.20,411.50,4456.55,TWD
2026-08-20,MARKETPLACE,SKU-010,CARE,6,7740.00,1857.60,191.18,4489.20,TWD
2026-08-20,MARKETPLACE,SKU-011,ACCESSORIES,8,11120.00,2668.80,549.33,4448.00,TWD
2026-08-20,MARKETPLACE,SKU-012,ACCESSORIES,3,4470.00,1072.80,110.41,1989.15,TWD
2026-08-20,MARKETPLACE,SKU-013,ACCESSORIES,8,12720.00,3052.80,628.37,6232.80,TWD
2026-08-20,MARKETPLACE,SKU-014,ACCESSORIES,6,10140.00,2433.60,751.37,5424.90,TWD
2026-08-20,MARKETPLACE,SKU-015,ACCESSORIES,2,3580.00,859.20,265.28,2076.40,TWD
2026-08-20,MARKETPLACE,SKU-016,ELECTRONICS,6,11340.00,2721.60,560.20,4536.00,TWD
2026-08-20,MARKETPLACE,SKU-017,ELECTRONICS,3,5970.00,1432.80,442.38,2656.65,TWD
2026-08-20,MARKETPLACE,SKU-018,ELECTRONICS,2,4180.00,1003.20,103.25,2048.20,TWD
2026-08-20,MARKETPLACE,SKU-019,ELECTRONICS,3,6870.00,1648.80,339.38,3675.45,TWD
2026-08-20,MARKETPLACE,SKU-020,ELECTRONICS,5,12450.00,2988.00,615.03,7221.00,TWD
2026-08-21,DTC,SKU-001,HOME,2,780.00,81.90,9.08,312.00,TWD
2026-08-21,DTC,SKU-002,HOME,4,1960.00,205.80,22.80,872.20,TWD
2026-08-21,DTC,SKU-003,HOME,5,2950.00,309.75,34.32,1445.50,TWD
2026-08-21,DTC,SKU-004,HOME,4,2760.00,289.80,32.11,1476.60,TWD
2026-08-21,DTC,SKU-005,HOME,1,790.00,82.95,9.19,458.20,TWD
2026-08-21,DTC,SKU-006,CARE,1,890.00,93.45,31.07,356.00,TWD
2026-08-21,DTC,SKU-007,CARE,2,1980.00,207.90,69.11,881.10,TWD
2026-08-21,DTC,SKU-008,CARE,2,2180.00,228.90,25.36,1068.20,TWD
2026-08-21,DTC,SKU-009,CARE,5,5950.00,624.75,69.23,3183.25,TWD
2026-08-21,DTC,SKU-010,CARE,7,9030.00,948.15,210.13,5237.40,TWD
2026-08-21,DTC,SKU-011,ACCESSORIES,7,9730.00,1021.65,339.63,3892.00,TWD
2026-08-21,DTC,SKU-012,ACCESSORIES,1,1490.00,156.45,34.67,663.05,TWD
2026-08-21,DTC,SKU-013,ACCESSORIES,6,9540.00,1001.70,111.00,4674.60,TWD
2026-08-21,DTC,SKU-014,ACCESSORIES,4,6760.00,709.80,78.65,3616.60,TWD
2026-08-21,DTC,SKU-015,ACCESSORIES,6,10740.00,1127.70,374.88,6229.20,TWD
2026-08-21,DTC,SKU-016,ELECTRONICS,5,9450.00,992.25,329.85,3780.00,TWD
2026-08-21,DTC,SKU-017,ELECTRONICS,4,7960.00,835.80,92.61,3542.20,TWD
2026-08-21,DTC,SKU-018,ELECTRONICS,7,14630.00,1536.15,170.22,7168.70,TWD
2026-08-21,DTC,SKU-019,ELECTRONICS,4,9160.00,961.80,319.73,4900.60,TWD
2026-08-21,DTC,SKU-020,ELECTRONICS,3,7470.00,784.35,86.91,4332.60,TWD
2026-08-21,MARKETPLACE,SKU-001,HOME,2,780.00,187.20,57.80,312.00,TWD
2026-08-21,MARKETPLACE,SKU-002,HOME,4,1960.00,470.40,96.82,872.20,TWD
2026-08-21,MARKETPLACE,SKU-003,HOME,2,1180.00,283.20,58.29,578.20,TWD
2026-08-21,MARKETPLACE,SKU-004,HOME,2,1380.00,331.20,102.26,738.30,TWD
2026-08-21,MARKETPLACE,SKU-005,HOME,2,1580.00,379.20,117.08,916.40,TWD
2026-08-21,MARKETPLACE,SKU-006,CARE,7,6230.00,1495.20,307.76,2492.00,TWD
2026-08-21,MARKETPLACE,SKU-007,CARE,7,6930.00,1663.20,171.17,3083.85,TWD
2026-08-21,MARKETPLACE,SKU-008,CARE,3,3270.00,784.80,242.31,1602.30,TWD
2026-08-21,MARKETPLACE,SKU-009,CARE,3,3570.00,856.80,88.18,1909.95,TWD
2026-08-21,MARKETPLACE,SKU-010,CARE,4,5160.00,1238.40,127.45,2992.80,TWD
2026-08-21,MARKETPLACE,SKU-011,ACCESSORIES,6,8340.00,2001.60,412.00,3336.00,TWD
2026-08-21,MARKETPLACE,SKU-012,ACCESSORIES,2,2980.00,715.20,147.21,1326.10,TWD
2026-08-21,MARKETPLACE,SKU-013,ACCESSORIES,8,12720.00,3052.80,314.18,6232.80,TWD
2026-08-21,MARKETPLACE,SKU-014,ACCESSORIES,5,8450.00,2028.00,208.72,4520.75,TWD
2026-08-21,MARKETPLACE,SKU-015,ACCESSORIES,6,10740.00,2577.60,530.56,6229.20,TWD
2026-08-21,MARKETPLACE,SKU-016,ELECTRONICS,5,9450.00,2268.00,466.83,3780.00,TWD
2026-08-21,MARKETPLACE,SKU-017,ELECTRONICS,5,9950.00,2388.00,245.77,4427.75,TWD
2026-08-21,MARKETPLACE,SKU-018,ELECTRONICS,6,12540.00,3009.60,309.74,6144.60,TWD
2026-08-21,MARKETPLACE,SKU-019,ELECTRONICS,2,4580.00,1099.20,339.38,2450.30,TWD
2026-08-21,MARKETPLACE,SKU-020,ELECTRONICS,5,12450.00,2988.00,922.55,7221.00,TWD
2026-08-22,DTC,SKU-001,HOME,2,780.00,81.90,18.15,312.00,TWD
2026-08-22,DTC,SKU-002,HOME,1,490.00,51.45,17.10,218.05,TWD
2026-08-22,DTC,SKU-003,HOME,6,3540.00,371.70,123.56,1734.60,TWD
2026-08-22,DTC,SKU-004,HOME,6,4140.00,434.70,144.51,2214.90,TWD
2026-08-22,DTC,SKU-005,HOME,7,5530.00,580.65,128.68,3207.40,TWD
2026-08-22,DTC,SKU-006,CARE,4,3560.00,373.80,41.42,1424.00,TWD
2026-08-22,DTC,SKU-007,CARE,5,4950.00,519.75,172.78,2202.75,TWD
2026-08-22,DTC,SKU-008,CARE,5,5450.00,572.25,190.23,2670.50,TWD
2026-08-22,DTC,SKU-009,CARE,1,1190.00,124.95,27.69,636.65,TWD
2026-08-22,DTC,SKU-010,CARE,6,7740.00,812.70,90.05,4489.20,TWD
2026-08-22,DTC,SKU-011,ACCESSORIES,1,1390.00,145.95,16.17,556.00,TWD
2026-08-22,DTC,SKU-012,ACCESSORIES,7,10430.00,1095.15,364.06,4641.35,TWD
2026-08-22,DTC,SKU-013,ACCESSORIES,6,9540.00,1001.70,222.00,4674.60,TWD
2026-08-22,DTC,SKU-014,ACCESSORIES,5,8450.00,887.25,98.32,4520.75,TWD
2026-08-22,DTC,SKU-015,ACCESSORIES,1,1790.00,187.95,41.65,1038.20,TWD
2026-08-22,DTC,SKU-016,ELECTRONICS,6,11340.00,1190.70,395.82,4536.00,TWD
2026-08-22,DTC,SKU-017,ELECTRONICS,5,9950.00,1044.75,231.54,4427.75,TWD
2026-08-22,DTC,SKU-018,ELECTRONICS,1,2090.00,219.45,72.95,1024.10,TWD
2026-08-22,DTC,SKU-019,ELECTRONICS,1,2290.00,240.45,26.64,1225.15,TWD
2026-08-22,DTC,SKU-020,ELECTRONICS,1,2490.00,261.45,86.91,1444.20,TWD
2026-08-22,MARKETPLACE,SKU-001,HOME,6,2340.00,561.60,57.80,936.00,TWD
2026-08-22,MARKETPLACE,SKU-002,HOME,6,2940.00,705.60,145.24,1308.30,TWD
2026-08-22,MARKETPLACE,SKU-003,HOME,5,2950.00,708.00,72.87,1445.50,TWD
2026-08-22,MARKETPLACE,SKU-004,HOME,8,5520.00,1324.80,272.69,2953.20,TWD
2026-08-22,MARKETPLACE,SKU-005,HOME,5,3950.00,948.00,292.70,2291.00,TWD
2026-08-22,MARKETPLACE,SKU-006,CARE,2,1780.00,427.20,87.93,712.00,TWD
2026-08-22,MARKETPLACE,SKU-007,CARE,4,3960.00,950.40,293.44,1762.20,TWD
2026-08-22,MARKETPLACE,SKU-008,CARE,8,8720.00,2092.80,430.77,4272.80,TWD
2026-08-22,MARKETPLACE,SKU-009,CARE,6,7140.00,1713.60,176.36,3819.90,TWD
2026-08-22,MARKETPLACE,SKU-010,CARE,4,5160.00,1238.40,127.45,2992.80,TWD
2026-08-22,MARKETPLACE,SKU-011,ACCESSORIES,3,4170.00,1000.80,309.00,1668.00,TWD
2026-08-22,MARKETPLACE,SKU-012,ACCESSORIES,3,4470.00,1072.80,220.82,1989.15,TWD
2026-08-22,MARKETPLACE,SKU-013,ACCESSORIES,5,7950.00,1908.00,589.10,3895.50,TWD
2026-08-22,MARKETPLACE,SKU-014,ACCESSORIES,8,13520.00,3244.80,667.89,7233.20,TWD
2026-08-22,MARKETPLACE,SKU-015,ACCESSORIES,4,7160.00,1718.40,353.70,4152.80,TWD
2026-08-22,MARKETPLACE,SKU-016,ELECTRONICS,2,3780.00,907.20,280.10,1512.00,TWD
2026-08-22,MARKETPLACE,SKU-017,ELECTRONICS,3,5970.00,1432.80,147.46,2656.65,TWD
2026-08-22,MARKETPLACE,SKU-018,ELECTRONICS,2,4180.00,1003.20,103.25,2048.20,TWD
2026-08-22,MARKETPLACE,SKU-019,ELECTRONICS,7,16030.00,3847.20,791.88,8576.05,TWD
2026-08-22,MARKETPLACE,SKU-020,ELECTRONICS,8,19920.00,4780.80,1476.07,11553.60,TWD
2026-08-23,DTC,SKU-001,HOME,4,1560.00,163.80,54.45,624.00,TWD
2026-08-23,DTC,SKU-002,HOME,1,490.00,51.45,11.40,218.05,TWD
2026-08-23,DTC,SKU-003,HOME,5,2950.00,309.75,102.97,1445.50,TWD
2026-08-23,DTC,SKU-004,HOME,5,3450.00,362.25,40.14,1845.75,TWD
2026-08-23,DTC,SKU-005,HOME,6,4740.00,497.70,165.45,2749.20,TWD
2026-08-23,DTC,SKU-006,CARE,4,3560.00,373.80,82.84,1424.00,TWD
2026-08-23,DTC,SKU-007,CARE,4,3960.00,415.80,46.07,1762.20,TWD
2026-08-23,DTC,SKU-008,CARE,7,7630.00,801.15,88.78,3738.70,TWD
2026-08-23,DTC,SKU-009,CARE,7,8330.00,874.65,96.92,4456.55,TWD
2026-08-23,DTC,SKU-010,CARE,7,9030.00,948.15,210.13,5237.40,TWD
2026-08-23,DTC,SKU-011,ACCESSORIES,7,9730.00,1021.65,226.42,3892.00,TWD
2026-08-23,DTC,SKU-012,ACCESSORIES,3,4470.00,469.35,156.03,1989.15,TWD
2026-08-23,DTC,SKU-013,ACCESSORIES,2,3180.00,333.90,74.00,1558.20,TWD
2026-08-23,DTC,SKU-014,ACCESSORIES,5,8450.00,887.25,196.63,4520.75,TWD
2026-08-23,DTC,SKU-015,ACCESSORIES,6,10740.00,1127.70,124.96,6229.20,TWD
2026-08-23,DTC,SKU-016,ELECTRONICS,5,9450.00,992.25,329.85,3780.00,TWD
2026-08-23,DTC,SKU-017,ELECTRONICS,7,13930.00,1462.65,324.15,6198.85,TWD
2026-08-23,DTC,SKU-018,ELECTRONICS,7,14630.00,1536.15,510.66,7168.70,TWD
2026-08-23,DTC,SKU-019,ELECTRONICS,7,16030.00,1683.15,186.51,8576.05,TWD
2026-08-23,DTC,SKU-020,ELECTRONICS,3,7470.00,784.35,260.74,4332.60,TWD
2026-08-23,MARKETPLACE,SKU-001,HOME,8,3120.00,748.80,231.19,1248.00,TWD
2026-08-23,MARKETPLACE,SKU-002,HOME,4,1960.00,470.40,145.24,872.20,TWD
2026-08-23,MARKETPLACE,SKU-003,HOME,5,2950.00,708.00,72.87,1445.50,TWD
2026-08-23,MARKETPLACE,SKU-004,HOME,4,2760.00,662.40,204.52,1476.60,TWD
2026-08-23,MARKETPLACE,SKU-005,HOME,4,3160.00,758.40,156.10,1832.80,TWD
2026-08-23,MARKETPLACE,SKU-006,CARE,8,7120.00,1708.80,351.73,2848.00,TWD
2026-08-23,MARKETPLACE,SKU-007,CARE,6,5940.00,1425.60,293.44,2643.30,TWD
2026-08-23,MARKETPLACE,SKU-008,CARE,5,5450.00,1308.00,403.85,2670.50,TWD
2026-08-23,MARKETPLACE,SKU-009,CARE,6,7140.00,1713.60,352.72,3819.90,TWD
2026-08-23,MARKETPLACE,SKU-010,CARE,4,5160.00,1238.40,382.36,2992.80,TWD
2026-08-23,MARKETPLACE,SKU-011,ACCESSORIES,5,6950.00,1668.00,343.33,2780.00,TWD
2026-08-23,MARKETPLACE,SKU-012,ACCESSORIES,4,5960.00,1430.40,441.64,2652.20,TWD
2026-08-23,MARKETPLACE,SKU-013,ACCESSORIES,7,11130.00,2671.20,549.82,5453.70,TWD
2026-08-23,MARKETPLACE,SKU-014,ACCESSORIES,3,5070.00,1216.80,250.46,2712.45,TWD
2026-08-23,MARKETPLACE,SKU-015,ACCESSORIES,4,7160.00,1718.40,530.56,4152.80,TWD
2026-08-23,MARKETPLACE,SKU-016,ELECTRONICS,3,5670.00,1360.80,280.10,2268.00,TWD
2026-08-23,MARKETPLACE,SKU-017,ELECTRONICS,2,3980.00,955.20,98.31,1771.10,TWD
2026-08-23,MARKETPLACE,SKU-018,ELECTRONICS,5,10450.00,2508.00,516.23,5120.50,TWD
2026-08-23,MARKETPLACE,SKU-019,ELECTRONICS,2,4580.00,1099.20,226.25,2450.30,TWD
2026-08-23,MARKETPLACE,SKU-020,ELECTRONICS,2,4980.00,1195.20,123.01,2888.40,TWD
